t,env_flex,env_ext,act_flex,act_ext,cmd,ref,vel,pos
0.001,6.88,6.87,0.000,0.000,0.000,0.000,-3.009,19.984
0.006,6.89,6.87,0.000,0.000,0.000,0.000,-4.068,19.966
0.011,6.88,6.86,0.000,0.000,0.000,0.000,-4.909,19.943
0.016,6.87,6.86,0.000,0.000,0.000,0.000,-5.577,19.917
0.021,6.88,6.87,0.000,0.000,0.000,0.000,-5.891,19.888
0.026,6.87,6.86,0.000,0.000,0.000,0.000,-5.759,19.859
0.031,6.87,6.85,0.000,0.000,0.000,0.000,-5.530,19.831
0.036,6.86,6.85,0.000,0.000,0.000,0.000,-5.253,19.804
0.041,6.88,6.87,0.000,0.000,0.000,0.000,-4.922,19.778
0.046,6.88,6.89,0.000,0.000,0.000,0.000,-4.543,19.755
0.051,6.89,6.89,0.000,0.000,0.000,0.000,-4.150,19.733
0.056,6.89,6.88,0.000,0.000,0.000,0.000,-3.734,19.713
0.061,6.87,6.87,0.000,0.000,0.000,0.000,-3.295,19.696
0.066,6.87,6.87,0.000,0.000,0.000,0.000,-2.854,19.680
0.071,6.87,6.87,0.000,0.000,0.000,0.000,-2.403,19.667
0.076,6.87,6.88,0.000,0.000,0.000,0.000,-1.941,19.656
0.081,6.88,6.88,0.000,0.000,0.000,0.000,-1.470,19.648
0.086,6.88,6.89,0.000,0.000,0.000,0.000,-1.096,19.641
0.091,6.88,6.89,0.000,0.000,0.000,0.000,-0.831,19.637
0.096,6.89,6.89,0.000,0.000,0.000,0.000,-0.605,19.633
0.101,6.89,6.89,0.000,0.000,0.000,0.000,-0.254,19.631
0.106,6.89,6.89,0.000,0.000,0.000,0.000,0.000,19.630
0.111,6.89,6.91,0.000,0.000,0.000,0.000,0.000,19.630
0.116,6.88,6.91,0.000,0.000,0.000,0.000,0.000,19.630
0.121,6.89,6.90,0.000,0.000,0.000,0.000,0.000,19.630
0.126,6.89,6.90,0.000,0.000,0.000,0.000,0.000,19.630
0.131,6.90,6.91,0.000,0.000,0.000,0.000,0.000,19.630
0.136,6.90,6.92,0.000,0.000,0.000,0.000,0.000,19.630
0.141,6.89,6.91,0.000,0.000,0.000,0.000,0.000,19.630
0.146,6.88,6.91,0.000,0.000,0.000,0.000,0.000,19.630
0.151,6.89,6.90,0.000,0.000,0.000,0.000,0.000,19.630
0.156,6.89,6.91,0.000,0.000,0.000,0.000,0.000,19.630
0.161,6.89,6.92,0.000,0.000,0.000,0.000,0.000,19.630
0.166,6.89,6.93,0.000,0.000,0.000,0.000,0.000,19.630
0.171,6.88,6.93,0.000,0.000,0.000,0.000,0.000,19.630
0.176,6.88,6.94,0.000,0.000,0.000,0.000,0.000,19.630
0.181,6.89,6.93,0.000,0.000,0.000,0.000,0.000,19.630
0.186,6.89,6.93,0.000,0.000,0.000,0.000,0.000,19.630
0.191,6.91,6.93,0.000,0.000,0.000,0.000,0.000,19.630
0.196,6.90,6.93,0.000,0.000,0.000,0.000,0.000,19.630
0.201,6.91,6.92,0.000,0.000,0.000,0.000,0.000,19.630
0.206,6.89,6.92,0.000,0.000,0.000,0.000,0.000,19.630
0.211,6.89,6.93,0.000,0.000,0.000,0.000,0.000,19.630
0.216,6.89,6.94,0.000,0.000,0.000,0.000,0.000,19.630
0.221,6.90,6.95,0.000,0.000,0.000,0.000,0.000,19.630
0.226,6.90,6.94,0.000,0.000,0.000,0.000,0.000,19.630
0.231,6.89,6.96,0.000,0.000,0.000,0.000,0.000,19.630
0.236,6.89,6.96,0.000,0.000,0.000,0.000,0.000,19.630
0.241,6.89,6.95,0.000,0.000,0.000,0.000,0.000,19.630
0.246,6.88,6.98,0.000,0.000,0.000,0.000,0.000,19.630
0.251,6.88,6.96,0.000,0.000,0.000,0.000,0.000,19.630
0.256,6.88,6.95,0.000,0.000,0.000,0.000,0.000,19.630
0.261,6.89,6.95,0.000,0.000,0.000,0.000,0.000,19.630
0.266,6.88,6.98,0.000,0.000,0.000,0.000,0.000,19.630
0.271,6.89,6.96,0.000,0.000,0.000,0.000,0.000,19.630
0.276,6.90,6.96,0.000,0.000,0.000,0.000,0.000,19.630
0.281,6.90,6.97,0.000,0.000,0.000,0.000,0.000,19.630
0.286,6.89,6.98,0.000,0.000,0.000,0.000,0.000,19.630
0.291,6.90,7.02,0.000,0.000,0.000,0.000,0.000,19.630
0.296,6.90,7.02,0.000,0.000,0.000,0.000,0.000,19.630
0.301,6.90,7.00,0.000,0.000,0.000,0.000,0.000,19.630
0.306,6.90,6.98,0.000,0.000,0.000,0.000,0.000,19.630
0.311,6.90,7.00,0.000,0.000,0.000,0.000,0.000,19.630
0.316,6.91,6.99,0.000,0.000,0.000,0.000,0.000,19.630
0.321,6.92,6.97,0.000,0.000,0.000,0.000,0.000,19.630
0.326,6.92,6.99,0.000,0.000,0.000,0.000,0.000,19.630
0.331,6.91,6.98,0.000,0.000,0.000,0.000,0.000,19.630
0.336,6.91,6.96,0.000,0.000,0.000,0.000,0.000,19.630
0.341,6.91,6.97,0.000,0.000,0.000,0.000,0.000,19.630
0.346,6.91,6.95,0.000,0.000,0.000,0.000,0.000,19.630
0.351,6.91,6.95,0.000,0.000,0.000,0.000,0.000,19.630
0.356,6.91,6.95,0.000,0.000,0.000,0.000,0.000,19.630
0.361,6.93,6.92,0.000,0.000,0.000,0.000,0.000,19.630
0.366,6.93,6.93,0.000,0.000,0.000,0.000,0.000,19.630
0.371,6.92,6.93,0.000,0.000,0.000,0.000,0.000,19.630
0.376,6.92,6.93,0.000,0.000,0.000,0.000,0.000,19.630
0.381,6.92,6.94,0.000,0.000,0.000,0.000,0.000,19.630
0.386,6.92,6.94,0.000,0.000,0.000,0.000,0.000,19.630
0.391,6.91,6.94,0.000,0.000,0.000,0.000,0.000,19.630
0.396,6.90,6.93,0.000,0.000,0.000,0.000,0.000,19.630
0.401,6.90,6.94,0.000,0.000,0.000,0.000,0.000,19.630
0.406,6.90,6.93,0.000,0.000,0.000,0.000,0.000,19.630
0.411,6.90,6.93,0.000,0.000,0.000,0.000,0.000,19.630
0.416,6.88,6.93,0.000,0.000,0.000,0.000,0.000,19.630
0.421,6.88,6.95,0.000,0.000,0.000,0.000,0.000,19.630
0.426,6.88,6.94,0.000,0.000,0.000,0.000,0.000,19.630
0.431,6.89,6.93,0.000,0.000,0.000,0.000,0.000,19.630
0.436,6.89,6.92,0.000,0.000,0.000,0.000,0.000,19.630
0.441,6.89,6.92,0.000,0.000,0.000,0.000,0.000,19.630
0.446,6.89,6.92,0.000,0.000,0.000,0.000,0.000,19.630
0.451,6.89,6.91,0.000,0.000,0.000,0.000,0.000,19.630
0.456,6.90,6.91,0.000,0.000,0.000,0.000,0.000,19.630
0.461,6.90,6.92,0.000,0.000,0.000,0.000,0.000,19.630
0.466,6.91,6.92,0.000,0.000,0.000,0.000,0.000,19.630
0.471,6.92,6.94,0.000,0.000,0.000,0.000,0.000,19.630
0.476,6.91,6.94,0.000,0.000,0.000,0.000,0.000,19.630
0.481,6.91,6.92,0.000,0.000,0.000,0.000,0.000,19.630
0.486,6.92,6.92,0.000,0.000,0.000,0.000,0.000,19.630
0.491,6.91,6.92,0.000,0.000,0.000,0.000,0.000,19.630
0.496,6.90,6.91,0.000,0.000,0.000,0.000,0.000,19.630
0.501,6.90,6.91,0.000,0.000,0.000,0.000,0.000,19.630
0.506,6.90,6.91,0.000,0.000,0.000,0.000,0.000,19.630
0.511,6.90,6.91,0.000,0.000,0.000,0.000,0.000,19.630
0.516,6.91,6.91,0.000,0.000,0.000,0.000,0.000,19.630
0.521,6.90,6.91,0.000,0.000,0.000,0.000,0.000,19.630
0.526,6.90,6.92,0.000,0.000,0.000,0.000,0.000,19.630
0.531,6.89,6.92,0.000,0.000,0.000,0.000,0.000,19.630
0.536,6.90,6.92,0.000,0.000,0.000,0.000,0.000,19.630
0.541,6.90,6.92,0.000,0.000,0.000,0.000,0.000,19.630
0.546,6.90,6.92,0.000,0.000,0.000,0.000,0.000,19.630
0.551,6.89,6.91,0.000,0.000,0.000,0.000,0.000,19.630
0.556,6.89,6.92,0.000,0.000,0.000,0.000,0.000,19.630
0.561,6.89,6.92,0.000,0.000,0.000,0.000,0.000,19.630
0.566,6.88,6.92,0.000,0.000,0.000,0.000,0.000,19.630
0.571,6.88,6.91,0.000,0.000,0.000,0.000,0.000,19.630
0.576,6.88,6.92,0.000,0.000,0.000,0.000,0.000,19.630
0.581,6.88,6.92,0.000,0.000,0.000,0.000,0.000,19.630
0.586,6.89,6.94,0.000,0.000,0.000,0.000,0.000,19.630
0.591,6.89,6.95,0.000,0.000,0.000,0.000,0.000,19.630
0.596,6.88,6.97,0.000,0.000,0.000,0.000,0.000,19.630
0.601,6.88,6.96,0.000,0.000,0.000,0.000,0.000,19.630
0.606,6.87,6.96,0.000,0.000,0.000,0.000,0.000,19.630
0.611,6.88,6.96,0.000,0.000,0.000,0.000,0.000,19.630
0.616,6.88,6.95,0.000,0.000,0.000,0.000,0.000,19.630
0.621,6.87,6.94,0.000,0.000,0.000,0.000,0.000,19.630
0.626,6.87,6.92,0.000,0.000,0.000,0.000,0.000,19.630
0.631,6.87,6.92,0.000,0.000,0.000,0.000,0.000,19.630
0.636,6.87,6.91,0.000,0.000,0.000,0.000,0.000,19.630
0.641,6.86,6.92,0.000,0.000,0.000,0.000,0.000,19.630
0.646,6.87,6.94,0.000,0.000,0.000,0.000,0.000,19.630
0.651,6.87,6.95,0.000,0.000,0.000,0.000,0.000,19.630
0.656,6.86,6.94,0.000,0.000,0.000,0.000,0.000,19.630
0.661,6.86,6.95,0.000,0.000,0.000,0.000,0.000,19.630
0.666,6.86,6.95,0.000,0.000,0.000,0.000,0.000,19.630
0.671,6.87,6.96,0.000,0.000,0.000,0.000,0.000,19.630
0.676,6.87,6.96,0.000,0.000,0.000,0.000,0.000,19.630
0.681,6.86,6.98,0.000,0.000,0.000,0.000,0.000,19.630
0.686,6.88,6.98,0.000,0.000,0.000,0.000,0.000,19.630
0.691,6.88,6.98,0.000,0.000,0.000,0.000,0.000,19.630
0.696,6.88,7.02,0.000,0.000,0.000,0.000,0.000,19.630
0.701,6.88,7.01,0.000,0.000,0.000,0.000,0.000,19.630
0.706,6.87,7.00,0.000,0.000,0.000,0.000,0.000,19.630
0.711,6.87,7.00,0.000,0.000,0.000,0.000,0.000,19.630
0.716,6.87,7.01,0.000,0.000,0.000,0.000,0.000,19.630
0.721,6.87,7.07,0.000,0.000,0.000,0.000,0.000,19.630
0.726,6.87,7.08,0.000,0.000,0.000,0.000,0.000,19.630
0.731,6.86,7.05,0.000,0.000,0.000,0.000,0.000,19.630
0.736,6.85,7.05,0.000,0.000,0.000,0.000,0.000,19.630
0.741,6.84,7.12,0.000,0.000,0.000,0.000,0.000,19.630
0.746,6.84,7.13,0.000,0.000,0.000,0.000,0.000,19.630
0.751,6.83,7.18,0.000,0.000,0.000,0.000,0.000,19.630
0.756,6.83,7.16,0.000,0.000,0.000,0.000,0.000,19.630
0.761,6.83,7.17,0.000,0.000,0.000,0.000,0.000,19.630
0.766,6.82,7.21,0.000,0.000,0.000,0.000,0.000,19.630
0.771,6.80,7.20,0.000,0.000,0.000,0.000,0.000,19.630
0.776,6.81,7.27,0.000,0.000,0.000,0.000,0.000,19.630
0.781,6.80,7.23,0.000,0.000,0.000,0.000,0.000,19.630
0.786,6.80,7.31,0.000,0.000,0.000,0.000,0.000,19.630
0.791,6.79,7.34,0.000,0.000,0.000,0.000,0.000,19.630
0.796,6.83,7.35,0.000,0.000,0.000,0.000,0.000,19.630
0.801,6.83,7.43,0.000,0.000,0.000,0.000,0.000,19.630
0.806,6.82,7.38,0.000,0.000,0.000,0.000,0.000,19.630
0.811,6.83,7.40,0.000,0.000,0.000,0.000,0.000,19.630
0.816,6.81,7.33,0.000,0.000,0.000,0.000,0.000,19.630
0.821,6.81,7.24,0.000,0.000,0.000,0.000,0.000,19.630
0.826,6.85,7.28,0.000,0.000,0.000,0.000,0.000,19.630
0.831,6.84,7.30,0.000,0.000,0.000,0.000,0.000,19.630
0.836,6.84,7.41,0.000,0.000,0.000,0.000,0.000,19.630
0.841,6.84,7.41,0.000,0.000,0.000,0.000,0.000,19.630
0.846,6.83,7.45,0.000,0.000,0.000,0.000,0.000,19.630
0.851,6.85,7.41,0.000,0.000,0.000,0.000,0.000,19.630
0.856,6.85,7.49,0.000,0.000,0.000,0.000,0.000,19.630
0.861,6.84,7.46,0.000,0.000,0.000,0.000,0.000,19.630
0.866,6.86,7.45,0.000,0.000,0.000,0.000,0.000,19.630
0.871,6.86,7.45,0.000,0.000,0.000,0.000,0.000,19.630
0.876,6.87,7.42,0.000,0.000,0.000,0.000,0.000,19.630
0.881,6.87,7.42,0.000,0.000,0.000,0.000,0.000,19.630
0.886,6.86,7.42,0.000,0.000,0.000,0.000,0.000,19.630
0.891,6.86,7.47,0.000,0.000,0.000,0.000,0.000,19.630
0.896,6.86,7.45,0.000,0.000,0.000,0.000,0.000,19.630
0.901,6.87,7.43,0.000,0.000,0.000,0.000,0.000,19.630
0.906,6.86,7.42,0.000,0.000,0.000,0.000,0.000,19.630
0.911,6.87,7.38,0.000,0.000,0.000,0.000,0.000,19.630
0.916,6.86,7.42,0.000,0.000,0.000,0.000,0.000,19.630
0.921,6.87,7.43,0.000,0.000,0.000,0.000,0.000,19.630
0.926,6.87,7.36,0.000,0.000,0.000,0.000,0.000,19.630
0.931,6.88,7.33,0.000,0.000,0.000,0.000,0.000,19.630
0.936,6.88,7.25,0.000,0.000,0.000,0.000,0.000,19.630
0.941,6.87,7.23,0.000,0.000,0.000,0.000,0.000,19.630
0.946,6.87,7.19,0.000,0.000,0.000,0.000,0.000,19.630
0.951,6.88,7.20,0.000,0.000,0.000,0.000,0.000,19.630
0.956,6.87,7.22,0.000,0.000,0.000,0.000,0.000,19.630
0.961,6.88,7.21,0.000,0.000,0.000,0.000,0.000,19.630
0.966,6.88,7.25,0.000,0.000,0.000,0.000,0.000,19.630
0.971,6.88,7.25,0.000,0.000,0.000,0.000,0.000,19.630
0.976,6.89,7.25,0.000,0.000,0.000,0.000,0.000,19.630
0.981,6.89,7.22,0.000,0.000,0.000,0.000,0.000,19.630
0.986,6.88,7.17,0.000,0.000,0.000,0.000,0.000,19.630
0.991,6.89,7.18,0.000,0.000,0.000,0.000,0.000,19.630
0.996,6.88,7.18,0.000,0.000,0.000,0.000,0.000,19.630
1.001,6.90,7.12,0.000,0.000,0.000,0.000,0.000,19.630
1.006,80.73,7.06,0.000,0.000,0.000,0.000,0.000,19.630
1.011,99.49,7.02,0.000,0.000,0.000,0.000,0.000,19.630
1.016,95.21,6.98,0.000,0.000,0.000,0.000,0.000,19.630
1.021,87.92,6.96,0.000,0.000,0.000,0.000,0.000,19.630
1.026,88.12,6.92,0.230,0.000,4.077,0.150,0.000,19.630
1.031,91.18,6.90,0.245,0.000,4.471,0.900,0.000,19.630
1.036,85.23,6.87,0.216,0.000,3.703,1.650,0.000,19.630
1.041,85.18,6.86,0.216,0.000,3.698,2.400,0.000,19.630
1.046,89.57,6.85,0.237,0.000,4.264,3.150,0.000,19.630
1.051,90.72,6.91,0.242,0.000,4.412,3.900,0.000,19.630
1.056,89.86,6.94,0.238,0.000,4.301,4.301,0.000,19.630
1.061,90.26,6.95,0.240,0.000,4.353,4.376,0.220,19.631
1.066,93.59,6.93,0.256,0.000,4.783,4.526,0.146,19.632
1.071,92.32,6.91,0.250,0.000,4.619,4.619,0.435,19.633
1.076,93.89,6.90,0.257,0.000,4.822,4.822,0.665,19.636
1.081,93.37,6.95,0.255,0.000,4.755,4.755,0.808,19.639
1.086,93.68,6.92,0.256,0.000,4.794,4.794,1.137,19.645
1.091,92.86,6.92,0.253,0.000,4.689,4.689,1.420,19.652
1.096,92.55,6.98,0.251,0.000,4.649,4.649,1.648,19.659
1.101,92.06,6.94,0.249,0.000,4.586,4.586,1.996,19.668
1.106,93.91,6.94,0.258,0.000,4.825,4.749,2.301,19.679
1.111,93.99,6.97,0.258,0.000,4.835,4.835,2.895,19.692
1.116,95.30,6.97,0.264,0.000,5.004,5.004,3.275,19.708
1.121,94.98,6.99,0.263,0.000,4.963,4.963,3.459,19.725
1.126,96.42,6.98,0.269,0.000,5.148,5.148,4.092,19.744
1.131,97.87,6.97,0.276,0.000,5.336,5.336,4.592,19.765
1.136,97.95,6.97,0.277,0.000,5.346,5.346,4.803,19.788
1.141,97.41,6.98,0.274,0.000,5.277,5.277,5.052,19.813
1.146,96.33,6.95,0.269,0.000,5.137,5.137,5.128,19.838
1.151,95.93,6.96,0.267,0.000,5.086,5.086,5.303,19.864
1.156,96.15,6.97,0.268,0.000,5.113,5.113,5.572,19.891
1.161,95.08,6.97,0.263,0.000,4.976,4.976,5.564,19.919
1.166,93.27,6.98,0.255,0.000,4.742,4.742,5.593,19.947
1.171,93.31,6.99,0.255,0.000,4.747,4.747,5.644,19.975
1.176,95.33,6.98,0.264,0.000,5.008,5.008,5.822,20.004
1.181,97.09,6.98,0.273,0.000,5.235,5.235,6.139,20.034
1.186,97.62,6.98,0.275,0.000,5.303,5.303,6.185,20.065
1.191,98.69,6.95,0.280,0.000,5.442,5.442,6.299,20.096
1.196,99.44,6.95,0.284,0.000,5.538,5.538,6.511,20.129
1.201,98.65,6.94,0.280,0.000,5.436,5.436,6.391,20.161
1.206,99.37,6.91,0.284,0.000,5.530,5.530,6.453,20.193
1.211,99.83,6.89,0.286,0.000,5.589,5.589,6.446,20.225
1.216,99.85,6.89,0.286,0.000,5.592,5.592,6.345,20.257
1.221,100.07,6.89,0.287,0.000,5.621,5.621,6.359,20.289
1.226,100.56,6.88,0.289,0.000,5.683,5.683,6.313,20.320
1.231,101.65,6.90,0.294,0.000,5.823,5.823,6.434,20.352
1.236,100.87,6.90,0.291,0.000,5.724,5.724,6.256,20.384
1.241,100.91,6.87,0.291,0.000,5.728,5.728,6.187,20.415
1.246,100.52,6.86,0.289,0.000,5.678,5.678,6.006,20.445
1.251,102.36,6.86,0.298,0.000,5.915,5.915,6.229,20.476
1.256,102.44,6.86,0.298,0.000,5.926,5.926,6.234,20.507
1.261,101.94,6.87,0.296,0.000,5.862,5.862,6.107,20.538
1.266,101.60,6.88,0.294,0.000,5.817,5.817,6.047,20.568
1.271,101.27,6.87,0.293,0.000,5.775,5.775,5.923,20.598
1.276,102.22,6.87,0.297,0.000,5.898,5.898,5.961,20.628
1.281,102.96,6.87,0.301,0.000,5.993,5.993,6.043,20.658
1.286,103.09,6.88,0.301,0.000,6.010,6.010,6.044,20.688
1.291,102.88,6.87,0.300,0.000,5.983,5.983,5.995,20.718
1.296,103.60,6.86,0.304,0.000,6.076,6.076,6.071,20.748
1.301,103.92,6.85,0.305,0.000,6.118,6.118,6.030,20.779
1.306,104.16,6.84,0.306,0.000,6.148,6.148,6.138,20.809
1.311,104.37,6.83,0.307,0.000,6.175,6.175,6.105,20.840
1.316,104.53,6.84,0.308,0.000,6.195,6.195,6.129,20.871
1.321,105.41,6.83,0.312,0.000,6.310,6.310,6.267,20.902
1.326,106.39,6.84,0.317,0.000,6.436,6.436,6.522,20.934
1.331,106.19,6.82,0.316,0.000,6.410,6.410,6.481,20.966
1.336,107.20,6.81,0.321,0.000,6.540,6.540,6.500,20.999
1.341,108.42,6.80,0.326,0.000,6.698,6.698,6.699,21.032
1.346,109.04,6.80,0.329,0.000,6.778,6.778,6.970,21.066
1.351,109.12,6.80,0.330,0.000,6.789,6.789,6.887,21.101
1.356,109.46,6.81,0.331,0.000,6.832,6.832,7.067,21.136
1.361,109.42,6.78,0.331,0.000,6.827,6.827,7.124,21.172
1.366,109.06,6.76,0.330,0.000,6.781,6.781,7.045,21.207
1.371,109.05,6.75,0.329,0.000,6.779,6.779,7.005,21.242
1.376,110.04,6.74,0.334,0.000,6.907,6.907,7.196,21.278
1.381,110.49,6.77,0.336,0.000,6.966,6.966,7.228,21.314
1.386,111.25,6.74,0.340,0.000,7.064,7.064,7.332,21.350
1.391,111.61,6.73,0.342,0.000,7.110,7.110,7.315,21.386
1.396,112.04,6.71,0.344,0.000,7.166,7.166,7.396,21.423
1.401,113.08,6.76,0.349,0.000,7.300,7.300,7.544,21.460
1.406,114.83,6.77,0.357,0.000,7.526,7.526,7.733,21.498
1.411,114.97,6.72,0.358,0.000,7.544,7.544,7.807,21.537
1.416,114.87,6.67,0.357,0.000,7.531,7.531,7.876,21.577
1.421,115.72,6.72,0.361,0.000,7.641,7.641,7.987,21.616
1.426,115.52,6.68,0.360,0.000,7.615,7.615,7.979,21.656
1.431,114.83,6.70,0.357,0.000,7.526,7.526,7.836,21.696
1.436,114.13,6.64,0.354,0.000,7.436,7.436,7.760,21.735
1.441,113.98,6.60,0.353,0.000,7.416,7.416,7.650,21.773
1.446,113.49,6.59,0.351,0.000,7.353,7.353,7.555,21.811
1.451,113.38,6.60,0.350,0.000,7.339,7.339,7.482,21.848
1.456,113.41,6.62,0.350,0.000,7.342,7.342,7.420,21.886
1.461,114.96,6.63,0.358,0.000,7.542,7.542,7.514,21.923
1.466,115.03,6.62,0.358,0.000,7.552,7.552,7.499,21.960
1.471,115.56,6.68,0.360,0.000,7.621,7.621,7.598,21.998
1.476,115.88,6.67,0.362,0.000,7.661,7.661,7.568,22.036
1.481,120.34,6.68,0.383,0.000,8.238,8.238,8.112,22.076
1.486,120.10,6.66,0.382,0.000,8.207,8.207,8.312,22.117
1.491,118.60,6.68,0.375,0.000,8.013,8.013,8.193,22.158
1.496,119.62,6.68,0.380,0.000,8.145,8.145,8.289,22.199
1.501,119.04,6.71,0.377,0.000,8.069,8.069,8.215,22.240
1.506,120.18,6.73,0.382,0.000,8.216,8.216,8.392,22.282
1.511,118.92,6.74,0.376,0.000,8.054,8.054,8.234,22.323
1.516,120.16,6.76,0.382,0.000,8.215,8.215,8.398,22.365
1.521,122.23,6.69,0.392,0.000,8.482,8.482,8.550,22.407
1.526,123.29,6.73,0.397,0.000,8.618,8.618,8.825,22.450
1.531,124.50,6.77,0.403,0.000,8.774,8.774,8.973,22.495
1.536,125.54,6.75,0.408,0.000,8.909,8.909,9.096,22.540
1.541,125.70,6.79,0.409,0.000,8.930,8.930,9.244,22.586
1.546,125.90,6.80,0.410,0.000,8.955,8.955,9.261,22.632
1.551,126.18,6.79,0.411,0.000,8.991,8.991,9.293,22.678
1.556,126.93,6.79,0.414,0.000,9.088,9.088,9.404,22.725
1.561,127.65,6.82,0.418,0.000,9.182,9.182,9.520,22.772
1.566,127.99,6.80,0.419,0.000,9.225,9.225,9.545,22.820
1.571,128.12,6.80,0.420,0.000,9.242,9.242,9.480,22.868
1.576,130.60,6.82,0.432,0.000,9.562,9.562,9.685,22.915
1.581,129.96,6.85,0.429,0.000,9.480,9.480,9.754,22.964
1.586,130.26,6.84,0.430,0.000,9.519,9.519,9.779,23.013
1.591,131.01,6.85,0.434,0.000,9.615,9.615,9.935,23.062
1.596,132.20,6.83,0.440,0.000,9.769,9.769,9.958,23.112
1.601,134.78,6.81,0.452,0.000,10.102,10.102,10.256,23.162
1.606,135.11,6.79,0.453,0.000,10.145,10.145,10.405,23.214
1.611,136.38,6.78,0.459,0.000,10.308,10.308,10.572,23.266
1.616,136.15,6.78,0.458,0.000,10.279,10.279,10.659,23.320
1.621,137.34,6.78,0.464,0.000,10.433,10.433,10.820,23.373
1.626,139.63,6.75,0.475,0.000,10.729,10.729,11.065,23.428
1.631,140.39,6.73,0.478,0.000,10.827,10.827,11.092,23.483
1.636,140.44,6.76,0.479,0.000,10.833,10.833,11.223,23.539
1.641,140.43,6.76,0.479,0.000,10.832,10.832,11.167,23.595
1.646,138.63,6.75,0.470,0.000,10.599,10.599,10.985,23.650
1.651,139.75,6.73,0.475,0.000,10.744,10.744,11.046,23.705
1.656,139.23,6.78,0.473,0.000,10.677,10.677,10.972,23.760
1.661,140.64,6.81,0.480,0.000,10.858,10.858,11.010,23.815
1.666,140.06,6.78,0.477,0.000,10.783,10.783,10.881,23.870
1.671,139.91,6.80,0.476,0.000,10.765,10.765,10.871,23.924
1.676,139.27,6.85,0.473,0.000,10.682,10.682,10.801,23.978
1.681,140.26,6.84,0.478,0.000,10.810,10.810,10.869,24.033
1.686,142.19,6.84,0.487,0.000,11.059,11.059,10.970,24.087
1.691,142.09,6.84,0.486,0.000,11.046,11.046,11.094,24.143
1.696,141.86,6.82,0.485,0.000,11.016,11.016,11.060,24.198
1.701,141.39,6.84,0.483,0.000,10.955,10.955,11.059,24.253
1.706,141.85,6.86,0.485,0.000,11.015,11.015,11.022,24.309
1.711,142.98,6.87,0.491,0.000,11.161,11.161,11.103,24.364
1.716,144.07,6.87,0.496,0.000,11.301,11.301,11.269,24.420
1.721,144.88,6.86,0.500,0.000,11.406,11.406,11.485,24.477
1.726,145.06,6.87,0.501,0.000,11.429,11.429,11.428,24.534
1.731,147.26,6.88,0.511,0.000,11.714,11.714,11.702,24.592
1.736,146.24,6.88,0.506,0.000,11.582,11.582,11.745,24.651
1.741,145.88,6.89,0.504,0.000,11.535,11.535,11.670,24.709
1.746,147.62,6.90,0.513,0.000,11.760,11.760,11.844,24.768
1.751,146.63,6.90,0.508,0.000,11.632,11.632,11.818,24.827
1.756,148.41,6.89,0.517,0.000,11.862,11.862,11.924,24.887
1.761,148.68,6.89,0.518,0.000,11.897,11.897,12.034,24.946
1.766,147.89,6.88,0.514,0.000,11.796,11.796,11.929,25.006
1.771,146.71,6.87,0.508,0.000,11.642,11.642,11.790,25.066
1.776,147.21,6.87,0.511,0.000,11.707,11.707,11.783,25.124
1.781,149.69,6.86,0.523,0.000,12.028,11.987,11.881,25.183
1.786,150.19,6.87,0.525,0.000,12.092,12.092,12.080,25.243
1.791,150.71,6.86,0.527,0.000,12.160,12.160,12.175,25.304
1.796,154.09,6.87,0.544,0.000,12.595,12.545,12.473,25.366
1.801,153.90,6.88,0.543,0.000,12.571,12.571,12.717,25.429
1.806,155.16,6.88,0.549,0.000,12.734,12.734,12.898,25.493
1.811,154.18,6.89,0.544,0.000,12.607,12.607,12.824,25.558
1.816,154.12,6.88,0.544,0.000,12.599,12.599,12.824,25.621
1.821,153.35,6.89,0.540,0.000,12.500,12.500,12.667,25.685
1.826,153.67,6.88,0.542,0.000,12.541,12.541,12.637,25.748
1.831,153.51,6.88,0.541,0.000,12.521,12.521,12.630,25.812
1.836,154.77,6.88,0.547,0.000,12.684,12.684,12.707,25.875
1.841,155.96,6.88,0.552,0.000,12.837,12.837,12.762,25.939
1.846,155.63,6.86,0.551,0.000,12.794,12.794,12.891,26.003
1.851,156.40,6.87,0.555,0.000,12.894,12.894,12.973,26.068
1.856,157.41,6.86,0.559,0.000,13.024,13.024,13.035,26.132
1.861,158.34,6.87,0.564,0.000,13.144,13.144,13.199,26.198
1.866,157.56,6.87,0.560,0.000,13.044,13.044,13.089,26.264
1.871,158.06,6.86,0.562,0.000,13.109,13.109,13.194,26.330
1.876,157.25,6.86,0.559,0.000,13.004,13.004,13.123,26.395
1.881,158.45,6.87,0.564,0.000,13.159,13.159,13.147,26.461
1.886,158.16,6.87,0.563,0.000,13.121,13.121,13.151,26.527
1.891,158.74,6.87,0.566,0.000,13.196,13.196,13.131,26.593
1.896,158.03,6.87,0.562,0.000,13.105,13.105,13.165,26.659
1.901,157.98,6.87,0.562,0.000,13.098,13.098,13.123,26.724
1.906,158.27,6.87,0.563,0.000,13.136,13.136,13.146,26.790
1.911,158.45,6.87,0.564,0.000,13.159,13.159,13.112,26.856
1.916,157.67,6.87,0.561,0.000,13.059,13.059,13.046,26.921
1.921,158.09,6.89,0.563,0.000,13.113,13.113,13.097,26.987
1.926,158.08,6.89,0.562,0.000,13.110,13.110,13.077,27.052
1.931,158.13,6.88,0.563,0.000,13.118,13.118,13.084,27.117
1.936,158.33,6.87,0.564,0.000,13.143,13.143,13.089,27.183
1.941,159.06,6.86,0.567,0.000,13.237,13.237,13.082,27.248
1.946,158.39,6.86,0.564,0.000,13.151,13.151,13.094,27.314
1.951,158.85,6.88,0.566,0.000,13.211,13.211,13.175,27.379
1.956,159.92,6.88,0.571,0.000,13.349,13.349,13.304,27.446
1.961,160.30,6.89,0.573,0.000,13.398,13.398,13.386,27.512
1.966,160.15,6.89,0.572,0.000,13.378,13.378,13.363,27.579
1.971,160.26,6.88,0.573,0.000,13.393,13.393,13.345,27.646
1.976,162.13,6.88,0.582,0.000,13.633,13.633,13.490,27.713
1.981,162.58,6.88,0.584,0.000,13.692,13.692,13.687,27.781
1.986,162.11,6.89,0.582,0.000,13.631,13.631,13.686,27.850
1.991,162.85,6.89,0.585,0.000,13.727,13.727,13.610,27.918
1.996,162.74,6.89,0.585,0.000,13.712,13.712,13.798,27.987
2.001,163.46,6.89,0.588,0.000,13.806,13.806,13.853,28.055
2.006,163.80,6.89,0.590,0.000,13.849,13.849,13.842,28.125
2.011,163.43,6.89,0.588,0.000,13.801,13.801,13.874,28.194
2.016,165.27,6.89,0.597,0.000,14.040,14.040,14.019,28.264
2.021,167.74,6.88,0.608,0.000,14.358,14.358,14.490,28.335
2.026,169.25,6.88,0.616,0.000,14.553,14.553,14.600,28.407
2.031,168.65,6.88,0.613,0.000,14.476,14.476,14.653,28.481
2.036,170.00,6.88,0.619,0.000,14.650,14.650,14.820,28.554
2.041,168.88,6.89,0.614,0.000,14.506,14.506,14.689,28.628
2.046,173.20,6.89,0.634,0.000,15.064,15.003,14.982,28.702
2.051,175.98,6.89,0.648,0.000,15.423,15.423,15.608,28.779
2.056,174.26,6.91,0.639,0.000,15.201,15.201,15.419,28.856
2.061,174.59,6.90,0.641,0.000,15.243,15.243,15.388,28.933
2.066,175.05,6.89,0.643,0.000,15.302,15.302,15.529,29.010
2.071,176.59,6.89,0.650,0.000,15.502,15.502,15.647,29.088
2.076,175.58,6.88,0.646,0.000,15.370,15.370,15.524,29.166
2.081,176.06,6.88,0.648,0.000,15.433,15.416,15.395,29.243
2.086,175.78,6.89,0.647,0.000,15.396,15.396,15.530,29.321
2.091,176.69,6.89,0.651,0.000,15.514,15.514,15.608,29.399
2.096,176.66,6.88,0.651,0.000,15.510,15.510,15.657,29.477
2.101,176.11,6.88,0.648,0.000,15.440,15.440,15.570,29.555
2.106,177.12,6.88,0.653,0.000,15.569,15.569,15.671,29.633
2.111,176.95,6.88,0.652,0.000,15.547,15.547,15.627,29.711
2.116,175.86,6.89,0.647,0.000,15.407,15.407,15.471,29.789
2.121,176.51,6.90,0.650,0.000,15.490,15.490,15.411,29.866
2.126,178.15,6.90,0.658,0.000,15.702,15.702,15.570,29.943
2.131,177.70,6.90,0.656,0.000,15.645,15.645,15.666,30.021
2.136,178.43,6.89,0.659,0.000,15.739,15.739,15.670,30.100
2.141,178.25,6.89,0.658,0.000,15.715,15.715,15.768,30.178
2.146,178.00,6.88,0.657,0.000,15.683,15.683,15.708,30.257
2.151,178.00,6.89,0.657,0.000,15.684,15.684,15.732,30.336
2.156,177.43,6.89,0.654,0.000,15.610,15.610,15.615,30.414
2.161,178.17,6.89,0.658,0.000,15.705,15.705,15.603,30.492
2.166,177.82,6.90,0.656,0.000,15.660,15.660,15.637,30.570
2.171,177.40,6.90,0.654,0.000,15.606,15.606,15.515,30.648
2.176,177.27,6.89,0.654,0.000,15.589,15.589,15.562,30.726
2.181,177.38,6.90,0.654,0.000,15.604,15.604,15.527,30.803
2.186,177.42,6.90,0.654,0.000,15.608,15.608,15.512,30.881
2.191,177.41,6.89,0.654,0.000,15.608,15.608,15.561,30.959
2.196,177.65,6.89,0.655,0.000,15.638,15.638,15.532,31.036
2.201,176.74,6.89,0.651,0.000,15.520,15.520,15.460,31.114
2.206,176.89,6.90,0.652,0.000,15.540,15.540,15.473,31.191
2.211,176.36,6.90,0.649,0.000,15.471,15.471,15.386,31.269
2.216,175.72,6.89,0.646,0.000,15.389,15.389,15.317,31.345
2.221,175.90,6.90,0.647,0.000,15.412,15.412,15.299,31.422
2.226,176.50,6.89,0.650,0.000,15.489,15.489,15.234,31.498
2.231,176.69,6.89,0.651,0.000,15.515,15.515,15.429,31.575
2.236,175.69,6.89,0.646,0.000,15.385,15.385,15.315,31.652
2.241,175.17,6.88,0.644,0.000,15.317,15.317,15.243,31.728
2.246,174.92,6.89,0.643,0.000,15.286,15.286,15.126,31.804
2.251,174.66,6.89,0.641,0.000,15.251,15.251,15.134,31.880
2.256,175.08,6.89,0.643,0.000,15.306,15.306,15.118,31.955
2.261,176.22,6.88,0.649,0.000,15.453,15.453,15.165,32.031
2.266,176.17,6.88,0.648,0.000,15.447,15.447,15.365,32.108
2.271,175.21,6.88,0.644,0.000,15.323,15.323,15.194,32.184
2.276,176.20,6.89,0.649,0.000,15.451,15.451,15.308,32.260
2.281,177.00,6.89,0.652,0.000,15.554,15.554,15.489,32.337
2.286,177.02,6.89,0.652,0.000,15.557,15.557,15.410,32.415
2.291,177.95,6.88,0.657,0.000,15.677,15.677,15.607,32.492
2.296,178.12,6.87,0.658,0.000,15.698,15.698,15.680,32.570
2.301,177.80,6.87,0.656,0.000,15.657,15.657,15.649,32.649
2.306,177.59,6.86,0.655,0.000,15.631,15.631,15.613,32.727
2.311,177.49,6.86,0.655,0.000,15.618,15.618,15.617,32.805
2.316,178.23,6.86,0.658,0.000,15.713,15.713,15.697,32.883
2.321,177.61,6.86,0.655,0.000,15.632,15.632,15.619,32.961
2.326,177.78,6.86,0.656,0.000,15.655,15.655,15.622,33.039
2.331,178.71,6.86,0.661,0.000,15.775,15.775,15.715,33.118
2.336,178.50,6.84,0.660,0.000,15.748,15.748,15.708,33.196
2.341,179.09,6.81,0.662,0.000,15.824,15.824,15.795,33.275
2.346,179.61,6.81,0.665,0.000,15.891,15.891,15.841,33.354
2.351,179.63,6.83,0.665,0.000,15.894,15.894,15.897,33.433
2.356,179.46,6.83,0.664,0.000,15.872,15.872,15.881,33.513
2.361,179.36,6.84,0.664,0.000,15.859,15.859,15.850,33.592
2.366,179.34,6.83,0.663,0.000,15.856,15.856,15.851,33.671
2.371,179.25,6.85,0.663,0.000,15.844,15.844,15.817,33.750
2.376,179.12,6.83,0.662,0.000,15.828,15.828,15.815,33.830
2.381,179.43,6.83,0.664,0.000,15.868,15.868,15.839,33.909
2.386,179.24,6.83,0.663,0.000,15.843,15.843,15.794,33.988
2.391,179.44,6.83,0.664,0.000,15.870,15.870,15.831,34.067
2.396,179.32,6.84,0.663,0.000,15.854,15.854,15.812,34.146
2.401,179.54,6.83,0.664,0.000,15.882,15.882,15.817,34.225
2.406,180.12,6.83,0.667,0.000,15.957,15.957,15.933,34.304
2.411,180.23,6.83,0.668,0.000,15.971,15.971,15.918,34.384
2.416,180.44,6.84,0.669,0.000,15.998,15.998,15.946,34.464
2.421,180.54,6.84,0.669,0.000,16.011,16.011,15.977,34.543
2.426,180.08,6.82,0.667,0.000,15.951,15.951,15.920,34.623
2.431,180.04,6.82,0.667,0.000,15.947,15.947,15.894,34.703
2.436,180.27,6.81,0.668,0.000,15.977,15.977,15.934,34.782
2.441,180.85,6.83,0.671,0.000,16.051,16.051,16.000,34.862
2.446,181.06,6.85,0.672,0.000,16.079,16.079,16.066,34.942
2.451,181.92,6.83,0.676,0.000,16.190,16.190,16.161,35.022
2.456,181.52,6.83,0.674,0.000,16.138,16.138,16.133,35.103
2.461,183.01,6.84,0.681,0.000,16.330,16.330,16.372,35.184
2.466,182.30,6.84,0.678,0.000,16.239,16.239,16.254,35.266
2.471,184.32,6.83,0.687,0.000,16.499,16.499,16.503,35.347
2.476,183.81,6.82,0.685,0.000,16.434,16.434,16.496,35.430
2.481,182.94,6.79,0.681,0.000,16.321,16.321,16.388,35.512
2.486,183.33,6.80,0.682,0.000,16.371,16.371,16.361,35.593
2.491,186.62,6.82,0.698,0.000,16.796,16.796,16.714,35.676
2.496,188.18,6.83,0.706,0.000,16.998,16.998,17.098,35.760
2.501,189.25,6.85,0.711,0.000,17.136,17.136,17.285,35.846
2.506,188.01,6.84,0.705,0.000,16.976,16.976,17.003,35.931
2.511,188.92,6.85,0.709,0.000,17.094,17.094,17.181,36.017
2.516,187.70,6.85,0.703,0.000,16.936,16.936,17.103,36.103
2.521,187.36,6.84,0.702,0.000,16.891,16.891,16.926,36.188
2.526,187.92,6.83,0.704,0.000,16.965,16.965,16.980,36.272
2.531,188.17,6.83,0.705,0.000,16.996,16.996,17.090,36.357
2.536,188.85,6.81,0.709,0.000,17.084,17.084,17.165,36.443
2.541,188.89,6.80,0.709,0.000,17.090,17.090,17.038,36.528
2.546,188.22,6.81,0.706,0.000,17.003,16.993,16.865,36.613
2.551,186.75,6.79,0.699,0.000,16.813,16.813,16.901,36.698
2.556,187.01,6.78,0.700,0.000,16.847,16.847,16.687,36.782
2.561,188.63,6.82,0.708,0.000,17.056,17.056,16.961,36.866
2.566,189.83,6.83,0.713,0.000,17.211,17.211,17.168,36.951
2.571,189.42,6.83,0.711,0.000,17.158,17.158,17.234,37.037
2.576,189.83,6.83,0.713,0.000,17.211,17.211,17.194,37.123
2.581,190.42,6.84,0.716,0.000,17.287,17.287,17.314,37.209
2.586,192.43,6.84,0.726,0.000,17.546,17.546,17.600,37.296
2.591,193.35,6.83,0.730,0.000,17.665,17.665,17.593,37.384
2.596,196.49,6.83,0.745,0.000,18.071,18.071,18.110,37.473
2.601,196.67,6.84,0.746,0.000,18.094,18.094,18.274,37.564
2.606,195.18,6.84,0.739,0.000,17.901,17.901,18.053,37.655
2.611,195.44,6.84,0.740,0.000,17.935,17.935,18.002,37.745
2.616,195.21,6.84,0.739,0.000,17.906,17.906,18.060,37.835
2.621,194.80,6.84,0.737,0.000,17.853,17.853,17.844,37.925
2.626,192.85,6.83,0.728,0.000,17.602,17.602,17.693,38.014
2.631,194.57,6.82,0.736,0.000,17.823,17.823,17.882,38.103
2.636,194.57,6.81,0.736,0.000,17.823,17.823,17.917,38.193
2.641,195.77,6.82,0.742,0.000,17.978,17.978,17.890,38.282
2.646,197.55,6.83,0.750,0.000,18.208,18.208,18.186,38.373
2.651,197.43,6.85,0.749,0.000,18.192,18.192,18.239,38.464
2.656,195.22,6.86,0.739,0.000,17.907,17.907,18.006,38.554
2.661,195.01,6.85,0.738,0.000,17.881,17.881,17.970,38.644
2.666,194.05,6.85,0.733,0.000,17.756,17.756,17.775,38.733
2.671,192.68,6.84,0.727,0.000,17.579,17.579,17.614,38.822
2.676,192.23,6.83,0.725,0.000,17.520,17.520,17.400,38.910
2.681,192.41,6.82,0.726,0.000,17.544,17.544,17.532,38.997
2.686,190.45,6.83,0.716,0.000,17.291,17.291,17.222,39.084
2.691,192.09,6.83,0.724,0.000,17.503,17.503,17.319,39.170
2.696,192.77,6.83,0.727,0.000,17.590,17.590,17.343,39.257
2.701,190.96,6.82,0.719,0.000,17.356,17.356,17.336,39.344
2.706,190.18,6.82,0.715,0.000,17.256,17.256,17.205,39.430
2.711,192.22,6.84,0.725,0.000,17.520,17.520,17.403,39.517
2.716,192.91,6.86,0.728,0.000,17.609,17.609,17.576,39.604
2.721,191.85,6.85,0.723,0.000,17.471,17.471,17.462,39.691
2.726,194.51,6.86,0.736,0.000,17.815,17.815,17.591,39.779
2.731,194.82,6.84,0.737,0.000,17.856,17.856,17.826,39.867
2.736,195.11,6.83,0.738,0.000,17.893,17.893,17.855,39.956
2.741,195.09,6.85,0.738,0.000,17.890,17.890,17.871,40.046
2.746,194.68,6.87,0.736,0.000,17.837,17.837,17.908,40.135
2.751,194.06,6.87,0.733,0.000,17.757,17.757,17.788,40.224
2.756,193.56,6.88,0.731,0.000,17.693,17.693,17.720,40.313
2.761,193.91,6.88,0.733,0.000,17.737,17.737,17.716,40.402
2.766,193.50,6.86,0.731,0.000,17.685,17.685,17.645,40.490
2.771,193.09,6.85,0.729,0.000,17.633,17.633,17.671,40.579
2.776,192.40,6.85,0.726,0.000,17.542,17.542,17.575,40.667
2.781,190.70,6.84,0.717,0.000,17.323,17.323,17.348,40.754
2.786,194.04,6.84,0.733,0.000,17.754,17.709,17.476,40.841
2.791,194.33,6.84,0.735,0.000,17.793,17.793,17.707,40.929
2.796,194.54,6.85,0.736,0.000,17.819,17.819,17.831,41.018
2.801,196.20,6.85,0.744,0.000,18.033,18.033,18.048,41.108
2.806,197.13,6.85,0.748,0.000,18.153,18.153,18.118,41.198
2.811,196.77,6.84,0.746,0.000,18.107,18.107,18.208,41.289
2.816,197.19,6.86,0.748,0.000,18.162,18.162,18.261,41.380
2.821,196.78,6.89,0.746,0.000,18.108,18.108,18.161,41.471
2.826,195.92,6.89,0.742,0.000,17.998,17.998,18.027,41.562
2.831,195.32,6.88,0.739,0.000,17.921,17.921,17.985,41.652
2.836,194.91,6.88,0.738,0.000,17.867,17.867,17.861,41.741
2.841,195.91,6.88,0.742,0.000,17.996,17.996,17.942,41.831
2.846,195.82,6.88,0.742,0.000,17.984,17.984,17.879,41.920
2.851,195.15,6.88,0.739,0.000,17.898,17.898,17.900,42.010
2.856,194.91,6.90,0.738,0.000,17.868,17.868,17.901,42.099
2.861,195.06,6.89,0.738,0.000,17.886,17.886,17.914,42.189
2.866,196.59,6.89,0.745,0.000,18.084,18.084,17.996,42.278
2.871,197.01,6.89,0.747,0.000,18.138,18.138,18.134,42.369
2.876,195.43,6.89,0.740,0.000,17.934,17.934,17.960,42.459
2.881,194.91,6.88,0.737,0.000,17.866,17.866,17.918,42.549
2.886,196.62,6.88,0.746,0.000,18.088,18.088,18.033,42.638
2.891,196.36,6.88,0.744,0.000,18.055,18.055,17.939,42.728
2.896,197.22,6.87,0.748,0.000,18.166,18.166,18.196,42.819
2.901,196.79,6.87,0.746,0.000,18.110,18.110,18.072,42.909
2.906,195.79,6.88,0.742,0.000,17.980,17.980,17.989,43.000
2.911,198.78,6.87,0.756,0.000,18.367,18.367,18.251,43.090
2.916,198.22,6.87,0.753,0.000,18.295,18.295,18.269,43.182
2.921,197.70,6.85,0.751,0.000,18.228,18.228,18.249,43.273
2.926,197.63,6.86,0.750,0.000,18.218,18.218,18.273,43.364
2.931,198.35,6.88,0.754,0.000,18.311,18.311,18.353,43.456
2.936,197.35,6.88,0.749,0.000,18.182,18.182,18.268,43.547
2.941,196.68,6.88,0.746,0.000,18.096,18.096,18.172,43.638
2.946,195.85,6.89,0.742,0.000,17.988,17.988,18.053,43.729
2.951,196.84,6.90,0.747,0.000,18.117,18.117,18.120,43.819
2.956,197.32,6.90,0.749,0.000,18.178,18.178,18.109,43.910
2.961,198.90,6.90,0.756,0.000,18.383,18.383,18.396,44.001
2.966,197.48,6.90,0.750,0.000,18.199,18.199,18.266,44.093
2.971,198.36,6.90,0.754,0.000,18.312,18.312,18.290,44.184
2.976,198.39,6.89,0.754,0.000,18.316,18.316,18.312,44.276
2.981,197.21,6.89,0.748,0.000,18.164,18.164,18.208,44.367
2.986,196.99,6.89,0.747,0.000,18.135,18.135,18.158,44.458
2.991,197.75,6.89,0.751,0.000,18.233,18.233,18.237,44.549
2.996,198.54,6.88,0.755,0.000,18.336,18.336,18.340,44.640
3.001,198.47,6.88,0.754,0.000,18.326,18.326,18.385,44.732
3.006,196.16,6.88,0.743,0.000,18.028,18.028,18.111,44.823
3.011,193.08,6.89,0.729,0.000,17.631,17.631,17.709,44.913
3.016,125.56,6.89,0.408,0.000,8.912,16.944,17.014,45.000
3.021,15.11,6.89,0.000,0.000,0.000,16.194,16.155,45.083
3.026,14.62,6.90,0.000,0.000,0.000,15.444,15.272,45.161
3.031,14.86,6.89,0.000,0.000,0.000,14.694,14.380,45.235
3.036,15.20,6.90,0.000,0.000,0.000,13.944,13.462,45.305
3.041,15.17,6.89,0.000,0.000,0.000,13.194,12.549,45.370
3.046,15.00,6.90,0.000,0.000,0.000,12.444,11.644,45.431
3.051,15.10,6.90,0.000,0.000,0.000,11.694,10.741,45.487
3.056,15.12,6.90,0.000,0.000,0.000,10.944,9.828,45.538
3.061,14.52,6.91,0.000,0.000,0.000,10.194,8.927,45.585
3.066,14.29,6.91,0.000,0.000,0.000,9.444,7.976,45.627
3.071,14.04,6.92,0.000,0.000,0.000,8.694,7.073,45.665
3.076,13.56,6.92,0.000,0.000,0.000,7.944,6.143,45.698
3.081,13.22,6.92,0.000,0.000,0.000,7.194,5.207,45.726
3.086,13.47,6.94,0.000,0.000,0.000,6.444,4.228,45.750
3.091,13.43,6.94,0.000,0.000,0.000,5.694,3.288,45.768
3.096,13.00,6.93,0.000,0.000,0.000,4.944,2.277,45.782
3.101,12.89,6.93,0.000,0.000,0.000,4.194,1.377,45.791
3.106,12.53,6.92,0.000,0.000,0.000,3.444,0.617,45.796
3.111,12.33,6.92,0.000,0.000,0.000,2.694,0.000,45.798
3.116,12.21,6.91,0.000,0.000,0.000,1.944,0.000,45.798
3.121,12.06,6.91,0.000,0.000,0.000,1.194,0.000,45.798
3.126,12.04,6.92,0.000,0.000,0.000,0.444,0.000,45.798
3.131,11.72,6.93,0.000,0.000,0.000,0.000,0.000,45.798
3.136,11.75,6.92,0.000,0.000,0.000,0.000,0.000,45.798
3.141,11.63,6.92,0.000,0.000,0.000,0.000,0.000,45.798
3.146,11.57,6.93,0.000,0.000,0.000,0.000,0.000,45.798
3.151,11.43,6.93,0.000,0.000,0.000,0.000,0.000,45.798
3.156,11.39,6.93,0.000,0.000,0.000,0.000,0.000,45.798
3.161,11.38,6.92,0.000,0.000,0.000,0.000,0.000,45.798
3.166,11.31,6.92,0.000,0.000,0.000,0.000,0.000,45.798
3.171,11.25,6.92,0.000,0.000,0.000,0.000,0.000,45.798
3.176,11.26,6.93,0.000,0.000,0.000,0.000,0.000,45.798
3.181,11.03,6.92,0.000,0.000,0.000,0.000,0.000,45.798
3.186,10.92,6.91,0.000,0.000,0.000,0.000,0.000,45.798
3.191,11.06,6.91,0.000,0.000,0.000,0.000,0.000,45.798
3.196,10.88,6.92,0.000,0.000,0.000,0.000,0.000,45.798
3.201,10.79,6.91,0.000,0.000,0.000,0.000,0.000,45.798
3.206,10.95,6.91,0.000,0.000,0.000,0.000,0.000,45.798
3.211,10.95,6.90,0.000,0.000,0.000,0.000,0.000,45.798
3.216,10.98,6.90,0.000,0.000,0.000,0.000,0.000,45.798
3.221,11.05,6.91,0.000,0.000,0.000,0.000,0.000,45.798
3.226,10.89,6.90,0.000,0.000,0.000,0.000,0.000,45.798
3.231,10.83,6.90,0.000,0.000,0.000,0.000,0.000,45.798
3.236,10.79,6.90,0.000,0.000,0.000,0.000,0.000,45.798
3.241,10.70,6.91,0.000,0.000,0.000,0.000,0.000,45.798
3.246,10.73,6.92,0.000,0.000,0.000,0.000,0.000,45.798
3.251,10.60,6.91,0.000,0.000,0.000,0.000,0.000,45.798
3.256,10.51,6.90,0.000,0.000,0.000,0.000,0.000,45.798
3.261,10.54,6.90,0.000,0.000,0.000,0.000,0.000,45.798
3.266,10.58,6.89,0.000,0.000,0.000,0.000,0.000,45.798
3.271,10.62,6.90,0.000,0.000,0.000,0.000,0.000,45.798
3.276,10.50,6.90,0.000,0.000,0.000,0.000,0.000,45.798
3.281,10.43,6.90,0.000,0.000,0.000,0.000,0.000,45.798
3.286,10.38,6.92,0.000,0.000,0.000,0.000,0.000,45.798
3.291,10.29,6.91,0.000,0.000,0.000,0.000,0.000,45.798
3.296,10.25,6.90,0.000,0.000,0.000,0.000,0.000,45.798
3.301,10.18,6.91,0.000,0.000,0.000,0.000,0.000,45.798
3.306,10.22,6.92,0.000,0.000,0.000,0.000,0.000,45.798
3.311,10.14,6.92,0.000,0.000,0.000,0.000,0.000,45.798
3.316,10.03,6.92,0.000,0.000,0.000,0.000,0.000,45.798
3.321,10.03,6.91,0.000,0.000,0.000,0.000,0.000,45.798
3.326,10.00,6.92,0.000,0.000,0.000,0.000,0.000,45.798
3.331,9.92,6.93,0.000,0.000,0.000,0.000,0.000,45.798
3.336,9.93,6.92,0.000,0.000,0.000,0.000,0.000,45.798
3.341,9.87,6.92,0.000,0.000,0.000,0.000,0.000,45.798
3.346,9.85,6.94,0.000,0.000,0.000,0.000,0.000,45.798
3.351,9.74,6.93,0.000,0.000,0.000,0.000,0.000,45.798
3.356,9.64,6.94,0.000,0.000,0.000,0.000,0.000,45.798
3.361,9.57,6.93,0.000,0.000,0.000,0.000,0.000,45.798
3.366,9.44,6.93,0.000,0.000,0.000,0.000,0.000,45.798
3.371,9.43,6.92,0.000,0.000,0.000,0.000,0.000,45.798
3.376,9.35,6.93,0.000,0.000,0.000,0.000,0.000,45.798
3.381,9.30,6.93,0.000,0.000,0.000,0.000,0.000,45.798
3.386,9.26,6.93,0.000,0.000,0.000,0.000,0.000,45.798
3.391,9.31,6.93,0.000,0.000,0.000,0.000,0.000,45.798
3.396,9.29,6.94,0.000,0.000,0.000,0.000,0.000,45.798
3.401,9.22,6.93,0.000,0.000,0.000,0.000,0.000,45.798
3.406,9.18,6.92,0.000,0.000,0.000,0.000,0.000,45.798
3.411,9.10,6.93,0.000,0.000,0.000,0.000,0.000,45.798
3.416,9.00,6.93,0.000,0.000,0.000,0.000,0.000,45.798
3.421,9.00,6.92,0.000,0.000,0.000,0.000,0.000,45.798
3.426,9.00,6.91,0.000,0.000,0.000,0.000,0.000,45.798
3.431,9.03,6.91,0.000,0.000,0.000,0.000,0.000,45.798
3.436,9.07,6.92,0.000,0.000,0.000,0.000,0.000,45.798
3.441,9.05,6.91,0.000,0.000,0.000,0.000,0.000,45.798
3.446,8.91,6.92,0.000,0.000,0.000,0.000,0.000,45.798
3.451,8.86,6.91,0.000,0.000,0.000,0.000,0.000,45.798
3.456,8.80,6.92,0.000,0.000,0.000,0.000,0.000,45.798
3.461,8.85,6.91,0.000,0.000,0.000,0.000,0.000,45.798
3.466,8.73,6.91,0.000,0.000,0.000,0.000,0.000,45.798
3.471,8.63,6.93,0.000,0.000,0.000,0.000,0.000,45.798
3.476,8.50,6.93,0.000,0.000,0.000,0.000,0.000,45.798
3.481,8.45,6.92,0.000,0.000,0.000,0.000,0.000,45.798
3.486,8.48,6.92,0.000,0.000,0.000,0.000,0.000,45.798
3.491,8.51,6.91,0.000,0.000,0.000,0.000,0.000,45.798
3.496,8.44,6.91,0.000,0.000,0.000,0.000,0.000,45.798
3.501,8.38,6.92,0.000,0.000,0.000,0.000,0.000,45.798
3.506,8.37,6.92,0.000,0.000,0.000,0.000,0.000,45.798
3.511,8.33,6.91,0.000,0.000,0.000,0.000,0.000,45.798
3.516,8.27,6.91,0.000,0.000,0.000,0.000,0.000,45.798
3.521,8.20,6.90,0.000,0.000,0.000,0.000,0.000,45.798
3.526,8.19,6.90,0.000,0.000,0.000,0.000,0.000,45.798
3.531,8.10,6.90,0.000,0.000,0.000,0.000,0.000,45.798
3.536,8.06,6.90,0.000,0.000,0.000,0.000,0.000,45.798
3.541,8.02,6.90,0.000,0.000,0.000,0.000,0.000,45.798
3.546,8.12,6.89,0.000,0.000,0.000,0.000,0.000,45.798
3.551,8.06,6.90,0.000,0.000,0.000,0.000,0.000,45.798
3.556,8.13,6.89,0.000,0.000,0.000,0.000,0.000,45.798
3.561,8.16,6.90,0.000,0.000,0.000,0.000,0.000,45.798
3.566,8.11,6.90,0.000,0.000,0.000,0.000,0.000,45.798
3.571,8.15,6.90,0.000,0.000,0.000,0.000,0.000,45.798
3.576,8.13,6.90,0.000,0.000,0.000,0.000,0.000,45.798
3.581,8.09,6.91,0.000,0.000,0.000,0.000,0.000,45.798
3.586,8.09,6.91,0.000,0.000,0.000,0.000,0.000,45.798
3.591,8.02,6.91,0.000,0.000,0.000,0.000,0.000,45.798
3.596,7.99,6.91,0.000,0.000,0.000,0.000,0.000,45.798
3.601,8.09,6.90,0.000,0.000,0.000,0.000,0.000,45.798
3.606,8.20,6.90,0.000,0.000,0.000,0.000,0.000,45.798
3.611,8.14,6.89,0.000,0.000,0.000,0.000,0.000,45.798
3.616,8.09,6.89,0.000,0.000,0.000,0.000,0.000,45.798
3.621,8.06,6.90,0.000,0.000,0.000,0.000,0.000,45.798
3.626,8.00,6.89,0.000,0.000,0.000,0.000,0.000,45.798
3.631,8.02,6.89,0.000,0.000,0.000,0.000,0.000,45.798
3.636,7.98,6.89,0.000,0.000,0.000,0.000,0.000,45.798
3.641,8.00,6.89,0.000,0.000,0.000,0.000,0.000,45.798
3.646,8.00,6.90,0.000,0.000,0.000,0.000,0.000,45.798
3.651,7.95,6.90,0.000,0.000,0.000,0.000,0.000,45.798
3.656,7.94,6.89,0.000,0.000,0.000,0.000,0.000,45.798
3.661,7.86,6.89,0.000,0.000,0.000,0.000,0.000,45.798
3.666,7.79,6.88,0.000,0.000,0.000,0.000,0.000,45.798
3.671,7.84,6.88,0.000,0.000,0.000,0.000,0.000,45.798
3.676,7.83,6.88,0.000,0.000,0.000,0.000,0.000,45.798
3.681,7.81,6.88,0.000,0.000,0.000,0.000,0.000,45.798
3.686,7.83,6.87,0.000,0.000,0.000,0.000,0.000,45.798
3.691,7.84,6.87,0.000,0.000,0.000,0.000,0.000,45.798
3.696,7.83,6.87,0.000,0.000,0.000,0.000,0.000,45.798
3.701,7.79,6.87,0.000,0.000,0.000,0.000,0.000,45.798
3.706,7.80,6.88,0.000,0.000,0.000,0.000,0.000,45.798
3.711,7.82,6.89,0.000,0.000,0.000,0.000,0.000,45.798
3.716,7.80,6.89,0.000,0.000,0.000,0.000,0.000,45.798
3.721,7.79,6.88,0.000,0.000,0.000,0.000,0.000,45.798
3.726,7.79,6.88,0.000,0.000,0.000,0.000,0.000,45.798
3.731,7.75,6.88,0.000,0.000,0.000,0.000,0.000,45.798
3.736,7.75,6.87,0.000,0.000,0.000,0.000,0.000,45.798
3.741,7.75,6.86,0.000,0.000,0.000,0.000,0.000,45.798
3.746,7.75,6.85,0.000,0.000,0.000,0.000,0.000,45.798
3.751,7.78,6.85,0.000,0.000,0.000,0.000,0.000,45.798
3.756,7.77,6.85,0.000,0.000,0.000,0.000,0.000,45.798
3.761,7.78,6.87,0.000,0.000,0.000,0.000,0.000,45.798
3.766,7.78,6.86,0.000,0.000,0.000,0.000,0.000,45.798
3.771,7.82,6.87,0.000,0.000,0.000,0.000,0.000,45.798
3.776,7.80,6.87,0.000,0.000,0.000,0.000,0.000,45.798
3.781,7.78,6.89,0.000,0.000,0.000,0.000,0.000,45.798
3.786,7.75,6.90,0.000,0.000,0.000,0.000,0.000,45.798
3.791,7.74,6.89,0.000,0.000,0.000,0.000,0.000,45.798
3.796,7.80,6.89,0.000,0.000,0.000,0.000,0.000,45.798
3.801,7.78,6.89,0.000,0.000,0.000,0.000,0.000,45.798
3.806,7.79,6.88,0.000,0.000,0.000,0.000,0.000,45.798
3.811,7.79,6.88,0.000,0.000,0.000,0.000,0.000,45.798
3.816,7.79,6.87,0.000,0.000,0.000,0.000,0.000,45.798
3.821,7.78,6.88,0.000,0.000,0.000,0.000,0.000,45.798
3.826,7.75,6.87,0.000,0.000,0.000,0.000,0.000,45.798
3.831,7.76,6.86,0.000,0.000,0.000,0.000,0.000,45.798
3.836,7.76,6.87,0.000,0.000,0.000,0.000,0.000,45.798
3.841,7.75,6.88,0.000,0.000,0.000,0.000,0.000,45.798
3.846,7.77,6.88,0.000,0.000,0.000,0.000,0.000,45.798
3.851,7.76,6.89,0.000,0.000,0.000,0.000,0.000,45.798
3.856,7.74,6.89,0.000,0.000,0.000,0.000,0.000,45.798
3.861,7.73,6.89,0.000,0.000,0.000,0.000,0.000,45.798
3.866,7.73,6.90,0.000,0.000,0.000,0.000,0.000,45.798
3.871,7.71,6.90,0.000,0.000,0.000,0.000,0.000,45.798
3.876,7.69,6.90,0.000,0.000,0.000,0.000,0.000,45.798
3.881,7.66,6.90,0.000,0.000,0.000,0.000,0.000,45.798
3.886,7.65,6.90,0.000,0.000,0.000,0.000,0.000,45.798
3.891,7.63,6.89,0.000,0.000,0.000,0.000,0.000,45.798
3.896,7.62,6.89,0.000,0.000,0.000,0.000,0.000,45.798
3.901,7.60,6.90,0.000,0.000,0.000,0.000,0.000,45.798
3.906,7.59,6.91,0.000,0.000,0.000,0.000,0.000,45.798
3.911,7.55,6.91,0.000,0.000,0.000,0.000,0.000,45.798
3.916,7.54,6.90,0.000,0.000,0.000,0.000,0.000,45.798
3.921,7.55,6.90,0.000,0.000,0.000,0.000,0.000,45.798
3.926,7.57,6.90,0.000,0.000,0.000,0.000,0.000,45.798
3.931,7.58,6.91,0.000,0.000,0.000,0.000,0.000,45.798
3.936,7.62,6.90,0.000,0.000,0.000,0.000,0.000,45.798
3.941,7.61,6.91,0.000,0.000,0.000,0.000,0.000,45.798
3.946,7.57,6.91,0.000,0.000,0.000,0.000,0.000,45.798
3.951,7.57,6.91,0.000,0.000,0.000,0.000,0.000,45.798
3.956,7.56,6.91,0.000,0.000,0.000,0.000,0.000,45.798
3.961,7.60,6.92,0.000,0.000,0.000,0.000,0.000,45.798
3.966,7.56,6.92,0.000,0.000,0.000,0.000,0.000,45.798
3.971,7.56,6.94,0.000,0.000,0.000,0.000,0.000,45.798
3.976,7.56,6.95,0.000,0.000,0.000,0.000,0.000,45.798
3.981,7.59,6.94,0.000,0.000,0.000,0.000,0.000,45.798
3.986,7.57,6.93,0.000,0.000,0.000,0.000,0.000,45.798
3.991,7.54,6.93,0.000,0.000,0.000,0.000,0.000,45.798
3.996,7.57,6.93,0.000,0.000,0.000,0.000,0.000,45.798
4.001,7.77,7.29,0.000,0.000,0.000,0.000,0.000,45.798
4.006,316.98,212.02,0.000,0.000,0.000,0.000,0.000,45.798
4.011,222.96,232.59,0.000,0.000,0.000,0.000,0.000,45.798
4.016,216.28,266.47,0.000,0.000,0.000,0.000,0.000,45.798
4.021,215.34,251.47,0.000,0.000,0.000,0.000,0.000,45.798
4.026,228.59,228.85,0.898,0.900,0.000,0.000,0.000,45.798
4.031,261.68,235.04,1.000,0.929,0.000,0.000,0.000,45.798
4.036,245.56,231.85,0.978,0.914,0.000,0.000,0.000,45.798
4.041,253.55,253.23,1.000,1.000,0.000,0.000,0.000,45.798
4.046,260.25,260.42,1.000,1.000,0.000,0.000,0.000,45.798
4.051,264.49,281.52,1.000,1.000,0.000,0.000,0.000,45.798
4.056,272.57,273.89,1.000,1.000,0.000,0.000,0.000,45.798
4.061,262.29,273.69,1.000,1.000,0.000,0.000,0.000,45.798
4.066,265.51,263.91,1.000,1.000,0.000,0.000,0.000,45.798
4.071,267.70,265.66,1.000,1.000,0.000,0.000,0.000,45.798
4.076,260.74,279.66,1.000,1.000,0.000,0.000,0.000,45.798
4.081,254.44,269.83,1.000,1.000,0.000,0.000,0.000,45.798
4.086,256.67,269.04,1.000,1.000,0.000,0.000,0.000,45.798
4.091,255.18,267.27,1.000,1.000,0.000,0.000,0.000,45.798
4.096,252.70,268.47,1.000,1.000,0.000,0.000,0.000,45.798
4.101,249.11,262.45,0.995,1.000,0.000,0.000,0.000,45.798
4.106,249.41,263.34,0.997,1.000,0.000,0.000,0.000,45.798
4.111,248.02,261.90,0.990,1.000,0.000,0.000,0.000,45.798
4.116,245.33,262.29,0.977,1.000,0.000,0.000,0.000,45.798
4.121,244.08,260.84,0.971,1.000,0.000,0.000,0.000,45.798
4.126,242.97,258.76,0.966,1.000,0.000,0.000,0.000,45.798
4.131,242.58,257.64,0.964,1.000,0.000,0.000,0.000,45.798
4.136,245.41,257.43,0.977,1.000,0.000,0.000,0.000,45.798
4.141,245.96,255.13,0.980,1.000,0.000,0.000,0.000,45.798
4.146,244.38,256.99,0.973,1.000,0.000,0.000,0.000,45.798
4.151,248.07,259.05,0.990,1.000,0.000,0.000,0.000,45.798
4.156,249.51,256.82,0.997,1.000,0.000,0.000,0.000,45.798
4.161,250.23,252.98,1.000,1.000,0.000,0.000,0.000,45.798
4.166,248.82,251.31,0.994,1.000,0.000,0.000,0.000,45.798
4.171,244.43,250.82,0.973,1.000,0.000,0.000,0.000,45.798
4.176,248.43,246.96,0.992,0.986,0.000,0.000,0.000,45.798
4.181,246.53,245.25,0.983,0.978,0.000,0.000,0.000,45.798
4.186,244.28,245.13,0.972,0.977,0.000,0.000,0.000,45.798
4.191,244.28,245.73,0.972,0.980,0.000,0.000,0.000,45.798
4.196,239.91,248.10,0.951,0.991,0.000,0.000,0.000,45.798
4.201,241.16,246.88,0.957,0.985,0.000,0.000,0.000,45.798
4.206,242.73,251.21,0.965,1.000,0.000,0.000,0.000,45.798
4.211,246.52,251.23,0.983,1.000,0.000,0.000,0.000,45.798
4.216,243.65,249.23,0.969,0.996,0.000,0.000,0.000,45.798
4.221,243.34,247.44,0.968,0.988,0.000,0.000,0.000,45.798
4.226,243.15,245.71,0.967,0.980,0.000,0.000,0.000,45.798
4.231,240.66,249.98,0.955,1.000,0.000,0.000,0.000,45.798
4.236,242.91,249.04,0.966,0.996,0.000,0.000,0.000,45.798
4.241,242.73,253.44,0.965,1.000,0.000,0.000,0.000,45.798
4.246,245.20,255.73,0.976,1.000,0.000,0.000,0.000,45.798
4.251,246.09,255.25,0.981,1.000,0.000,0.000,0.000,45.798
4.256,246.43,253.73,0.982,1.000,0.000,0.000,0.000,45.798
4.261,245.28,255.18,0.977,1.000,0.000,0.000,0.000,45.798
4.266,244.70,256.00,0.974,1.000,0.000,0.000,0.000,45.798
4.271,244.59,254.48,0.974,1.000,0.000,0.000,0.000,45.798
4.276,244.88,253.58,0.975,1.000,0.000,0.000,0.000,45.798
4.281,243.08,252.91,0.966,1.000,0.000,0.000,0.000,45.798
4.286,242.34,252.54,0.963,1.000,0.000,0.000,0.000,45.798
4.291,240.72,251.08,0.955,1.000,0.000,0.000,0.000,45.798
4.296,240.08,247.85,0.952,0.990,0.000,0.000,0.000,45.798
4.301,241.45,247.75,0.959,0.989,0.000,0.000,0.000,45.798
4.306,240.27,248.67,0.953,0.994,0.000,0.000,0.000,45.798
4.311,241.84,247.75,0.961,0.989,0.000,0.000,0.000,45.798
4.316,241.32,247.40,0.958,0.988,0.000,0.000,0.000,45.798
4.321,240.93,245.75,0.956,0.980,0.000,0.000,0.000,45.798
4.326,238.56,245.24,0.945,0.977,0.000,0.000,0.000,45.798
4.331,237.49,247.41,0.940,0.988,0.000,0.000,0.000,45.798
4.336,238.17,250.24,0.943,1.000,0.000,0.000,0.000,45.798
4.341,238.61,248.31,0.945,0.992,0.000,0.000,0.000,45.798
4.346,237.30,249.41,0.939,0.997,0.000,0.000,0.000,45.798
4.351,237.11,248.82,0.938,0.994,0.000,0.000,0.000,45.798
4.356,240.73,251.02,0.955,1.000,0.000,0.000,0.000,45.798
4.361,240.64,252.37,0.955,1.000,0.000,0.000,0.000,45.798
4.366,238.85,252.30,0.946,1.000,0.000,0.000,0.000,45.798
4.371,238.36,254.16,0.944,1.000,0.000,0.000,0.000,45.798
4.376,237.05,255.28,0.938,1.000,0.000,0.000,0.000,45.798
4.381,236.98,255.31,0.937,1.000,0.000,0.000,0.000,45.798
4.386,235.37,256.76,0.930,1.000,0.000,0.000,0.000,45.798
4.391,235.58,257.00,0.931,1.000,0.000,0.000,0.000,45.798
4.396,236.22,256.97,0.934,1.000,0.000,0.000,0.000,45.798
4.401,235.20,255.96,0.929,1.000,0.000,0.000,0.000,45.798
4.406,234.81,255.88,0.927,1.000,0.000,0.000,0.000,45.798
4.411,233.66,256.10,0.922,1.000,0.000,0.000,0.000,45.798
4.416,233.95,255.79,0.923,1.000,0.000,0.000,0.000,45.798
4.421,235.28,254.43,0.929,1.000,0.000,0.000,0.000,45.798
4.426,234.82,254.90,0.927,1.000,0.000,0.000,0.000,45.798
4.431,234.30,254.89,0.925,1.000,0.000,0.000,0.000,45.798
4.436,233.56,255.37,0.921,1.000,0.000,0.000,0.000,45.798
4.441,233.29,255.48,0.920,1.000,0.000,0.000,0.000,45.798
4.446,231.49,255.43,0.911,1.000,0.000,0.000,0.000,45.798
4.451,230.61,254.98,0.907,1.000,0.000,0.000,0.000,45.798
4.456,228.79,254.74,0.898,1.000,0.000,0.000,0.000,45.798
4.461,228.46,255.15,0.897,1.000,0.000,0.000,0.000,45.798
4.466,228.55,256.19,0.897,1.000,0.000,0.000,0.000,45.798
4.471,228.49,256.61,0.897,1.000,0.000,0.000,0.000,45.798
4.476,227.53,256.11,0.893,1.000,0.000,0.000,0.000,45.798
4.481,228.35,256.17,0.896,1.000,0.000,0.000,0.000,45.798
4.486,228.93,255.14,0.899,1.000,0.000,0.000,0.000,45.798
4.491,228.58,255.78,0.898,1.000,0.000,0.000,0.000,45.798
4.496,229.90,255.94,0.904,1.000,0.000,0.000,0.000,45.798
4.501,228.92,254.67,0.899,1.000,0.000,0.000,0.000,45.798
4.506,228.29,254.61,0.896,1.000,0.000,0.000,0.000,45.798
4.511,228.69,254.27,0.898,1.000,0.000,0.000,0.000,45.798
4.516,229.58,254.83,0.902,1.000,0.000,0.000,0.000,45.798
4.521,229.49,253.49,0.902,1.000,0.000,0.000,0.000,45.798
4.526,229.39,254.86,0.901,1.000,0.000,0.000,0.000,45.798
4.531,229.92,253.41,0.904,1.000,0.000,0.000,0.000,45.798
4.536,230.55,255.28,0.907,1.000,0.000,0.000,0.000,45.798
4.541,230.33,255.55,0.906,1.000,0.000,0.000,0.000,45.798
4.546,229.59,255.19,0.902,1.000,0.000,0.000,0.000,45.798
4.551,230.96,254.85,0.909,1.000,0.000,0.000,0.000,45.798
4.556,230.57,255.06,0.907,1.000,0.000,0.000,0.000,45.798
4.561,231.15,255.63,0.910,1.000,0.000,0.000,0.000,45.798
4.566,231.16,255.67,0.910,1.000,0.000,0.000,0.000,45.798
4.571,230.22,256.31,0.905,1.000,0.000,0.000,0.000,45.798
4.576,232.53,255.54,0.916,1.000,0.000,0.000,0.000,45.798
4.581,234.71,255.29,0.927,1.000,0.000,0.000,0.000,45.798
4.586,234.09,255.33,0.924,1.000,0.000,0.000,0.000,45.798
4.591,235.79,256.22,0.932,1.000,0.000,0.000,0.000,45.798
4.596,235.62,256.88,0.931,1.000,0.000,0.000,0.000,45.798
4.601,234.94,257.16,0.928,1.000,0.000,0.000,0.000,45.798
4.606,234.38,256.78,0.925,1.000,0.000,0.000,0.000,45.798
4.611,234.85,257.11,0.927,1.000,0.000,0.000,0.000,45.798
4.616,233.36,256.52,0.920,1.000,0.000,0.000,0.000,45.798
4.621,233.76,256.01,0.922,1.000,0.000,0.000,0.000,45.798
4.626,234.59,256.23,0.926,1.000,0.000,0.000,0.000,45.798
4.631,235.30,256.29,0.929,1.000,0.000,0.000,0.000,45.798
4.636,236.64,256.44,0.936,1.000,0.000,0.000,0.000,45.798
4.641,238.37,256.57,0.944,1.000,0.000,0.000,0.000,45.798
4.646,237.90,256.41,0.942,1.000,0.000,0.000,0.000,45.798
4.651,237.74,256.26,0.941,1.000,0.000,0.000,0.000,45.798
4.656,238.24,255.64,0.943,1.000,0.000,0.000,0.000,45.798
4.661,238.55,255.85,0.945,1.000,0.000,0.000,0.000,45.798
4.666,239.66,255.57,0.950,1.000,0.000,0.000,0.000,45.798
4.671,240.54,256.02,0.954,1.000,0.000,0.000,0.000,45.798
4.676,241.03,256.25,0.957,1.000,0.000,0.000,0.000,45.798
4.681,240.68,256.48,0.955,1.000,0.000,0.000,0.000,45.798
4.686,239.61,256.17,0.950,1.000,0.000,0.000,0.000,45.798
4.691,241.68,255.78,0.960,1.000,0.000,0.000,0.000,45.798
4.696,242.41,255.56,0.963,1.000,0.000,0.000,0.000,45.798
4.701,240.58,256.14,0.955,1.000,0.000,0.000,0.000,45.798
4.706,242.08,256.15,0.962,1.000,0.000,0.000,0.000,45.798
4.711,244.24,256.19,0.972,1.000,0.000,0.000,0.000,45.798
4.716,245.56,256.44,0.978,1.000,0.000,0.000,0.000,45.798
4.721,244.24,256.30,0.972,1.000,0.000,0.000,0.000,45.798
4.726,244.29,256.26,0.972,1.000,0.000,0.000,0.000,45.798
4.731,246.87,256.00,0.984,1.000,0.000,0.000,0.000,45.798
4.736,243.40,255.64,0.968,1.000,0.000,0.000,0.000,45.798
4.741,243.81,255.62,0.970,1.000,0.000,0.000,0.000,45.798
4.746,243.69,255.27,0.969,1.000,0.000,0.000,0.000,45.798
4.751,243.91,254.90,0.970,1.000,0.000,0.000,0.000,45.798
4.756,242.03,255.25,0.961,1.000,0.000,0.000,0.000,45.798
4.761,242.51,255.30,0.964,1.000,0.000,0.000,0.000,45.798
4.766,240.07,255.91,0.952,1.000,0.000,0.000,0.000,45.798
4.771,241.58,256.51,0.959,1.000,0.000,0.000,0.000,45.798
4.776,240.29,256.44,0.953,1.000,0.000,0.000,0.000,45.798
4.781,240.05,256.90,0.952,1.000,0.000,0.000,0.000,45.798
4.786,238.05,257.07,0.943,1.000,0.000,0.000,0.000,45.798
4.791,238.11,257.14,0.943,1.000,0.000,0.000,0.000,45.798
4.796,237.95,256.85,0.942,1.000,0.000,0.000,0.000,45.798
4.801,237.12,256.67,0.938,1.000,0.000,0.000,0.000,45.798
4.806,236.64,256.63,0.936,1.000,0.000,0.000,0.000,45.798
4.811,235.28,256.91,0.929,1.000,0.000,0.000,0.000,45.798
4.816,235.08,256.86,0.928,1.000,0.000,0.000,0.000,45.798
4.821,236.73,256.78,0.936,1.000,0.000,0.000,0.000,45.798
4.826,236.61,256.86,0.936,1.000,0.000,0.000,0.000,45.798
4.831,234.33,257.70,0.925,1.000,0.000,0.000,0.000,45.798
4.836,235.58,257.26,0.931,1.000,0.000,0.000,0.000,45.798
4.841,235.50,256.97,0.930,1.000,0.000,0.000,0.000,45.798
4.846,234.90,256.89,0.928,1.000,0.000,0.000,0.000,45.798
4.851,234.82,256.77,0.927,1.000,0.000,0.000,0.000,45.798
4.856,237.33,257.00,0.939,1.000,0.000,0.000,0.000,45.798
4.861,237.95,257.01,0.942,1.000,0.000,0.000,0.000,45.798
4.866,238.88,257.51,0.946,1.000,0.000,0.000,0.000,45.798
4.871,237.96,257.30,0.942,1.000,0.000,0.000,0.000,45.798
4.876,237.86,257.39,0.942,1.000,0.000,0.000,0.000,45.798
4.881,236.35,257.24,0.934,1.000,0.000,0.000,0.000,45.798
4.886,239.34,257.08,0.949,1.000,0.000,0.000,0.000,45.798
4.891,241.34,257.32,0.958,1.000,0.000,0.000,0.000,45.798
4.896,243.58,257.32,0.969,1.000,0.000,0.000,0.000,45.798
4.901,245.39,257.35,0.977,1.000,0.000,0.000,0.000,45.798
4.906,244.53,257.40,0.973,1.000,0.000,0.000,0.000,45.798
4.911,244.67,257.43,0.974,1.000,0.000,0.000,0.000,45.798
4.916,243.04,257.52,0.966,1.000,0.000,0.000,0.000,45.798
4.921,241.62,257.80,0.959,1.000,0.000,0.000,0.000,45.798
4.926,242.09,257.47,0.962,1.000,0.000,0.000,0.000,45.798
4.931,239.58,257.44,0.950,1.000,0.000,0.000,0.000,45.798
4.936,241.60,257.10,0.959,1.000,0.000,0.000,0.000,45.798
4.941,240.67,257.00,0.955,1.000,0.000,0.000,0.000,45.798
4.946,238.87,257.03,0.946,1.000,0.000,0.000,0.000,45.798
4.951,240.65,256.98,0.955,1.000,0.000,0.000,0.000,45.798
4.956,239.87,257.08,0.951,1.000,0.000,0.000,0.000,45.798
4.961,239.02,257.12,0.947,1.000,0.000,0.000,0.000,45.798
4.966,238.47,257.07,0.945,1.000,0.000,0.000,0.000,45.798
4.971,238.19,256.80,0.943,1.000,0.000,0.000,0.000,45.798
4.976,237.27,256.74,0.939,1.000,0.000,0.000,0.000,45.798
4.981,237.63,256.82,0.941,1.000,0.000,0.000,0.000,45.798
4.986,236.28,256.82,0.934,1.000,0.000,0.000,0.000,45.798
4.991,236.55,256.72,0.935,1.000,0.000,0.000,0.000,45.798
4.996,236.37,256.73,0.935,1.000,0.000,0.000,0.000,45.798
5.001,237.83,256.43,0.941,1.000,0.000,0.000,0.000,45.798
5.006,234.15,255.54,0.924,1.000,0.000,0.000,0.000,45.798
5.011,222.17,240.92,0.867,0.957,0.000,0.000,0.000,45.798
5.016,8.75,12.23,0.000,0.000,0.000,0.000,0.000,45.798
5.021,9.68,11.81,0.000,0.000,0.000,0.000,0.000,45.798
5.026,9.27,12.15,0.000,0.000,0.000,0.000,0.000,45.798
5.031,9.10,11.56,0.000,0.000,0.000,0.000,0.000,45.798
5.036,9.33,11.27,0.000,0.000,0.000,0.000,0.000,45.798
5.041,8.94,10.90,0.000,0.000,0.000,0.000,0.000,45.798
5.046,8.67,10.26,0.000,0.000,0.000,0.000,0.000,45.798
5.051,8.74,10.72,0.000,0.000,0.000,0.000,0.000,45.798
5.056,8.71,10.73,0.000,0.000,0.000,0.000,0.000,45.798
5.061,8.32,10.38,0.000,0.000,0.000,0.000,0.000,45.798
5.066,8.07,10.10,0.000,0.000,0.000,0.000,0.000,45.798
5.071,7.90,10.21,0.000,0.000,0.000,0.000,0.000,45.798
5.076,7.64,9.99,0.000,0.000,0.000,0.000,0.000,45.798
5.081,7.72,9.79,0.000,0.000,0.000,0.000,0.000,45.798
5.086,7.73,9.77,0.000,0.000,0.000,0.000,0.000,45.798
5.091,7.63,9.81,0.000,0.000,0.000,0.000,0.000,45.798
5.096,7.66,9.87,0.000,0.000,0.000,0.000,0.000,45.798
5.101,7.49,9.94,0.000,0.000,0.000,0.000,0.000,45.798
5.106,7.50,9.81,0.000,0.000,0.000,0.000,0.000,45.798
5.111,7.52,9.69,0.000,0.000,0.000,0.000,0.000,45.798
5.116,7.41,9.74,0.000,0.000,0.000,0.000,0.000,45.798
5.121,7.38,9.83,0.000,0.000,0.000,0.000,0.000,45.798
5.126,7.40,9.55,0.000,0.000,0.000,0.000,0.000,45.798
5.131,7.27,9.45,0.000,0.000,0.000,0.000,0.000,45.798
5.136,7.27,9.42,0.000,0.000,0.000,0.000,0.000,45.798
5.141,7.20,9.44,0.000,0.000,0.000,0.000,0.000,45.798
5.146,7.37,9.38,0.000,0.000,0.000,0.000,0.000,45.798
5.151,7.43,9.33,0.000,0.000,0.000,0.000,0.000,45.798
5.156,7.35,9.36,0.000,0.000,0.000,0.000,0.000,45.798
5.161,7.35,9.22,0.000,0.000,0.000,0.000,0.000,45.798
5.166,7.26,9.20,0.000,0.000,0.000,0.000,0.000,45.798
5.171,7.25,9.14,0.000,0.000,0.000,0.000,0.000,45.798
5.176,7.24,9.11,0.000,0.000,0.000,0.000,0.000,45.798
5.181,7.21,9.17,0.000,0.000,0.000,0.000,0.000,45.798
5.186,7.18,9.16,0.000,0.000,0.000,0.000,0.000,45.798
5.191,7.11,9.08,0.000,0.000,0.000,0.000,0.000,45.798
5.196,7.13,9.07,0.000,0.000,0.000,0.000,0.000,45.798
5.201,7.18,9.07,0.000,0.000,0.000,0.000,0.000,45.798
5.206,7.17,9.11,0.000,0.000,0.000,0.000,0.000,45.798
5.211,7.18,9.12,0.000,0.000,0.000,0.000,0.000,45.798
5.216,7.23,9.09,0.000,0.000,0.000,0.000,0.000,45.798
5.221,7.14,9.00,0.000,0.000,0.000,0.000,0.000,45.798
5.226,7.14,8.94,0.000,0.000,0.000,0.000,0.000,45.798
5.231,7.07,8.95,0.000,0.000,0.000,0.000,0.000,45.798
5.236,7.02,9.03,0.000,0.000,0.000,0.000,0.000,45.798
5.241,6.95,8.97,0.000,0.000,0.000,0.000,0.000,45.798
5.246,6.94,8.89,0.000,0.000,0.000,0.000,0.000,45.798
5.251,7.04,8.79,0.000,0.000,0.000,0.000,0.000,45.798
5.256,7.02,8.78,0.000,0.000,0.000,0.000,0.000,45.798
5.261,7.09,8.76,0.000,0.000,0.000,0.000,0.000,45.798
5.266,7.05,8.71,0.000,0.000,0.000,0.000,0.000,45.798
5.271,7.02,8.68,0.000,0.000,0.000,0.000,0.000,45.798
5.276,6.99,8.63,0.000,0.000,0.000,0.000,0.000,45.798
5.281,6.98,8.67,0.000,0.000,0.000,0.000,0.000,45.798
5.286,6.94,8.68,0.000,0.000,0.000,0.000,0.000,45.798
5.291,6.97,8.64,0.000,0.000,0.000,0.000,0.000,45.798
5.296,6.96,8.59,0.000,0.000,0.000,0.000,0.000,45.798
5.301,6.89,8.59,0.000,0.000,0.000,0.000,0.000,45.798
5.306,6.86,8.58,0.000,0.000,0.000,0.000,0.000,45.798
5.311,6.81,8.64,0.000,0.000,0.000,0.000,0.000,45.798
5.316,6.86,8.55,0.000,0.000,0.000,0.000,0.000,45.798
5.321,6.82,8.47,0.000,0.000,0.000,0.000,0.000,45.798
5.326,6.83,8.54,0.000,0.000,0.000,0.000,0.000,45.798
5.331,6.85,8.51,0.000,0.000,0.000,0.000,0.000,45.798
5.336,6.84,8.55,0.000,0.000,0.000,0.000,0.000,45.798
5.341,6.82,8.49,0.000,0.000,0.000,0.000,0.000,45.798
5.346,6.84,8.48,0.000,0.000,0.000,0.000,0.000,45.798
5.351,6.79,8.54,0.000,0.000,0.000,0.000,0.000,45.798
5.356,6.77,8.54,0.000,0.000,0.000,0.000,0.000,45.798
5.361,6.80,8.45,0.000,0.000,0.000,0.000,0.000,45.798
5.366,6.86,8.35,0.000,0.000,0.000,0.000,0.000,45.798
5.371,6.82,8.40,0.000,0.000,0.000,0.000,0.000,45.798
5.376,6.85,8.41,0.000,0.000,0.000,0.000,0.000,45.798
5.381,6.86,8.36,0.000,0.000,0.000,0.000,0.000,45.798
5.386,6.89,8.43,0.000,0.000,0.000,0.000,0.000,45.798
5.391,6.89,8.41,0.000,0.000,0.000,0.000,0.000,45.798
5.396,6.87,8.37,0.000,0.000,0.000,0.000,0.000,45.798
5.401,6.89,8.38,0.000,0.000,0.000,0.000,0.000,45.798
5.406,6.90,8.33,0.000,0.000,0.000,0.000,0.000,45.798
5.411,6.93,8.25,0.000,0.000,0.000,0.000,0.000,45.798
5.416,6.93,8.24,0.000,0.000,0.000,0.000,0.000,45.798
5.421,6.90,8.27,0.000,0.000,0.000,0.000,0.000,45.798
5.426,6.89,8.29,0.000,0.000,0.000,0.000,0.000,45.798
5.431,6.88,8.26,0.000,0.000,0.000,0.000,0.000,45.798
5.436,6.87,8.26,0.000,0.000,0.000,0.000,0.000,45.798
5.441,6.87,8.29,0.000,0.000,0.000,0.000,0.000,45.798
5.446,6.87,8.26,0.000,0.000,0.000,0.000,0.000,45.798
5.451,6.87,8.25,0.000,0.000,0.000,0.000,0.000,45.798
5.456,6.87,8.24,0.000,0.000,0.000,0.000,0.000,45.798
5.461,6.89,8.20,0.000,0.000,0.000,0.000,0.000,45.798
5.466,6.89,8.19,0.000,0.000,0.000,0.000,0.000,45.798
5.471,6.88,8.14,0.000,0.000,0.000,0.000,0.000,45.798
5.476,6.90,8.10,0.000,0.000,0.000,0.000,0.000,45.798
5.481,6.92,8.06,0.000,0.000,0.000,0.000,0.000,45.798
5.486,6.90,8.04,0.000,0.000,0.000,0.000,0.000,45.798
5.491,6.90,8.05,0.000,0.000,0.000,0.000,0.000,45.798
5.496,6.88,8.07,0.000,0.000,0.000,0.000,0.000,45.798
5.501,6.89,8.00,0.000,0.000,0.000,0.000,0.000,45.798
5.506,6.90,8.04,0.000,0.000,0.000,0.000,0.000,45.798
5.511,6.90,8.05,0.000,0.000,0.000,0.000,0.000,45.798
5.516,6.91,8.01,0.000,0.000,0.000,0.000,0.000,45.798
5.521,6.93,8.01,0.000,0.000,0.000,0.000,0.000,45.798
5.526,6.93,8.03,0.000,0.000,0.000,0.000,0.000,45.798
5.531,6.92,8.01,0.000,0.000,0.000,0.000,0.000,45.798
5.536,6.91,7.94,0.000,0.000,0.000,0.000,0.000,45.798
5.541,6.90,7.92,0.000,0.000,0.000,0.000,0.000,45.798
5.546,6.89,7.92,0.000,0.000,0.000,0.000,0.000,45.798
5.551,6.88,7.93,0.000,0.000,0.000,0.000,0.000,45.798
5.556,6.88,7.98,0.000,0.000,0.000,0.000,0.000,45.798
5.561,6.88,7.98,0.000,0.000,0.000,0.000,0.000,45.798
5.566,6.88,7.99,0.000,0.000,0.000,0.000,0.000,45.798
5.571,6.89,7.96,0.000,0.000,0.000,0.000,0.000,45.798
5.576,6.90,7.91,0.000,0.000,0.000,0.000,0.000,45.798
5.581,6.91,7.91,0.000,0.000,0.000,0.000,0.000,45.798
5.586,6.90,7.90,0.000,0.000,0.000,0.000,0.000,45.798
5.591,6.89,7.85,0.000,0.000,0.000,0.000,0.000,45.798
5.596,6.91,7.82,0.000,0.000,0.000,0.000,0.000,45.798
5.601,6.91,7.79,0.000,0.000,0.000,0.000,0.000,45.798
5.606,6.91,7.77,0.000,0.000,0.000,0.000,0.000,45.798
5.611,6.90,7.78,0.000,0.000,0.000,0.000,0.000,45.798
5.616,6.89,7.76,0.000,0.000,0.000,0.000,0.000,45.798
5.621,6.90,7.77,0.000,0.000,0.000,0.000,0.000,45.798
5.626,6.91,7.78,0.000,0.000,0.000,0.000,0.000,45.798
5.631,6.90,7.77,0.000,0.000,0.000,0.000,0.000,45.798
5.636,6.91,7.78,0.000,0.000,0.000,0.000,0.000,45.798
5.641,6.91,7.77,0.000,0.000,0.000,0.000,0.000,45.798
5.646,6.90,7.77,0.000,0.000,0.000,0.000,0.000,45.798
5.651,6.90,7.76,0.000,0.000,0.000,0.000,0.000,45.798
5.656,6.90,7.77,0.000,0.000,0.000,0.000,0.000,45.798
5.661,6.90,7.79,0.000,0.000,0.000,0.000,0.000,45.798
5.666,6.89,7.77,0.000,0.000,0.000,0.000,0.000,45.798
5.671,6.90,7.75,0.000,0.000,0.000,0.000,0.000,45.798
5.676,6.90,7.74,0.000,0.000,0.000,0.000,0.000,45.798
5.681,6.91,7.75,0.000,0.000,0.000,0.000,0.000,45.798
5.686,6.90,7.76,0.000,0.000,0.000,0.000,0.000,45.798
5.691,6.92,7.75,0.000,0.000,0.000,0.000,0.000,45.798
5.696,6.90,7.74,0.000,0.000,0.000,0.000,0.000,45.798
5.701,6.91,7.76,0.000,0.000,0.000,0.000,0.000,45.798
5.706,6.91,7.73,0.000,0.000,0.000,0.000,0.000,45.798
5.711,6.91,7.72,0.000,0.000,0.000,0.000,0.000,45.798
5.716,6.90,7.75,0.000,0.000,0.000,0.000,0.000,45.798
5.721,6.90,7.74,0.000,0.000,0.000,0.000,0.000,45.798
5.726,6.89,7.78,0.000,0.000,0.000,0.000,0.000,45.798
5.731,6.89,7.78,0.000,0.000,0.000,0.000,0.000,45.798
5.736,6.89,7.77,0.000,0.000,0.000,0.000,0.000,45.798
5.741,6.88,7.76,0.000,0.000,0.000,0.000,0.000,45.798
5.746,6.89,7.74,0.000,0.000,0.000,0.000,0.000,45.798
5.751,6.89,7.74,0.000,0.000,0.000,0.000,0.000,45.798
5.756,6.90,7.74,0.000,0.000,0.000,0.000,0.000,45.798
5.761,6.91,7.72,0.000,0.000,0.000,0.000,0.000,45.798
5.766,6.91,7.72,0.000,0.000,0.000,0.000,0.000,45.798
5.771,6.90,7.72,0.000,0.000,0.000,0.000,0.000,45.798
5.776,6.90,7.72,0.000,0.000,0.000,0.000,0.000,45.798
5.781,6.90,7.72,0.000,0.000,0.000,0.000,0.000,45.798
5.786,6.90,7.73,0.000,0.000,0.000,0.000,0.000,45.798
5.791,6.91,7.73,0.000,0.000,0.000,0.000,0.000,45.798
5.796,6.90,7.71,0.000,0.000,0.000,0.000,0.000,45.798
5.801,6.90,7.71,0.000,0.000,0.000,0.000,0.000,45.798
5.806,6.90,7.69,0.000,0.000,0.000,0.000,0.000,45.798
5.811,6.89,7.67,0.000,0.000,0.000,0.000,0.000,45.798
5.816,6.89,7.65,0.000,0.000,0.000,0.000,0.000,45.798
5.821,6.89,7.67,0.000,0.000,0.000,0.000,0.000,45.798
5.826,6.88,7.69,0.000,0.000,0.000,0.000,0.000,45.798
5.831,6.87,7.66,0.000,0.000,0.000,0.000,0.000,45.798
5.836,6.87,7.68,0.000,0.000,0.000,0.000,0.000,45.798
5.841,6.88,7.68,0.000,0.000,0.000,0.000,0.000,45.798
5.846,6.88,7.67,0.000,0.000,0.000,0.000,0.000,45.798
5.851,6.88,7.66,0.000,0.000,0.000,0.000,0.000,45.798
5.856,6.88,7.70,0.000,0.000,0.000,0.000,0.000,45.798
5.861,6.87,7.68,0.000,0.000,0.000,0.000,0.000,45.798
5.866,6.87,7.71,0.000,0.000,0.000,0.000,0.000,45.798
5.871,6.87,7.71,0.000,0.000,0.000,0.000,0.000,45.798
5.876,6.87,7.71,0.000,0.000,0.000,0.000,0.000,45.798
5.881,6.88,7.73,0.000,0.000,0.000,0.000,0.000,45.798
5.886,6.89,7.72,0.000,0.000,0.000,0.000,0.000,45.798
5.891,6.89,7.75,0.000,0.000,0.000,0.000,0.000,45.798
5.896,6.88,7.76,0.000,0.000,0.000,0.000,0.000,45.798
5.901,6.88,7.77,0.000,0.000,0.000,0.000,0.000,45.798
5.906,6.88,7.75,0.000,0.000,0.000,0.000,0.000,45.798
5.911,6.88,7.76,0.000,0.000,0.000,0.000,0.000,45.798
5.916,6.89,7.74,0.000,0.000,0.000,0.000,0.000,45.798
5.921,6.89,7.74,0.000,0.000,0.000,0.000,0.000,45.798
5.926,6.89,7.74,0.000,0.000,0.000,0.000,0.000,45.798
5.931,6.89,7.73,0.000,0.000,0.000,0.000,0.000,45.798
5.936,6.89,7.72,0.000,0.000,0.000,0.000,0.000,45.798
5.941,6.90,7.72,0.000,0.000,0.000,0.000,0.000,45.798
5.946,6.90,7.73,0.000,0.000,0.000,0.000,0.000,45.798
5.951,6.90,7.71,0.000,0.000,0.000,0.000,0.000,45.798
5.956,6.91,7.70,0.000,0.000,0.000,0.000,0.000,45.798
5.961,6.91,7.66,0.000,0.000,0.000,0.000,0.000,45.798
5.966,6.92,7.67,0.000,0.000,0.000,0.000,0.000,45.798
5.971,6.91,7.72,0.000,0.000,0.000,0.000,0.000,45.798
5.976,6.91,7.72,0.000,0.000,0.000,0.000,0.000,45.798
5.981,6.90,7.72,0.000,0.000,0.000,0.000,0.000,45.798
5.986,6.89,7.74,0.000,0.000,0.000,0.000,0.000,45.798
5.991,6.89,7.74,0.000,0.000,0.000,0.000,0.000,45.798
5.996,6.89,7.73,0.000,0.000,0.000,0.000,0.000,45.798
6.001,6.89,7.82,0.000,0.000,0.000,0.000,0.000,45.798
6.006,6.89,232.29,0.000,0.000,0.000,0.000,0.000,45.798
6.011,6.89,230.15,0.000,0.000,0.000,0.000,0.000,45.798
6.016,6.89,238.71,0.000,0.000,0.000,0.000,0.000,45.798
6.021,6.89,256.99,0.000,0.000,0.000,0.000,0.000,45.798
6.026,6.89,247.59,0.000,0.989,-24.691,-0.750,-0.332,45.797
6.031,6.88,260.50,0.000,1.000,-25.000,-1.500,-1.918,45.792
6.036,6.89,247.45,0.000,0.988,-24.674,-2.250,-3.401,45.778
6.041,6.89,244.39,0.000,0.973,-24.278,-3.000,-4.801,45.758
6.046,6.89,236.35,0.000,0.935,-23.239,-3.750,-6.135,45.730
6.051,6.89,229.63,0.000,0.903,-22.370,-4.500,-7.418,45.696
6.056,6.89,220.35,0.000,0.859,-21.171,-5.250,-8.252,45.657
6.061,6.89,212.68,0.000,0.823,-20.180,-6.000,-8.856,45.614
6.066,6.88,207.46,0.000,0.798,-19.506,-6.750,-9.442,45.568
6.071,6.88,202.46,0.000,0.774,-18.860,-7.500,-10.094,45.520
6.076,6.87,208.24,0.000,0.802,-19.607,-8.250,-10.816,45.467
6.081,6.88,206.78,0.000,0.795,-19.418,-9.000,-11.586,45.411
6.086,6.88,212.92,0.000,0.824,-20.211,-9.750,-12.326,45.352
6.091,6.89,211.64,0.000,0.818,-20.046,-10.500,-13.060,45.288
6.096,6.88,211.65,0.000,0.818,-20.047,-11.250,-13.790,45.221
6.101,6.87,209.97,0.000,0.810,-19.830,-12.000,-14.519,45.150
6.106,6.86,204.75,0.000,0.785,-19.156,-12.750,-15.229,45.076
6.111,6.88,207.59,0.000,0.798,-19.523,-13.500,-15.933,44.998
6.116,6.88,207.09,0.000,0.796,-19.458,-14.250,-16.622,44.917
6.121,6.88,206.13,0.000,0.792,-19.335,-15.000,-17.306,44.832
6.126,6.88,208.87,0.000,0.805,-19.688,-15.750,-17.990,44.743
6.131,6.89,206.35,0.000,0.793,-19.363,-16.500,-18.675,44.652
6.136,6.89,201.67,0.000,0.770,-18.757,-17.250,-19.358,44.557
6.141,6.89,196.24,0.000,0.744,-18.057,-18.000,-20.052,44.458
6.146,6.88,194.59,0.000,0.737,-17.843,-17.843,-20.038,44.358
6.151,6.88,194.15,0.000,0.735,-17.786,-17.786,-19.751,44.259
6.156,6.89,192.41,0.000,0.726,-17.561,-17.561,-19.218,44.161
6.161,6.90,190.84,0.000,0.719,-17.358,-17.358,-18.995,44.065
6.166,6.90,188.93,0.000,0.710,-17.112,-17.112,-18.479,43.971
6.171,6.89,189.26,0.000,0.711,-17.155,-17.155,-18.232,43.880
6.176,6.89,190.70,0.000,0.718,-17.340,-17.340,-18.478,43.788
6.181,6.89,189.59,0.000,0.713,-17.196,-17.196,-18.066,43.696
6.186,6.89,188.42,0.000,0.707,-17.046,-17.046,-17.957,43.606
6.191,6.89,186.12,0.000,0.696,-16.748,-16.748,-17.413,43.518
6.196,6.89,185.00,0.000,0.691,-16.603,-16.603,-17.070,43.432
6.201,6.89,183.27,0.000,0.683,-16.380,-16.380,-16.874,43.347
6.206,6.90,183.64,0.000,0.685,-16.428,-16.428,-16.849,43.263
6.211,6.89,187.46,0.000,0.703,-16.922,-16.922,-17.089,43.178
6.216,6.89,185.82,0.000,0.695,-16.709,-16.709,-16.982,43.092
6.221,6.90,186.54,0.000,0.698,-16.803,-16.803,-17.052,43.007
6.226,6.89,185.62,0.000,0.694,-16.684,-16.684,-16.867,42.923
6.231,6.89,184.07,0.000,0.687,-16.484,-16.484,-16.629,42.839
6.236,6.89,185.83,0.000,0.695,-16.711,-16.711,-16.817,42.755
6.241,6.89,189.83,0.000,0.714,-17.228,-17.228,-17.172,42.671
6.246,6.89,189.59,0.000,0.713,-17.197,-17.197,-17.282,42.584
6.251,6.89,189.12,0.000,0.711,-17.137,-17.137,-17.333,42.497
6.256,6.89,192.63,0.000,0.727,-17.589,-17.589,-17.800,42.410
6.261,6.88,191.17,0.000,0.720,-17.401,-17.401,-17.536,42.321
6.266,6.89,191.45,0.000,0.722,-17.437,-17.437,-17.663,42.233
6.271,6.89,190.60,0.000,0.718,-17.328,-17.328,-17.538,42.145
6.276,6.90,188.02,0.000,0.705,-16.994,-16.994,-17.131,42.059
6.281,6.90,189.36,0.000,0.712,-17.167,-17.167,-17.093,41.974
6.286,6.90,188.08,0.000,0.706,-17.002,-17.002,-17.126,41.887
6.291,6.90,188.25,0.000,0.706,-17.024,-17.024,-17.045,41.802
6.296,6.91,187.84,0.000,0.705,-16.971,-16.971,-17.064,41.717
6.301,6.91,187.05,0.000,0.701,-16.868,-16.868,-16.953,41.632
6.306,6.91,187.20,0.000,0.701,-16.887,-16.887,-16.898,41.547
6.311,6.91,189.10,0.000,0.711,-17.134,-17.134,-17.015,41.463
6.316,6.92,191.72,0.000,0.723,-17.472,-17.406,-17.238,41.377
6.321,6.91,193.33,0.000,0.731,-17.680,-17.680,-17.669,41.289
6.326,6.91,192.49,0.000,0.727,-17.572,-17.572,-17.650,41.201
6.331,6.90,191.91,0.000,0.724,-17.497,-17.497,-17.607,41.113
6.336,6.90,191.82,0.000,0.723,-17.484,-17.484,-17.550,41.025
6.341,6.89,190.48,0.000,0.717,-17.312,-17.312,-17.352,40.937
6.346,6.89,189.28,0.000,0.711,-17.157,-17.157,-17.161,40.851
6.351,6.89,187.53,0.000,0.703,-16.931,-16.931,-16.993,40.765
6.356,6.88,185.20,0.000,0.692,-16.629,-16.629,-16.644,40.681
6.361,6.88,186.73,0.000,0.699,-16.828,-16.828,-16.656,40.598
6.366,6.87,187.47,0.000,0.703,-16.923,-16.923,-16.902,40.514
6.371,6.86,187.64,0.000,0.704,-16.944,-16.944,-16.808,40.430
6.376,6.88,188.05,0.000,0.706,-16.998,-16.998,-16.809,40.345
6.381,6.88,186.79,0.000,0.700,-16.834,-16.834,-16.743,40.261
6.386,6.88,185.69,0.000,0.694,-16.693,-16.693,-16.659,40.178
6.391,6.87,187.63,0.000,0.703,-16.943,-16.943,-16.751,40.095
6.396,6.87,185.49,0.000,0.693,-16.667,-16.667,-16.599,40.011
6.401,6.87,185.83,0.000,0.695,-16.711,-16.711,-16.595,39.928
6.406,6.87,185.22,0.000,0.692,-16.632,-16.632,-16.614,39.845
6.411,6.87,186.95,0.000,0.700,-16.856,-16.856,-16.705,39.762
6.416,6.86,187.15,0.000,0.701,-16.882,-16.882,-16.841,39.678
6.421,6.84,186.32,0.000,0.697,-16.774,-16.774,-16.767,39.594
6.426,6.85,187.25,0.000,0.702,-16.895,-16.895,-16.936,39.510
6.431,6.86,188.08,0.000,0.706,-17.002,-17.002,-17.016,39.425
6.436,6.84,188.76,0.000,0.709,-17.089,-17.089,-17.145,39.340
6.441,6.83,188.03,0.000,0.705,-16.995,-16.995,-17.050,39.255
6.446,6.84,186.64,0.000,0.699,-16.815,-16.815,-16.898,39.170
6.451,6.84,186.78,0.000,0.699,-16.833,-16.833,-16.699,39.086
6.456,6.84,186.97,0.000,0.700,-16.858,-16.858,-16.865,39.002
6.461,6.86,187.16,0.000,0.701,-16.883,-16.883,-16.881,38.918
6.466,6.84,187.84,0.000,0.704,-16.970,-16.970,-16.910,38.833
6.471,6.84,186.95,0.000,0.700,-16.856,-16.856,-16.877,38.748
6.476,6.82,187.10,0.000,0.701,-16.875,-16.875,-16.813,38.664
6.481,6.85,186.12,0.000,0.696,-16.749,-16.749,-16.636,38.580
6.486,6.84,187.42,0.000,0.703,-16.916,-16.916,-16.923,38.497
6.491,6.83,186.25,0.000,0.697,-16.765,-16.765,-16.801,38.412
6.496,6.81,186.81,0.000,0.700,-16.837,-16.837,-16.831,38.328
6.501,6.81,185.48,0.000,0.693,-16.665,-16.665,-16.693,38.245
6.506,6.83,187.59,0.000,0.703,-16.938,-16.938,-16.822,38.161
6.511,6.84,189.41,0.000,0.712,-17.173,-17.156,-16.968,38.077
6.516,6.85,189.19,0.000,0.711,-17.145,-17.145,-17.160,37.991
6.521,6.87,189.63,0.000,0.713,-17.202,-17.202,-17.276,37.906
6.526,6.89,190.23,0.000,0.716,-17.279,-17.279,-17.306,37.819
6.531,6.90,188.78,0.000,0.709,-17.092,-17.092,-17.155,37.733
6.536,6.90,190.52,0.000,0.717,-17.317,-17.317,-17.218,37.648
6.541,6.89,188.67,0.000,0.708,-17.078,-17.078,-17.157,37.561
6.546,6.90,187.35,0.000,0.702,-16.907,-16.907,-16.946,37.476
6.551,6.91,186.16,0.000,0.697,-16.753,-16.753,-16.747,37.392
6.556,6.92,185.16,0.000,0.692,-16.624,-16.624,-16.538,37.309
6.561,6.92,185.97,0.000,0.696,-16.729,-16.729,-16.711,37.226
6.566,6.91,184.96,0.000,0.691,-16.598,-16.598,-16.564,37.143
6.571,6.90,184.65,0.000,0.689,-16.558,-16.558,-16.485,37.060
6.576,6.90,184.04,0.000,0.686,-16.479,-16.479,-16.412,36.978
6.581,6.91,182.71,0.000,0.680,-16.308,-16.308,-16.188,36.896
6.586,6.90,182.33,0.000,0.678,-16.258,-16.258,-16.155,36.816
6.591,6.89,181.89,0.000,0.676,-16.202,-16.202,-15.989,36.735
6.596,6.89,181.01,0.000,0.672,-16.088,-16.088,-15.892,36.655
6.601,6.89,181.16,0.000,0.673,-16.107,-16.107,-15.930,36.576
6.606,6.89,180.99,0.000,0.672,-16.085,-16.085,-15.840,36.496
6.611,6.89,181.12,0.000,0.673,-16.102,-16.102,-15.923,36.417
6.616,6.89,181.27,0.000,0.673,-16.122,-16.122,-15.944,36.337
6.621,6.89,180.57,0.000,0.670,-16.031,-16.031,-15.896,36.257
6.626,6.89,181.16,0.000,0.673,-16.107,-16.107,-15.996,36.178
6.631,6.88,182.22,0.000,0.678,-16.245,-16.245,-16.074,36.098
6.636,6.88,181.59,0.000,0.675,-16.163,-16.163,-16.089,36.017
6.641,6.89,180.84,0.000,0.671,-16.066,-16.066,-15.989,35.937
6.646,6.89,180.84,0.000,0.671,-16.067,-16.067,-15.972,35.857
6.651,6.89,180.52,0.000,0.670,-16.024,-16.024,-15.952,35.777
6.656,6.88,180.37,0.000,0.669,-16.005,-16.005,-15.895,35.698
6.661,6.88,180.81,0.000,0.671,-16.063,-16.063,-15.926,35.618
6.666,6.88,180.97,0.000,0.672,-16.083,-16.083,-15.929,35.538
6.671,6.88,181.12,0.000,0.673,-16.102,-16.102,-16.048,35.458
6.676,6.89,181.34,0.000,0.674,-16.131,-16.131,-16.063,35.378
6.681,6.89,181.90,0.000,0.676,-16.202,-16.202,-16.190,35.297
6.686,6.89,181.66,0.000,0.675,-16.172,-16.172,-16.100,35.217
6.691,6.89,181.43,0.000,0.674,-16.142,-16.142,-16.136,35.136
6.696,6.89,181.38,0.000,0.674,-16.135,-16.135,-16.141,35.055
6.701,6.88,180.82,0.000,0.671,-16.064,-16.064,-16.041,34.975
6.706,6.89,181.21,0.000,0.673,-16.113,-16.113,-16.022,34.895
6.711,6.90,181.58,0.000,0.675,-16.162,-16.162,-16.140,34.814
6.716,6.89,181.04,0.000,0.672,-16.091,-16.091,-16.084,34.733
6.721,6.89,180.77,0.000,0.671,-16.057,-16.057,-16.027,34.653
6.726,6.89,180.08,0.000,0.668,-15.968,-15.968,-15.927,34.573
6.731,6.89,179.59,0.000,0.665,-15.904,-15.904,-15.850,34.494
6.736,6.88,179.77,0.000,0.666,-15.928,-15.928,-15.826,34.415
6.741,6.88,179.69,0.000,0.666,-15.917,-15.917,-15.823,34.336
6.746,6.88,179.57,0.000,0.665,-15.902,-15.902,-15.810,34.256
6.751,6.88,179.51,0.000,0.665,-15.894,-15.894,-15.808,34.177
6.756,6.88,179.36,0.000,0.664,-15.875,-15.875,-15.799,34.098
6.761,6.88,179.04,0.000,0.663,-15.833,-15.833,-15.770,34.019
6.766,6.87,179.60,0.000,0.665,-15.906,-15.906,-15.805,33.940
6.771,6.87,179.65,0.000,0.666,-15.913,-15.913,-15.854,33.861
6.776,6.87,179.61,0.000,0.665,-15.906,-15.906,-15.823,33.782
6.781,6.87,179.38,0.000,0.664,-15.877,-15.877,-15.821,33.703
6.786,6.89,179.03,0.000,0.663,-15.832,-15.832,-15.783,33.624
6.791,6.88,178.90,0.000,0.662,-15.815,-15.815,-15.752,33.545
6.796,6.88,178.65,0.000,0.661,-15.784,-15.784,-15.711,33.466
6.801,6.87,178.81,0.000,0.662,-15.804,-15.804,-15.741,33.388
6.806,6.87,178.82,0.000,0.662,-15.806,-15.806,-15.738,33.309
6.811,6.87,178.59,0.000,0.661,-15.775,-15.775,-15.699,33.230
6.816,6.87,178.66,0.000,0.661,-15.785,-15.785,-15.691,33.152
6.821,6.88,178.84,0.000,0.662,-15.807,-15.807,-15.735,33.073
6.826,6.87,178.42,0.000,0.660,-15.753,-15.753,-15.705,32.995
6.831,6.86,178.28,0.000,0.659,-15.735,-15.735,-15.690,32.916
6.836,6.87,177.95,0.000,0.657,-15.693,-15.693,-15.632,32.838
6.841,6.86,178.32,0.000,0.659,-15.741,-15.741,-15.670,32.760
6.846,6.87,178.28,0.000,0.659,-15.735,-15.735,-15.676,32.681
6.851,6.88,178.45,0.000,0.660,-15.757,-15.757,-15.696,32.603
6.856,6.88,178.77,0.000,0.661,-15.799,-15.799,-15.723,32.525
6.861,6.87,178.94,0.000,0.662,-15.821,-15.821,-15.759,32.446
6.866,6.88,178.94,0.000,0.662,-15.820,-15.820,-15.758,32.367
6.871,6.88,179.09,0.000,0.663,-15.840,-15.840,-15.778,32.288
6.876,6.88,178.91,0.000,0.662,-15.817,-15.817,-15.790,32.209
6.881,6.88,179.33,0.000,0.664,-15.871,-15.871,-15.837,32.130
6.886,6.88,179.13,0.000,0.663,-15.845,-15.845,-15.827,32.051
6.891,6.88,179.08,0.000,0.663,-15.838,-15.838,-15.823,31.972
6.896,6.87,179.26,0.000,0.664,-15.861,-15.861,-15.825,31.893
6.901,6.87,179.23,0.000,0.664,-15.858,-15.858,-15.823,31.814
6.906,6.86,179.53,0.000,0.665,-15.897,-15.897,-15.861,31.734
6.911,6.86,179.20,0.000,0.663,-15.854,-15.854,-15.835,31.655
6.916,6.85,179.04,0.000,0.663,-15.833,-15.833,-15.798,31.576
6.921,6.84,179.10,0.000,0.663,-15.842,-15.842,-15.808,31.497
6.926,6.84,179.05,0.000,0.663,-15.835,-15.835,-15.801,31.418
6.931,6.84,178.86,0.000,0.662,-15.811,-15.811,-15.770,31.339
6.936,6.84,178.99,0.000,0.662,-15.827,-15.827,-15.778,31.260
6.941,6.83,178.86,0.000,0.662,-15.810,-15.810,-15.777,31.181
6.946,6.84,178.70,0.000,0.661,-15.790,-15.790,-15.743,31.103
6.951,6.82,178.59,0.000,0.661,-15.776,-15.776,-15.719,31.024
6.956,6.82,178.70,0.000,0.661,-15.789,-15.789,-15.715,30.945
6.961,6.83,178.65,0.000,0.661,-15.783,-15.783,-15.732,30.867
6.966,6.83,178.51,0.000,0.660,-15.765,-15.765,-15.715,30.788
6.971,6.83,178.39,0.000,0.660,-15.749,-15.749,-15.692,30.710
6.976,6.85,177.84,0.000,0.657,-15.678,-15.678,-15.636,30.631
6.981,6.85,177.89,0.000,0.657,-15.684,-15.684,-15.573,30.553
6.986,6.85,178.23,0.000,0.659,-15.728,-15.728,-15.644,30.475
6.991,6.84,178.11,0.000,0.658,-15.713,-15.713,-15.659,30.397
6.996,6.85,178.04,0.000,0.658,-15.704,-15.704,-15.625,30.319
7.001,6.84,177.75,0.000,0.657,-15.667,-15.667,-15.596,30.241
7.006,6.84,177.80,0.000,0.657,-15.673,-15.673,-15.625,30.163
7.011,6.86,177.73,0.000,0.656,-15.664,-15.664,-15.602,30.085
7.016,6.86,177.61,0.000,0.656,-15.649,-15.649,-15.592,30.007
7.021,6.84,177.73,0.000,0.656,-15.664,-15.664,-15.593,29.929
7.026,6.82,177.52,0.000,0.655,-15.636,-15.636,-15.547,29.851
7.031,6.81,176.64,0.000,0.651,-15.523,-15.523,-15.483,29.773
7.036,6.82,177.03,0.000,0.653,-15.573,-15.573,-15.474,29.696
7.041,6.83,177.88,0.000,0.657,-15.683,-15.683,-15.600,29.618
7.046,6.85,177.90,0.000,0.657,-15.686,-15.686,-15.594,29.540
7.051,6.85,177.86,0.000,0.657,-15.681,-15.681,-15.618,29.462
7.056,6.84,177.66,0.000,0.656,-15.656,-15.656,-15.612,29.384
7.061,6.83,178.07,0.000,0.658,-15.708,-15.708,-15.618,29.306
7.066,6.80,178.11,0.000,0.658,-15.714,-15.714,-15.681,29.228
7.071,6.80,177.89,0.000,0.657,-15.685,-15.685,-15.654,29.149
7.076,6.84,177.63,0.000,0.656,-15.651,-15.651,-15.609,29.071
7.081,6.82,177.19,0.000,0.654,-15.595,-15.595,-15.573,28.993
7.086,6.84,177.47,0.000,0.655,-15.630,-15.630,-15.556,28.915
7.091,6.84,177.29,0.000,0.654,-15.607,-15.607,-15.551,28.837
7.096,6.81,177.74,0.000,0.656,-15.665,-15.665,-15.603,28.760
7.101,6.82,177.32,0.000,0.654,-15.611,-15.611,-15.575,28.682
7.106,6.83,177.81,0.000,0.657,-15.675,-15.675,-15.627,28.604
7.111,6.85,177.51,0.000,0.655,-15.636,-15.636,-15.585,28.526
7.116,6.86,177.97,0.000,0.658,-15.695,-15.695,-15.606,28.448
7.121,6.85,178.14,0.000,0.658,-15.717,-15.717,-15.635,28.370
7.126,6.85,178.61,0.000,0.661,-15.777,-15.777,-15.719,28.291
7.131,6.86,178.60,0.000,0.661,-15.777,-15.777,-15.725,28.212
7.136,6.86,178.38,0.000,0.660,-15.748,-15.748,-15.692,28.134
7.141,6.86,178.36,0.000,0.659,-15.745,-15.745,-15.724,28.055
7.146,6.85,178.40,0.000,0.660,-15.751,-15.751,-15.723,27.977
7.151,6.83,178.33,0.000,0.659,-15.742,-15.742,-15.700,27.898
7.156,6.83,178.00,0.000,0.658,-15.699,-15.699,-15.659,27.820
7.161,6.83,178.14,0.000,0.658,-15.717,-15.717,-15.681,27.741
7.166,6.83,178.13,0.000,0.658,-15.716,-15.716,-15.686,27.663
7.171,6.84,178.07,0.000,0.658,-15.708,-15.708,-15.668,27.584
7.176,6.85,178.04,0.000,0.658,-15.704,-15.704,-15.653,27.506
7.181,6.85,178.12,0.000,0.658,-15.715,-15.715,-15.650,27.428
7.186,6.84,178.41,0.000,0.660,-15.752,-15.752,-15.695,27.350
7.191,6.82,179.06,0.000,0.663,-15.836,-15.836,-15.764,27.271
7.196,6.80,179.03,0.000,0.663,-15.833,-15.833,-15.803,27.192
7.201,6.81,179.11,0.000,0.663,-15.843,-15.843,-15.810,27.113
7.206,6.85,178.93,0.000,0.662,-15.819,-15.819,-15.776,27.034
7.211,6.84,178.91,0.000,0.662,-15.817,-15.817,-15.779,26.955
7.216,6.83,178.74,0.000,0.661,-15.794,-15.794,-15.756,26.876
7.221,6.81,178.80,0.000,0.662,-15.802,-15.802,-15.760,26.798
7.226,6.79,178.94,0.000,0.662,-15.820,-15.820,-15.772,26.719
7.231,6.80,178.78,0.000,0.661,-15.800,-15.800,-15.747,26.640
7.236,6.76,178.96,0.000,0.662,-15.823,-15.823,-15.785,26.561
7.241,6.77,179.01,0.000,0.663,-15.829,-15.829,-15.775,26.482
7.246,6.72,179.25,0.000,0.664,-15.861,-15.861,-15.827,26.403
7.251,6.74,179.33,0.000,0.664,-15.871,-15.871,-15.830,26.324
7.256,6.75,179.32,0.000,0.664,-15.870,-15.870,-15.834,26.245
7.261,6.77,179.43,0.000,0.665,-15.884,-15.884,-15.836,26.166
7.266,6.84,179.59,0.000,0.665,-15.904,-15.904,-15.872,26.086
7.271,6.83,179.53,0.000,0.665,-15.897,-15.897,-15.871,26.007
7.276,6.81,179.49,0.000,0.665,-15.892,-15.892,-15.864,25.928
7.281,6.80,179.57,0.000,0.665,-15.902,-15.902,-15.836,25.849
7.286,6.82,179.62,0.000,0.665,-15.908,-15.908,-15.861,25.769
7.291,6.83,179.85,0.000,0.667,-15.938,-15.938,-15.891,25.690
7.296,6.85,179.85,0.000,0.667,-15.938,-15.938,-15.894,25.611
7.301,6.84,179.58,0.000,0.665,-15.903,-15.903,-15.864,25.531
7.306,6.86,179.76,0.000,0.666,-15.927,-15.927,-15.880,25.452
7.311,6.87,179.85,0.000,0.667,-15.938,-15.938,-15.900,25.372
7.316,6.87,179.99,0.000,0.667,-15.956,-15.956,-15.896,25.293
7.321,6.86,179.85,0.000,0.667,-15.938,-15.938,-15.880,25.213
7.326,6.86,179.96,0.000,0.667,-15.953,-15.953,-15.898,25.134
7.331,6.86,180.14,0.000,0.668,-15.975,-15.975,-15.907,25.054
7.336,6.84,179.93,0.000,0.667,-15.948,-15.948,-15.910,24.975
7.341,6.86,179.64,0.000,0.666,-15.911,-15.911,-15.850,24.895
7.346,6.85,179.43,0.000,0.665,-15.883,-15.883,-15.835,24.816
7.351,6.85,179.34,0.000,0.664,-15.872,-15.872,-15.794,24.737
7.356,6.85,179.18,0.000,0.663,-15.851,-15.851,-15.778,24.658
7.361,6.87,179.14,0.000,0.663,-15.846,-15.846,-15.761,24.579
7.366,6.88,179.26,0.000,0.664,-15.862,-15.862,-15.787,24.500
7.371,6.88,179.13,0.000,0.663,-15.845,-15.845,-15.775,24.422
7.376,6.87,179.05,0.000,0.663,-15.834,-15.834,-15.750,24.343
7.381,6.88,178.91,0.000,0.662,-15.817,-15.817,-15.746,24.264
7.386,6.89,179.33,0.000,0.664,-15.871,-15.871,-15.781,24.185
7.391,6.88,179.02,0.000,0.663,-15.830,-15.830,-15.761,24.106
7.396,6.87,179.16,0.000,0.663,-15.848,-15.848,-15.766,24.028
7.401,6.87,179.29,0.000,0.664,-15.866,-15.866,-15.795,23.949
7.406,6.87,179.29,0.000,0.664,-15.866,-15.866,-15.791,23.870
7.411,6.86,179.23,0.000,0.664,-15.858,-15.858,-15.778,23.791
7.416,6.86,179.06,0.000,0.663,-15.836,-15.836,-15.762,23.712
7.421,6.86,178.83,0.000,0.662,-15.807,-15.807,-15.739,23.633
7.426,6.87,178.81,0.000,0.662,-15.803,-15.803,-15.723,23.554
7.431,6.87,178.76,0.000,0.661,-15.797,-15.797,-15.692,23.476
7.436,6.88,178.78,0.000,0.661,-15.800,-15.800,-15.709,23.397
7.441,6.87,178.90,0.000,0.662,-15.815,-15.815,-15.731,23.319
7.446,6.88,178.77,0.000,0.661,-15.798,-15.798,-15.713,23.240
7.451,6.88,178.82,0.000,0.662,-15.805,-15.805,-15.716,23.162
7.456,6.87,178.94,0.000,0.662,-15.821,-15.821,-15.739,23.083
7.461,6.87,179.29,0.000,0.664,-15.866,-15.866,-15.767,23.004
7.466,6.87,179.13,0.000,0.663,-15.846,-15.846,-15.779,22.925
7.471,6.86,179.00,0.000,0.663,-15.829,-15.829,-15.749,22.846
7.476,6.87,178.83,0.000,0.662,-15.807,-15.807,-15.736,22.768
7.481,6.86,179.06,0.000,0.663,-15.836,-15.836,-15.769,22.689
7.486,6.87,179.07,0.000,0.663,-15.837,-15.837,-15.774,22.610
7.491,6.87,179.09,0.000,0.663,-15.840,-15.840,-15.779,22.531
7.496,6.89,179.19,0.000,0.663,-15.853,-15.853,-15.783,22.452
7.501,6.89,179.33,0.000,0.664,-15.871,-15.871,-15.796,22.373
7.506,6.88,179.40,0.000,0.664,-15.881,-15.881,-15.804,22.294
7.511,6.89,179.08,0.000,0.663,-15.839,-15.839,-15.782,22.215
7.516,6.89,178.83,0.000,0.662,-15.806,-15.806,-15.741,22.137
7.521,6.89,178.64,0.000,0.661,-15.782,-15.782,-15.699,22.058
7.526,6.88,178.40,0.000,0.660,-15.751,-15.751,-15.683,21.980
7.531,6.87,178.27,0.000,0.659,-15.733,-15.733,-15.659,21.901
7.536,6.88,178.16,0.000,0.658,-15.720,-15.720,-15.628,21.823
7.541,6.87,178.13,0.000,0.658,-15.715,-15.715,-15.612,21.745
7.546,6.87,178.09,0.000,0.658,-15.711,-15.711,-15.584,21.667
7.551,6.87,177.87,0.000,0.657,-15.682,-15.682,-15.571,21.589
7.556,6.87,178.01,0.000,0.658,-15.700,-15.700,-15.533,21.511
7.561,6.86,177.98,0.000,0.658,-15.696,-15.696,-15.586,21.433
7.566,6.87,177.78,0.000,0.657,-15.671,-15.671,-15.576,21.355
7.571,6.87,177.41,0.000,0.655,-15.623,-15.623,-15.538,21.277
7.576,6.88,177.00,0.000,0.653,-15.570,-15.570,-15.488,21.200
7.581,6.88,177.37,0.000,0.655,-15.618,-15.618,-15.509,21.122
7.586,6.89,176.87,0.000,0.652,-15.553,-15.553,-15.475,21.045
7.591,6.88,177.51,0.000,0.655,-15.635,-15.635,-15.518,20.968
7.596,6.89,177.13,0.000,0.654,-15.587,-15.587,-15.475,20.890
7.601,6.88,177.27,0.000,0.654,-15.605,-15.605,-15.510,20.812
7.606,6.89,177.18,0.000,0.654,-15.593,-15.593,-15.517,20.735
7.611,6.89,177.04,0.000,0.653,-15.575,-15.575,-15.509,20.657
7.616,6.89,177.36,0.000,0.655,-15.616,-15.616,-15.531,20.580
7.621,6.89,176.88,0.000,0.652,-15.554,-15.554,-15.449,20.502
7.626,6.89,176.89,0.000,0.652,-15.556,-15.556,-15.481,20.425
7.631,6.89,176.28,0.000,0.650,-15.477,-15.477,-15.409,20.348
7.636,6.90,175.46,0.000,0.646,-15.370,-15.370,-15.304,20.271
7.641,6.90,174.79,0.000,0.642,-15.284,-15.284,-15.120,20.195
7.646,6.90,175.62,0.000,0.646,-15.391,-15.391,-15.210,20.119
7.651,6.90,175.84,0.000,0.647,-15.419,-15.419,-15.245,20.043
7.656,6.90,175.27,0.000,0.645,-15.346,-15.346,-15.247,19.967
7.661,6.91,175.50,0.000,0.646,-15.376,-15.376,-15.242,19.891
7.666,6.91,174.99,0.000,0.643,-15.311,-15.311,-15.156,19.815
7.671,6.90,174.68,0.000,0.642,-15.270,-15.270,-15.191,19.739
7.676,6.91,174.43,0.000,0.641,-15.237,-15.237,-15.046,19.663
7.681,6.91,175.09,0.000,0.644,-15.324,-15.324,-15.179,19.588
7.686,6.92,175.13,0.000,0.644,-15.328,-15.328,-15.224,19.512
7.691,6.92,175.84,0.000,0.647,-15.420,-15.420,-15.299,19.435
7.696,6.92,176.62,0.000,0.651,-15.521,-15.521,-15.382,19.359
7.701,6.93,177.45,0.000,0.655,-15.628,-15.628,-15.563,19.281
7.706,6.94,178.25,0.000,0.659,-15.731,-15.731,-15.637,19.203
7.711,6.96,178.24,0.000,0.659,-15.731,-15.731,-15.722,19.125
7.716,6.96,178.70,0.000,0.661,-15.790,-15.790,-15.780,19.046
7.721,6.95,178.61,0.000,0.661,-15.778,-15.778,-15.773,18.967
7.726,6.93,178.42,0.000,0.660,-15.754,-15.754,-15.768,18.889
7.731,6.93,178.43,0.000,0.660,-15.755,-15.755,-15.764,18.810
7.736,6.93,178.48,0.000,0.660,-15.761,-15.761,-15.714,18.731
7.741,6.91,178.41,0.000,0.660,-15.752,-15.752,-15.735,18.652
7.746,6.91,178.28,0.000,0.659,-15.735,-15.735,-15.679,18.574
7.751,6.90,178.36,0.000,0.659,-15.745,-15.745,-15.695,18.495
7.756,6.91,178.38,0.000,0.660,-15.748,-15.748,-15.723,18.417
7.761,6.90,178.51,0.000,0.660,-15.765,-15.765,-15.719,18.338
7.766,6.90,178.72,0.000,0.661,-15.791,-15.791,-15.731,18.260
7.771,6.91,178.73,0.000,0.661,-15.794,-15.794,-15.752,18.181
7.776,6.91,179.03,0.000,0.663,-15.832,-15.832,-15.770,18.102
7.781,6.90,179.07,0.000,0.663,-15.837,-15.837,-15.796,18.023
7.786,6.91,179.09,0.000,0.663,-15.840,-15.840,-15.789,17.944
7.791,6.91,179.39,0.000,0.664,-15.879,-15.879,-15.799,17.865
7.796,6.90,179.59,0.000,0.665,-15.904,-15.904,-15.836,17.786
7.801,6.89,179.71,0.000,0.666,-15.921,-15.921,-15.880,17.707
7.806,6.89,179.51,0.000,0.665,-15.895,-15.895,-15.851,17.628
7.811,6.88,179.60,0.000,0.665,-15.905,-15.905,-15.847,17.548
7.816,6.88,179.71,0.000,0.666,-15.920,-15.920,-15.847,17.469
7.821,6.89,179.68,0.000,0.666,-15.916,-15.916,-15.875,17.390
7.826,6.89,179.83,0.000,0.666,-15.936,-15.936,-15.889,17.310
7.831,6.90,179.80,0.000,0.666,-15.932,-15.932,-15.867,17.231
7.836,6.89,179.81,0.000,0.666,-15.933,-15.933,-15.882,17.152
7.841,6.89,179.85,0.000,0.667,-15.938,-15.938,-15.879,17.072
7.846,6.89,179.64,0.000,0.666,-15.911,-15.911,-15.854,16.993
7.851,6.89,179.55,0.000,0.665,-15.900,-15.900,-15.835,16.914
7.856,6.90,179.30,0.000,0.664,-15.867,-15.867,-15.793,16.835
7.861,6.89,179.40,0.000,0.664,-15.880,-15.880,-15.787,16.756
7.866,6.91,179.09,0.000,0.663,-15.840,-15.840,-15.759,16.677
7.871,6.90,178.81,0.000,0.662,-15.803,-15.803,-15.717,16.598
7.876,6.90,178.89,0.000,0.662,-15.815,-15.815,-15.687,16.520
7.881,6.90,179.08,0.000,0.663,-15.839,-15.839,-15.737,16.441
7.886,6.90,179.24,0.000,0.664,-15.860,-15.860,-15.751,16.362
7.891,6.89,179.35,0.000,0.664,-15.873,-15.873,-15.765,16.283
7.896,6.90,179.35,0.000,0.664,-15.874,-15.874,-15.777,16.205
7.901,6.89,179.41,0.000,0.664,-15.882,-15.882,-15.785,16.126
7.906,6.89,179.43,0.000,0.665,-15.884,-15.884,-15.793,16.047
7.911,6.88,179.41,0.000,0.664,-15.881,-15.881,-15.799,15.968
7.916,6.87,179.65,0.000,0.666,-15.912,-15.912,-15.785,15.889
7.921,6.87,179.69,0.000,0.666,-15.918,-15.918,-15.819,15.810
7.926,6.87,179.68,0.000,0.666,-15.916,-15.916,-15.819,15.731
7.931,6.86,179.62,0.000,0.665,-15.908,-15.908,-15.831,15.651
7.936,6.87,179.95,0.000,0.667,-15.950,-15.950,-15.834,15.572
7.941,6.86,180.10,0.000,0.668,-15.971,-15.971,-15.852,15.493
7.946,6.86,179.90,0.000,0.667,-15.945,-15.945,-15.876,15.414
7.951,6.86,179.93,0.000,0.667,-15.949,-15.949,-15.854,15.334
7.956,6.86,179.80,0.000,0.666,-15.932,-15.932,-15.858,15.255
7.961,6.85,179.81,0.000,0.666,-15.933,-15.933,-15.856,15.176
7.966,6.84,180.46,0.000,0.669,-16.017,-16.017,-15.894,15.096
7.971,6.86,180.74,0.000,0.671,-16.053,-16.053,-15.983,15.017
7.976,6.87,180.58,0.000,0.670,-16.033,-16.033,-15.953,14.937
7.981,6.88,180.63,0.000,0.670,-16.039,-16.039,-15.987,14.857
7.986,6.87,180.10,0.000,0.668,-15.971,-15.971,-15.915,14.777
7.991,6.88,180.21,0.000,0.668,-15.984,-15.984,-15.887,14.698
7.996,6.89,180.02,0.000,0.667,-15.960,-15.960,-15.868,14.618
8.001,6.89,179.78,0.000,0.666,-15.929,-15.929,-15.855,14.539
8.006,6.88,179.24,0.000,0.664,-15.859,-15.859,-15.773,14.460
8.011,6.88,176.11,0.000,0.649,-15.454,-15.615,-15.655,14.381
8.016,6.88,8.48,0.000,0.000,0.000,-14.865,-14.867,14.305
8.021,6.87,6.84,0.000,0.000,0.000,-14.115,-14.016,14.233
8.026,6.87,7.10,0.000,0.000,0.000,-13.365,-13.118,14.165
8.031,6.86,7.15,0.000,0.000,0.000,-12.615,-12.200,14.102
8.036,6.86,7.59,0.000,0.000,0.000,-11.865,-11.276,14.043
8.041,6.87,7.55,0.000,0.000,0.000,-11.115,-10.338,13.989
8.046,6.86,7.51,0.000,0.000,0.000,-10.365,-9.389,13.940
8.051,6.84,7.42,0.000,0.000,0.000,-9.615,-8.455,13.895
8.056,6.85,7.37,0.000,0.000,0.000,-8.865,-7.471,13.855
8.061,6.85,7.16,0.000,0.000,0.000,-8.115,-6.542,13.820
8.066,6.85,7.31,0.000,0.000,0.000,-7.365,-5.566,13.790
8.071,6.83,7.15,0.000,0.000,0.000,-6.615,-4.618,13.764
8.076,6.82,6.86,0.000,0.000,0.000,-5.865,-3.600,13.744
8.081,6.81,6.93,0.000,0.000,0.000,-5.115,-2.668,13.728
8.086,6.81,7.27,0.000,0.000,0.000,-4.365,-1.669,13.717
8.091,6.82,7.25,0.000,0.000,0.000,-3.615,-0.599,13.712
8.096,6.83,7.22,0.000,0.000,0.000,-2.865,0.000,13.711
8.101,6.82,7.19,0.000,0.000,0.000,-2.115,0.000,13.711
8.106,6.82,7.32,0.000,0.000,0.000,-1.365,0.000,13.711
8.111,6.81,7.28,0.000,0.000,0.000,-0.615,0.000,13.711
8.116,6.80,7.27,0.000,0.000,0.000,0.000,0.000,13.711
8.121,6.80,7.23,0.000,0.000,0.000,0.000,0.000,13.711
8.126,6.78,7.20,0.000,0.000,0.000,0.000,0.000,13.711
8.131,6.74,7.16,0.000,0.000,0.000,0.000,0.000,13.711
8.136,6.74,7.23,0.000,0.000,0.000,0.000,0.000,13.711
8.141,6.77,7.22,0.000,0.000,0.000,0.000,0.000,13.711
8.146,6.80,7.14,0.000,0.000,0.000,0.000,0.000,13.711
8.151,6.79,7.13,0.000,0.000,0.000,0.000,0.000,13.711
8.156,6.83,7.02,0.000,0.000,0.000,0.000,0.000,13.711
8.161,6.86,7.00,0.000,0.000,0.000,0.000,0.000,13.711
8.166,6.84,7.01,0.000,0.000,0.000,0.000,0.000,13.711
8.171,6.86,6.92,0.000,0.000,0.000,0.000,0.000,13.711
8.176,6.86,6.90,0.000,0.000,0.000,0.000,0.000,13.711
8.181,6.86,6.94,0.000,0.000,0.000,0.000,0.000,13.711
8.186,6.87,7.12,0.000,0.000,0.000,0.000,0.000,13.711
8.191,6.85,7.01,0.000,0.000,0.000,0.000,0.000,13.711
8.196,6.83,6.87,0.000,0.000,0.000,0.000,0.000,13.711
8.201,6.84,6.87,0.000,0.000,0.000,0.000,0.000,13.711
8.206,6.87,6.78,0.000,0.000,0.000,0.000,0.000,13.711
8.211,6.87,6.81,0.000,0.000,0.000,0.000,0.000,13.711
8.216,6.87,6.74,0.000,0.000,0.000,0.000,0.000,13.711
8.221,6.88,6.81,0.000,0.000,0.000,0.000,0.000,13.711
8.226,6.88,6.81,0.000,0.000,0.000,0.000,0.000,13.711
8.231,6.89,6.81,0.000,0.000,0.000,0.000,0.000,13.711
8.236,6.89,6.86,0.000,0.000,0.000,0.000,0.000,13.711
8.241,6.90,6.76,0.000,0.000,0.000,0.000,0.000,13.711
8.246,6.90,6.73,0.000,0.000,0.000,0.000,0.000,13.711
8.251,6.90,6.68,0.000,0.000,0.000,0.000,0.000,13.711
8.256,6.90,6.69,0.000,0.000,0.000,0.000,0.000,13.711
8.261,6.90,6.68,0.000,0.000,0.000,0.000,0.000,13.711
8.266,6.90,6.63,0.000,0.000,0.000,0.000,0.000,13.711
8.271,6.90,6.56,0.000,0.000,0.000,0.000,0.000,13.711
8.276,6.90,6.59,0.000,0.000,0.000,0.000,0.000,13.711
8.281,6.90,6.71,0.000,0.000,0.000,0.000,0.000,13.711
8.286,6.90,6.76,0.000,0.000,0.000,0.000,0.000,13.711
8.291,6.90,6.77,0.000,0.000,0.000,0.000,0.000,13.711
8.296,6.90,6.74,0.000,0.000,0.000,0.000,0.000,13.711
8.301,6.90,6.69,0.000,0.000,0.000,0.000,0.000,13.711
8.306,6.89,6.69,0.000,0.000,0.000,0.000,0.000,13.711
8.311,6.90,6.65,0.000,0.000,0.000,0.000,0.000,13.711
8.316,6.90,6.69,0.000,0.000,0.000,0.000,0.000,13.711
8.321,6.90,6.72,0.000,0.000,0.000,0.000,0.000,13.711
8.326,6.90,6.73,0.000,0.000,0.000,0.000,0.000,13.711
8.331,6.89,6.69,0.000,0.000,0.000,0.000,0.000,13.711
8.336,6.90,6.68,0.000,0.000,0.000,0.000,0.000,13.711
8.341,6.90,6.68,0.000,0.000,0.000,0.000,0.000,13.711
8.346,6.90,6.61,0.000,0.000,0.000,0.000,0.000,13.711
8.351,6.90,6.65,0.000,0.000,0.000,0.000,0.000,13.711
8.356,6.90,6.64,0.000,0.000,0.000,0.000,0.000,13.711
8.361,6.90,6.67,0.000,0.000,0.000,0.000,0.000,13.711
8.366,6.89,6.65,0.000,0.000,0.000,0.000,0.000,13.711
8.371,6.90,6.64,0.000,0.000,0.000,0.000,0.000,13.711
8.376,6.92,6.61,0.000,0.000,0.000,0.000,0.000,13.711
8.381,6.91,6.65,0.000,0.000,0.000,0.000,0.000,13.711
8.386,6.92,6.65,0.000,0.000,0.000,0.000,0.000,13.711
8.391,6.93,6.67,0.000,0.000,0.000,0.000,0.000,13.711
8.396,6.91,6.71,0.000,0.000,0.000,0.000,0.000,13.711
8.401,6.92,6.72,0.000,0.000,0.000,0.000,0.000,13.711
8.406,6.91,6.75,0.000,0.000,0.000,0.000,0.000,13.711
8.411,6.92,6.71,0.000,0.000,0.000,0.000,0.000,13.711
8.416,6.92,6.77,0.000,0.000,0.000,0.000,0.000,13.711
8.421,6.92,6.75,0.000,0.000,0.000,0.000,0.000,13.711
8.426,6.91,6.67,0.000,0.000,0.000,0.000,0.000,13.711
8.431,6.91,6.72,0.000,0.000,0.000,0.000,0.000,13.711
8.436,6.91,6.72,0.000,0.000,0.000,0.000,0.000,13.711
8.441,6.90,6.73,0.000,0.000,0.000,0.000,0.000,13.711
8.446,6.89,6.72,0.000,0.000,0.000,0.000,0.000,13.711
8.451,6.89,6.76,0.000,0.000,0.000,0.000,0.000,13.711
8.456,6.90,6.80,0.000,0.000,0.000,0.000,0.000,13.711
8.461,6.89,6.81,0.000,0.000,0.000,0.000,0.000,13.711
8.466,6.89,6.82,0.000,0.000,0.000,0.000,0.000,13.711
8.471,6.89,6.80,0.000,0.000,0.000,0.000,0.000,13.711
8.476,6.89,6.78,0.000,0.000,0.000,0.000,0.000,13.711
8.481,6.89,6.78,0.000,0.000,0.000,0.000,0.000,13.711
8.486,6.89,6.80,0.000,0.000,0.000,0.000,0.000,13.711
8.491,6.89,6.77,0.000,0.000,0.000,0.000,0.000,13.711
8.496,6.89,6.73,0.000,0.000,0.000,0.000,0.000,13.711
8.501,6.90,6.72,0.000,0.000,0.000,0.000,0.000,13.711
8.506,6.90,6.71,0.000,0.000,0.000,0.000,0.000,13.711
8.511,6.89,6.70,0.000,0.000,0.000,0.000,0.000,13.711
8.516,6.89,6.67,0.000,0.000,0.000,0.000,0.000,13.711
8.521,6.90,6.67,0.000,0.000,0.000,0.000,0.000,13.711
8.526,6.90,6.69,0.000,0.000,0.000,0.000,0.000,13.711
8.531,6.90,6.72,0.000,0.000,0.000,0.000,0.000,13.711
8.536,6.90,6.75,0.000,0.000,0.000,0.000,0.000,13.711
8.541,6.90,6.77,0.000,0.000,0.000,0.000,0.000,13.711
8.546,6.90,6.72,0.000,0.000,0.000,0.000,0.000,13.711
8.551,6.89,6.68,0.000,0.000,0.000,0.000,0.000,13.711
8.556,6.88,6.68,0.000,0.000,0.000,0.000,0.000,13.711
8.561,6.88,6.69,0.000,0.000,0.000,0.000,0.000,13.711
8.566,6.87,6.74,0.000,0.000,0.000,0.000,0.000,13.711
8.571,6.87,6.73,0.000,0.000,0.000,0.000,0.000,13.711
8.576,6.88,6.71,0.000,0.000,0.000,0.000,0.000,13.711
8.581,6.87,6.78,0.000,0.000,0.000,0.000,0.000,13.711
8.586,6.87,6.82,0.000,0.000,0.000,0.000,0.000,13.711
8.591,6.88,6.82,0.000,0.000,0.000,0.000,0.000,13.711
8.596,6.87,6.81,0.000,0.000,0.000,0.000,0.000,13.711
8.601,6.86,6.83,0.000,0.000,0.000,0.000,0.000,13.711
8.606,6.85,6.83,0.000,0.000,0.000,0.000,0.000,13.711
8.611,6.84,6.82,0.000,0.000,0.000,0.000,0.000,13.711
8.616,6.84,6.84,0.000,0.000,0.000,0.000,0.000,13.711
8.621,6.83,6.83,0.000,0.000,0.000,0.000,0.000,13.711
8.626,6.82,6.83,0.000,0.000,0.000,0.000,0.000,13.711
8.631,6.81,6.82,0.000,0.000,0.000,0.000,0.000,13.711
8.636,6.81,6.83,0.000,0.000,0.000,0.000,0.000,13.711
8.641,6.82,6.85,0.000,0.000,0.000,0.000,0.000,13.711
8.646,6.85,6.86,0.000,0.000,0.000,0.000,0.000,13.711
8.651,6.86,6.84,0.000,0.000,0.000,0.000,0.000,13.711
8.656,6.85,6.83,0.000,0.000,0.000,0.000,0.000,13.711
8.661,6.83,6.85,0.000,0.000,0.000,0.000,0.000,13.711
8.666,6.84,6.85,0.000,0.000,0.000,0.000,0.000,13.711
8.671,6.87,6.84,0.000,0.000,0.000,0.000,0.000,13.711
8.676,6.88,6.82,0.000,0.000,0.000,0.000,0.000,13.711
8.681,6.86,6.81,0.000,0.000,0.000,0.000,0.000,13.711
8.686,6.86,6.80,0.000,0.000,0.000,0.000,0.000,13.711
8.691,6.86,6.80,0.000,0.000,0.000,0.000,0.000,13.711
8.696,6.86,6.84,0.000,0.000,0.000,0.000,0.000,13.711
8.701,6.85,6.86,0.000,0.000,0.000,0.000,0.000,13.711
8.706,6.86,6.85,0.000,0.000,0.000,0.000,0.000,13.711
8.711,6.87,6.86,0.000,0.000,0.000,0.000,0.000,13.711
8.716,6.87,6.85,0.000,0.000,0.000,0.000,0.000,13.711
8.721,6.87,6.85,0.000,0.000,0.000,0.000,0.000,13.711
8.726,6.86,6.86,0.000,0.000,0.000,0.000,0.000,13.711
8.731,6.86,6.85,0.000,0.000,0.000,0.000,0.000,13.711
8.736,6.87,6.84,0.000,0.000,0.000,0.000,0.000,13.711
8.741,6.88,6.86,0.000,0.000,0.000,0.000,0.000,13.711
8.746,6.89,6.88,0.000,0.000,0.000,0.000,0.000,13.711
8.751,6.89,6.89,0.000,0.000,0.000,0.000,0.000,13.711
8.756,6.89,6.90,0.000,0.000,0.000,0.000,0.000,13.711
8.761,6.90,6.89,0.000,0.000,0.000,0.000,0.000,13.711
8.766,6.90,6.88,0.000,0.000,0.000,0.000,0.000,13.711
8.771,6.91,6.88,0.000,0.000,0.000,0.000,0.000,13.711
8.776,6.91,6.88,0.000,0.000,0.000,0.000,0.000,13.711
8.781,6.91,6.87,0.000,0.000,0.000,0.000,0.000,13.711
8.786,6.90,6.86,0.000,0.000,0.000,0.000,0.000,13.711
8.791,6.89,6.86,0.000,0.000,0.000,0.000,0.000,13.711
8.796,6.89,6.85,0.000,0.000,0.000,0.000,0.000,13.711
8.801,6.89,6.86,0.000,0.000,0.000,0.000,0.000,13.711
8.806,6.89,6.86,0.000,0.000,0.000,0.000,0.000,13.711
8.811,6.89,6.85,0.000,0.000,0.000,0.000,0.000,13.711
8.816,6.89,6.85,0.000,0.000,0.000,0.000,0.000,13.711
8.821,6.89,6.84,0.000,0.000,0.000,0.000,0.000,13.711
8.826,6.89,6.83,0.000,0.000,0.000,0.000,0.000,13.711
8.831,6.90,6.84,0.000,0.000,0.000,0.000,0.000,13.711
8.836,6.90,6.86,0.000,0.000,0.000,0.000,0.000,13.711
8.841,6.90,6.84,0.000,0.000,0.000,0.000,0.000,13.711
8.846,6.90,6.83,0.000,0.000,0.000,0.000,0.000,13.711
8.851,6.91,6.83,0.000,0.000,0.000,0.000,0.000,13.711
8.856,6.91,6.84,0.000,0.000,0.000,0.000,0.000,13.711
8.861,6.90,6.85,0.000,0.000,0.000,0.000,0.000,13.711
8.866,6.91,6.87,0.000,0.000,0.000,0.000,0.000,13.711
8.871,6.91,6.86,0.000,0.000,0.000,0.000,0.000,13.711
8.876,6.90,6.86,0.000,0.000,0.000,0.000,0.000,13.711
8.881,6.91,6.88,0.000,0.000,0.000,0.000,0.000,13.711
8.886,6.91,6.87,0.000,0.000,0.000,0.000,0.000,13.711
8.891,6.91,6.87,0.000,0.000,0.000,0.000,0.000,13.711
8.896,6.91,6.86,0.000,0.000,0.000,0.000,0.000,13.711
8.901,6.91,6.86,0.000,0.000,0.000,0.000,0.000,13.711
8.906,6.91,6.86,0.000,0.000,0.000,0.000,0.000,13.711
8.911,6.92,6.86,0.000,0.000,0.000,0.000,0.000,13.711
8.916,6.92,6.87,0.000,0.000,0.000,0.000,0.000,13.711
8.921,6.91,6.87,0.000,0.000,0.000,0.000,0.000,13.711
8.926,6.91,6.87,0.000,0.000,0.000,0.000,0.000,13.711
8.931,6.91,6.87,0.000,0.000,0.000,0.000,0.000,13.711
8.936,6.91,6.87,0.000,0.000,0.000,0.000,0.000,13.711
8.941,6.91,6.87,0.000,0.000,0.000,0.000,0.000,13.711
8.946,6.90,6.86,0.000,0.000,0.000,0.000,0.000,13.711
8.951,6.90,6.88,0.000,0.000,0.000,0.000,0.000,13.711
8.956,6.89,6.87,0.000,0.000,0.000,0.000,0.000,13.711
8.961,6.90,6.86,0.000,0.000,0.000,0.000,0.000,13.711
8.966,6.89,6.86,0.000,0.000,0.000,0.000,0.000,13.711
8.971,6.90,6.86,0.000,0.000,0.000,0.000,0.000,13.711
8.976,6.90,6.85,0.000,0.000,0.000,0.000,0.000,13.711
8.981,6.89,6.86,0.000,0.000,0.000,0.000,0.000,13.711
8.986,6.89,6.87,0.000,0.000,0.000,0.000,0.000,13.711
8.991,6.89,6.86,0.000,0.000,0.000,0.000,0.000,13.711
8.996,6.89,6.85,0.000,0.000,0.000,0.000,0.000,13.711
9.001,6.90,6.85,0.000,0.000,0.000,0.000,0.000,13.711
9.006,6.90,6.88,0.000,0.000,0.000,0.000,0.000,13.711
9.011,6.90,6.87,0.000,0.000,0.000,0.000,0.000,13.711
9.016,6.89,6.86,0.000,0.000,0.000,0.000,0.000,13.711
9.021,6.90,6.86,0.000,0.000,0.000,0.000,0.000,13.711
9.026,6.90,6.84,0.000,0.000,0.000,0.000,0.000,13.711
9.031,6.89,6.83,0.000,0.000,0.000,0.000,0.000,13.711
9.036,6.90,6.83,0.000,0.000,0.000,0.000,0.000,13.711
9.041,6.90,6.84,0.000,0.000,0.000,0.000,0.000,13.711
9.046,6.90,6.82,0.000,0.000,0.000,0.000,0.000,13.711
9.051,6.89,6.85,0.000,0.000,0.000,0.000,0.000,13.711
9.056,6.89,6.85,0.000,0.000,0.000,0.000,0.000,13.711
9.061,6.89,6.85,0.000,0.000,0.000,0.000,0.000,13.711
9.066,6.89,6.86,0.000,0.000,0.000,0.000,0.000,13.711
9.071,6.89,6.86,0.000,0.000,0.000,0.000,0.000,13.711
9.076,6.89,6.87,0.000,0.000,0.000,0.000,0.000,13.711
9.081,6.89,6.87,0.000,0.000,0.000,0.000,0.000,13.711
9.086,6.89,6.87,0.000,0.000,0.000,0.000,0.000,13.711
9.091,6.89,6.87,0.000,0.000,0.000,0.000,0.000,13.711
9.096,6.90,6.86,0.000,0.000,0.000,0.000,0.000,13.711
9.101,6.89,6.86,0.000,0.000,0.000,0.000,0.000,13.711
9.106,6.88,6.85,0.000,0.000,0.000,0.000,0.000,13.711
9.111,6.88,6.86,0.000,0.000,0.000,0.000,0.000,13.711
9.116,6.87,6.86,0.000,0.000,0.000,0.000,0.000,13.711
9.121,6.88,6.86,0.000,0.000,0.000,0.000,0.000,13.711
9.126,6.89,6.86,0.000,0.000,0.000,0.000,0.000,13.711
9.131,6.88,6.86,0.000,0.000,0.000,0.000,0.000,13.711
9.136,6.88,6.85,0.000,0.000,0.000,0.000,0.000,13.711
9.141,6.87,6.84,0.000,0.000,0.000,0.000,0.000,13.711
9.146,6.86,6.84,0.000,0.000,0.000,0.000,0.000,13.711
9.151,6.87,6.83,0.000,0.000,0.000,0.000,0.000,13.711
9.156,6.87,6.84,0.000,0.000,0.000,0.000,0.000,13.711
9.161,6.87,6.86,0.000,0.000,0.000,0.000,0.000,13.711
9.166,6.88,6.86,0.000,0.000,0.000,0.000,0.000,13.711
9.171,6.87,6.86,0.000,0.000,0.000,0.000,0.000,13.711
9.176,6.87,6.87,0.000,0.000,0.000,0.000,0.000,13.711
9.181,6.87,6.87,0.000,0.000,0.000,0.000,0.000,13.711
9.186,6.87,6.89,0.000,0.000,0.000,0.000,0.000,13.711
9.191,6.87,6.89,0.000,0.000,0.000,0.000,0.000,13.711
9.196,6.87,6.89,0.000,0.000,0.000,0.000,0.000,13.711
9.201,6.86,6.88,0.000,0.000,0.000,0.000,0.000,13.711
9.206,6.87,6.87,0.000,0.000,0.000,0.000,0.000,13.711
9.211,6.88,6.86,0.000,0.000,0.000,0.000,0.000,13.711
9.216,6.88,6.85,0.000,0.000,0.000,0.000,0.000,13.711
9.221,6.89,6.86,0.000,0.000,0.000,0.000,0.000,13.711
9.226,6.89,6.87,0.000,0.000,0.000,0.000,0.000,13.711
9.231,6.90,6.87,0.000,0.000,0.000,0.000,0.000,13.711
9.236,6.90,6.87,0.000,0.000,0.000,0.000,0.000,13.711
9.241,6.89,6.88,0.000,0.000,0.000,0.000,0.000,13.711
9.246,6.89,6.88,0.000,0.000,0.000,0.000,0.000,13.711
9.251,6.89,6.86,0.000,0.000,0.000,0.000,0.000,13.711
9.256,6.89,6.86,0.000,0.000,0.000,0.000,0.000,13.711
9.261,6.89,6.86,0.000,0.000,0.000,0.000,0.000,13.711
9.266,6.90,6.85,0.000,0.000,0.000,0.000,0.000,13.711
9.271,6.90,6.85,0.000,0.000,0.000,0.000,0.000,13.711
9.276,6.90,6.85,0.000,0.000,0.000,0.000,0.000,13.711
9.281,6.89,6.84,0.000,0.000,0.000,0.000,0.000,13.711
9.286,6.89,6.85,0.000,0.000,0.000,0.000,0.000,13.711
9.291,6.89,6.84,0.000,0.000,0.000,0.000,0.000,13.711
9.296,6.89,6.83,0.000,0.000,0.000,0.000,0.000,13.711
9.301,6.89,6.85,0.000,0.000,0.000,0.000,0.000,13.711
9.306,6.89,6.87,0.000,0.000,0.000,0.000,0.000,13.711
9.311,6.89,6.87,0.000,0.000,0.000,0.000,0.000,13.711
9.316,6.89,6.87,0.000,0.000,0.000,0.000,0.000,13.711
9.321,6.89,6.88,0.000,0.000,0.000,0.000,0.000,13.711
9.326,6.89,6.88,0.000,0.000,0.000,0.000,0.000,13.711
9.331,6.89,6.88,0.000,0.000,0.000,0.000,0.000,13.711
9.336,6.89,6.88,0.000,0.000,0.000,0.000,0.000,13.711
9.341,6.89,6.88,0.000,0.000,0.000,0.000,0.000,13.711
9.346,6.89,6.87,0.000,0.000,0.000,0.000,0.000,13.711
9.351,6.88,6.86,0.000,0.000,0.000,0.000,0.000,13.711
9.356,6.87,6.87,0.000,0.000,0.000,0.000,0.000,13.711
9.361,6.87,6.88,0.000,0.000,0.000,0.000,0.000,13.711
9.366,6.88,6.87,0.000,0.000,0.000,0.000,0.000,13.711
9.371,6.87,6.88,0.000,0.000,0.000,0.000,0.000,13.711
9.376,6.87,6.89,0.000,0.000,0.000,0.000,0.000,13.711
9.381,6.88,6.90,0.000,0.000,0.000,0.000,0.000,13.711
9.386,6.87,6.89,0.000,0.000,0.000,0.000,0.000,13.711
9.391,6.86,6.90,0.000,0.000,0.000,0.000,0.000,13.711
9.396,6.85,6.90,0.000,0.000,0.000,0.000,0.000,13.711
9.401,6.83,6.90,0.000,0.000,0.000,0.000,0.000,13.711
9.406,6.84,6.91,0.000,0.000,0.000,0.000,0.000,13.711
9.411,6.86,6.91,0.000,0.000,0.000,0.000,0.000,13.711
9.416,6.87,6.92,0.000,0.000,0.000,0.000,0.000,13.711
9.421,6.87,6.93,0.000,0.000,0.000,0.000,0.000,13.711
9.426,6.88,6.93,0.000,0.000,0.000,0.000,0.000,13.711
9.431,6.87,6.93,0.000,0.000,0.000,0.000,0.000,13.711
9.436,6.87,6.93,0.000,0.000,0.000,0.000,0.000,13.711
9.441,6.87,6.94,0.000,0.000,0.000,0.000,0.000,13.711
9.446,6.87,6.97,0.000,0.000,0.000,0.000,0.000,13.711
9.451,6.87,6.98,0.000,0.000,0.000,0.000,0.000,13.711
9.456,6.87,6.97,0.000,0.000,0.000,0.000,0.000,13.711
9.461,6.87,6.96,0.000,0.000,0.000,0.000,0.000,13.711
9.466,6.86,6.96,0.000,0.000,0.000,0.000,0.000,13.711
9.471,6.88,6.95,0.000,0.000,0.000,0.000,0.000,13.711
9.476,6.88,6.93,0.000,0.000,0.000,0.000,0.000,13.711
9.481,6.88,6.95,0.000,0.000,0.000,0.000,0.000,13.711
9.486,6.89,6.95,0.000,0.000,0.000,0.000,0.000,13.711
9.491,6.89,6.94,0.000,0.000,0.000,0.000,0.000,13.711
9.496,6.89,6.95,0.000,0.000,0.000,0.000,0.000,13.711
9.501,6.89,6.94,0.000,0.000,0.000,0.000,0.000,13.711
9.506,6.89,6.95,0.000,0.000,0.000,0.000,0.000,13.711
9.511,6.91,6.96,0.000,0.000,0.000,0.000,0.000,13.711
9.516,6.90,6.96,0.000,0.000,0.000,0.000,0.000,13.711
9.521,6.91,6.95,0.000,0.000,0.000,0.000,0.000,13.711
9.526,6.90,6.94,0.000,0.000,0.000,0.000,0.000,13.711
9.531,6.91,6.97,0.000,0.000,0.000,0.000,0.000,13.711
9.536,6.90,6.95,0.000,0.000,0.000,0.000,0.000,13.711
9.541,6.89,6.95,0.000,0.000,0.000,0.000,0.000,13.711
9.546,6.88,6.94,0.000,0.000,0.000,0.000,0.000,13.711
9.551,6.89,6.93,0.000,0.000,0.000,0.000,0.000,13.711
9.556,6.89,6.92,0.000,0.000,0.000,0.000,0.000,13.711
9.561,6.90,6.91,0.000,0.000,0.000,0.000,0.000,13.711
9.566,6.89,6.90,0.000,0.000,0.000,0.000,0.000,13.711
9.571,6.90,6.90,0.000,0.000,0.000,0.000,0.000,13.711
9.576,6.91,6.89,0.000,0.000,0.000,0.000,0.000,13.711
9.581,6.90,6.88,0.000,0.000,0.000,0.000,0.000,13.711
9.586,6.91,6.87,0.000,0.000,0.000,0.000,0.000,13.711
9.591,6.91,6.87,0.000,0.000,0.000,0.000,0.000,13.711
9.596,6.92,6.86,0.000,0.000,0.000,0.000,0.000,13.711
9.601,6.90,6.86,0.000,0.000,0.000,0.000,0.000,13.711
9.606,6.91,6.86,0.000,0.000,0.000,0.000,0.000,13.711
9.611,6.91,6.85,0.000,0.000,0.000,0.000,0.000,13.711
9.616,6.91,6.85,0.000,0.000,0.000,0.000,0.000,13.711
9.621,6.91,6.83,0.000,0.000,0.000,0.000,0.000,13.711
9.626,6.91,6.82,0.000,0.000,0.000,0.000,0.000,13.711
9.631,6.90,6.82,0.000,0.000,0.000,0.000,0.000,13.711
9.636,6.90,6.83,0.000,0.000,0.000,0.000,0.000,13.711
9.641,6.91,6.83,0.000,0.000,0.000,0.000,0.000,13.711
9.646,6.91,6.80,0.000,0.000,0.000,0.000,0.000,13.711
9.651,6.91,6.82,0.000,0.000,0.000,0.000,0.000,13.711
9.656,6.92,6.82,0.000,0.000,0.000,0.000,0.000,13.711
9.661,6.93,6.80,0.000,0.000,0.000,0.000,0.000,13.711
9.666,6.92,6.77,0.000,0.000,0.000,0.000,0.000,13.711
9.671,6.92,6.75,0.000,0.000,0.000,0.000,0.000,13.711
9.676,6.92,6.74,0.000,0.000,0.000,0.000,0.000,13.711
9.681,6.93,6.75,0.000,0.000,0.000,0.000,0.000,13.711
9.686,6.92,6.74,0.000,0.000,0.000,0.000,0.000,13.711
9.691,6.93,6.74,0.000,0.000,0.000,0.000,0.000,13.711
9.696,6.92,6.71,0.000,0.000,0.000,0.000,0.000,13.711
9.701,6.92,6.73,0.000,0.000,0.000,0.000,0.000,13.711
9.706,6.91,6.74,0.000,0.000,0.000,0.000,0.000,13.711
9.711,6.91,6.74,0.000,0.000,0.000,0.000,0.000,13.711
9.716,6.91,6.82,0.000,0.000,0.000,0.000,0.000,13.711
9.721,6.90,6.81,0.000,0.000,0.000,0.000,0.000,13.711
9.726,6.90,6.80,0.000,0.000,0.000,0.000,0.000,13.711
9.731,6.89,6.78,0.000,0.000,0.000,0.000,0.000,13.711
9.736,6.88,6.79,0.000,0.000,0.000,0.000,0.000,13.711
9.741,6.89,6.76,0.000,0.000,0.000,0.000,0.000,13.711
9.746,6.88,6.73,0.000,0.000,0.000,0.000,0.000,13.711
9.751,6.89,6.69,0.000,0.000,0.000,0.000,0.000,13.711
9.756,6.88,6.66,0.000,0.000,0.000,0.000,0.000,13.711
9.761,6.89,6.61,0.000,0.000,0.000,0.000,0.000,13.711
9.766,6.89,6.59,0.000,0.000,0.000,0.000,0.000,13.711
9.771,6.88,6.52,0.000,0.000,0.000,0.000,0.000,13.711
9.776,6.89,6.53,0.000,0.000,0.000,0.000,0.000,13.711
9.781,6.89,6.56,0.000,0.000,0.000,0.000,0.000,13.711
9.786,6.89,6.58,0.000,0.000,0.000,0.000,0.000,13.711
9.791,6.89,6.64,0.000,0.000,0.000,0.000,0.000,13.711
9.796,6.90,6.61,0.000,0.000,0.000,0.000,0.000,13.711
9.801,6.91,6.59,0.000,0.000,0.000,0.000,0.000,13.711
9.806,6.90,6.61,0.000,0.000,0.000,0.000,0.000,13.711
9.811,6.91,6.59,0.000,0.000,0.000,0.000,0.000,13.711
9.816,6.91,6.61,0.000,0.000,0.000,0.000,0.000,13.711
9.821,6.91,6.58,0.000,0.000,0.000,0.000,0.000,13.711
9.826,6.90,6.61,0.000,0.000,0.000,0.000,0.000,13.711
9.831,6.90,6.62,0.000,0.000,0.000,0.000,0.000,13.711
9.836,6.91,6.63,0.000,0.000,0.000,0.000,0.000,13.711
9.841,6.90,6.62,0.000,0.000,0.000,0.000,0.000,13.711
9.846,6.90,6.65,0.000,0.000,0.000,0.000,0.000,13.711
9.851,6.90,6.60,0.000,0.000,0.000,0.000,0.000,13.711
9.856,6.90,6.53,0.000,0.000,0.000,0.000,0.000,13.711
9.861,6.91,6.48,0.000,0.000,0.000,0.000,0.000,13.711
9.866,6.92,6.41,0.000,0.000,0.000,0.000,0.000,13.711
9.871,6.93,6.37,0.000,0.000,0.000,0.000,0.000,13.711
9.876,6.95,6.35,0.000,0.000,0.000,0.000,0.000,13.711
9.881,6.94,6.37,0.000,0.000,0.000,0.000,0.000,13.711
9.886,6.96,6.36,0.000,0.000,0.000,0.000,0.000,13.711
9.891,6.97,6.38,0.000,0.000,0.000,0.000,0.000,13.711
9.896,6.95,6.41,0.000,0.000,0.000,0.000,0.000,13.711
9.901,6.94,6.32,0.000,0.000,0.000,0.000,0.000,13.711
9.906,6.94,6.35,0.000,0.000,0.000,0.000,0.000,13.711
9.911,6.93,6.31,0.000,0.000,0.000,0.000,0.000,13.711
9.916,6.95,6.24,0.000,0.000,0.000,0.000,0.000,13.711
9.921,6.95,6.18,0.000,0.000,0.000,0.000,0.000,13.711
9.926,6.96,6.17,0.000,0.000,0.000,0.000,0.000,13.711
9.931,6.96,6.19,0.000,0.000,0.000,0.000,0.000,13.711
9.936,6.96,6.23,0.000,0.000,0.000,0.000,0.000,13.711
9.941,6.97,6.19,0.000,0.000,0.000,0.000,0.000,13.711
9.946,6.97,6.18,0.000,0.000,0.000,0.000,0.000,13.711
9.951,6.96,6.20,0.000,0.000,0.000,0.000,0.000,13.711
9.956,6.96,6.25,0.000,0.000,0.000,0.000,0.000,13.711
9.961,6.95,6.24,0.000,0.000,0.000,0.000,0.000,13.711
9.966,6.94,6.25,0.000,0.000,0.000,0.000,0.000,13.711
9.971,6.93,6.24,0.000,0.000,0.000,0.000,0.000,13.711
9.976,6.94,6.22,0.000,0.000,0.000,0.000,0.000,13.711
9.981,6.95,6.20,0.000,0.000,0.000,0.000,0.000,13.711
9.986,6.95,6.19,0.000,0.000,0.000,0.000,0.000,13.711
9.991,6.95,6.23,0.000,0.000,0.000,0.000,0.000,13.711
9.996,6.96,6.23,0.000,0.000,0.000,0.000,0.000,13.711
