headline_truth_t,headline_truth_roll,headline_truth_roll_err,headline_estimate_t,headline_estimate_roll,headline_estimate_roll_err,turn_first_truth_t,turn_first_truth_roll,turn_first_truth_roll_err,turn_first_estimate_t,turn_first_estimate_roll,turn_first_estimate_roll_err
0,0,nan,0,0,nan,0,0,nan,0,0,nan
0.02,-0.0035634,nan,0.02,-0.00406392,nan,0.02,-0.0035634,nan,0.02,-0.00406392,nan
0.04,-0.00742309,nan,0.04,-0.00929387,nan,0.04,-0.00742309,nan,0.04,-0.00929387,nan
0.06,-0.00997284,nan,0.06,-0.0141401,nan,0.06,-0.00997284,nan,0.06,-0.0141401,nan
0.08,-0.0114552,nan,0.08,-0.0185426,nan,0.08,-0.0114552,nan,0.08,-0.0185426,nan
0.1,-0.0122631,nan,0.1,-0.0226842,nan,0.1,-0.0122631,nan,0.1,-0.0226842,nan
0.12,-0.0129021,nan,0.12,-0.0268268,nan,0.12,-0.0129021,nan,0.12,-0.0268268,nan
0.14,-0.0139072,nan,0.14,-0.031111,nan,0.14,-0.0139072,nan,0.14,-0.031111,nan
0.16,-0.0151931,nan,0.16,-0.035131,nan,0.16,-0.0151931,nan,0.16,-0.035131,nan
0.18,-0.0162328,nan,0.18,-0.0384809,nan,0.18,-0.0162328,nan,0.18,-0.0384809,nan
0.2,-0.0167071,nan,0.2,-0.0410047,nan,0.2,-0.0167071,nan,0.2,-0.0410047,nan
0.22,-0.0166237,nan,0.22,-0.0425799,nan,0.22,-0.0166237,nan,0.22,-0.0425799,nan
0.24,-0.0162379,nan,0.24,-0.0432584,nan,0.24,-0.0162379,nan,0.24,-0.0432584,nan
0.26,-0.0157718,nan,0.26,-0.043251,nan,0.26,-0.0157718,nan,0.26,-0.043251,nan
0.28,-0.0154208,nan,0.28,-0.0428275,nan,0.28,-0.0154208,nan,0.28,-0.0428275,nan
0.3,-0.0152866,nan,0.3,-0.0422722,nan,0.3,-0.0152866,nan,0.3,-0.0422722,nan
0.32,-0.0153334,nan,0.32,-0.0417488,nan,0.32,-0.0153334,nan,0.32,-0.0417488,nan
0.34,-0.015467,nan,0.34,-0.0412946,nan,0.34,-0.015467,nan,0.34,-0.0412946,nan
0.36,-0.0156143,nan,0.36,-0.0408939,nan,0.36,-0.0156143,nan,0.36,-0.0408939,nan
0.38,-0.0157476,nan,0.38,-0.0405407,nan,0.38,-0.0157476,nan,0.38,-0.0405407,nan
0.4,-0.0158621,nan,0.4,-0.0402424,nan,0.4,-0.0158621,nan,0.4,-0.0402424,nan
0.42,-0.0159582,nan,0.42,-0.0400047,nan,0.42,-0.0159582,nan,0.42,-0.0400047,nan
0.44,-0.016037,nan,0.44,-0.0398261,nan,0.44,-0.016037,nan,0.44,-0.0398261,nan
0.46,-0.0161012,nan,0.46,-0.0397038,nan,0.46,-0.0161012,nan,0.46,-0.0397038,nan
0.48,-0.0161547,nan,0.48,-0.0396264,nan,0.48,-0.0161547,nan,0.48,-0.0396264,nan
0.5,-0.0162008,nan,0.5,-0.0395821,nan,0.5,-0.0162008,nan,0.5,-0.0395821,nan
0.52,-0.0162416,nan,0.52,-0.0395627,nan,0.52,-0.0162416,nan,0.52,-0.0395627,nan
0.54,-0.0162779,nan,0.54,-0.0395603,nan,0.54,-0.0162779,nan,0.54,-0.0395603,nan
0.56,-0.0163096,nan,0.56,-0.039568,nan,0.56,-0.0163096,nan,0.56,-0.039568,nan
0.58,-0.0163368,nan,0.58,-0.0395796,nan,0.58,-0.0163368,nan,0.58,-0.0395796,nan
0.6,-0.0163596,nan,0.6,-0.0395915,nan,0.6,-0.0163596,nan,0.6,-0.0395915,nan
0.62,-0.0163789,nan,0.62,-0.0396018,nan,0.62,-0.0163789,nan,0.62,-0.0396018,nan
0.64,-0.0163954,nan,0.64,-0.0396104,nan,0.64,-0.0163954,nan,0.64,-0.0396104,nan
0.66,-0.0164099,nan,0.66,-0.0396176,nan,0.66,-0.0164099,nan,0.66,-0.0396176,nan
0.68,-0.0164228,nan,0.68,-0.0396246,nan,0.68,-0.0164228,nan,0.68,-0.0396246,nan
0.7,-0.0164345,nan,0.7,-0.0396317,nan,0.7,-0.0164345,nan,0.7,-0.0396317,nan
0.72,-0.0164452,nan,0.72,-0.0396399,nan,0.72,-0.0164452,nan,0.72,-0.0396399,nan
0.74,-0.0164549,nan,0.74,-0.0396486,nan,0.74,-0.0164549,nan,0.74,-0.0396486,nan
0.76,-0.0164637,nan,0.76,-0.0396581,nan,0.76,-0.0164637,nan,0.76,-0.0396581,nan
0.78,-0.0164718,nan,0.78,-0.0396678,nan,0.78,-0.0164718,nan,0.78,-0.0396678,nan
0.8,-0.0164792,nan,0.8,-0.0396782,nan,0.8,-0.0164792,nan,0.8,-0.0396782,nan
0.82,-0.0164861,nan,0.82,-0.0396887,nan,0.82,-0.0164861,nan,0.82,-0.0396887,nan
0.84,-0.0164924,nan,0.84,-0.0396992,nan,0.84,-0.0164924,nan,0.84,-0.0396992,nan
0.86,-0.0164984,nan,0.86,-0.0397094,nan,0.86,-0.0164984,nan,0.86,-0.0397094,nan
0.88,-0.016504,nan,0.88,-0.0397197,nan,0.88,-0.016504,nan,0.88,-0.0397197,nan
0.9,-0.0165092,nan,0.9,-0.0397297,nan,0.9,-0.0165092,nan,0.9,-0.0397297,nan
0.92,-0.0165142,nan,0.92,-0.03974,nan,0.92,-0.0165142,nan,0.92,-0.03974,nan
0.94,-0.0165189,nan,0.94,-0.0397499,nan,0.94,-0.0165189,nan,0.94,-0.0397499,nan
0.96,-0.0165234,nan,0.96,-0.0397604,nan,0.96,-0.0165234,nan,0.96,-0.0397604,nan
0.98,-0.0165277,nan,0.98,-0.0397706,nan,0.98,-0.0165277,nan,0.98,-0.0397706,nan
1,-0.0165318,nan,1,-0.0397808,nan,1,-0.0165318,nan,1,-0.0397808,nan
1.02,-0.0165357,nan,1.02,-0.0397907,nan,1.02,-0.0165357,nan,1.02,-0.0397907,nan
1.04,-0.0165395,nan,1.04,-0.0398005,nan,1.04,-0.0165395,nan,1.04,-0.0398005,nan
1.06,-0.0165431,nan,1.06,-0.0398102,nan,1.06,-0.0165431,nan,1.06,-0.0398102,nan
1.08,-0.0165466,nan,1.08,-0.0398195,nan,1.08,-0.0165466,nan,1.08,-0.0398195,nan
1.1,-0.01655,nan,1.1,-0.0398288,nan,1.1,-0.01655,nan,1.1,-0.0398288,nan
1.12,-0.0165533,nan,1.12,-0.0398375,nan,1.12,-0.0165533,nan,1.12,-0.0398375,nan
1.14,-0.0165565,nan,1.14,-0.0398463,nan,1.14,-0.0165565,nan,1.14,-0.0398463,nan
1.16,-0.0165596,nan,1.16,-0.0398546,nan,1.16,-0.0165596,nan,1.16,-0.0398546,nan
1.18,-0.0165626,nan,1.18,-0.0398628,nan,1.18,-0.0165626,nan,1.18,-0.0398628,nan
1.2,-0.0165655,nan,1.2,-0.0398713,nan,1.2,-0.0165655,nan,1.2,-0.0398713,nan
1.22,-0.0165683,nan,1.22,-0.0398797,nan,1.22,-0.0165683,nan,1.22,-0.0398797,nan
1.24,-0.0165711,nan,1.24,-0.0398882,nan,1.24,-0.0165711,nan,1.24,-0.0398882,nan
1.26,-0.0165738,nan,1.26,-0.0398962,nan,1.26,-0.0165738,nan,1.26,-0.0398962,nan
1.28,-0.0165765,nan,1.28,-0.039904,nan,1.28,-0.0165765,nan,1.28,-0.039904,nan
1.3,-0.0165791,nan,1.3,-0.039912,nan,1.3,-0.0165791,nan,1.3,-0.039912,nan
1.32,-0.0165816,nan,1.32,-0.0399196,nan,1.32,-0.0165816,nan,1.32,-0.0399196,nan
1.34,-0.0165841,nan,1.34,-0.0399272,nan,1.34,-0.0165841,nan,1.34,-0.0399272,nan
1.36,-0.0165866,nan,1.36,-0.0399342,nan,1.36,-0.0165866,nan,1.36,-0.0399342,nan
1.38,-0.016589,nan,1.38,-0.039941,nan,1.38,-0.016589,nan,1.38,-0.039941,nan
1.4,-0.0165914,nan,1.4,-0.039948,nan,1.4,-0.0165914,nan,1.4,-0.039948,nan
1.42,-0.0165937,nan,1.42,-0.0399545,nan,1.42,-0.0165937,nan,1.42,-0.0399545,nan
1.44,-0.016596,nan,1.44,-0.0399611,nan,1.44,-0.016596,nan,1.44,-0.0399611,nan
1.46,-0.0165983,nan,1.46,-0.039968,nan,1.46,-0.0165983,nan,1.46,-0.039968,nan
1.48,-0.0166006,nan,1.48,-0.0399747,nan,1.48,-0.0166006,nan,1.48,-0.0399747,nan
1.5,-0.0166028,nan,1.5,-0.0399816,nan,1.5,-0.0166028,nan,1.5,-0.0399816,nan
1.52,-0.016605,nan,1.52,-0.0399882,nan,1.52,-0.016605,nan,1.52,-0.0399882,nan
1.54,-0.0166072,nan,1.54,-0.0399945,nan,1.54,-0.0166072,nan,1.54,-0.0399945,nan
1.56,-0.0166093,nan,1.56,-0.0400011,nan,1.56,-0.0166093,nan,1.56,-0.0400011,nan
1.58,-0.0166114,nan,1.58,-0.0400075,nan,1.58,-0.0166114,nan,1.58,-0.0400075,nan
1.6,-0.0166136,nan,1.6,-0.0400135,nan,1.6,-0.0166136,nan,1.6,-0.0400135,nan
1.62,-0.0166157,nan,1.62,-0.0400197,nan,1.62,-0.0166157,nan,1.62,-0.0400197,nan
1.64,-0.0166177,nan,1.64,-0.0400254,nan,1.64,-0.0166177,nan,1.64,-0.0400254,nan
1.66,-0.0166198,nan,1.66,-0.0400309,nan,1.66,-0.0166198,nan,1.66,-0.0400309,nan
1.68,-0.0166219,nan,1.68,-0.0400367,nan,1.68,-0.0166219,nan,1.68,-0.0400367,nan
1.7,-0.0166239,nan,1.7,-0.0400422,nan,1.7,-0.0166239,nan,1.7,-0.0400422,nan
1.72,-0.0166259,nan,1.72,-0.0400476,nan,1.72,-0.0166259,nan,1.72,-0.0400476,nan
1.74,-0.0166279,nan,1.74,-0.0400537,nan,1.74,-0.0166279,nan,1.74,-0.0400537,nan
1.76,-0.0166299,nan,1.76,-0.0400597,nan,1.76,-0.0166299,nan,1.76,-0.0400597,nan
1.78,-0.0166319,nan,1.78,-0.0400654,nan,1.78,-0.0166319,nan,1.78,-0.0400654,nan
1.8,-0.0166339,nan,1.8,-0.0400711,nan,1.8,-0.0166339,nan,1.8,-0.0400711,nan
1.82,-0.0166359,nan,1.82,-0.0400769,nan,1.82,-0.0166359,nan,1.82,-0.0400769,nan
1.84,-0.0166379,nan,1.84,-0.0400824,nan,1.84,-0.0166379,nan,1.84,-0.0400824,nan
1.86,-0.0166398,nan,1.86,-0.040088,nan,1.86,-0.0166398,nan,1.86,-0.040088,nan
1.88,-0.0166418,nan,1.88,-0.0400936,nan,1.88,-0.0166418,nan,1.88,-0.0400936,nan
1.9,-0.0166438,nan,1.9,-0.0400987,nan,1.9,-0.0166438,nan,1.9,-0.0400987,nan
1.92,-0.0166457,nan,1.92,-0.0401036,nan,1.92,-0.0166457,nan,1.92,-0.0401036,nan
1.94,-0.0166477,nan,1.94,-0.0401089,nan,1.94,-0.0166477,nan,1.94,-0.0401089,nan
1.96,-0.0166496,nan,1.96,-0.0401139,nan,1.96,-0.0166496,nan,1.96,-0.0401139,nan
1.98,-0.0166515,nan,1.98,-0.0401187,nan,1.98,-0.0166515,nan,1.98,-0.0401187,nan
2,-0.0166535,-0.144517,2,-0.040124,-0.144184,2,-0.0166535,-0.144517,2,-0.040124,-0.144184
2.02,-0.0166543,-0.144498,2.02,-0.0324692,-0.144684,2.02,-0.0166552,-0.144497,2.02,-0.0324919,-0.144722
2.04,-0.0166479,-0.144701,2.04,-0.0159665,-0.145255,2.04,-0.01663,-0.144695,2.04,-0.0162071,-0.1453
2.06,-0.0158427,-0.145376,2.06,0.00648425,-0.146349,2.06,-0.0143428,-0.145443,2.06,0.0074303,-0.14665
2.08,0.00486332,-0.147463,2.08,0.0527864,-0.149092,2.08,0.00357255,-0.147211,2.08,0.0505466,-0.148916
2.1,0.0455923,-0.149443,2.1,0.110643,-0.15093,2.1,0.0331145,-0.14894,2.1,0.0958088,-0.150177
2.12,-0.000517365,-0.150216,2.12,0.0736627,-0.150924,2.12,-0.0443687,-0.148516,2.12,0.0280634,-0.149421
2.14,-0.203339,-0.150658,2.14,-0.120061,-0.150574,2.14,-0.264277,-0.149904,2.14,-0.183303,-0.150111
2.16,-0.468728,-0.15466,2.16,-0.371668,-0.154557,2.16,-0.521673,-0.15523,2.16,-0.426908,-0.154966
2.18,-0.688931,-0.15783,2.18,-0.576285,-0.158564,2.18,-0.700704,-0.15957,2.18,-0.590409,-0.159962
2.2,-0.567326,-0.183219,2.2,-0.447275,-0.185317,2.2,-0.532711,-0.181504,2.2,-0.415179,-0.182332
2.22,-0.34082,-0.149662,2.22,-0.229137,-0.155991,2.22,-0.336593,-0.145838,2.22,-0.227041,-0.150037
2.24,-0.356586,-0.12274,2.24,-0.249572,-0.13405,2.24,-0.372906,-0.132881,2.24,-0.265882,-0.142058
2.26,-0.341164,-0.102691,2.26,-0.234947,-0.119525,2.26,-0.372299,-0.107636,2.26,-0.26713,-0.121562
2.28,-0.28747,-0.0719278,2.28,-0.188109,-0.092929,2.28,-0.330925,-0.0751275,2.28,-0.235458,-0.0939102
2.3,-0.347491,-0.0410425,2.3,-0.258085,-0.0629249,2.3,-0.366549,-0.0422049,2.3,-0.285744,-0.0631973
2.32,-0.365707,-0.0736242,2.32,-0.27117,-0.0876026,2.32,-0.357315,-0.0631832,2.32,-0.276007,-0.079134
2.34,-0.219433,-0.181362,2.34,-0.109143,-0.174628,2.34,-0.220995,-0.17309,2.34,-0.132588,-0.169755
2.36,-0.00813476,-0.339389,2.36,0.128763,-0.30741,2.36,-0.0502636,-0.368513,2.36,0.0549387,-0.334765
2.38,0.191044,-0.469754,2.38,0.362671,-0.423678,2.38,0.0580627,-0.587051,2.38,0.201884,-0.527077
2.4,0.212905,-0.507309,2.4,0.395927,-0.459757,2.4,0.101919,-0.710665,2.4,0.298264,-0.640099
2.42,0.140295,-0.394215,2.42,0.334987,-0.369561,2.42,0.0894254,-0.606973,2.42,0.323829,-0.560731
2.44,0.117758,-0.3567,2.44,0.316614,-0.349849,2.44,0.0431421,-0.709565,2.44,0.301251,-0.678631
2.46,0.142919,-0.354258,2.46,0.352344,-0.351924,2.46,0.0437857,-0.680856,2.46,0.354764,-0.646863
2.48,0.207203,-0.335845,2.48,0.430942,-0.345873,2.48,0.138342,-0.673981,2.48,0.498288,-0.647151
2.5,0.439549,-0.326047,2.5,0.68034,-0.345564,2.5,0.435447,-0.693047,2.5,0.839929,-0.672501
2.52,0.664821,-0.318086,2.52,0.91435,-0.326485,2.52,0.763087,-0.777156,2.52,1.20491,-0.748711
2.54,0.712325,-0.354535,2.54,0.977065,-0.310136,2.54,0.927248,-1.05446,2.54,1.41634,-0.972479
2.56,0.643172,-0.451138,2.56,0.950393,-0.307706,2.56,0.994575,-1.53836,2.56,1.58187,-1.34579
2.58,0.552413,-0.548091,2.58,0.932216,-0.307602,2.58,0.976264,-1.96455,2.58,1.69209,-1.65171
2.6,0.272137,-0.567882,2.6,0.618481,-0.297952,2.6,0.417769,-1.99782,2.6,1.22746,-1.61773
2.62,0.165672,-0.557262,2.62,0.424331,-0.376719,2.62,0.202643,-1.87155,2.62,1.02607,-1.61267
2.64,0.171006,-0.584446,2.64,0.468429,-0.48416,2.64,0.156464,-2.40107,2.64,1.06952,-2.19547
2.66,0.0628352,-0.535144,2.66,0.368736,-0.429146,2.66,0.0398495,-2.28215,2.66,1.07508,-2.05552
2.68,-0.171583,-0.484287,2.68,0.14857,-0.387128,2.68,-0.234759,-2.07515,2.68,0.910494,-1.87651
2.7,-0.608314,-0.436929,2.7,-0.214979,-0.323978,2.7,-0.889082,-1.82258,2.7,0.409304,-1.64103
2.72,-1.02919,-0.431135,2.72,-0.481592,-0.184883,2.72,-1.68859,-1.61191,2.72,-0.132395,-1.3521
2.74,-1.23246,-0.47286,2.74,-0.579007,0.0437855,2.74,-2.20796,-1.41634,2.74,-0.373885,-0.965801
2.76,-1.2525,-0.548535,2.76,-0.609278,0.278045,2.76,-2.43528,-1.19469,2.76,-0.448441,-0.51079
2.78,-1.17397,-0.640635,2.78,-0.656274,0.407909,2.78,-2.0316,-0.944121,2.78,-0.367078,-0.12304
2.8,-0.610639,-0.661538,2.8,-0.556101,0.332363,2.8,-1.08332,-0.618789,2.8,0.0436383,0.145313
2.82,-0.442767,-0.566882,2.82,-0.313714,0.236016,2.82,-0.937913,-0.733902,2.82,0.0488677,0.196389
2.84,-0.466095,-0.605407,2.84,-0.352216,0.135677,2.84,-0.999889,-1.73402,2.84,-0.0857918,-0.221332
2.86,-0.303366,-0.622971,2.86,-0.323271,0.13888,2.86,-0.743579,-1.6531,2.86,-0.0893627,-0.19745
2.88,0.0059962,-0.611369,2.88,-0.177645,0.162009,2.88,-0.334897,-1.49545,2.88,0.0129076,-0.153661
2.9,0.488931,-0.603542,2.9,0.0157904,0.17697,2.9,0.187257,-1.34218,2.9,0.344749,-0.131719
2.92,0.923348,-0.642852,2.92,0.00386556,0.156107,2.92,0.613977,-1.23247,2.92,0.675323,-0.144635
2.94,1.10482,-0.794332,2.94,-0.168213,0.112454,2.94,0.816633,-1.14936,2.94,0.751835,-0.191451
2.96,1.1164,-1.00233,2.96,-0.345013,0.0840916,2.96,0.917636,-1.02927,2.96,0.72182,-0.229525
2.98,1.04303,-1.11788,2.98,-0.446984,0.079221,2.98,1.00113,-0.831011,2.98,0.667058,-0.208019
3,0.516831,-1.07231,3,-0.38481,0.10357,3,0.592065,-0.542094,3,0.335569,-0.109794
3.02,0.342246,-0.961151,3.02,-0.282388,0.190359,3.02,0.322379,-0.329445,3.02,0.198789,-0.0250301
3.04,0.377952,-0.885174,3.04,-0.265232,0.217178,3.04,0.299711,-0.385361,3.04,0.194879,-0.0659803
3.06,0.240538,-0.826578,3.06,-0.255476,0.263097,3.06,0.203801,-0.345576,3.06,0.101653,-0.0376901
3.08,-0.0629409,-0.757594,3.08,-0.259447,0.326446,3.08,-0.0972286,-0.273504,3.08,-0.163231,0.0131699
3.1,-0.551681,-0.697723,3.1,-0.280088,0.384206,3.1,-0.698332,-0.188479,3.1,-0.763025,0.0683415
3.12,-0.979357,-0.652305,3.12,-0.15195,0.418327,3.12,-1.28661,-0.132538,3.12,-1.3955,0.0894766
3.14,-1.16188,-0.580655,3.14,0.0870864,0.445194,3.14,-1.56833,-0.0987768,3.14,-1.69196,0.0908499
3.16,-1.18242,-0.483477,3.16,0.244194,0.463282,3.16,-1.63445,-0.0695142,3.16,-1.7732,0.0876003
3.18,-1.11739,-0.406628,3.18,0.273191,0.47952,3.18,-1.38815,-0.0371228,3.18,-1.53291,0.0806875
3.2,-0.585447,-0.373314,3.2,0.0990291,0.487252,3.2,-0.669781,0.0363764,3.2,-0.799711,0.0993927
3.22,-0.404373,-0.336222,3.22,-0.00850277,0.43652,3.22,-0.564529,0.0643557,3.22,-0.661206,0.0811134
3.24,-0.43811,-0.376869,3.24,-0.0476798,0.336918,3.24,-0.632404,-0.204718,3.24,-0.702885,-0.196407
3.26,-0.297324,-0.393698,3.26,-0.0927705,0.322381,3.26,-0.461118,-0.2082,3.26,-0.473788,-0.201657
3.28,0.0143046,-0.388363,3.28,-0.106815,0.306663,3.28,-0.151898,-0.199953,3.28,-0.124927,-0.197031
3.3,0.505829,-0.385041,3.3,-0.105889,0.294577,3.3,0.312814,-0.197328,3.3,0.350443,-0.199621
3.32,0.92502,-0.416955,3.32,-0.25119,0.296646,3.32,0.711185,-0.192027,3.32,0.745599,-0.198669
3.34,1.08889,-0.539117,3.34,-0.493569,0.294118,3.34,0.877288,-0.191946,3.34,0.910962,-0.20038
3.36,1.10581,-0.693445,3.36,-0.64549,0.286249,3.36,0.937871,-0.185565,3.36,0.973772,-0.200106
3.38,1.04156,-0.78029,3.38,-0.660095,0.271664,3.38,0.966972,-0.155969,3.38,1.01839,-0.181718
3.4,0.521102,-0.752254,3.4,-0.49262,0.254558,3.4,0.529235,-0.0909709,3.4,0.605418,-0.132161
3.42,0.334765,-0.691412,3.42,-0.425299,0.209303,3.42,0.290113,-0.0720714,3.42,0.376424,-0.131558
3.44,0.376064,-0.659746,3.44,-0.367745,0.111779,3.44,0.256934,-0.124709,3.44,0.353237,-0.188311
3.46,0.253214,-0.609695,3.46,-0.295822,0.163666,3.46,0.151279,-0.110532,3.46,0.251563,-0.175003
3.48,-0.0578671,-0.554745,3.48,-0.278277,0.221755,3.48,-0.131227,-0.083082,3.48,-0.0403957,-0.149364
3.5,-0.573266,-0.503586,3.5,-0.313808,0.28561,3.5,-0.719126,-0.0498888,3.5,-0.662676,-0.119134
3.52,-1.01888,-0.456319,3.52,-0.223088,0.352723,3.52,-1.32627,-0.0431048,3.52,-1.28598,-0.117509
3.54,-1.21821,-0.349483,3.54,-0.0567815,0.430276,3.54,-1.63523,-0.0425184,3.54,-1.57895,-0.118596
3.56,-1.27561,-0.194381,3.56,0.0160792,0.494638,3.56,-1.72981,-0.0349681,3.56,-1.65841,-0.112594
3.58,-1.22304,-0.082303,3.58,-0.0346091,0.537817,3.58,-1.47873,-0.0433872,3.58,-1.39299,-0.12312
3.6,-0.649353,-0.0556782,3.6,-0.15881,0.535897,3.6,-0.734464,-0.0226226,3.6,-0.644727,-0.105506
3.62,-0.44734,-0.0737497,3.62,-0.129028,0.452239,3.62,-0.621205,0.00468267,3.62,-0.541361,-0.0785976
3.64,-0.485441,-0.137025,3.64,-0.182634,0.364653,3.64,-0.684286,-0.136031,3.64,-0.593191,-0.207695
3.66,-0.345827,-0.1561,3.66,-0.223601,0.341936,3.66,-0.494822,-0.142902,3.66,-0.391573,-0.212888
3.68,-0.012011,-0.165809,3.68,-0.184226,0.312633,3.68,-0.164838,-0.147776,3.68,-0.0597177,-0.217414
3.7,0.527893,-0.169409,3.7,-0.124891,0.291994,3.7,0.312561,-0.149545,3.7,0.420944,-0.219374
3.72,0.988373,-0.189452,3.72,-0.228603,0.276134,3.72,0.71203,-0.144802,3.72,0.823485,-0.214235
3.74,1.18497,-0.275579,3.74,-0.409116,0.253999,3.74,0.879082,-0.141724,3.74,0.991971,-0.210733
3.76,1.24707,-0.392349,3.76,-0.515483,0.234303,3.76,0.941815,-0.138694,3.76,1.05393,-0.207278
3.78,1.19218,-0.461365,3.78,-0.486548,0.21227,3.78,0.975752,-0.127037,3.78,1.08654,-0.195479
3.8,0.607791,-0.449919,3.8,-0.347276,0.214,3.8,0.542725,-0.085317,3.8,0.63981,-0.155866
3.82,0.399406,-0.438025,3.82,-0.361146,0.217615,3.82,0.297434,-0.084502,3.82,0.400988,-0.158333
3.84,0.447371,-0.445142,3.84,-0.303782,0.175563,3.84,0.264889,-0.117011,3.84,0.374362,-0.18686
3.86,0.326496,-0.404156,3.86,-0.236619,0.224955,3.86,0.158888,-0.103762,3.86,0.264727,-0.173629
3.88,-0.00333516,-0.365322,3.88,-0.249552,0.281782,3.88,-0.124492,-0.0827038,3.88,-0.0334959,-0.151884
3.9,-0.565434,-0.339179,3.9,-0.318074,0.339007,3.9,-0.707124,-0.0614533,3.9,-0.653185,-0.130987
3.92,-1.05194,-0.308204,3.92,-0.234028,0.415377,3.92,-1.30317,-0.0627825,3.92,-1.28574,-0.133773
3.94,-1.28165,-0.189958,3.94,-0.0805137,0.508795,3.94,-1.60316,-0.068138,3.94,-1.59614,-0.139742
3.96,-1.37947,0.00549028,3.96,-0.0278369,0.592251,3.96,-1.69327,-0.0659706,3.96,-1.69149,-0.138112
3.98,-1.33319,0.161242,3.98,-0.110604,0.65711,3.98,-1.44917,-0.0790561,3.98,-1.42136,-0.153024
4,-0.713103,0.196463,4,-0.254866,0.66074,4,-0.716451,-0.0638041,4,-0.662765,-0.136285
4.02,-0.490651,0.125963,4.02,-0.195083,0.573062,4.02,-0.53327,-0.0221236,4.02,-0.484197,-0.0924941
4.04,-0.538127,0.0272959,4.04,-0.256285,0.519317,4.04,-0.638325,-0.0624873,4.04,-0.580663,-0.12778
4.06,-0.413351,0.00210129,4.06,-0.312149,0.479923,4.06,-0.765753,-0.0613941,4.06,-0.683958,-0.125651
4.08,-0.0726597,-0.0195614,4.08,-0.271717,0.434194,4.08,-0.78942,-0.0695667,4.08,-0.685976,-0.13261
4.1,0.503462,-0.0426492,4.1,-0.202334,0.386732,4.1,-0.32056,-0.104773,4.1,-0.199887,-0.16596
4.12,0.994287,-0.0580214,4.12,-0.31972,0.339374,4.12,0.559611,-0.140855,4.12,0.694599,-0.198197
4.14,1.21056,-0.119678,4.14,-0.509581,0.277104,4.14,1.20222,-0.20308,4.14,1.34861,-0.253657
4.16,1.30491,-0.199654,4.16,-0.608666,0.225339,4.16,1.49984,-0.281851,4.16,1.65665,-0.327803
4.18,1.25772,-0.237677,4.18,-0.548777,0.181989,4.18,1.56919,-0.311815,4.18,1.74118,-0.353721
4.2,0.643731,-0.238798,4.2,-0.372224,0.18089,4.2,0.80234,-0.325426,4.2,0.973834,-0.366595
4.22,0.421726,-0.272686,4.22,-0.392496,0.217007,4.22,0.589473,-0.394275,4.22,0.815662,-0.436487
4.24,0.478462,-0.304135,4.24,-0.325435,0.203313,4.24,0.673511,-0.442613,4.24,0.93387,-0.478911
4.26,0.378991,-0.2739,4.26,-0.237357,0.248727,4.26,0.536519,-0.425946,4.26,0.819594,-0.463723
4.28,0.0524087,-0.253125,4.28,-0.235902,0.303495,4.28,0.236684,-0.403419,4.28,0.527192,-0.441318
4.3,-0.543907,-0.241422,4.3,-0.306852,0.369516,4.3,-0.359453,-0.371624,4.3,-0.0874415,-0.409863
4.32,-1.06811,-0.233815,4.32,-0.214929,0.451688,4.32,-1.07107,-0.358365,4.32,-0.820126,-0.398711
4.34,-1.31717,-0.125098,4.34,-0.0576536,0.56373,4.34,-1.54051,-0.3561,4.34,-1.28246,-0.399661
4.36,-1.44664,0.0811673,4.36,-0.0139217,0.665922,4.36,-1.7221,-0.340622,4.36,-1.4435,-0.386046
4.38,-1.40715,0.261773,4.38,-0.135235,0.752701,4.38,-1.61482,-0.335874,4.38,-1.3356,-0.381652
4.4,-0.755387,0.308219,4.4,-0.301558,0.751967,4.4,-0.810178,-0.305101,4.4,-0.54833,-0.352987
4.42,-0.517794,0.217366,4.42,-0.230563,0.651729,4.42,-0.498016,-0.239133,4.42,-0.221717,-0.287951
4.44,-0.574727,0.101206,4.44,-0.306115,0.605331,4.44,-0.49716,-0.236625,4.44,-0.197718,-0.273476
4.46,-0.472605,0.078065,4.46,-0.379209,0.561577,4.46,-0.381156,-0.24046,4.46,-0.0867177,-0.27597
4.48,-0.135717,0.0503007,4.48,-0.344243,0.509013,4.48,-0.0343779,-0.242353,4.48,0.246947,-0.278735
4.5,0.477837,0.0215325,4.5,-0.26951,0.454328,4.5,0.631798,-0.246508,4.5,0.933431,-0.286088
4.52,1.0167,0.0160701,4.52,-0.395349,0.397363,4.52,1.31598,-0.220501,4.52,1.66362,-0.261148
4.54,1.25995,-0.00865504,4.54,-0.597686,0.318492,4.54,1.66849,-0.19372,4.54,2.03433,-0.233551
4.56,1.38562,-0.0348028,4.56,-0.687119,0.252095,4.56,1.76774,-0.16077,4.56,2.14335,-0.20163
4.58,1.34484,-0.0212478,4.58,-0.581412,0.193414,4.58,1.4913,-0.11262,4.58,1.81162,-0.15017
4.6,0.692723,-0.0137294,4.6,-0.374554,0.192249,4.6,0.71479,-0.0879711,4.6,0.95803,-0.127745
4.62,0.453382,-0.088839,4.62,-0.404462,0.234103,4.62,0.584256,-0.122133,4.62,0.846203,-0.168639
4.64,0.518798,-0.16342,4.64,-0.317736,0.22589,4.64,0.66928,-0.139368,4.64,0.924546,-0.182667
4.66,0.446322,-0.136541,4.66,-0.213594,0.27668,4.66,0.493895,-0.125661,4.66,0.691902,-0.168069
4.68,0.126282,-0.119893,4.68,-0.215379,0.340008,4.68,0.165614,-0.113239,4.68,0.304532,-0.15695
4.7,-0.507993,-0.129982,4.7,-0.285403,0.407324,4.7,-0.308225,-0.106389,4.7,-0.208311,-0.151775
4.72,-1.08886,-0.150536,4.72,-0.190049,0.519605,4.72,-0.697614,-0.10708,4.72,-0.613113,-0.15366
4.74,-1.3664,-0.0735752,4.74,-0.0325804,0.666968,4.74,-0.869435,-0.108526,4.74,-0.804229,-0.15482
4.76,-1.53309,0.127441,4.76,-0.00125022,0.803991,4.76,-0.943804,-0.100073,4.76,-0.91125,-0.14607
4.78,-1.50307,0.307961,4.78,-0.163623,0.913554,4.78,-0.994792,-0.0960316,4.78,-1.00533,-0.142917
4.8,-0.813874,0.361885,4.8,-0.365462,0.899859,4.8,-0.58911,-0.103704,4.8,-0.606008,-0.154354
4.82,-0.551793,0.275805,4.82,-0.297928,0.765955,4.82,-0.33904,-0.0723458,4.82,-0.309556,-0.12293
4.84,-0.613401,0.13123,4.84,-0.379256,0.69859,4.84,-0.302028,-0.0720979,4.84,-0.265428,-0.120249
4.86,-0.540554,0.102172,4.86,-0.469858,0.643983,4.86,-0.200204,-0.0793326,4.86,-0.16469,-0.12855
4.88,-0.210876,0.0636966,4.88,-0.441465,0.579442,4.88,0.0707019,-0.0855497,4.88,0.128737,-0.136135
4.9,0.434121,0.0229849,4.9,-0.375233,0.508339,4.9,0.625294,-0.0990115,4.9,0.7201,-0.149038
4.92,1.0205,0.0188759,4.92,-0.519315,0.420878,4.92,1.16239,-0.0876563,4.92,1.26271,-0.136534
4.94,1.28117,0.0200272,4.94,-0.74244,0.314822,4.94,1.40575,-0.0707208,4.94,1.50012,-0.120078
4.96,1.43666,0.0135321,4.96,-0.824272,0.212946,4.96,1.44712,-0.0611903,4.96,1.54857,-0.111579
4.98,1.41859,0.0527962,4.98,-0.680318,0.131993,4.98,1.22362,-0.0418134,4.98,1.3251,-0.0916404
5,0.750369,0.076927,5,-0.418584,0.136531,5,0.556362,-0.029578,5,0.642374,-0.0789557
5.02,0.484944,-0.00232985,5.02,-0.424541,0.20861,5.02,0.4546,-0.0667343,5.02,0.556994,-0.118623
5.04,0.552195,-0.0842832,5.04,-0.326041,0.213409,5.04,0.529724,-0.0615933,5.04,0.633129,-0.1115
5.06,0.509715,-0.0598935,5.06,-0.197043,0.272129,5.06,0.381723,-0.0513016,5.06,0.46614,-0.100928
5.08,0.207004,-0.0429862,5.08,-0.184475,0.350077,5.08,0.0863686,-0.0370445,5.08,0.152096,-0.0864731
5.1,-0.451662,-0.0584668,5.1,-0.247479,0.440467,5.1,-0.390144,-0.0267861,5.1,-0.341698,-0.0765166
5.12,-1.0886,-0.110956,5.12,-0.136057,0.589724,5.12,-0.814413,-0.0324295,5.12,-0.766199,-0.0830169
5.14,-1.38832,-0.0717047,5.14,0.0390009,0.791018,5.14,-1.01125,-0.0403884,5.14,-0.958931,-0.0909872
5.16,-1.57504,0.108764,5.16,0.0698523,0.979772,5.16,-1.09972,-0.0415803,5.16,-1.05327,-0.0913966
5.18,-1.56368,0.281551,5.18,-0.113226,1.13058,5.18,-1.12789,-0.0501072,5.18,-1.09498,-0.100292
5.2,-0.866235,0.338349,5.2,-0.361483,1.12032,5.2,-0.633979,-0.0672044,5.2,-0.597677,-0.118313
5.22,-0.578152,0.25643,5.22,-0.336897,0.935213,5.22,-0.373497,-0.0409148,5.22,-0.327135,-0.0917688
5.24,-0.640529,0.102549,5.24,-0.431125,0.833447,5.24,-0.339746,-0.0324145,5.24,-0.292431,-0.0836828
5.26,-0.594636,0.0780929,5.26,-0.548221,0.78261,5.26,-0.225563,-0.0367775,5.26,-0.176405,-0.088692
5.28,-0.281762,0.030331,5.28,-0.548956,0.708574,5.28,0.0654256,-0.0517815,5.28,0.126349,-0.10395
5.3,0.371141,-0.0104761,5.3,-0.51967,0.640131,5.3,0.654477,-0.0651466,5.3,0.73451,-0.117212
5.32,0.976181,-0.0128018,5.32,-0.719855,0.56509,5.32,1.24759,-0.0561926,5.32,1.32962,-0.106833
5.34,1.24681,-0.000914736,5.34,-1.00307,0.470492,5.34,1.53818,-0.0427294,5.34,1.61017,-0.0934367
5.36,1.40178,0.0149084,5.36,-1.13438,0.380718,5.36,1.61361,-0.0327993,5.36,1.68611,-0.083871
5.38,1.39278,0.0724563,5.38,-1.03139,0.308542,5.38,1.36467,-0.00657751,5.38,1.43026,-0.0565912
5.4,0.750602,0.0990926,5.4,-0.69412,0.291529,5.4,0.642424,-0.00374573,5.4,0.696315,-0.0534733
5.42,0.473344,0.0131388,5.42,-0.596529,0.34881,5.42,0.534178,-0.0433079,5.42,0.603575,-0.0934871
5.44,0.547779,-0.0767869,5.44,-0.483677,0.355195,5.44,0.610162,-0.0195999,5.44,0.677338,-0.0690908
5.46,0.522896,-0.0598399,5.46,-0.331101,0.40893,5.46,0.442012,-0.0144762,5.46,0.49738,-0.0636694
5.48,0.227238,-0.0453004,5.48,-0.286972,0.488775,5.48,0.125647,-0.00368416,5.48,0.16618,-0.0521095
5.5,-0.417406,-0.0611699,5.5,-0.297505,0.582803,5.5,-0.354668,0.00462217,5.5,-0.331722,-0.0431468
5.52,-1.00965,-0.106598,5.52,-0.136527,0.72899,5.52,-0.767366,-0.00496883,5.52,-0.752938,-0.0532012
5.54,-1.27076,-0.048087,5.54,0.0842177,0.931647,5.54,-0.956355,-0.0087025,5.54,-0.941866,-0.0561216
5.56,-1.43036,0.139156,5.56,0.154395,1.11411,5.56,-1.04239,-0.00365308,5.56,-1.03067,-0.0502236
5.58,-1.43438,0.317276,5.58,0.00897454,1.25717,5.58,-1.08303,-0.0054927,5.58,-1.0717,-0.0520556
5.6,-0.802516,0.375968,5.6,-0.290987,1.24386,5.6,-0.621174,-0.0232428,5.6,-0.596052,-0.0684241
5.62,-0.524493,0.297517,5.62,-0.338443,1.02542,5.62,-0.362508,0.00357276,5.62,-0.340529,-0.0401122
5.64,-0.595953,0.148079,5.64,-0.445879,0.885736,5.64,-0.327909,0.022739,5.64,-0.312328,-0.021863
5.66,-0.557104,0.116987,5.66,-0.564733,0.82993,5.66,-0.217907,0.0110672,5.66,-0.200772,-0.033849
5.68,-0.248529,0.0728144,5.68,-0.580446,0.765244,5.68,0.0670613,-0.00131373,5.68,0.0951677,-0.0465006
5.7,0.384853,0.0298159,5.7,-0.589956,0.707964,5.7,0.643568,-0.0193551,5.7,0.694383,-0.0648471
5.72,0.952084,0.0303632,5.72,-0.81176,0.675998,5.72,1.21555,-0.0100047,5.72,1.27865,-0.0536734
5.74,1.19033,0.046634,5.74,-1.11495,0.637199,5.74,1.48747,-0.00159533,5.74,1.54734,-0.04463
5.76,1.32412,0.0813859,5.76,-1.25467,0.599724,5.76,1.54907,0.00702634,5.76,1.60785,-0.0351303
5.78,1.3158,0.155505,5.78,-1.15866,0.565868,5.78,1.31027,0.0298118,5.78,1.35211,-0.0101454
5.8,0.70734,0.19003,5.8,-0.82495,0.543237,5.8,0.608064,0.0285767,5.8,0.633356,-0.0114027
5.82,0.442217,0.105621,5.82,-0.718987,0.538782,5.82,0.490033,-0.00963535,5.82,0.526433,-0.0486853
5.84,0.519414,0.0164406,5.84,-0.5932,0.534837,5.84,0.582636,0.0287847,5.84,0.611741,-0.00967876
5.86,0.493041,0.0404376,5.86,-0.450244,0.598827,5.86,0.4296,0.041595,5.86,0.445637,0.0032271
5.88,0.197289,0.0461653,5.88,-0.419089,0.670517,5.88,0.122573,0.0457785,5.88,0.128458,0.0080207
5.9,-0.435339,0.0256865,5.9,-0.431227,0.765091,5.9,-0.350095,0.0507516,5.9,-0.355337,0.0135218
5.92,-1.00984,-0.0158668,5.92,-0.287076,0.933307,5.92,-0.756803,0.0418072,5.92,-0.768782,0.00466359
5.94,-1.25657,0.0479738,5.94,-0.0876829,1.17102,5.94,-0.94375,0.0374471,5.94,-0.957382,0.00110322
5.96,-1.40906,0.233585,5.96,-0.039915,1.38594,5.96,-1.02926,0.0381309,5.96,-1.0439,0.00287387
5.98,-1.41501,0.406811,5.98,-0.21017,1.55158,5.98,-1.06883,0.0316005,5.98,-1.08029,-0.00359003
6,-0.793962,0.463745,6,-0.506894,1.51438,6,-0.610691,0.00954654,6,-0.606086,-0.0238357
6.02,-0.519429,0.387647,6.02,-0.519252,1.26182,6.02,-0.330553,0.0303875,6.02,-0.334785,-0.000667354
6.04,-0.588931,0.240896,6.04,-0.622754,1.11406,6.04,-0.299307,0.0340598,6.04,-0.313502,0.004146
6.06,-0.54759,0.21604,6.06,-0.736218,1.06096,6.06,-0.28287,0.0322671,6.06,-0.296419,0.00152943
6.08,-0.239185,0.168143,6.08,-0.728489,0.989776,6.08,-0.137655,0.020146,6.08,-0.137899,-0.0111364
6.1,0.393921,0.125399,6.1,-0.71986,0.933685,6.1,0.358201,-0.00367077,6.1,0.387408,-0.0352819
6.12,0.963389,0.12402,6.12,-0.928339,0.906037,6.12,1.01942,-0.00234716,6.12,1.06356,-0.0316707
6.14,1.2036,0.156222,6.14,-1.22967,0.881347,6.14,1.37465,0.0128556,6.14,1.41118,-0.0158782
6.16,1.33946,0.214965,6.16,-1.3672,0.852665,6.16,1.4415,0.022457,6.16,1.47831,-0.00596274
6.18,1.33002,0.308287,6.18,-1.26331,0.819017,6.18,1.2793,0.0303403,6.18,1.31162,0.00329223
6.2,0.716423,0.360006,6.2,-0.936193,0.798478,6.2,0.698266,0.0438672,6.2,0.710855,0.0179492
6.22,0.450437,0.264944,6.22,-0.839591,0.780243,6.22,0.401249,0.0105704,6.22,0.406043,-0.0149527
6.24,0.527425,0.155466,6.24,-0.711743,0.781353,6.24,0.378515,0.0164089,6.24,0.382876,-0.00852545
6.26,0.499684,0.174153,6.26,-0.577114,0.839262,6.26,0.252861,0.0249228,6.26,0.254642,5.12464e-05
6.28,0.201473,0.181278,6.28,-0.562245,0.915066,6.28,-0.0122608,0.0283463,6.28,-0.0154599,0.00420607
6.3,-0.43587,0.159288,6.3,-0.594986,1.0204,6.3,-0.344173,0.0267818,6.3,-0.357819,0.00329025
6.32,-1.01884,0.116639,6.32,-0.467097,1.21614,6.32,-0.577092,0.0188357,6.32,-0.593714,-0.00492653
6.34,-1.27343,0.18241,6.34,-0.275559,1.50269,6.34,-0.657478,0.0145313,6.34,-0.669169,-0.00896879
6.36,-1.43123,0.373325,6.36,-0.234702,1.76614,6.36,-0.643783,0.0143793,6.36,-0.65311,-0.00792129
6.38,-1.43369,0.550254,6.38,-0.41744,1.95957,6.38,-0.630696,0.0173282,6.38,-0.641182,-0.00446069
6.4,-0.803285,0.610454,6.4,-0.733394,1.90174,6.4,-0.433564,0.000323046,6.4,-0.435863,-0.0212822
6.42,-0.527533,0.525903,6.42,-0.745844,1.59664,6.42,-0.228147,0.01887,6.42,-0.241787,-0.000340293
6.44,-0.597409,0.361694,6.44,-0.845665,1.42436,6.44,-0.236817,0.0355574,6.44,-0.262842,0.0156884
6.46,-0.555382,0.334825,6.46,-0.955958,1.36535,6.46,-0.122033,0.0268838,6.46,-0.143112,0.00674746
6.48,-0.244106,0.287209,6.48,-0.941759,1.29463,6.48,0.114412,0.0208703,6.48,0.100602,0.00113561
6.5,0.390131,0.239547,6.5,-0.9205,1.24154,6.5,0.439675,0.0183498,6.5,0.431017,-0.00112331
6.52,0.956844,0.233874,6.52,-1.12257,1.22751,6.52,0.674883,0.0245986,6.52,0.665362,0.00566892
6.54,1.1949,0.273689,6.54,-1.42848,1.22675,6.54,0.705797,0.0357051,6.54,0.691755,0.0172812
6.56,1.32983,0.340476,6.56,-1.57906,1.20799,6.56,0.613764,0.0344075,6.56,0.600536,0.0159235
6.58,1.32145,0.452071,6.58,-1.48687,1.19008,6.58,0.510016,0.0337715,6.58,0.500086,0.0159611
6.6,0.711826,0.509364,6.6,-1.15645,1.15987,6.6,0.281288,0.0467112,6.6,0.271513,0.0295278
6.62,0.446927,0.404329,6.62,-1.04818,1.1143,6.62,0.153577,0.0323327,6.62,0.132821,0.015973
6.64,0.524134,0.273558,6.64,-0.915471,1.11657,6.64,0.158927,0.0494323,6.64,0.131097,0.0322096
6.66,0.497321,0.292327,6.66,-0.783735,1.17643,6.66,0.0549132,0.0540711,6.66,0.0215764,0.0368652
6.68,0.200625,0.302619,6.68,-0.778435,1.26209,6.68,-0.141707,0.0634758,6.68,-0.181759,0.0468825
6.7,-0.435332,0.271632,6.7,-0.820679,1.37849,6.7,-0.47947,0.0605206,6.7,-0.527045,0.0441495
6.72,-1.01711,0.229293,6.72,-0.708798,1.61876,6.72,-0.763932,0.0548092,6.72,-0.816908,0.0382671
6.74,-1.27018,0.295913,6.74,-0.534435,1.96282,6.74,-0.852943,0.0429499,6.74,-0.904408,0.0264266
6.76,-1.42665,0.49393,6.76,-0.502175,2.27528,6.76,-0.819733,0.0389973,6.76,-0.871067,0.0228024
6.78,-1.42896,0.676378,6.78,-0.694152,2.49753,6.78,-0.772213,0.0359162,6.78,-0.81766,0.0192556
6.8,-0.799806,0.737156,6.8,-1.02201,2.40988,6.8,-0.434101,0.0176912,6.8,-0.454172,0.00108818
6.82,-0.524442,0.651643,6.82,-1.03687,2.04378,6.82,-0.274294,0.0403567,6.82,-0.308304,0.026192
6.84,-0.594071,0.469914,6.84,-1.13056,1.83615,6.84,-0.290168,0.0513716,6.84,-0.334544,0.0356348
6.86,-0.552191,0.447212,6.86,-1.23594,1.77978,6.86,-0.168568,0.0488656,6.86,-0.2045,0.0329887
6.88,-0.241541,0.393449,6.88,-1.217,1.70815,6.88,0.079889,0.0386456,6.88,0.0550164,0.0224463
6.9,0.389719,0.339743,6.9,-1.18931,1.66673,6.9,0.478803,0.0351489,6.9,0.468914,0.0190169
6.92,0.950319,0.329302,6.92,-1.38981,1.69067,6.92,0.814018,0.0441674,6.92,0.818995,0.0283075
6.94,1.18265,0.366059,6.94,-1.70354,1.73559,6.94,0.924975,0.0521599,6.94,0.936054,0.0366701
6.96,1.31378,0.450421,6.96,-1.87049,1.76676,6.96,0.887699,0.0549783,6.96,0.909138,0.0393884
6.98,1.30745,0.575083,6.98,-1.7906,1.78375,6.98,0.820957,0.0614013,6.98,0.845238,0.0473768
7,0.705251,0.629854,7,-1.46983,1.73468,7,0.42002,0.0711512,7,0.413101,0.0575948
7.02,0.44157,0.511987,7.02,-1.36258,1.62183,7.02,0.265799,0.0472296,7.02,0.249837,0.0328789
7.04,0.518766,0.355681,7.04,-1.22625,1.59593,7.04,0.28608,0.0572253,7.04,0.265792,0.0424346
7.06,0.492468,0.37391,7.06,-1.09566,1.65673,7.06,0.163897,0.0644313,7.06,0.136665,0.0496902
7.08,0.19801,0.377902,7.08,-1.10233,1.74411,7.08,-0.112736,0.0757027,7.08,-0.153492,0.0614449
7.1,-0.437,0.350757,7.1,-1.16307,1.88628,7.1,-0.576988,0.0856396,7.1,-0.642283,0.0721086
7.12,-1.02049,0.298739,7.12,-1.07462,2.16815,7.12,-0.989081,0.0736613,7.12,-1.07167,0.0592364
7.14,-1.27481,0.365745,7.14,-0.925667,2.58649,7.14,-1.16885,0.0598486,7.14,-1.25483,0.0451797
7.16,-1.43191,0.570198,7.16,-0.915836,2.9677,7.16,-1.18989,0.0584735,7.16,-1.28063,0.0441861
7.18,-1.43355,0.753231,7.18,-1.12972,3.22654,7.18,-1.13613,0.0434738,7.18,-1.2167,0.0273462
7.2,-0.802176,0.81538,7.2,-1.46342,3.11686,7.2,-0.604987,0.0243926,7.2,-0.643506,0.00945387
7.22,-0.52662,0.721488,7.22,-1.45792,2.6783,7.22,-0.420871,0.0536364,7.22,-0.469132,0.0407255
7.24,-0.596624,0.518566,7.24,-1.53944,2.42398,7.24,-0.451526,0.0582624,7.24,-0.510581,0.0442782
7.26,-0.554575,0.493116,7.26,-1.63848,2.36507,7.26,-0.306943,0.0507823,7.26,-0.361026,0.036309
7.28,-0.243611,0.437952,7.28,-1.60535,2.29667,7.28,0.00530814,0.0394958,7.28,-0.0323114,0.0246197
7.3,0.390153,0.379637,7.3,-1.55897,2.27353,7.3,0.49415,0.0337859,7.3,0.478869,0.0189486
7.32,0.957149,0.360074,7.32,-1.7557,2.35005,7.32,0.914531,0.0388807,7.32,0.917379,0.0246536
7.34,1.19555,0.402139,7.34,-2.08258,2.47747,7.34,1.0827,0.0484556,7.34,1.09497,0.0340992
7.36,1.33076,0.494356,7.36,-2.27389,2.57873,7.36,1.10379,0.0481692,7.36,1.13067,0.0336841
7.38,1.3225,0.626414,7.38,-2.21251,2.647,7.38,1.0475,0.0573527,7.38,1.07344,0.0450939
7.4,0.712659,0.691632,7.4,-1.91344,2.58876,7.4,0.529135,0.0702051,7.4,0.519137,0.0577646
7.42,0.447435,0.569984,7.42,-1.80479,2.36755,7.42,0.342294,0.0349546,7.42,0.327213,0.0212184
7.44,0.52477,0.402909,7.44,-1.66001,2.29962,7.44,0.38214,0.0426175,7.44,0.368137,0.028601
7.46,0.498211,0.418282,7.46,-1.53604,2.35848,7.46,0.25709,0.0492594,7.46,0.2391,0.0353535
7.48,0.201647,0.420071,7.48,-1.5558,2.44736,7.48,-0.0532715,0.0601089,7.48,-0.0785738,0.0468223
7.5,-0.434052,0.388524,7.5,-1.63543,2.60518,7.5,-0.567349,0.0670393,7.5,-0.612879,0.0541423
7.52,-1.01503,0.338178,7.52,-1.57437,2.9415,7.52,-1.01229,0.0558399,7.52,-1.06806,0.0422846
7.54,-1.26737,0.402893,7.54,-1.45818,3.42881,7.54,-1.20886,0.0398663,7.54,-1.26196,0.0260245
7.56,-1.4235,0.598205,7.56,-1.47246,3.85906,7.56,-1.26268,0.0337659,7.56,-1.3167,0.0205911
7.58,-1.42622,0.775951,7.58,-1.70953,4.14515,7.58,-1.21043,0.0193324,7.58,-1.25772,0.00487828
7.6,-0.798286,0.835153,7.6,-2.03916,4.0121,7.6,-0.641963,0.0038223,7.6,-0.659119,-0.00983639
7.62,-0.52357,0.736081,7.62,-2.00008,3.49726,7.62,-0.440491,0.0287569,7.62,-0.46289,0.0164903
7.64,-0.593661,0.530001,7.64,-2.05977,3.19261,7.64,-0.479605,0.0302406,7.64,-0.508912,0.0172557
7.66,-0.552481,0.501526,7.66,-2.14873,3.13364,7.66,-0.344526,0.0188034,7.66,-0.366472,0.00529397
7.68,-0.242877,0.445982,7.68,-2.10768,3.07641,7.68,-0.0169827,0.00681987,7.68,-0.024084,-0.00710814
7.7,0.389819,0.385979,7.7,-2.04723,3.08934,7.7,0.512449,0.000783197,7.7,0.524984,-0.013074
7.72,0.95607,0.36479,7.72,-2.24906,3.24971,7.72,0.960535,0.0080242,7.72,0.98592,-0.00526415
7.74,1.1934,0.404937,7.74,-2.59496,3.46926,7.74,1.1447,0.0156302,7.74,1.17497,0.00215765
7.76,1.32752,0.496661,7.76,-2.81209,3.6398,7.76,1.19721,0.0164593,7.76,1.23979,0.00283299
7.78,1.31898,0.622504,7.78,-2.77195,3.75124,7.78,1.14641,0.0302636,7.78,1.18717,0.0185256
7.8,0.710016,0.67421,7.8,-2.49602,3.67061,7.8,0.584061,0.0379117,7.8,0.59585,0.026083
7.82,0.44516,0.553642,7.82,-2.38901,3.33693,7.82,0.376685,0.00504862,7.82,0.389442,-0.00773334
7.84,0.521976,0.385271,7.84,-2.22727,3.20346,7.84,0.424972,0.00819422,7.84,0.442148,-0.00439916
7.86,0.495182,0.401773,7.86,-2.10568,3.26503,7.86,0.310851,0.017111,7.86,0.323917,0.00481214
7.88,0.19892,0.401844,7.88,-2.14323,3.35591,7.88,-0.0116998,0.02809,7.88,-0.00847207,0.0163261
7.9,-0.433721,0.3695,7.9,-2.2391,3.52781,7.9,-0.562548,0.0343322,7.9,-0.577721,0.0227543
7.92,-1.00754,0.3215,7.92,-2.20544,3.90065,7.92,-1.03441,0.0240324,7.92,-1.05779,0.0117281
7.94,-1.25346,0.389934,7.94,-2.12439,4.42404,7.94,-1.24891,0.0145625,7.94,-1.27072,0.00238201
7.96,-1.40586,0.579889,7.96,-2.17568,4.87287,7.96,-1.33785,0.0143274,7.96,-1.3635,0.00254949
7.98,-1.41217,0.747368,7.98,-2.44117,5.16963,7.98,-1.29696,-0.00245222,7.98,-1.31657,-0.0155619
8,-0.792451,0.806006,8,-2.75527,5.04076,8,-0.695797,-0.0154982,8,-0.694714,-0.0280639
8.02,-0.51832,0.724751,8.02,-2.66332,4.49799,8.02,-0.475472,0.0194355,8.02,-0.479805,0.00809566
8.04,-0.588038,0.542768,8.04,-2.69016,4.17171,8.04,-0.521848,0.0243423,8.04,-0.530116,0.0122935
8.06,-0.547519,0.516707,8.06,-2.77748,4.12175,8.06,-0.399086,0.0148945,8.06,-0.405006,0.00281961
8.08,-0.240218,0.461712,8.08,-2.73369,4.0771,8.08,-0.0639455,0.00190425,8.08,-0.0639105,-0.0104563
8.1,0.391535,0.401329,8.1,-2.65911,4.12837,8.1,0.507406,-0.00557546,8.1,0.523151,-0.018112
8.12,0.959123,0.380685,8.12,-2.86409,4.35974,8.12,0.99552,0.00381109,8.12,1.01964,-0.00799145
8.14,1.19731,0.420189,8.14,-3.22451,4.63902,8.14,1.20698,0.0117537,8.14,1.2316,-0.000117324
8.16,1.33185,0.506665,8.16,-3.46612,4.84837,8.16,1.29686,0.011323,8.16,1.32591,-0.000627628
8.18,1.32293,0.621258,8.18,-3.45461,4.98142,8.18,1.25183,0.0276725,8.18,1.27253,0.017234
8.2,0.712041,0.665492,8.2,-3.19983,4.91085,8.2,0.643262,0.0366807,8.2,0.64268,0.0255723
8.22,0.446612,0.542014,8.22,-3.08749,4.50476,8.22,0.417994,0.0017579,8.22,0.428927,-0.0101293
8.24,0.523442,0.374588,8.24,-2.91697,4.28066,8.24,0.475288,-3.72297e-05,8.24,0.492708,-0.01124
8.26,0.496154,0.389799,8.26,-2.792,4.33525,8.26,0.377649,0.00880014,8.26,0.392193,-0.00226584
8.28,0.199167,0.390052,8.28,-2.83167,4.41717,8.28,0.052105,0.0226572,8.28,0.0592705,0.0123692
8.3,-0.43378,0.357371,8.3,-2.93647,4.57827,8.3,-0.536282,0.0291772,8.3,-0.543857,0.0188185
8.32,-1.0072,0.307684,8.32,-2.9272,4.92887,8.32,-1.04651,0.0177474,8.32,-1.06277,0.00699856
8.34,-1.25301,0.365633,8.34,-2.88202,5.39599,8.34,-1.28304,0.00878561,8.34,-1.30091,-0.00197364
8.36,-1.40579,0.527478,8.36,-2.96968,5.78266,8.36,-1.40715,0.00674536,8.36,-1.42923,-0.00391284
8.38,-1.41264,0.665012,8.38,-3.26321,6.03728,8.38,-1.37536,-0.0119315,8.38,-1.39012,-0.0238913
8.4,-0.79326,0.702065,8.4,-3.52194,5.9058,8.4,-0.740027,-0.0232743,8.4,-0.734441,-0.0343955
8.42,-0.518821,0.620144,8.42,-3.33791,5.37391,8.42,-0.504436,0.011271,8.42,-0.507891,0.00120972
8.44,-0.588535,0.449109,8.44,-3.31953,5.01655,8.44,-0.561694,0.0129525,8.44,-0.568763,0.0024495
8.46,-0.547958,0.421771,8.46,-3.38065,4.97069,8.46,-0.460806,0.00152138,8.46,-0.464682,-0.00887861
8.48,-0.240439,0.364084,8.48,-3.30689,4.92643,8.48,-0.127872,-0.0188403,8.48,-0.126313,-0.0299084
8.5,0.391274,0.305767,8.5,-3.19926,4.99591,8.5,0.481264,-0.0295083,8.5,0.50026,-0.0406725
8.52,0.958097,0.286925,8.52,-3.39004,5.24762,8.52,1.01526,-0.0198687,8.52,1.04561,-0.0302657
8.54,1.19562,0.322899,8.54,-3.74711,5.53035,8.54,1.25214,-0.00850753,8.54,1.28117,-0.0188256
8.56,1.32984,0.395818,8.56,-3.98195,5.74536,8.56,1.37312,-0.00597912,8.56,1.40491,-0.0162643
8.58,1.32109,0.490963,8.58,-3.96446,5.88663,8.58,1.33364,0.0138328,8.58,1.35863,0.00484413
8.6,0.711087,0.528423,8.6,-3.71486,5.85257,8.6,0.687953,0.0258964,8.6,0.692323,0.0162021
8.62,0.445881,0.417395,8.62,-3.62118,5.47346,8.62,0.447049,-0.00911078,8.62,0.462537,-0.019571
8.64,0.522741,0.286573,8.64,-3.46534,5.22122,8.64,0.513666,-0.00953703,8.64,0.534082,-0.0192407
8.66,0.495506,0.299358,8.66,-3.34108,5.26823,8.66,0.441467,-0.0030648,8.66,0.460602,-0.0126676
8.68,0.198723,0.308237,8.68,-3.38312,5.34783,8.68,0.121697,0.0180353,8.68,0.133003,0.00898356
8.7,-0.43386,0.281831,8.7,-3.49293,5.49322,8.7,-0.505576,0.0274687,8.7,-0.509121,0.0185399
8.72,-1.00673,0.233671,8.72,-3.49495,5.79554,8.72,-1.07117,0.0125313,8.72,-1.08732,0.00313363
8.74,-1.25203,0.280804,8.74,-3.46113,6.18627,8.74,-1.33411,0.00265711,8.74,-1.34946,-0.00690432
8.76,-1.4045,0.417532,8.76,-3.57073,6.50921,8.76,-1.49412,0.00229638,8.76,-1.51633,-0.00683386
8.78,-1.41139,0.526976,8.78,-3.88058,6.73012,8.78,-1.4723,-0.0223083,8.78,-1.48927,-0.033394
8.8,-0.792496,0.554578,8.8,-4.09983,6.63429,8.8,-0.799846,-0.0343511,8.8,-0.793057,-0.0443729
8.82,-0.518249,0.492049,8.82,-3.86445,6.16891,8.82,-0.541803,0.0014235,8.82,-0.544689,-0.00749953
8.84,-0.587955,0.346062,8.84,-3.82731,5.80271,8.84,-0.605143,0.000185444,8.84,-0.61029,-0.00926953
8.86,-0.547442,0.324546,8.86,-3.88241,5.76049,8.86,-0.533021,-0.00640053,8.86,-0.537738,-0.0157752
8.88,-0.240107,0.274508,8.88,-3.79708,5.72723,8.88,-0.207754,-0.0253814,8.88,-0.206654,-0.0353673
8.9,0.391396,0.222115,8.9,-3.69055,5.79782,8.9,0.433682,-0.0392835,8.9,0.448796,-0.0493345
8.92,0.95806,0.208967,8.92,-3.88309,6.01569,8.92,1.02302,-0.0285559,8.92,1.05062,-0.0382034
8.94,1.1954,0.238171,8.94,-4.23559,6.2564,8.94,1.28718,-0.0164213,8.94,1.31658,-0.0257229
8.96,1.32948,0.294103,8.96,-4.47308,6.43416,8.96,1.44358,-0.0139727,8.96,1.48165,-0.0235472
8.98,1.32072,0.370846,8.98,-4.46523,6.5435,8.98,1.42187,0.0115115,8.98,1.45702,0.00364132
9,0.710844,0.398282,9,-4.19193,6.47917,9,0.7494,0.0233365,9,0.759702,0.0151524
9.02,0.445971,0.301903,9.02,-4.05035,6.13542,9.02,0.484499,-0.0104956,9.02,0.506552,-0.0198914
9.04,0.523437,0.194592,9.04,-3.89054,5.90273,9.04,0.551005,-0.0118619,9.04,0.578017,-0.020406
9.06,0.496765,0.207869,9.06,-3.76321,5.93894,9.06,0.509525,-0.00627028,9.06,0.534028,-0.0150872
9.08,0.200521,0.216059,9.08,-3.79051,5.99977,9.08,0.209713,0.0118328,9.08,0.228103,0.00349282
9.1,-0.434495,0.201181,9.1,-3.89565,6.13299,9.1,-0.444814,0.0260819,9.1,-0.439478,0.0179421
9.12,-1.01505,0.163496,9.12,-3.8998,6.38778,9.12,-1.07389,0.0122905,9.12,-1.08191,0.00376981
9.14,-1.26715,0.203778,9.14,-3.86656,6.70071,9.14,-1.36693,0.00054013,9.14,-1.37583,-0.0084552
9.16,-1.42334,0.322045,9.16,-3.98615,6.96334,9.16,-1.55029,0.00138818,9.16,-1.56466,-0.00722839
9.18,-1.42635,0.410971,9.18,-4.30424,7.14835,9.18,-1.54203,-0.0271126,9.18,-1.55272,-0.0374439
9.2,-0.798677,0.436294,9.2,-4.48054,7.07427,9.2,-0.853313,-0.039686,9.2,-0.841171,-0.049565
9.22,-0.523758,0.399008,9.22,-4.19767,6.67965,9.22,-0.568048,-0.00124632,9.22,-0.56087,-0.00972654
9.24,-0.593904,0.278759,9.24,-4.15205,6.29169,9.24,-0.632429,0.00266655,9.24,-0.628763,-0.00617351
9.26,-0.552879,0.258706,9.26,-4.2007,6.25187,9.26,-0.589771,-0.00325959,9.26,-0.587114,-0.0117103
9.28,-0.243379,0.216765,9.28,-4.11277,6.23165,9.28,-0.280487,-0.0212998,9.28,-0.276327,-0.0302403
9.3,0.388989,0.176175,9.3,-4.01797,6.30851,9.3,0.367653,-0.0335989,9.3,0.38613,-0.0430116
9.32,0.954358,0.175132,9.32,-4.22101,6.51147,9.32,0.968452,-0.0186117,9.32,1.00344,-0.0274595
9.34,1.19088,0.19858,9.34,-4.58014,6.72926,9.34,1.23424,-0.00926459,9.34,1.27208,-0.0177137
9.36,1.32458,0.242813,9.36,-4.8309,6.8959,9.36,1.38561,-0.00568663,9.36,1.42925,-0.014531
9.38,1.31636,0.310028,9.38,-4.82736,6.99779,9.38,1.37745,0.0173082,9.38,1.41739,0.010488
9.4,0.708615,0.34379,9.4,-4.53415,6.92851,9.4,0.740573,0.032519,9.4,0.749908,0.0253997
9.42,0.444265,0.273632,9.42,-4.35827,6.60639,9.42,0.465177,0.000132673,9.42,0.485164,-0.00850222
9.44,0.521826,0.198803,9.44,-4.18381,6.38498,9.44,0.540957,-0.00170419,9.44,0.564404,-0.00976965
9.46,0.495875,0.212636,9.46,-4.05528,6.42225,9.46,0.518669,0.00376876,9.46,0.540202,-0.00428811
9.48,0.20059,0.228661,9.48,-4.09336,6.48852,9.48,0.226089,0.025069,9.48,0.238413,0.017519
9.5,-0.43379,0.22348,9.5,-4.19986,6.62424,9.5,-0.414462,0.0391117,9.5,-0.415076,0.0315002
9.52,-1.01403,0.199559,9.52,-4.19683,6.86228,9.52,-1.00427,0.0293789,9.52,-1.01907,0.0214583
9.54,-1.26554,0.238634,9.54,-4.1622,7.1282,9.54,-1.26292,0.0194268,9.54,-1.28221,0.0112839
9.56,-1.42102,0.346707,9.56,-4.28877,7.35444,9.56,-1.42074,0.0203174,9.56,-1.44921,0.0120309
9.58,-1.42389,0.4286,9.58,-4.6407,7.5201,9.58,-1.42556,-0.000830593,9.58,-1.45283,-0.0108719
9.6,-0.796751,0.460159,9.6,-4.81056,7.45376,9.6,-0.796819,-0.0121652,9.6,-0.800623,-0.0217826
9.62,-0.521825,0.445109,9.62,-4.52002,7.08972,9.62,-0.519242,0.0264197,9.62,-0.531541,0.0181792
9.64,-0.591669,0.356456,9.64,-4.43446,6.72817,9.64,-0.590747,0.030994,9.64,-0.609889,0.0221797
9.66,-0.550643,0.335905,9.66,-4.47185,6.6945,9.66,-0.553424,0.023346,9.66,-0.57456,0.0146011
9.68,-0.241343,0.294801,9.68,-4.39026,6.68542,9.68,-0.247352,0.00386145,9.68,-0.266067,-0.00537936
9.7,0.38839,0.257514,9.7,-4.30501,6.76589,9.7,0.38068,-0.00813409,9.7,0.376207,-0.0176351
9.72,0.947416,0.25674,9.72,-4.51004,6.94632,9.72,0.938533,0.00622228,9.72,0.94677,-0.00277143
9.74,1.17818,0.275746,9.74,-4.86929,7.14021,9.74,1.1681,0.0183908,9.74,1.17681,0.00969165
9.76,1.30821,0.303452,9.76,-5.11213,7.28417,9.76,1.29622,0.020662,9.76,1.30741,0.0118513
9.78,1.3023,0.354925,9.78,-5.09435,7.36728,9.78,1.29114,0.0409428,9.78,1.29738,0.0332222
9.8,0.702164,0.38513,9.8,-4.78219,7.2801,9.8,0.694704,0.0585699,9.8,0.679697,0.0506457
9.82,0.438981,0.325942,9.82,-4.58923,6.98254,9.82,0.432108,0.0308723,9.82,0.42592,0.021523
9.84,0.516393,0.264248,9.84,-4.40855,6.77056,9.84,0.510139,0.0281311,9.84,0.508694,0.0197068
9.86,0.490871,0.279842,9.86,-4.2909,6.81255,9.86,0.486445,0.0358431,9.86,0.482507,0.0272771
9.88,0.197693,0.292101,9.88,-4.35334,6.87524,9.88,0.19592,0.0516957,9.88,0.186078,0.0434354
9.9,-0.435861,0.289523,9.9,-4.47907,6.99925,9.9,-0.435343,0.0657816,9.9,-0.45774,0.0576927
9.92,-1.01786,0.26176,9.92,-4.48553,7.20146,9.92,-1.016,0.0522956,9.92,-1.05505,0.0439007
9.94,-1.2707,0.293794,9.94,-4.46187,7.42841,9.94,-1.26756,0.0429291,9.94,-1.31295,0.0342745
9.96,-1.42682,0.384897,9.96,-4.59602,7.6203,9.96,-1.42224,0.040884,9.96,-1.47787,0.0321735
9.98,-1.42891,0.456045,9.98,-4.96563,7.76262,9.98,-1.42451,0.022784,9.98,-1.47761,0.0122627
10,-0.799359,0.480189,10,-5.1091,7.68216,10,-0.796399,0.010596,10,-0.823711,0.000284599
10.02,-0.524255,0.463045,10.02,-4.79683,7.31441,10.02,-0.521587,0.0438462,10.02,-0.555024,0.0352454
10.04,-0.594447,0.377897,10.04,-4.67581,6.94094,10.04,-0.591904,0.0441354,10.04,-0.629835,0.0352576
10.06,-0.553074,0.357228,10.06,-4.65965,6.91046,10.06,-0.550921,0.0357603,10.06,-0.589142,0.0268217
10.08,-0.243252,0.32192,10.08,-4.55056,6.91342,10.08,-0.241933,0.0208022,10.08,-0.273743,0.0114897
10.1,0.389239,0.284145,10.1,-4.44932,6.99134,10.1,0.389851,0.00657039,10.1,0.371821,-0.0031684
10.12,0.954998,0.280909,10.12,-4.63401,7.14954,10.12,0.955548,0.0176572,10.12,0.952493,0.00828729
10.14,1.19209,0.295506,10.14,-4.97809,7.31655,10.14,1.19262,0.0280301,10.14,1.19483,0.0190516
10.16,1.32638,0.315335,10.16,-5.19576,7.44,10.16,1.32675,0.0280973,10.16,1.33513,0.0189146
10.18,1.3184,0.359136,10.18,-5.14053,7.50705,10.18,1.31872,0.0470375,10.18,1.32453,0.0393142
10.2,0.710157,0.380416,10.2,-4.80802,7.41568,10.2,0.710366,0.0597422,10.2,0.694681,0.0516386
10.22,0.445341,0.319434,10.22,-4.63255,7.14894,10.22,0.445403,0.028064,10.22,0.440877,0.0187112
10.24,0.522909,0.253328,10.24,-4.46242,6.93483,10.24,0.522977,0.0234258,10.24,0.5245,0.0148073
10.26,0.49693,0.26762,10.26,-4.35493,6.98075,10.26,0.496973,0.0299502,10.26,0.498836,0.0213122
10.28,0.201354,0.290697,10.28,-4.45138,7.05731,10.28,0.201352,0.0551793,10.28,0.197438,0.0468858
10.3,-0.433211,0.289871,10.3,-4.60018,7.17409,10.3,-0.433214,0.068614,10.3,-0.449791,0.0605068
10.32,-1.01306,0.260873,10.32,-4.60567,7.35229,10.32,-1.01301,0.0527161,10.32,-1.0455,0.0443687
10.34,-1.26427,0.287063,10.34,-4.58805,7.55173,10.34,-1.26425,0.0404317,10.34,-1.29778,0.0314621
10.36,-1.41966,0.375244,10.36,-4.72376,7.72844,10.36,-1.41973,0.0430743,10.36,-1.46067,0.0343765
10.38,-1.42275,0.433288,10.38,-5.09256,7.85119,10.38,-1.42291,0.0199997,10.38,-1.46154,0.00955735
10.4,-0.796232,0.449665,10.4,-5.22101,7.78017,10.4,-0.79647,0.005119,10.4,-0.810327,-0.00493441
10.42,-0.521803,0.43168,10.42,-4.91982,7.45189,10.42,-0.521944,0.0355757,10.42,-0.545445,0.0268737
10.44,-0.592041,0.35173,10.44,-4.78813,7.09722,10.44,-0.59219,0.0358265,10.44,-0.619795,0.0266812
10.46,-0.551406,0.331275,10.46,-4.7289,7.06719,10.46,-0.551551,0.0271291,10.46,-0.578592,0.0179958
10.48,-0.242698,0.294502,10.48,-4.60311,7.06708,10.48,-0.242793,0.00942512,10.48,-0.266783,1.06855e-05
10.5,0.388991,0.261266,10.5,-4.49987,7.13847,10.5,0.388856,-0.00185602,10.5,0.376064,-0.0115767
10.52,0.954236,0.257973,10.52,-4.68677,7.27202,10.52,0.953829,0.00900962,10.52,0.959285,-0.00034806
10.54,1.19053,0.267719,10.54,-5.03769,7.40739,10.54,1.18989,0.0175712,10.54,1.20246,0.00868368
10.56,1.32392,0.2836,10.56,-5.26174,7.50982,10.56,1.32318,0.0200978,10.56,1.34297,0.0109892
10.58,1.31563,0.317392,10.58,-5.20265,7.55751,10.58,1.31496,0.0358102,10.58,1.33412,0.0281254
10.6,0.707978,0.338149,10.6,-4.86332,7.47898,10.6,0.70763,0.0511676,10.6,0.703241,0.0433056
10.62,0.443465,0.281132,10.62,-4.6935,7.24718,10.62,0.443193,0.0202138,10.62,0.445065,0.0110217
10.64,0.520452,0.227114,10.64,-4.5147,7.05789,10.64,0.520196,0.0146511,10.64,0.52747,0.00595533
10.66,0.494138,0.242029,10.66,-4.40751,7.10325,10.66,0.493907,0.0220111,10.66,0.50243,0.0134671
10.68,0.198688,0.255794,10.68,-4.50938,7.16473,10.68,0.198531,0.0381251,10.68,0.204287,0.0297834
10.7,-0.433013,0.253607,10.7,-4.66298,7.26326,10.7,-0.433038,0.0503057,10.7,-0.44156,0.0425324
10.72,-1.00589,0.225518,10.72,-4.67997,7.41378,10.72,-1.0057,0.0362976,10.72,-1.03711,0.0282988
10.74,-1.25088,0.246919,10.74,-4.67782,7.58042,10.74,-1.25049,0.0238416,10.74,-1.28853,0.0150223
10.76,-1.40267,0.323375,10.76,-4.8169,7.7275,10.76,-1.40216,0.0241924,10.76,-1.44653,0.0154235
10.78,-1.40923,0.374881,10.78,-5.17953,7.83218,10.78,-1.40873,0.00355253,10.78,-1.44576,-0.00749967
10.8,-0.790698,0.388796,10.8,-5.27337,7.76698,10.8,-0.790397,-0.0105388,10.8,-0.795075,-0.0208127
10.82,-0.516835,0.379675,10.82,-4.96982,7.47067,10.82,-0.516611,0.0225699,10.82,-0.532521,0.0140327
10.84,-0.586646,0.311238,10.84,-4.82891,7.12853,10.84,-0.586417,0.0253972,10.84,-0.609026,0.0163805
10.86,-0.546582,0.290523,10.86,-4.73449,7.09672,10.86,-0.546377,0.0161688,10.86,-0.568297,0.00707278
10.88,-0.240002,0.256533,10.88,-4.58552,7.08864,10.88,-0.239867,-0.000222179,10.88,-0.25878,-0.00938371
10.9,0.391008,0.227656,10.9,-4.47146,7.13391,10.9,0.39106,-0.009532,10.9,0.385575,-0.0191502
10.92,0.958108,0.228704,10.92,-4.64958,7.22802,10.92,0.958093,0.00390845,10.92,0.974816,-0.00553089
10.94,1.19572,0.239047,10.94,-4.99132,7.32274,10.94,1.19563,0.0137877,10.94,1.222,0.00482041
10.96,1.32974,0.255564,10.96,-5.21003,7.39836,10.96,1.3296,0.019379,10.96,1.36238,0.0103556
10.98,1.3208,0.291826,10.98,-5.1445,7.4347,10.98,1.32066,0.0399543,10.98,1.34908,0.0326586
11,0.710703,0.313542,11,-4.81405,7.37591,11,0.710608,0.0553107,11,0.707909,0.0478627
11.02,0.445792,0.261662,11.02,-4.64643,7.17714,11.02,0.445723,0.022403,11.02,0.447948,0.0135307
11.04,0.523379,0.219081,11.04,-4.46978,6.99176,11.04,0.523313,0.0189654,11.04,0.528464,0.0105063
11.06,0.496995,0.231012,11.06,-4.36009,7.03191,11.06,0.496943,0.0233881,11.06,0.505395,0.0148072
11.08,0.201065,0.246472,11.08,-4.46005,7.09036,11.08,0.201047,0.0394934,11.08,0.204643,0.0314197
11.1,-0.433705,0.248862,11.1,-4.61117,7.18076,11.1,-0.433683,0.0532201,11.1,-0.444679,0.0458137
11.12,-1.01412,0.223309,11.12,-4.62995,7.31168,11.12,-1.01407,0.0383072,11.12,-1.04522,0.0306691
11.14,-1.26606,0.245039,11.14,-4.63261,7.46046,11.14,-1.26597,0.0283641,11.14,-1.30561,0.0202823
11.16,-1.42212,0.314243,11.16,-4.77612,7.58891,11.16,-1.42202,0.0266426,11.16,-1.47122,0.0186522
11.18,-1.42531,0.35976,11.18,-5.13181,7.68184,11.18,-1.42523,0.00388747,11.18,-1.46878,-0.00631239
11.2,-0.79807,0.37283,11.2,-5.20262,7.62551,11.2,-0.798023,-0.0124711,11.2,-0.810154,-0.0222521
11.22,-0.52317,0.37291,11.22,-4.89221,7.36077,11.22,-0.523128,0.0198373,11.22,-0.545244,0.0120289
11.24,-0.593408,0.313876,11.24,-4.75945,7.00762,11.24,-0.593372,0.0218513,11.24,-0.62229,0.0135453
11.26,-0.552652,0.292674,11.26,-4.66131,6.9767,11.26,-0.552638,0.0115115,11.26,-0.580649,0.00320717
11.28,-0.243501,0.256824,11.28,-4.50408,6.96243,11.28,-0.243517,-0.00856014,11.28,-0.264667,-0.0172796
11.3,0.388495,0.231054,11.3,-4.38982,6.99592,11.3,0.388441,-0.0178004,11.3,0.381257,-0.0269433
11.32,0.953436,0.235811,11.32,-4.57287,7.06862,11.32,0.953337,-0.00388712,11.32,0.964977,-0.0124147
11.34,1.18952,0.245576,11.34,-4.91304,7.13759,11.34,1.18937,0.00663141,11.34,1.20729,-0.00150087
11.36,1.3229,0.247149,11.36,-5.12187,7.17963,11.36,1.32272,0.00299488,11.36,1.35067,-0.0055644
11.38,1.3148,0.278165,11.38,-5.04754,7.20148,11.38,1.31464,0.024045,11.38,1.34184,0.0174308
11.4,0.707663,0.295029,11.4,-4.71132,7.14907,11.4,0.707569,0.0366172,11.4,0.708277,0.0294957
11.42,0.443458,0.249031,11.42,-4.54741,6.97451,11.42,0.443378,0.00455378,11.42,0.44947,-0.0039552
11.44,0.521104,0.215541,11.44,-4.36193,6.79208,11.44,0.521034,-6.35118e-05,11.44,0.532089,-0.00789055
11.46,0.495369,0.229287,11.46,-4.24051,6.83012,11.46,0.495324,0.00632731,11.46,0.50871,-0.00154808
11.48,0.20044,0.249394,11.48,-4.32024,6.88442,11.48,0.200435,0.0262886,11.48,0.210887,0.018862
11.5,-0.433535,0.25204,11.5,-4.45686,6.95654,11.5,-0.433493,0.0382929,11.5,-0.434929,0.0314074
11.52,-1.01337,0.231855,11.52,-4.47049,7.06392,11.52,-1.01328,0.026779,11.52,-1.03542,0.0196721
11.54,-1.26449,0.251638,11.54,-4.46083,7.1815,11.54,-1.26434,0.0171063,11.54,-1.29182,0.00934812
11.56,-1.4197,0.312316,11.56,-4.59358,7.27986,11.56,-1.41952,0.0138643,11.56,-1.45268,0.00604529
11.58,-1.42268,0.353002,11.58,-4.93881,7.35549,11.58,-1.42252,-0.00524507,11.58,-1.45239,-0.0151576
11.6,-0.79603,0.360876,11.6,-4.98729,7.30626,11.6,-0.795934,-0.0212966,11.6,-0.79517,-0.0308541
11.62,-0.521208,0.365205,11.62,-4.67223,7.08791,11.62,-0.521125,0.0136064,11.62,-0.53041,0.00587816
11.64,-0.591088,0.317824,11.64,-4.56009,6.7973,11.64,-0.591011,0.0169952,11.64,-0.607732,0.0088331
11.66,-0.550235,0.299817,11.66,-4.49441,6.77388,11.66,-0.550182,0.00950929,11.66,-0.56632,0.00110401
11.68,-0.241231,0.26666,11.68,-4.35582,6.76815,11.68,-0.241218,-0.00890299,11.68,-0.254039,-0.0173938
11.7,0.388177,0.237072,11.7,-4.25514,6.80553,11.7,0.388145,-0.0237709,11.7,0.386852,-0.0328063
11.72,0.946905,0.245374,11.72,-4.4438,6.88587,11.72,0.946831,-0.00819562,11.72,0.96526,-0.0171389
11.74,1.17737,0.256293,11.74,-4.78077,6.95479,11.74,1.17725,0.00368509,11.74,1.20484,-0.00478945
11.76,1.30719,0.261396,11.76,-4.98802,6.99639,11.76,1.30704,0.00522009,11.76,1.34387,-0.00324235
11.78,1.30135,0.289831,11.78,-4.92282,7.01005,11.78,1.30122,0.0257699,11.78,1.33306,0.0189544
11.8,0.701593,0.305114,11.8,-4.60058,6.95901,11.8,0.701509,0.0383944,11.8,0.706582,0.0310671
11.82,0.438499,0.258845,11.82,-4.44417,6.79207,11.82,0.438429,0.00570529,11.82,0.452525,-0.00311498
11.84,0.515952,0.228295,11.84,-4.26043,6.61615,11.84,0.515887,0.00194108,11.84,0.534705,-0.00604637
11.86,0.490576,0.244471,11.86,-4.13669,6.64985,11.86,0.490532,0.0107735,11.86,0.508049,0.00283593
11.88,0.197639,0.267047,11.88,-4.19763,6.69408,11.88,0.197629,0.0330474,11.88,0.21029,0.0254694
11.9,-0.43564,0.269017,11.9,-4.32168,6.74293,11.9,-0.43561,0.043848,11.9,-0.434248,0.0365194
11.92,-1.01736,0.246595,11.92,-4.33311,6.81433,11.92,-1.01729,0.0302633,11.92,-1.0324,0.0227033
11.94,-1.26992,0.261856,11.94,-4.32602,6.89196,11.94,-1.26981,0.0182252,11.94,-1.28999,0.0100857
11.96,-1.42586,0.325948,11.96,-4.46874,6.96454,11.96,-1.42573,0.0219201,11.96,-1.45584,0.0140446
11.98,-1.42805,0.358086,11.98,-4.81543,7.00738,11.98,-1.42793,-0.00239044,11.98,-1.45457,-0.0122863
12,-0.798838,0.366304,12,-4.82753,6.95654,12,-0.798766,-0.0169608,12,-0.800131,-0.0263506
12.02,-0.52393,0.368386,12.02,-4.47482,6.77154,12.02,-0.523754,0.0150016,12.02,-0.53545,0.00705747
12.04,-0.59474,0.320755,12.04,-4.37161,6.5148,12.04,-0.593987,0.015898,12.04,-0.610431,0.00732918
12.06,-0.553089,0.30566,12.06,-4.31138,6.49614,12.06,-0.552763,0.0108,12.06,-0.569119,0.00216973
12.08,-0.242749,0.272656,12.08,-4.15928,6.48742,12.08,-0.243188,-0.00835257,12.08,-0.256958,-0.0171112
12.1,0.39246,0.249877,12.1,-4.0476,6.52249,12.1,0.389022,-0.01736,12.1,0.384018,-0.0263983
12.12,0.963192,0.253636,12.12,-4.22547,6.58233,12.12,0.954496,-0.00583612,12.12,0.965522,-0.0149321
12.14,1.20237,0.262029,12.14,-4.53717,6.63026,12.14,1.1913,0.00453684,12.14,1.21105,-0.00410989
12.16,1.33395,0.263436,12.16,-4.73541,6.65436,12.16,1.32538,0.00559309,12.16,1.35308,-0.00312024
12.18,1.32868,0.289763,12.18,-4.66325,6.6561,12.18,1.31747,0.0270515,12.18,1.34114,0.0201855
12.2,0.723014,0.304764,12.2,-4.37146,6.61288,12.2,0.709591,0.0411407,12.2,0.70636,0.0334695
12.22,0.450978,0.259229,12.22,-4.25623,6.47035,12.22,0.444867,0.00828958,12.22,0.452672,-0.000684009
12.24,0.503407,0.227396,12.24,-4.08212,6.29814,12.24,0.522487,0.00508878,12.24,0.534981,-0.00313522
12.26,0.464201,0.241183,12.26,-3.9462,6.32544,12.26,0.496638,0.013593,12.26,0.50853,0.00534501
12.28,0.170618,0.258569,12.28,-3.98235,6.35616,12.28,0.201285,0.0300533,12.28,0.210784,0.0219149
12.3,-0.467316,0.265006,12.3,-4.08854,6.39422,12.3,-0.433023,0.043911,12.3,-0.43435,0.0363272
12.32,-1.046,0.245732,12.32,-4.09021,6.44658,12.32,-1.01261,0.0312741,12.32,-1.03308,0.0236891
12.34,-1.31362,0.25733,12.34,-4.08254,6.4989,12.34,-1.26355,0.0177225,12.34,-1.2921,0.00938627
12.36,-1.4632,0.309808,12.36,-4.19591,6.54506,12.36,-1.41878,0.018263,12.36,-1.45578,0.0102148
12.38,-1.43727,0.339093,12.38,-4.4976,6.57617,12.38,-1.42195,-0.00198216,12.38,-1.45799,-0.0122254
12.4,-0.794209,0.340282,12.4,-4.50378,6.52496,12.4,-0.795763,-0.0227116,12.4,-0.799442,-0.0326867
12.42,-0.534767,0.347733,12.42,-4.17204,6.39287,12.42,-0.521398,0.0124554,12.42,-0.533685,0.00436994
12.44,-0.62074,0.296764,12.44,-4.14414,6.19117,12.44,-0.591669,0.0141662,12.44,-0.610832,0.00565781
12.46,-0.583268,0.278889,12.46,-4.13554,6.16621,12.46,-0.551157,0.00645191,12.46,-0.570669,-0.00226123
12.48,-0.277185,0.249722,12.48,-4.00096,6.15408,12.48,-0.242653,-0.0105487,12.48,-0.25806,-0.0194312
12.5,0.32426,0.228784,12.5,-3.92483,6.17593,12.5,0.388806,-0.0219633,12.5,0.384394,-0.0312321
12.52,0.859119,0.229231,12.52,-4.13901,6.21563,12.52,0.953824,-0.0108871,12.52,0.967866,-0.0198546
12.54,1.08174,0.227844,12.54,-4.44863,6.23574,12.54,1.18988,-0.00537253,12.54,1.21213,-0.0139577
12.56,1.1941,0.221208,12.56,-4.61845,6.23901,12.56,1.3231,-0.00485307,12.56,1.35478,-0.0135795
12.58,1.21779,0.236467,12.58,-4.52334,6.22134,12.58,1.31488,0.0117905,12.58,1.34643,0.00481109
12.6,0.671944,0.26294,12.6,-4.19646,6.18572,12.6,0.707517,0.0281473,12.6,0.710523,0.020911
12.62,0.402099,0.235421,12.62,-4.08605,6.073,12.62,0.443082,-0.00242275,12.62,0.457103,-0.0112293
12.64,0.427683,0.197707,12.64,-3.91698,5.93366,12.64,0.520108,-0.00707094,12.64,0.541693,-0.0151223
12.66,0.373821,0.209701,12.66,-3.74004,5.94916,12.66,0.493901,-0.00198049,12.66,0.515301,-0.0100021
12.68,0.0923099,0.235863,12.68,-3.7099,5.975,12.68,0.198633,0.0176022,12.68,0.216445,0.0100404
12.7,-0.559448,0.250298,12.7,-3.77159,5.99924,12.7,-0.432858,0.0298839,12.7,-0.425059,0.0225558
12.72,-1.16833,0.231822,12.72,-3.74113,6.03153,12.72,-1.00553,0.0178503,12.72,-1.01308,0.0103012
12.74,-1.42683,0.2446,12.74,-3.70032,6.06607,12.74,-1.25031,0.00865781,12.74,-1.26473,0.000699051
12.76,-1.54887,0.293241,12.76,-3.75286,6.08837,12.76,-1.40197,0.00836495,12.76,-1.42471,0.000314586
12.78,-1.46496,0.324977,12.78,-3.99846,6.10341,12.78,-1.40858,-0.0113395,12.78,-1.42715,-0.0211419
12.8,-0.789396,0.354797,12.8,-4.0313,6.05269,12.8,-0.790309,-0.0269222,12.8,-0.781287,-0.0364333
12.82,-0.557627,0.370888,12.82,-3.74496,5.9369,12.82,-0.516507,0.0100946,12.82,-0.516799,0.00234871
12.84,-0.64876,0.245996,12.84,-3.78746,5.75118,12.84,-0.586338,0.0135289,12.84,-0.592249,0.00522109
12.86,-0.591244,0.233842,12.86,-3.82192,5.71971,12.86,-0.546374,0.00550314,12.86,-0.55219,-0.0027946
12.88,-0.282349,0.216538,12.88,-3.70682,5.69914,12.88,-0.239954,-0.0104526,12.88,-0.244033,-0.0190991
12.9,0.296041,0.205742,12.9,-3.65713,5.70933,12.9,0.390879,-0.0193561,12.9,0.397113,-0.0283854
12.92,0.808647,0.200753,12.92,-3.87723,5.73127,12.92,0.957797,-0.00563543,12.92,0.980549,-0.0146274
12.94,1.01761,0.190431,12.94,-4.17674,5.73777,12.94,1.19522,0.0082574,12.94,1.22501,-0.000245632
12.96,1.13072,0.171485,12.96,-4.33527,5.72166,12.96,1.32911,0.011552,12.96,1.36453,0.00311234
12.98,1.18522,0.188144,12.98,-4.22786,5.68279,12.98,1.32022,0.0297899,12.98,1.34884,0.0231206
13,0.674167,0.240604,13,-3.86964,5.63298,13,0.710349,0.0440058,13,0.711319,0.0368477
13.02,0.39378,0.238418,13.02,-3.77361,5.51853,13.02,0.445495,0.0121452,13.02,0.45567,0.00354295
13.04,0.409301,0.145372,13.04,-3.63027,5.36725,13.04,0.523115,0.0079442,13.04,0.537354,3.74998e-05
13.06,0.345975,0.173373,13.06,-3.43232,5.38094,13.06,0.496815,0.0197426,13.06,0.507418,0.0118291
13.08,0.0590527,0.213216,13.08,-3.34798,5.39721,13.08,0.201029,0.0393362,13.08,0.20445,0.0315691
13.1,-0.610122,0.241159,13.1,-3.36591,5.40507,13.1,-0.433573,0.049436,13.1,-0.439611,0.0418773
13.12,-1.25713,0.224602,13.12,-3.3041,5.41449,13.12,-1.01381,0.0373909,13.12,-1.03522,0.029871
13.14,-1.53165,0.228942,13.14,-3.236,5.41882,13.14,-1.26557,0.0260416,13.14,-1.29719,0.0182428
13.16,-1.65445,0.277088,13.16,-3.25216,5.41808,13.16,-1.42153,0.03116,13.16,-1.4637,0.023379
13.18,-1.51554,0.316777,13.18,-3.45957,5.40322,13.18,-1.42478,0.00789758,13.18,-1.46375,-0.00161208
13.2,-0.794386,0.389229,13.2,-3.4947,5.33517,13.2,-0.79776,-0.00576376,13.2,-0.809951,-0.0150592
13.22,-0.589675,0.401254,13.22,-3.23723,5.21576,13.22,-0.522902,0.028255,13.22,-0.541562,0.0203475
13.24,-0.68614,0.0885995,13.24,-3.31635,5.01473,13.24,-0.593163,0.0330861,13.24,-0.616217,0.024838
13.26,-0.60437,0.086469,13.26,-3.35504,4.97515,13.26,-0.552489,0.0238832,13.26,-0.575816,0.0154823
13.28,-0.289757,0.0917151,13.28,-3.24017,4.94713,13.28,-0.243472,0.0105984,13.28,-0.265084,0.00196256
13.3,0.277636,0.091599,13.3,-3.17857,4.94181,13.3,0.388371,0.00189539,13.3,0.377263,-0.00710989
13.32,0.765118,0.0886842,13.32,-3.37001,4.94903,13.32,0.95316,0.0206614,13.32,0.954422,0.0121418
13.34,0.964447,0.0707956,13.34,-3.63693,4.93216,13.34,1.18908,0.0341736,13.34,1.19332,0.0256627
13.36,1.08693,0.0574346,13.36,-3.76854,4.88719,13.36,1.32235,0.0313706,13.36,1.33636,0.0226378
13.38,1.166,0.104084,13.38,-3.65494,4.82567,13.38,1.31429,0.0510196,13.38,1.32792,0.0440019
13.4,0.677971,0.201591,13.4,-3.28639,4.75804,13.4,0.707353,0.0630462,13.4,0.694609,0.0558028
13.42,0.389012,0.23246,13.42,-3.20276,4.64996,13.42,0.443198,0.0305334,13.42,0.436395,0.021737
13.44,0.393191,0.125102,13.44,-3.10119,4.49768,13.44,0.520872,0.0282882,13.44,0.519357,0.0202085
13.46,0.319689,0.152417,13.46,-2.90929,4.50032,13.46,0.495209,0.0366931,13.46,0.492647,0.0286206
13.48,0.0312358,0.20153,13.48,-2.79364,4.51001,13.48,0.200403,0.0595817,13.48,0.19092,0.0519459
13.5,-0.642577,0.243343,13.5,-2.78686,4.50615,13.5,-0.433432,0.0731958,13.5,-0.454223,0.0657842
13.52,-1.31156,0.232396,13.52,-2.71359,4.48748,13.52,-1.01313,0.0580924,13.52,-1.04793,0.0504581
13.54,-1.59763,0.230611,13.54,-2.625,4.45945,13.54,-1.2641,0.0464912,13.54,-1.30472,0.0385977
13.56,-1.72502,0.25558,13.56,-2.60546,4.41817,13.56,-1.41922,0.0457857,13.56,-1.47045,0.0379094
13.58,-1.54272,0.270814,13.58,-2.74962,4.36888,13.58,-1.42225,0.0233483,13.58,-1.47094,0.0138324
13.6,-0.795861,0.325448,13.6,-2.74967,4.27602,13.6,-0.795777,0.0103692,13.6,-0.818957,0.00129354
13.62,-0.610548,0.33233,13.62,-2.54473,4.16405,13.62,-0.52099,0.042614,13.62,-0.552272,0.0349998
13.64,-0.721512,0.0646279,13.64,-2.63236,4.00037,13.64,-0.590885,0.0467323,13.64,-0.628832,0.0386011
13.66,-0.619375,0.062051,13.66,-2.66698,3.9595,13.66,-0.550099,0.039487,13.66,-0.588427,0.0313562
13.68,-0.298949,0.0575157,13.68,-2.56158,3.91472,13.68,-0.241206,0.0199267,13.68,-0.275061,0.0115252
13.7,0.240279,0.0487411,13.7,-2.45693,3.89032,13.7,0.388077,0.0107276,13.7,0.365687,0.00204789
13.72,0.695686,0.0361477,13.72,-2.58283,3.87363,13.72,0.946683,0.0276644,13.72,0.93615,0.019449
13.74,0.891198,0.0135015,13.74,-2.79832,3.8298,13.74,1.17703,0.0397351,13.74,1.16827,0.0315455
13.76,1.02929,-0.00208419,13.76,-2.89562,3.75895,13.76,1.30676,0.0371514,13.76,1.30475,0.0285826
13.78,1.13878,0.031486,13.78,-2.80016,3.67023,13.78,1.30096,0.0542435,13.78,1.29789,0.0472352
13.8,0.675278,0.112505,13.8,-2.47076,3.58941,13.8,0.701355,0.0718982,13.8,0.674088,0.0645673
13.82,0.37999,0.136809,13.82,-2.40355,3.49896,13.82,0.438299,0.0415587,13.82,0.42128,0.0327953
13.84,0.374564,0.0734578,13.84,-2.34882,3.37359,13.84,0.515768,0.0387499,13.84,0.504382,0.0308405
13.86,0.29109,0.0943676,13.86,-2.20777,3.3719,13.86,0.490454,0.0481719,13.86,0.47766,0.0401868
13.88,0.00767245,0.127333,13.88,-2.10969,3.36643,13.88,0.197616,0.0635406,13.88,0.181432,0.0556357
13.9,-0.671897,0.166273,13.9,-2.13277,3.35104,13.9,-0.435548,0.0764443,13.9,-0.462608,0.0687559
13.92,-1.36875,0.164072,13.92,-2.1162,3.31738,13.92,-1.01715,0.0643541,13.92,-1.06088,0.0566014
13.94,-1.67976,0.158531,13.94,-2.06446,3.26572,13.94,-1.26959,0.0518103,13.94,-1.31813,0.0435952
13.96,-1.82045,0.170649,13.96,-2.04161,3.20149,13.96,-1.42546,0.0506076,13.96,-1.48398,0.0423837
13.98,-1.5972,0.17017,13.98,-2.10653,3.13206,13.98,-1.42768,0.0302678,13.98,-1.48398,0.0204401
14,-0.819798,0.20406,14,-1.99192,3.02756,14,-0.798616,0.0160534,14,-0.829094,0.00634935
14.02,-0.669206,0.213994,14.02,-1.83328,2.92617,14.02,-0.523628,0.04929,14.02,-0.5662,0.0412686
14.04,-0.771517,0.00893306,14.04,-1.9073,2.77757,14.04,-0.593871,0.0486391,14.04,-0.643973,0.0401223
14.06,-0.634764,-0.000492131,14.06,-1.90866,2.73564,14.06,-0.552683,0.0379779,14.06,-0.601168,0.0289951
14.08,-0.300686,-0.0103603,14.08,-1.76382,2.6856,14.08,-0.243169,0.0174837,14.08,-0.282666,0.00838979
14.1,0.219854,-0.0209935,14.1,-1.49813,2.64352,14.1,0.388972,0.00714822,14.1,0.359718,-0.00187797
14.12,0.653918,-0.0279083,14.12,-1.39669,2.60993,14.12,0.954377,0.0213242,14.12,0.93537,0.0124834
14.14,0.849686,-0.0417827,14.14,-1.45169,2.55481,14.14,1.19111,0.0310309,14.14,1.17719,0.0221632
14.16,1.00501,-0.0511334,14.16,-1.46041,2.48275,14.16,1.32514,0.0327145,14.16,1.31725,0.0238237
14.18,1.14018,-0.0283785,14.18,-1.36737,2.39739,14.18,1.31725,0.0519501,14.18,1.31183,0.0441139
14.2,0.683419,0.0237778,14.2,-1.39033,2.32501,14.2,0.709454,0.0662209,14.2,0.687879,0.0579344
14.22,0.378701,0.0244569,14.22,-1.41315,2.23423,14.22,0.444753,0.0302654,14.22,0.429633,0.0211374
14.24,0.373248,-0.0307131,14.24,-1.32059,2.1376,14.24,0.522384,0.0246649,14.24,0.512626,0.0160044
14.26,0.296582,-0.0156938,14.26,-1.29388,2.14506,14.26,0.496567,0.0341483,14.26,0.487724,0.0255906
14.28,0.0185119,0.0118352,14.28,-1.39698,2.15039,14.28,0.201267,0.0514332,14.28,0.191459,0.0430543
14.3,-0.671469,0.044674,14.3,-1.68847,2.14888,14.3,-0.432978,0.0641,14.3,-0.451945,0.056061
14.32,-1.39643,0.0362026,14.32,-1.93901,2.11457,14.32,-1.0125,0.0476106,14.32,-1.042,0.0393011
14.34,-1.7332,0.0260114,14.34,-2.03027,2.07649,14.34,-1.26338,0.036412,14.34,-1.29236,0.0276674
14.36,-1.88478,0.0331173,14.36,-2.08069,2.02909,14.36,-1.41857,0.0369835,14.36,-1.4535,0.0286432
14.38,-1.643,0.0207202,14.38,-2.06809,1.964,14.38,-1.42177,0.0153444,14.38,-1.4541,0.00516345
14.4,-0.843324,0.0471028,14.4,-1.62952,1.88111,14.4,-0.795653,0.00173477,14.4,-0.803436,-0.00793301
14.42,-0.701492,0.0785619,14.42,-1.42248,1.81835,14.42,-0.521302,0.0352812,14.42,-0.544827,0.0271296
14.44,-0.801475,-0.0446003,14.44,-1.4821,1.69913,14.44,-0.59158,0.0385495,14.44,-0.622092,0.0297596
14.46,-0.645274,-0.051978,14.46,-1.40462,1.6676,14.46,-0.551099,0.0315049,14.46,-0.580297,0.0224663
14.48,-0.293086,-0.0590363,14.48,-1.14696,1.62592,14.48,-0.242643,0.0145182,14.48,-0.267583,0.00517821
14.5,0.233184,-0.0705062,14.5,-0.68801,1.58146,14.5,0.388763,2.8382e-05,14.5,0.373198,-0.0094024
14.52,0.66553,-0.0685806,14.52,-0.341761,1.55609,14.52,0.953727,0.0152362,14.52,0.950386,0.00604571
14.54,0.867303,-0.0740063,14.54,-0.245069,1.51417,14.54,1.18973,0.0255147,14.54,1.19204,0.0163896
14.56,1.03673,-0.0851169,14.56,-0.175439,1.45216,14.56,1.32291,0.0212894,14.56,1.33498,0.0118244
14.58,1.18224,-0.0625814,14.58,-0.102119,1.40091,14.58,1.3147,0.0422681,14.58,1.32876,0.0346179
14.6,0.717705,-0.0186064,14.6,-0.454293,1.3627,14.6,0.707409,0.0578363,14.6,0.693899,0.0500165
14.62,0.410214,-0.0267163,14.62,-0.608957,1.28842,14.62,0.442992,0.0215177,14.62,0.435848,0.0122171
14.64,0.394899,-0.0526902,14.64,-0.546414,1.23339,14.64,0.520027,0.0175725,14.64,0.518462,0.00884226
14.66,0.310837,-0.0402592,14.66,-0.582008,1.24554,14.66,0.493845,0.0270008,14.66,0.492257,0.0184276
14.68,0.0227118,-0.0118047,14.68,-0.826545,1.26593,14.68,0.19862,0.0493749,14.68,0.192483,0.0410639
14.7,-0.676232,0.0102821,14.7,-1.3965,1.27045,14.7,-0.432821,0.0558519,14.7,-0.449325,0.0476314
14.72,-1.40334,0.00284234,14.72,-1.9495,1.24704,14.72,-1.00544,0.0436398,14.72,-1.03359,0.0351839
14.74,-1.74061,-0.00655621,14.74,-2.18806,1.21974,14.74,-1.25017,0.0348377,14.74,-1.28038,0.0260665
14.76,-1.89415,-0.00257662,14.76,-2.30344,1.19143,14.76,-1.4018,0.0360007,14.76,-1.43777,0.0275338
14.78,-1.6523,-0.0200793,14.78,-2.14592,1.13789,14.78,-1.40842,0.0160956,14.78,-1.44369,0.00593033
14.8,-0.851702,-0.00502949,14.8,-1.44366,1.09325,14.8,-0.790217,-0.00179543,14.8,-0.797893,-0.0117256
14.82,-0.708633,0.0353807,14.82,-1.23594,1.07953,14.82,-0.516429,0.0310767,14.82,-0.536641,0.0228395
14.84,-0.807236,-0.0414358,14.84,-1.30436,0.9948,14.84,-0.586265,0.0326807,14.84,-0.614644,0.0238421
14.86,-0.648268,-0.0473216,14.86,-1.17626,0.97484,14.86,-0.546325,0.0279458,14.86,-0.572859,0.0187713
14.88,-0.292781,-0.0548161,14.88,-0.869941,0.946438,14.88,-0.239942,0.0115439,14.88,-0.261266,0.00199965
14.9,0.235785,-0.0622063,14.9,-0.353762,0.917851,14.9,0.390848,-0.000412218,14.9,0.3783,-0.0100927
14.92,0.668763,-0.0581087,14.92,0.0862392,0.904953,14.92,0.957723,0.0119509,14.92,0.958078,0.00237058
14.94,0.871139,-0.060247,14.94,0.257454,0.883089,14.94,1.1951,0.020328,14.94,1.20063,0.0111364
14.96,1.04132,-0.0652347,14.96,0.37963,0.849389,14.96,1.32896,0.0195705,14.96,1.34363,0.0103266
14.98,1.18679,-0.0457683,14.98,0.477657,0.82869,14.98,1.32008,0.0387668,14.98,1.33209,0.0310596
15,0.720975,-0.0127279,15,0.0436692,0.817709,15,0.710265,0.0489969,15,0.701117,0.0408962
15.02,0.40525,-0.0234609,15.02,-0.15878,0.772803,15.02,0.445424,0.0155917,15.02,0.444017,0.006432
15.04,0.39787,-0.042636,15.04,-0.119676,0.743624,15.04,0.523052,0.0120947,15.04,0.525911,0.00341714
15.06,0.318828,-0.0304518,15.06,-0.192904,0.756541,15.06,0.496772,0.0227329,15.06,0.499692,0.0140167
15.08,0.0324208,-0.00389456,15.08,-0.467901,0.779927,15.08,0.20102,0.0455211,15.08,0.20015,0.0371284
15.1,-0.667345,0.0207197,15.1,-1.14779,0.798536,15.1,-0.433541,0.0576088,15.1,-0.446222,0.0493599
15.12,-1.39833,0.0140342,15.12,-1.86546,0.782872,15.12,-1.01374,0.045926,15.12,-1.04049,0.0374257
15.14,-1.74082,0.00172352,15.14,-2.19094,0.759065,15.14,-1.26546,0.034517,15.14,-1.29465,0.0256927
15.16,-1.89721,0.00294401,15.16,-2.33307,0.742214,15.16,-1.42139,0.0351164,15.16,-1.45691,0.0264022
15.18,-1.65297,-0.024382,15.18,-2.08232,0.693891,15.18,-1.42466,0.00863369,15.18,-1.45628,-0.00179909
15.2,-0.850865,-0.0136656,15.2,-1.28347,0.677329,15.2,-0.797687,-0.00778746,15.2,-0.803321,-0.0177499
15.22,-0.709064,0.0277284,15.22,-1.08952,0.692046,15.22,-0.522838,0.0236431,15.22,-0.53909,0.0153035
15.24,-0.808945,-0.0234389,15.24,-1.16718,0.637587,15.24,-0.593104,0.0271689,15.24,-0.615678,0.0182027
15.26,-0.650244,-0.0378786,15.26,-1.02992,0.61516,15.26,-0.55245,0.014226,15.26,-0.571549,0.0050796
15.28,-0.294525,-0.0441243,15.28,-0.717376,0.596427,15.28,-0.243466,-0.000403186,15.28,-0.259363,-0.00961252
15.3,0.2329,-0.0480675,15.3,-0.192235,0.57931,15.3,0.388342,-0.00953664,15.3,0.381268,-0.018772
15.32,0.662543,-0.0385795,15.32,0.274017,0.578604,15.32,0.953094,0.00590232,15.32,0.959891,-0.0034158
15.34,0.862345,-0.037413,15.34,0.476857,0.569949,15.34,1.18898,0.0151025,15.34,1.20383,0.00604748
15.36,1.03121,-0.0429686,15.36,0.627126,0.548925,15.36,1.32222,0.0131545,15.36,1.34651,0.00420584
15.38,1.17736,-0.0272051,15.38,0.748731,0.54373,15.38,1.31417,0.0303616,15.38,1.33682,0.0228815
15.4,0.715477,0.00447321,15.4,0.287252,0.552191,15.4,0.70728,0.0435243,15.4,0.7053,0.0355757
15.42,0.401608,-0.00841648,15.42,0.056672,0.522249,15.42,0.443136,0.0121896,15.42,0.453495,0.00276368
15.44,0.394143,-0.0210014,15.44,0.0870195,0.508431,15.44,0.520816,0.0103135,15.44,0.53732,0.00172858
15.46,0.315316,-0.012798,15.46,0.0103863,0.518129,15.46,0.495171,0.0178089,15.46,0.510182,0.009277
15.48,0.0301542,0.00931204,15.48,-0.273212,0.539423,15.48,0.200394,0.0376649,15.48,0.207339,0.0295787
15.5,-0.668604,0.029116,15.5,-0.98969,0.558549,15.5,-0.433407,0.0466915,15.5,-0.437073,0.0385132
15.52,-1.39972,0.0177372,15.52,-1.7633,0.542166,15.52,-1.01307,0.0310809,15.52,-1.02901,0.0226265
15.54,-1.7423,0.0019497,15.54,-2.12029,0.518764,15.54,-1.26401,0.0168203,15.54,-1.28503,0.00817423
15.56,-1.89839,0.00283907,15.56,-2.27675,0.508996,15.56,-1.41911,0.0185949,15.56,-1.44808,0.0100389
15.58,-1.6536,-0.0202153,15.58,-2.00343,0.473649,15.58,-1.42215,-0.000510157,15.58,-1.44876,-0.0105597
15.6,-0.850905,-0.0105336,15.6,-1.17727,0.470028,15.6,-0.795717,-0.01449,15.6,-0.79771,-0.0244196
15.62,-0.709217,0.0329504,15.62,-0.991558,0.499914,15.62,-0.521369,0.0175647,15.62,-0.52931,0.00901121
15.64,-0.809048,-0.00414446,15.64,-1.07449,0.463389,15.64,-0.591634,0.0214647,15.64,-0.604554,0.0126712
15.66,-0.65035,-0.0113703,15.66,-0.937033,0.45122,15.66,-0.551143,0.0159132,15.66,-0.565028,0.00710839
15.68,-0.29487,-0.0217494,15.68,-0.614281,0.432213,15.68,-0.242688,-0.0026918,15.68,-0.253046,-0.0119705
15.7,0.232551,-0.0271947,15.7,-0.0817374,0.41827,15.7,0.38881,-0.0137183,15.7,0.390667,-0.0233767
15.72,0.662774,-0.021161,15.72,0.385626,0.418261,15.72,0.954103,-0.00321537,15.72,0.970997,-0.0127277
15.74,0.863114,-0.016552,15.74,0.591709,0.418126,15.74,1.19041,0.00820059,15.74,1.21319,-0.000695413
15.76,1.03237,-0.0192153,15.76,0.750117,0.406717,15.76,1.32379,0.00900337,15.76,1.35366,1.13355e-06
15.78,1.17866,0.000845627,15.78,0.877613,0.415896,15.78,1.31557,0.0319461,15.78,1.34041,0.0248314
15.8,0.716256,0.0355906,15.8,0.40441,0.438246,15.8,0.707945,0.0516959,15.8,0.705292,0.0440765
15.82,0.402131,0.0215117,15.82,0.148499,0.415747,15.82,0.443646,0.022281,15.82,0.446951,0.0131032
15.84,0.394695,0.0108362,15.84,0.169718,0.406401,15.84,0.521301,0.0199842,15.84,0.528071,0.0113426
15.86,0.315915,0.0155304,15.86,0.0903686,0.412864,15.86,0.495656,0.0245117,15.86,0.500422,0.0160187
15.88,0.0306152,0.0341428,15.88,-0.198208,0.431536,15.88,0.2008,0.0420201,15.88,0.19813,0.0339101
15.9,-0.668513,0.0507263,15.9,-0.927394,0.449685,15.9,-0.433228,0.0495048,15.9,-0.447026,0.0413786
15.92,-1.40007,0.0394935,15.92,-1.71338,0.435598,15.92,-1.01338,0.0355555,15.92,-1.04016,0.0270785
15.94,-1.74287,0.023737,15.94,-2.07341,0.415149,15.94,-1.26476,0.0229776,15.94,-1.29489,0.0143498
15.96,-1.89904,0.0209059,15.96,-2.23738,0.406032,15.96,-1.42013,0.0235027,15.96,-1.46109,0.0149676
15.98,-1.65409,-0.00667315,15.98,-1.96304,0.370889,15.98,-1.42316,0.00309066,15.98,-1.46251,-0.00718839
16,-0.85119,-0.00290431,16,-1.12896,0.368111,16,-0.796346,-0.0130434,16,-0.807622,-0.0232142
16.02,-0.709423,0.0411144,16.02,-0.956786,0.406076,16.02,-0.521931,0.0209822,16.02,-0.541722,0.0125421
16.04,-0.809271,0.00968173,16.04,-1.04806,0.376535,16.04,-0.592782,0.0262936,16.04,-0.62134,0.0173632
16.06,-0.650563,0.00121432,16.06,-0.897286,0.364087,16.06,-0.551916,0.0197929,16.06,-0.578135,0.010438
16.08,-0.295101,-0.00689312,16.08,-0.561683,0.350049,16.08,-0.242638,0.00393848,16.08,-0.262606,-0.00571621
16.1,0.232212,-0.01379,16.1,-0.02684,0.337491,16.1,0.391938,-0.00832024,16.1,0.385637,-0.0180901
16.12,0.662292,-0.00739782,16.12,0.431001,0.340651,16.12,0.96246,0.00193053,16.12,0.969151,-0.00730134
16.14,0.862559,-0.00637882,16.14,0.634936,0.338716,16.14,1.2012,0.010254,16.14,1.2137,0.00107701
16.16,1.0318,-0.00954648,16.16,0.799562,0.330156,16.16,1.33208,0.0106602,16.16,1.35319,0.0013586
16.18,1.17822,0.00571247,16.18,0.936169,0.338842,16.18,1.32652,0.0298468,16.18,1.34506,0.0221971
16.2,0.71608,0.0304822,16.2,0.467232,0.356273,16.2,0.721256,0.042132,16.2,0.715836,0.0339187
16.22,0.409115,0.0127895,16.22,0.204327,0.334255,16.22,0.449792,0.0113086,16.22,0.451443,0.0018861
16.24,0.393511,0.00188407,16.24,0.220007,0.326185,16.24,0.502202,0.00773117,16.24,0.507924,-0.000995367
16.26,0.309581,0.00883844,16.26,0.139007,0.335005,16.26,0.463045,0.0136908,16.26,0.467551,0.00483587
16.28,0.0219819,0.0246239,16.28,-0.153893,0.35151,16.28,0.168945,0.0295576,16.28,0.172461,0.0208441
16.3,-0.676037,0.0399917,16.3,-0.884758,0.368813,16.3,-0.465509,0.036374,16.3,-0.471212,0.0280652
16.32,-1.40183,0.0251338,16.32,-1.65324,0.351656,16.32,-1.03664,0.0201382,16.32,-1.05414,0.011457
16.34,-1.73817,0.0120483,16.34,-1.99679,0.335626,16.34,-1.29854,0.0109026,16.34,-1.31722,0.00192411
16.36,-1.89117,0.00729803,16.36,-2.15235,0.326742,16.36,-1.44476,0.00809578,16.36,-1.46746,-0.000902953
16.38,-1.64979,-0.0241594,16.38,-1.88786,0.290666,16.38,-1.42261,-0.0154991,16.38,-1.44121,-0.0259605
16.4,-0.849858,-0.0268484,16.4,-1.06343,0.284397,16.4,-0.787436,-0.0346194,16.4,-0.780488,-0.0447609
16.42,-0.694854,0.0155709,16.42,-0.886913,0.323295,16.42,-0.528145,-0.00284476,16.42,-0.531519,-0.0109463
16.44,-0.808548,-0.0138476,16.44,-0.988119,0.295187,16.44,-0.612842,-0.00402964,16.44,-0.625449,-0.0133243
16.46,-0.655098,-0.0226768,16.46,-0.841082,0.283851,16.46,-0.576559,-0.00975363,16.46,-0.581366,-0.0191032
16.48,-0.298265,-0.0363653,16.48,-0.500722,0.265406,16.48,-0.272405,-0.0308285,16.48,-0.266728,-0.0403676
16.5,0.228562,-0.0413397,16.5,0.0348228,0.255913,16.5,0.326299,-0.0386699,16.5,0.344653,-0.0482386
16.52,0.654409,-0.0332717,16.52,0.486634,0.26162,16.52,0.85659,-0.0283585,16.52,0.887707,-0.0377491
16.54,0.85297,-0.0280009,16.54,0.68707,0.264948,16.54,1.07519,-0.0154179,16.54,1.11153,-0.024701
16.56,1.02257,-0.0299796,16.56,0.856977,0.258854,16.56,1.18506,-0.0146584,16.56,1.23505,-0.0242681
16.58,1.17148,-0.0146381,16.58,0.996869,0.27034,16.58,1.2101,0.00187195,16.58,1.25943,-0.00570134
16.6,0.714158,0.0124185,16.6,0.524216,0.292784,16.6,0.668969,0.0192544,16.6,0.688864,0.0118361
16.62,0.400766,-0.00836819,16.62,0.25014,0.268649,16.62,0.399473,-0.0101232,16.62,0.423121,-0.0193478
16.64,0.393982,-0.0150565,16.64,0.265714,0.264648,16.64,0.426723,-0.0106242,16.64,0.458038,-0.0194261
16.66,0.314857,-0.00675067,16.66,0.184078,0.274684,16.66,0.374315,-0.00408576,16.66,0.403755,-0.0123625
16.68,0.0313179,0.0093344,16.68,-0.109604,0.29185,16.68,0.0937954,0.0122243,16.68,0.11562,0.00408122
16.7,-0.666244,0.0320812,16.7,-0.846784,0.316886,16.7,-0.561123,0.0292304,16.7,-0.556694,0.0215711
16.72,-1.39935,0.0184591,16.72,-1.62824,0.301531,16.72,-1.1796,0.0125714,16.72,-1.19407,0.00452927
16.74,-1.74526,0.00207164,16.74,-1.98448,0.282764,16.74,-1.44604,-0.000811257,16.74,-1.46531,-0.0092031
16.76,-1.90373,0.000168989,16.76,-2.15022,0.278335,16.76,-1.57397,-0.00088195,16.76,-1.60193,-0.00888067
16.78,-1.6589,-0.0341088,16.78,-1.8772,0.240174,16.78,-1.48464,-0.0287978,16.78,-1.50509,-0.0391096
16.8,-0.8553,-0.032702,16.8,-1.04764,0.24,16.8,-0.79947,-0.0391591,16.8,-0.792605,-0.0486712
16.82,-0.712839,0.0116603,16.82,-0.883079,0.28213,16.82,-0.566489,-0.00154308,16.82,-0.569463,-0.00950534
16.84,-0.812453,-0.0157255,16.84,-0.969706,0.256291,16.84,-0.658557,-0.00442619,16.84,-0.662237,-0.0133431
16.86,-0.651821,-0.0259143,16.86,-0.817462,0.244118,16.86,-0.598729,-0.0122369,16.86,-0.59761,-0.0208594
16.88,-0.293246,-0.04022,16.88,-0.474491,0.225712,16.88,-0.285524,-0.0331375,16.88,-0.279181,-0.0418917
16.9,0.235469,-0.0438099,16.9,0.0623557,0.218291,16.9,0.29424,-0.0377484,16.9,0.306853,-0.0463418
16.92,0.663731,-0.0323624,16.92,0.513593,0.228143,16.92,0.80444,-0.0247113,16.92,0.82627,-0.0332188
16.94,0.862773,-0.0285321,16.94,0.713143,0.230536,16.94,1.01118,-0.0142857,16.94,1.03522,-0.0224671
16.96,1.03174,-0.0303949,16.96,0.87816,0.225677,16.96,1.12405,-0.0145108,16.96,1.15532,-0.0230765
16.98,1.17818,-0.0204101,16.98,1.01782,0.232572,16.98,1.1801,-0.00416507,16.98,1.21308,-0.0114447
17,0.716984,0.0065237,17,0.544708,0.256159,17,0.672616,0.0157745,17,0.682177,0.00837543
17.02,0.402599,-0.0145191,17.02,0.273101,0.23318,17.02,0.392556,-0.0103768,17.02,0.414995,-0.0192383
17.04,0.394825,-0.0259622,17.04,0.288092,0.22443,17.04,0.407821,-0.0161404,17.04,0.44215,-0.0246057
17.06,0.315757,-0.01647,17.06,0.207809,0.235826,17.06,0.344575,-0.00683914,17.06,0.378633,-0.0147203
17.08,0.0302587,0.00340548,17.08,-0.0860649,0.256683,17.08,0.0579707,0.0119993,17.08,0.0841121,0.0045931
17.1,-0.667555,0.0242612,17.1,-0.820045,0.279653,17.1,-0.61009,0.0291194,17.1,-0.605478,0.0222008
17.12,-1.39598,0.015112,17.12,-1.59149,0.268916,17.12,-1.25498,0.0168121,17.12,-1.2744,0.00930118
17.14,-1.7369,0.00204625,17.14,-1.94123,0.254251,17.14,-1.52781,0.00649574,17.14,-1.55504,-0.00157301
17.16,-1.89253,0.00090696,17.16,-2.10074,0.250919,17.16,-1.64944,0.00638014,17.16,-1.68183,-0.00178636
17.18,-1.64923,-0.0295218,17.18,-1.83532,0.217906,17.18,-1.51097,-0.0191466,17.18,-1.53401,-0.0294744
17.2,-0.848444,-0.0291138,17.2,-1.01256,0.217705,17.2,-0.791374,-0.0269383,17.2,-0.788297,-0.0362221
17.22,-0.694821,0.0151484,17.22,-0.84245,0.260028,17.22,-0.580575,0.01183,17.22,-0.584915,0.00361984
17.24,-0.809694,-0.00665898,17.24,-0.943698,0.239144,17.24,-0.683967,0.00768552,17.24,-0.688475,-0.00129072
17.26,-0.656557,-0.0167701,17.26,-0.799822,0.227583,17.26,-0.605529,-8.6623e-05,17.26,-0.607634,-0.00846713
17.28,-0.299395,-0.0291197,17.28,-0.463208,0.21167,17.28,-0.291234,-0.0166492,17.28,-0.296483,-0.0252711
17.3,0.226521,-0.0345454,17.3,0.0693172,0.202757,17.3,0.272554,-0.0243088,17.3,0.274054,-0.0330687
17.32,0.649176,-0.0251831,17.32,0.512023,0.210781,17.32,0.750908,-0.0124656,17.32,0.760942,-0.0210076
17.34,0.845196,-0.0191503,17.34,0.706089,0.215486,17.34,0.944614,-0.0020621,17.34,0.954587,-0.010644
17.36,1.01346,-0.021842,17.36,0.872337,0.21028,17.36,1.06528,-0.00361794,17.36,1.08293,-0.0122622
17.38,1.16274,-0.00817876,17.38,1.00975,0.221692,17.38,1.14702,0.00927119,17.38,1.16111,0.00178981
17.4,0.709061,0.018503,17.4,0.5438,0.245333,17.4,0.668613,0.0303981,17.4,0.661096,0.022595
17.42,0.397544,-0.00713261,17.42,0.27435,0.218256,17.42,0.382833,0.00155329,17.42,0.392285,-0.0077144
17.44,0.390559,-0.0154048,17.44,0.288541,0.21301,17.44,0.386683,-0.00331391,17.44,0.412241,-0.0116904
17.46,0.311465,-0.00913522,17.46,0.205418,0.220869,17.46,0.313873,0.00308293,17.46,0.339992,-0.00488327
17.48,0.0291083,0.0119301,17.48,-0.0855676,0.242587,17.48,0.0277049,0.0225881,17.48,0.0456057,0.0152437
17.5,-0.667512,0.030779,17.5,-0.816755,0.263743,17.5,-0.644561,0.0386908,17.5,-0.652507,0.0320507
17.52,-1.40087,0.0189777,17.52,-1.59362,0.250923,17.52,-1.31416,0.024739,17.52,-1.34888,0.0173557
17.54,-1.74698,0.00242036,17.54,-1.9505,0.23289,17.54,-1.60154,0.010024,17.54,-1.64503,0.00196809
17.56,-1.90528,-0.00159256,17.56,-2.11566,0.227081,17.56,-1.73016,0.00640754,17.56,-1.78086,-0.00191411
17.58,-1.65989,-0.031203,17.58,-1.84667,0.195179,17.58,-1.5473,-0.0200577,17.58,-1.58549,-0.0304825
17.6,-0.855624,-0.0315195,17.6,-1.01629,0.194252,17.6,-0.798955,-0.0260839,17.6,-0.807076,-0.0357216
17.62,-0.713216,0.01229,17.62,-0.853242,0.236887,17.62,-0.622186,0.0150126,17.62,-0.631024,0.00633469
17.64,-0.812773,-0.00675004,17.64,-0.94285,0.218272,17.64,-0.722895,0.00779482,17.64,-0.729671,-0.00118391
17.66,-0.652082,-0.0209423,17.66,-0.790081,0.202714,17.66,-0.6158,-0.00460608,17.66,-0.61974,-0.0131101
17.68,-0.293642,-0.0269103,17.68,-0.446707,0.193492,17.68,-0.294939,-0.0129965,17.68,-0.299657,-0.0215063
17.7,0.235131,-0.0326348,17.7,0.0882686,0.184763,17.7,0.247944,-0.0205269,17.7,0.247134,-0.0290145
17.72,0.663954,-0.0190025,17.72,0.535184,0.197164,17.72,0.712184,-0.00591012,17.72,0.715674,-0.0142876
17.74,0.863507,-0.0105855,17.74,0.736373,0.204556,17.74,0.912906,0.00501159,17.74,0.919128,-0.00340657
17.76,1.03285,-0.0198212,17.76,0.90776,0.192824,17.76,1.05272,-0.00349603,17.76,1.06901,-0.0124379
17.78,1.17943,-0.00563612,17.78,1.04665,0.205995,17.78,1.15912,0.00958894,17.78,1.17626,0.002194
17.8,0.717763,0.0161828,17.8,0.569683,0.225,17.8,0.684836,0.0278819,17.8,0.680146,0.0199057
17.82,0.403121,-0.00623606,17.82,0.293333,0.201576,17.82,0.387085,0.00368716,17.82,0.397669,-0.00566664
17.84,0.395364,-0.0158781,17.84,0.305398,0.194695,17.84,0.382026,-0.0039433,17.84,0.405527,-0.012507
17.86,0.316346,-0.00702527,17.86,0.223207,0.20522,17.86,0.297713,0.00526937,17.86,0.320378,-0.00284924
17.88,0.0307093,0.0137699,17.88,-0.0709579,0.227048,17.88,0.0123032,0.0244608,17.88,0.0273338,0.0169094
17.9,-0.667441,0.0301892,17.9,-0.800158,0.245253,17.9,-0.669291,0.0393922,17.9,-0.674712,0.0320853
17.92,-1.39622,0.0201755,17.92,-1.56191,0.234063,17.92,-1.36546,0.0284483,17.92,-1.38842,0.020416
17.94,-1.73731,0.00270573,17.94,-1.90637,0.215628,17.94,-1.67511,0.0117269,17.94,-1.69961,0.00330765
17.96,-1.89299,-0.00346704,17.96,-2.06723,0.208238,17.96,-1.81471,0.00479907,17.96,-1.84411,-0.00351371
17.98,-1.64957,-0.0387834,17.98,-1.80418,0.170835,17.98,-1.59204,-0.0293367,17.98,-1.60807,-0.0393982
18,-0.848631,-0.0360722,18,-0.98327,0.173638,18,-0.816047,-0.0294118,18,-0.810933,-0.0384645
18.02,-0.707337,0.00468858,18.02,-0.829749,0.213648,18.02,-0.666106,0.0105681,18.02,-0.667326,0.00222921
18.04,-0.807241,-0.0126331,18.04,-0.921253,0.196782,18.04,-0.768806,-1.96603e-05,18.04,-0.767304,-0.00843633
18.06,-0.649073,-0.0228562,18.06,-0.770632,0.185128,18.06,-0.633998,-0.00888204,18.06,-0.628753,-0.0169905
18.08,-0.294105,-0.0347564,18.08,-0.429522,0.170271,18.08,-0.302492,-0.0210595,18.08,-0.296956,-0.0291727
18.1,0.233124,-0.0416733,18.1,0.105248,0.160511,18.1,0.216623,-0.0283995,18.1,0.227889,-0.0364668
18.12,0.663221,-0.0329318,18.12,0.553548,0.168238,18.12,0.651082,-0.0196334,18.12,0.668857,-0.0274985
18.14,0.863187,-0.0294857,18.14,0.754805,0.170824,18.14,0.846785,-0.0155772,18.14,0.867373,-0.0233657
18.16,1.03193,-0.0335413,18.16,0.918547,0.165162,18.16,1.00146,-0.0196658,18.16,1.02391,-0.0274671
18.18,1.17763,-0.0220862,18.18,1.05884,0.175122,18.18,1.13637,-0.00988845,18.18,1.15982,-0.0168619
18.2,0.715105,0.00369552,18.2,0.583363,0.199145,18.2,0.680182,0.0143199,18.2,0.683971,0.00729945
18.22,0.408514,-0.0168915,18.22,0.303974,0.177664,18.22,0.383168,-0.00717868,18.22,0.393762,-0.0154835
18.24,0.392971,-0.0230001,18.24,0.30831,0.174142,18.24,0.370243,-0.013416,18.24,0.389099,-0.0210026
18.26,0.308908,-0.0165489,18.26,0.225491,0.181999,18.26,0.289067,-0.00718092,18.26,0.310282,-0.0145764
18.28,0.0215087,-0.00126059,18.28,-0.0685787,0.19845,18.28,0.00933877,0.00755952,18.28,0.0264487,0.000750134
18.3,-0.676288,0.0190882,18.3,-0.799403,0.220721,18.3,-0.679917,0.0277379,18.3,-0.68544,0.0215147
18.32,-1.4022,0.00748549,18.32,-1.56227,0.208289,18.32,-1.40102,0.0162342,18.32,-1.4316,0.00930051
18.34,-1.73868,-0.00537126,18.34,-1.90536,0.194193,18.34,-1.73292,0.00318128,18.34,-1.76666,-0.00473777
18.36,-1.8918,-0.00931699,18.36,-2.06431,0.189278,18.36,-1.88144,-0.00117397,18.36,-1.92073,-0.00919702
18.38,-1.65034,-0.0449669,18.38,-1.80114,0.151106,18.38,-1.64179,-0.0370112,18.38,-1.66542,-0.0475306
18.4,-0.850244,-0.0447921,18.4,-0.973231,0.151985,18.4,-0.843721,-0.0375271,18.4,-0.838813,-0.0470383
18.42,-0.707514,0.00256991,18.42,-0.826693,0.199259,18.42,-0.700744,0.0100237,18.42,-0.707918,0.00172576
18.44,-0.806169,-0.0150926,18.44,-0.918529,0.181441,18.44,-0.799521,-0.0059088,18.44,-0.803945,-0.0147816
18.46,-0.647649,-0.0232776,18.46,-0.763136,0.172065,18.46,-0.64315,-0.0131633,18.46,-0.637745,-0.0216375
18.48,-0.29286,-0.0348141,18.48,-0.418219,0.157868,18.48,-0.291328,-0.0241019,18.48,-0.278679,-0.0324646
18.5,0.235411,-0.0404412,18.5,0.115039,0.149833,18.5,0.23592,-0.0294007,18.5,0.254201,-0.0372963
18.52,0.668693,-0.0293973,18.52,0.561435,0.160017,18.52,0.671416,-0.018372,18.52,0.690271,-0.0258968
18.54,0.871188,-0.0240882,18.54,0.763846,0.16414,18.54,0.87564,-0.013137,18.54,0.894607,-0.021126
18.56,1.04128,-0.0270242,18.56,0.935831,0.159649,18.56,1.04632,-0.0163649,18.56,1.07357,-0.0243988
18.58,1.18656,-0.0102314,18.58,1.07478,0.175035,18.58,1.19118,0.000274593,18.58,1.21878,-0.00687068
18.6,0.7205,0.0170933,18.6,0.598692,0.20094,18.6,0.722909,0.0272534,18.6,0.735036,0.0205287
18.62,0.404916,-0.00439773,18.62,0.310548,0.178837,18.62,0.406572,0.005217,18.62,0.422318,-0.00263431
18.64,0.397634,-0.0091138,18.64,0.318628,0.176157,18.64,0.399457,-0.000456039,18.64,0.42176,-0.00785531
18.66,0.318675,-0.00555803,18.66,0.236423,0.181058,18.66,0.320413,0.00308929,18.66,0.341425,-0.00388292
18.68,0.0324746,0.0133492,18.68,-0.0600968,0.201072,18.68,0.0335282,0.0219279,18.68,0.0450272,0.0156281
18.7,-0.667281,0.0284532,18.7,-0.792173,0.217819,18.7,-0.667444,0.037089,18.7,-0.676757,0.0310308
18.72,-1.39846,0.0172161,18.72,-1.55885,0.205766,18.72,-1.40025,0.0261357,18.72,-1.4264,0.0189547
18.74,-1.741,0.00195725,18.74,-1.91176,0.189698,18.74,-1.74394,0.0108817,18.74,-1.77301,0.00339027
18.76,-1.89737,-0.00294545,18.76,-2.07757,0.183912,18.76,-1.90094,0.00600939,18.76,-1.93852,-0.00164994
18.78,-1.65309,-0.032713,18.78,-1.81459,0.152204,18.78,-1.65604,-0.0236348,18.78,-1.68663,-0.03295
18.8,-0.850898,-0.034073,18.8,-0.985067,0.151151,18.8,-0.853014,-0.0246085,18.8,-0.862202,-0.0334384
18.82,-0.709031,0.0108333,18.82,-0.832162,0.195875,18.82,-0.710715,0.0208018,18.82,-0.723922,0.0129609
18.84,-0.808943,-0.00484744,18.84,-0.925025,0.180335,18.84,-0.810546,0.00426337,18.84,-0.821051,-0.00338966
18.86,-0.650366,-0.0136821,18.86,-0.769346,0.170461,18.86,-0.651375,-0.00367296,18.86,-0.653019,-0.011108
18.88,-0.294895,-0.0229629,18.88,-0.419851,0.158611,18.88,-0.295038,-0.0121896,18.88,-0.284994,-0.0197281
18.9,0.232206,-0.0267604,18.9,0.115283,0.152694,18.9,0.232423,-0.0155013,18.9,0.252059,-0.0224682
18.92,0.661584,-0.0169787,18.92,0.555992,0.161995,18.92,0.661466,-0.00554245,18.92,0.677417,-0.0118501
18.94,0.8612,-0.0122483,18.94,0.753153,0.165776,18.94,0.860982,-0.00108043,18.94,0.871466,-0.00784726
18.96,1.02995,-0.0137397,18.96,0.921444,0.162787,18.96,1.02988,-0.0026938,18.96,1.04356,-0.00967849
18.98,1.17627,-0.00123607,18.98,1.0646,0.174331,18.98,1.1765,0.00994309,18.98,1.19224,0.00353876
19,0.714901,0.0245684,19,0.590231,0.19897,19,0.71548,0.0362039,19,0.714707,0.030102
19.02,0.40113,0.000584014,19.02,0.302817,0.174473,19.02,0.401518,0.0122889,19.02,0.404749,0.00503973
19.04,0.393721,-0.0056968,19.04,0.312669,0.170567,19.04,0.393999,0.00461432,19.04,0.406102,-0.00179768
19.06,0.315052,-0.000634067,19.06,0.232648,0.176868,19.06,0.315275,0.00979669,19.06,0.326629,0.00367576
19.08,0.030114,0.0202326,19.08,-0.0638873,0.198998,19.08,0.0301225,0.0307625,19.08,0.0316463,0.0252782
19.1,-0.668371,0.0365119,19.1,-0.790816,0.216508,19.1,-0.668339,0.0472757,19.1,-0.682451,0.0415673
19.12,-1.39904,0.0231923,19.12,-1.55017,0.202296,19.12,-1.39867,0.0342792,19.12,-1.4211,0.0274512
19.14,-1.74123,0.00923696,19.14,-1.89668,0.187788,19.14,-1.74069,0.0205368,19.14,-1.75882,0.0135439
19.16,-1.89707,0.00362851,19.16,-2.05894,0.181472,19.16,-1.8965,0.0152177,19.16,-1.91939,0.00824556
19.18,-1.65255,-0.0284223,19.18,-1.79501,0.147875,19.18,-1.6521,-0.0163132,19.18,-1.66857,-0.024604
19.2,-0.850196,-0.0277013,19.2,-0.970548,0.149461,19.2,-0.849944,-0.0147849,19.2,-0.852247,-0.0226322
19.22,-0.696174,0.015374,19.22,-0.810035,0.192254,19.22,-0.696017,0.0287347,19.22,-0.705133,0.021633
19.24,-0.811049,-0.00109107,19.24,-0.91458,0.175693,19.24,-0.810878,0.0100714,19.24,-0.815408,0.00304652
19.26,-0.657661,-0.00879383,19.26,-0.765566,0.167144,19.26,-0.657429,0.00316743,19.26,-0.655667,-0.0034932
19.28,-0.300421,-0.0181417,19.28,-0.415946,0.155211,19.28,-0.300019,-0.00547412,19.28,-0.28928,-0.0124134
19.3,0.225261,-0.0232035,19.3,0.118405,0.148145,19.3,0.225944,-0.0100508,19.3,0.247816,-0.0167405
19.32,0.647781,-0.0119693,19.32,0.554675,0.158986,19.32,0.64873,0.00103576,19.32,0.672403,-0.00478128
19.34,0.84396,-0.00821143,19.34,0.746718,0.161818,19.34,0.845079,0.00431964,19.34,0.8627,-0.00181107
19.36,1.01256,-0.0110374,19.36,0.913455,0.157913,19.36,1.01377,0.00123177,19.36,1.03296,-0.0048243
19.38,1.16253,0.00010994,19.38,1.05764,0.168051,19.38,1.16353,0.0125014,19.38,1.18101,0.0068527
19.4,0.709455,0.0229324,19.4,0.592776,0.189929,19.4,0.709919,0.0357099,19.4,0.710845,0.030394
19.42,0.397689,-0.00490864,19.42,0.307969,0.161384,19.42,0.398082,0.00805854,19.42,0.404274,0.00141108
19.44,0.39072,-0.0130211,19.44,0.31765,0.155565,19.44,0.391077,-0.00168572,19.44,0.40527,-0.00741398
19.46,0.311852,-0.00669058,19.46,0.236509,0.163073,19.46,0.312055,0.00473751,19.46,0.325311,-0.000685218
19.48,0.0294798,0.00877964,19.48,-0.0545417,0.179544,19.48,0.0294837,0.0205412,19.48,0.0354918,0.0155157
19.5,-0.667152,0.0242944,19.5,-0.779936,0.196625,19.5,-0.667414,0.0364575,19.5,-0.679629,0.0317354
19.52,-1.40017,0.0133083,19.52,-1.54335,0.184822,19.52,-1.40091,0.025696,19.52,-1.42625,0.0199432
19.54,-1.74593,-0.0034668,19.54,-1.89061,0.167354,19.54,-1.74708,0.00903649,19.54,-1.7666,0.00282648
19.56,-1.90398,-0.0066282,19.56,-2.05487,0.163751,19.56,-1.90539,0.00606659,19.56,-1.92937,-5.57197e-05
19.58,-1.65882,-0.0401458,19.58,-1.79199,0.128901,19.58,-1.65994,-0.0269865,19.58,-1.67691,-0.0344124
19.6,-0.854882,-0.0400846,19.6,-0.964781,0.129661,19.6,-0.855637,-0.026148,19.6,-0.856123,-0.0331413
19.62,-0.712558,0.00875803,19.62,-0.819431,0.178575,19.62,-0.713234,0.0227357,19.62,-0.72456,0.0165111
19.64,-0.812162,-0.00585937,19.64,-0.910976,0.163398,19.64,-0.812792,0.00525196,19.64,-0.819458,-0.0012985
19.66,-0.651683,-0.015114,19.66,-0.75394,0.153381,19.66,-0.652049,-0.00344878,19.66,-0.650579,-0.00955177
19.68,-0.293527,-0.024732,19.68,-0.405112,0.141651,19.68,-0.293511,-0.0124845,19.68,-0.284063,-0.0186049
19.7,0.235055,-0.0280413,19.7,0.12622,0.136408,19.7,0.235366,-0.0155446,19.7,0.251073,-0.0212742
19.72,0.663843,-0.0189451,19.72,0.565663,0.144665,19.72,0.664265,-0.00678498,19.72,0.679704,-0.0121673
19.74,0.863335,-0.0103809,19.74,0.761605,0.15262,19.74,0.86389,0.00126729,19.74,0.874193,-0.0042629
19.76,1.03259,-0.0127201,19.76,0.927785,0.148751,19.76,1.0333,-0.00140355,19.76,1.04435,-0.00729209
19.78,1.17912,0.00203783,19.78,1.06863,0.162981,19.78,1.17986,0.0133669,19.78,1.18918,0.00839855
19.8,0.717478,0.0236907,19.8,0.595731,0.183472,19.8,0.718013,0.0355305,19.8,0.711168,0.0304224
19.82,0.402916,0.0034609,19.82,0.310476,0.162847,19.82,0.403321,0.0155092,19.82,0.404527,0.00920993
19.84,0.395196,-0.00695742,19.84,0.319771,0.154708,19.84,0.395543,0.00349294,19.84,0.405753,-0.00208516
19.86,0.316195,0.00171538,19.86,0.238812,0.164473,19.86,0.316462,0.0121696,19.86,0.325542,0.0070019
19.88,0.0306346,0.0166501,19.88,-0.0543969,0.180343,19.88,0.0307215,0.0273339,19.88,0.0333276,0.0224135
19.9,-0.667477,0.0374031,19.9,-0.779541,0.202721,19.9,-0.667563,0.0484183,19.9,-0.681787,0.0437825
19.92,-1.3963,0.0253063,19.92,-1.53951,0.189925,19.92,-1.39657,0.0365264,19.92,-1.4249,0.0308897
19.94,-1.73742,0.0111989,19.94,-1.8874,0.17537,19.94,-1.73785,0.0225595,19.94,-1.76559,0.0166027
19.96,-1.89311,0.00823703,19.96,-2.05145,0.171875,19.96,-1.89365,0.0197223,19.96,-1.92858,0.0137761
19.98,-1.64967,-0.0245129,19.98,-1.78794,0.137412,19.98,-1.65009,-0.0126376,19.98,-1.67486,-0.020334
20,-0.848686,-0.0246866,20,-0.9614,0.138318,20,-0.848975,-0.0120985,20,-0.855727,-0.0192079
20.02,-0.707374,0.0182836,20.02,-0.815769,0.18149,20.02,-0.707648,0.0308574,20.02,-0.723167,0.0245698
20.04,-0.807277,0.00703399,20.04,-0.910708,0.16995,20.04,-0.807529,0.0163697,20.04,-0.821437,0.00987884
20.06,-0.649106,-0.00512805,20.06,-0.755907,0.156864,20.06,-0.649226,0.00471576,20.06,-0.654804,-0.00170094
20.08,-0.294151,-0.0139512,20.08,-0.409528,0.146021,20.08,-0.29406,-0.00371024,20.08,-0.291303,-0.0102049
20.1,0.233041,-0.0231396,20.1,0.123327,0.134974,20.1,0.233332,-0.0127543,20.1,0.245434,-0.0189084
20.12,0.663097,-0.0110338,20.12,0.56295,0.146546,20.12,0.663511,-0.000955993,20.12,0.673975,-0.00642652
20.14,0.863039,-0.00747274,20.14,0.76113,0.149455,20.14,0.863562,0.00230689,20.14,0.869976,-0.00357824
20.16,1.03177,-0.011431,20.16,0.929897,0.144171,20.16,1.03239,-0.0019434,20.16,1.04223,-0.00809618
20.18,1.17751,0.000835116,20.18,1.07203,0.155891,20.18,1.17809,0.0103789,20.18,1.18751,0.00512078
20.2,0.715059,0.0216779,20.2,0.60122,0.17562,20.2,0.715423,0.0317379,20.2,0.71229,0.0263343
20.22,0.408472,-0.00146733,20.22,0.318201,0.152175,20.22,0.408756,0.00903794,20.22,0.41095,0.0028229
20.24,0.392931,-0.00780015,20.24,0.320071,0.148071,20.24,0.393184,0.00150514,20.24,0.402431,-0.00388834
20.26,0.308891,-0.0027488,20.26,0.235726,0.154055,20.26,0.309068,0.00663188,20.26,0.317603,0.00135228
20.28,0.0215177,0.0142143,20.28,-0.0590734,0.172,20.28,0.0215607,0.0237657,20.28,0.0247257,0.0189254
20.3,-0.676237,0.0316452,20.3,-0.7826,0.190876,20.3,-0.676346,0.0416198,20.3,-0.689295,0.0370389
20.32,-1.40206,0.0185728,20.32,-1.5348,0.176913,20.32,-1.40238,0.0287309,20.32,-1.42666,0.0230226
20.34,-1.73847,0.00423056,20.34,-1.873,0.162257,20.34,-1.73896,0.0144472,20.34,-1.75799,0.00849645
20.36,-1.89156,0.00185674,20.36,-2.03211,0.159732,20.36,-1.89215,0.012129,20.36,-1.9162,0.00649684
20.38,-1.65015,-0.0334499,20.38,-1.77591,0.122654,20.38,-1.65061,-0.0228705,20.38,-1.66962,-0.0302999
20.4,-0.850119,-0.0356398,20.4,-0.951727,0.12107,20.4,-0.85043,-0.0243124,20.4,-0.852023,-0.0316929
20.42,-0.707402,0.0092128,20.42,-0.804008,0.166471,20.42,-0.70769,0.020412,20.42,-0.715417,0.0141932
20.44,-0.806065,-0.00084349,20.44,-0.89927,0.155997,20.44,-0.806331,0.00742433,20.44,-0.81321,0.00102351
20.46,-0.647589,-0.0134598,20.46,-0.743506,0.142537,20.46,-0.647728,-0.00473875,20.46,-0.645363,-0.0111259
20.48,-0.292861,-0.0266581,20.48,-0.39492,0.127378,20.48,-0.292807,-0.0175077,20.48,-0.279806,-0.0241492
20.5,0.235361,-0.0338203,20.5,0.140537,0.118617,20.5,0.235585,-0.0246477,20.5,0.260105,-0.0307448
20.52,0.668618,-0.0239937,20.52,0.58253,0.128065,20.52,0.668937,-0.015071,20.52,0.69267,-0.0205735
20.54,0.871085,-0.0165419,20.54,0.781206,0.134968,20.54,0.871494,-0.00788582,20.54,0.890393,-0.0136216
20.56,1.04115,-0.0196192,20.56,0.951691,0.130574,20.56,1.04165,-0.0110613,20.56,1.06488,-0.0172268
20.58,1.18642,-0.00604237,20.58,1.09446,0.143729,20.58,1.18691,0.00263001,20.58,1.21098,-0.00269071
20.6,0.7204,0.0166884,20.6,0.620147,0.165596,20.6,0.720718,0.0257994,20.6,0.730558,0.0205121
20.62,0.404841,-0.00597115,20.62,0.328942,0.142692,20.62,0.405088,0.00346189,20.62,0.420001,-0.00279274
20.64,0.397569,-0.0127449,20.64,0.336457,0.137942,20.64,0.397783,-0.00430069,20.64,0.420259,-0.00992326
20.66,0.318623,-0.00699121,20.66,0.255182,0.144694,20.66,0.31878,0.00147032,20.66,0.339597,-0.00375901
20.68,0.0324555,0.0115763,20.68,-0.0410574,0.164394,20.68,0.0324991,0.0202869,20.68,0.0441147,0.015731
20.7,-0.667266,0.0266358,20.7,-0.770824,0.180942,20.7,-0.667347,0.035585,20.7,-0.677573,0.0313599
20.72,-1.39841,0.0122271,20.72,-1.53261,0.16569,20.72,-1.39865,0.0213808,20.72,-1.42445,0.0159924
20.74,-1.74092,-0.00271259,20.74,-1.87793,0.150122,20.74,-1.7413,0.00640066,20.74,-1.76254,0.000661287
20.76,-1.89727,-0.00977013,20.76,-2.04195,0.143072,20.76,-1.89773,-0.000499837,20.76,-1.92519,-0.00588698
20.78,-1.65301,-0.0451574,20.78,-1.78176,0.106211,20.78,-1.65338,-0.0354702,20.78,-1.67472,-0.0425313
20.8,-0.850843,-0.0460126,20.8,-0.955101,0.10602,20.8,-0.851091,-0.0358543,20.8,-0.855792,-0.0426684
20.82,-0.708981,-0.00347734,20.82,-0.807079,0.148983,20.82,-0.709208,0.00656141,20.82,-0.718126,0.000590927
20.84,-0.808896,-0.00891081,20.84,-0.901584,0.143432,20.84,-0.809107,-0.00150458,20.84,-0.815113,-0.00752272
20.86,-0.650344,-0.0174427,20.86,-0.743787,0.133954,20.86,-0.650453,-0.0097443,20.86,-0.647587,-0.0158473
20.88,-0.29491,-0.0323838,20.88,-0.389405,0.117162,20.88,-0.294864,-0.0244059,20.88,-0.278971,-0.0306924
20.9,0.232155,-0.0355095,20.9,0.145428,0.112735,20.9,0.23234,-0.0274801,20.9,0.260136,-0.0332045
20.92,0.661513,-0.0227323,20.92,0.580241,0.125407,20.92,0.661776,-0.0148508,20.92,0.687892,-0.0198181
20.94,0.86111,-0.0156815,20.94,0.773365,0.131696,20.94,0.861446,-0.00802473,20.94,0.880691,-0.0134732
20.96,1.02984,-0.0180739,20.96,0.943616,0.128136,20.96,1.03025,-0.0106536,20.96,1.05433,-0.0163304
20.98,1.17617,-0.00380576,20.98,1.08822,0.141908,20.98,1.17656,0.00364709,20.98,1.20125,-0.0011236
21,0.714836,0.0182918,21,0.620988,0.163537,21,0.715093,0.0261877,21,0.726643,0.0216918
21.02,0.401079,-0.0066395,21.02,0.329576,0.138042,21.02,0.401279,0.00158947,21.02,0.417999,-0.00419067
21.04,0.393677,-0.0119533,21.04,0.336582,0.134624,21.04,0.393851,-0.00465148,21.04,0.418826,-0.0098952
21.06,0.31502,-0.00886518,21.06,0.256159,0.138877,21.06,0.315147,-0.00144158,21.06,0.338868,-0.00612048
21.08,0.0301064,0.00750794,21.08,-0.0399242,0.156189,21.08,0.0301413,0.0151171,21.08,0.0431946,0.010896
21.1,-0.668352,0.0265835,21.1,-0.764948,0.176246,21.1,-0.668418,0.0343899,21.1,-0.675091,0.030198
21.12,-1.39899,0.0149033,21.12,-1.51645,0.163652,21.12,-1.39919,0.0229052,21.12,-1.41466,0.0175463
21.14,-1.74114,-0.00158627,21.14,-1.85665,0.146941,21.14,-1.74146,0.00645208,21.14,-1.74967,0.00108085
21.16,-1.89696,-0.00766293,21.16,-2.01781,0.140824,21.16,-1.89735,0.000462948,21.16,-1.91033,-0.00468921
21.18,-1.65247,-0.0411252,21.18,-1.76143,0.106271,21.18,-1.65277,-0.0326872,21.18,-1.66137,-0.0390066
21.2,-0.850137,-0.0404412,21.2,-0.939887,0.107714,21.2,-0.850344,-0.0316172,21.2,-0.845458,-0.0375445
21.22,-0.696121,0.0024545,21.22,-0.782358,0.150764,21.22,-0.696309,0.0112859,21.22,-0.696183,0.00585149
21.24,-0.810999,-0.00632747,21.24,-0.891066,0.141554,21.24,-0.811176,0.000490774,21.24,-0.808215,-0.00516104
21.26,-0.657634,-0.0174475,21.26,-0.739648,0.129887,21.26,-0.657729,-0.0104561,21.26,-0.647675,-0.0156696
21.28,-0.300429,-0.0247186,21.28,-0.386842,0.120558,21.28,-0.300397,-0.017586,21.28,-0.281721,-0.0231552
21.3,0.225223,-0.0293803,21.3,0.147145,0.114387,21.3,0.225368,-0.0222356,21.3,0.255594,-0.027437
21.32,0.647725,-0.0188602,21.32,0.575356,0.1249,21.32,0.647934,-0.0119853,21.32,0.677796,-0.0163674
21.34,0.843888,-0.00973132,21.34,0.764062,0.133519,21.34,0.844157,-0.00311912,21.34,0.866931,-0.00764492
21.36,1.01247,-0.0108953,21.36,0.931494,0.131076,21.36,1.0128,-0.00442787,21.36,1.03784,-0.00939917
21.38,1.16244,0.000426692,21.38,1.07701,0.141858,21.38,1.16276,0.00699486,21.38,1.18606,0.00272362
21.4,0.709399,0.0255542,21.4,0.613283,0.166605,21.4,0.709602,0.0324383,21.4,0.715636,0.0283989
21.42,0.397647,0.00327034,21.42,0.323552,0.143775,21.42,0.397803,0.0104229,21.42,0.410056,0.00504792
21.44,0.390683,-0.00501552,21.44,0.329852,0.137404,21.44,0.390821,0.00147824,21.44,0.41048,-0.00327932
21.46,0.311824,-0.00121198,21.46,0.245712,0.14243,21.46,0.311925,0.005414,21.46,0.327401,0.00115538
21.48,0.0294724,0.0158115,21.48,-0.0456678,0.160132,21.48,0.0294983,0.0226768,21.48,0.036342,0.0185132
21.5,-0.667138,0.0374284,21.5,-0.767251,0.183037,21.5,-0.667195,0.0445485,21.5,-0.678456,0.0406576
21.52,-1.40012,0.0261746,21.52,-1.52501,0.171086,21.52,-1.40029,0.0334508,21.52,-1.42422,0.028707
21.54,-1.74586,0.0134379,21.54,-1.87488,0.158122,21.54,-1.74612,0.0207131,21.54,-1.76863,0.0160198
21.56,-1.9039,0.00910698,21.56,-2.04181,0.153544,21.56,-1.90422,0.0165105,21.56,-1.9344,0.0119483
21.58,-1.65876,-0.0257386,21.58,-1.78129,0.117216,21.58,-1.65901,-0.0180223,21.58,-1.68148,-0.0240981
21.6,-0.854837,-0.0242357,21.6,-0.956099,0.119779,21.6,-0.855008,-0.0160231,21.6,-0.86283,-0.0215385
21.62,-0.712517,0.0241264,21.62,-0.810265,0.168286,21.62,-0.712675,0.0323462,21.62,-0.725418,0.0273
21.64,-0.812124,0.0160181,21.64,-0.904797,0.159886,21.64,-0.81227,0.0226628,21.64,-0.822177,0.0174211
21.66,-0.651663,0.00766881,21.66,-0.747449,0.151053,21.66,-0.651739,0.0145743,21.66,-0.656312,0.00975209
21.68,-0.293535,-0.00126221,21.68,-0.391843,0.140002,21.68,-0.293505,0.0057929,21.68,-0.288419,0.000424625
21.7,0.235022,-0.00104011,21.7,0.145564,0.139112,21.7,0.235145,0.00610308,21.7,0.252355,0.00120601
21.72,0.663797,0.0130163,21.72,0.578325,0.153187,21.72,0.663969,0.0199977,21.72,0.67886,0.0158912
21.74,0.863277,0.0167528,21.74,0.769942,0.15608,21.74,0.863496,0.0235634,21.74,0.870323,0.0189164
21.76,1.03252,0.0152104,21.76,0.938668,0.154054,21.76,1.03278,0.0219841,21.76,1.04205,0.0174899
21.78,1.17905,0.0242651,21.78,1.07706,0.162488,21.78,1.17931,0.0310605,21.78,1.18273,0.0270477
21.8,0.717432,0.050393,21.8,0.60539,0.188203,21.8,0.717604,0.0574061,21.8,0.704544,0.0536791
21.82,0.40288,0.0262414,21.82,0.311372,0.163391,21.82,0.403014,0.0335229,21.82,0.395447,0.0282309
21.84,0.395166,0.0208474,21.84,0.318077,0.159823,21.84,0.395281,0.0275143,21.84,0.396512,0.0229126
21.86,0.316172,0.0253728,21.86,0.235513,0.165485,21.86,0.316257,0.0320913,21.86,0.314692,0.0280747
21.88,0.0306285,0.041918,21.88,-0.060052,0.182734,21.88,0.0306518,0.048752,21.88,0.0193833,0.045215
21.9,-0.667465,0.0607916,21.9,-0.781338,0.202764,21.9,-0.667508,0.0678298,21.9,-0.695768,0.0644211
21.92,-1.39627,0.0483458,21.92,-1.53036,0.189499,21.92,-1.3964,0.055456,21.92,-1.43337,0.0510237
21.94,-1.73737,0.0315399,21.94,-1.87156,0.172778,21.94,-1.73757,0.0387119,21.94,-1.76927,0.0343549
21.96,-1.89304,0.0258738,21.96,-2.0356,0.167183,21.96,-1.89329,0.0331933,21.96,-1.93244,0.0291241
21.98,-1.64961,-0.00546937,21.98,-1.78162,0.134723,21.98,-1.64981,0.00197476,21.98,-1.68531,-0.003255
22,-0.848649,-0.00433963,22,-0.960068,0.136512,22,-0.848784,0.00334859,22,-0.869158,-0.00158246
22.02,-0.707359,0.0393087,22.02,-0.818543,0.180829,22.02,-0.707465,0.0469338,22.02,-0.736147,0.0428469
22.04,-0.807509,0.0310927,22.04,-0.914627,0.172018,22.04,-0.807361,0.0371347,22.04,-0.83379,0.0325854
22.06,-0.650678,0.019164,22.06,-0.758071,0.15938,22.06,-0.64915,0.0253013,22.06,-0.667492,0.0209634
22.08,-0.299017,0.00879947,22.08,-0.405714,0.147385,22.08,-0.294133,0.0149878,22.08,-0.300149,0.0103766
22.1,0.223841,0.0054579,22.1,0.124198,0.14297,22.1,0.233114,0.0117029,22.1,0.237081,0.00749125
22.12,0.64972,0.017574,22.12,0.552147,0.155033,22.12,0.663201,0.0235911,22.12,0.662541,0.0202462
22.14,0.845954,0.0212249,22.14,0.740875,0.157978,22.14,0.863172,0.0270014,22.14,0.854674,0.023213
22.16,1.01475,0.0167572,22.16,0.907864,0.152579,22.16,1.03193,0.0228618,22.16,1.02495,0.0188963
22.18,1.16593,0.0358231,22.18,1.05346,0.171214,22.18,1.17766,0.0419192,22.18,1.16651,0.0386107
22.2,0.705762,0.0623728,22.2,0.587147,0.197355,22.2,0.715161,0.0686754,22.2,0.691487,0.0654176
22.22,0.402806,0.037839,22.22,0.301244,0.172364,22.22,0.40855,0.0447244,22.22,0.388847,0.040416
22.24,0.395178,0.0291841,22.24,0.309818,0.165556,22.24,0.393001,0.035877,22.24,0.381003,0.032031
22.26,0.315304,0.03558,22.26,0.228875,0.173033,22.26,0.308942,0.0418058,22.26,0.295684,0.0384732
22.28,0.0344313,0.0510319,22.28,-0.0623457,0.189384,22.28,0.0215318,0.0575814,22.28,0.00135455,0.0545888
22.3,-0.669214,0.0680515,22.3,-0.787803,0.207382,22.3,-0.676262,0.0738685,22.3,-0.710823,0.0710339
22.32,-1.40681,0.0577213,22.32,-1.54732,0.19649,22.32,-1.40214,0.0641319,22.32,-1.44788,0.0604866
22.34,-1.74061,0.0429818,22.34,-1.88323,0.181635,22.34,-1.73859,0.0498469,22.34,-1.78285,0.0461681
22.36,-1.89525,0.0414296,22.36,-2.04712,0.180331,22.36,-1.8917,0.0474509,22.36,-1.94366,0.0440294
22.38,-1.66864,0.00502276,22.38,-1.80934,0.142471,22.38,-1.65026,0.0115237,22.38,-1.6954,0.00661327
22.4,-0.86493,-2.36696e-05,22.4,-0.981816,0.137915,22.4,-0.850194,0.00758969,22.4,-0.877638,0.00295112
22.42,-0.702729,0.0465753,22.42,-0.822183,0.185849,22.42,-0.707472,0.054452,22.42,-0.746075,0.0509987
22.44,-0.798978,0.0362899,22.44,-0.917735,0.174835,22.44,-0.80613,0.0421848,22.44,-0.845088,0.0378082
22.46,-0.653266,0.0299518,22.46,-0.770482,0.167967,22.46,-0.647622,0.0356941,22.46,-0.676459,0.0315048
22.48,-0.301574,0.0185239,22.48,-0.416045,0.154984,22.48,-0.292845,0.0254138,22.48,-0.307886,0.0208654
22.5,0.248156,0.0135765,22.5,0.143411,0.149332,22.5,0.23542,0.0215032,22.5,0.233446,0.0174647
22.52,0.713521,0.0216684,22.52,0.614674,0.157229,22.52,0.668703,0.0291427,22.52,0.667084,0.0255074
22.54,0.928727,0.0284805,22.54,0.823163,0.163877,22.54,0.871194,0.0343722,22.54,0.863078,0.0307088
22.56,1.11072,0.0243687,22.56,1.00119,0.159034,22.56,1.04128,0.0312153,22.56,1.03184,0.0271439
22.58,1.25486,0.041994,22.58,1.142,0.176541,22.58,1.18655,0.0458504,22.58,1.1745,0.0423435
22.6,0.758518,0.0615891,22.6,0.639701,0.195713,22.6,0.720482,0.0662132,22.6,0.696818,0.06245
22.62,0.440737,0.0291899,22.62,0.342757,0.163104,22.62,0.404905,0.036046,22.62,0.388446,0.0313137
22.64,0.451774,0.0183663,22.64,0.369553,0.154334,22.64,0.397624,0.0248942,22.64,0.388853,0.020577
22.66,0.389414,0.0276808,22.66,0.305295,0.164493,22.66,0.318663,0.033256,22.66,0.308812,0.0294053
22.68,0.103015,0.0485464,22.68,0.00730818,0.186522,22.68,0.0324662,0.053711,22.68,0.0141955,0.0504055
22.7,-0.617954,0.0688912,22.7,-0.737484,0.207859,22.7,-0.667289,0.0729101,22.7,-0.704421,0.0698415
22.72,-1.36923,0.0523097,22.72,-1.50728,0.190548,22.72,-1.39848,0.0582089,22.72,-1.4455,0.0539677
22.74,-1.69685,0.0354088,22.74,-1.83123,0.173064,22.74,-1.74103,0.041609,22.74,-1.78201,0.0372456
22.76,-1.85544,0.0344358,22.76,-1.99401,0.172695,22.76,-1.89739,0.0385345,22.76,-1.94236,0.0343635
22.78,-1.66173,-0.00325026,22.78,-1.79204,0.133463,22.78,-1.65311,0.00046731,22.78,-1.68896,-0.00520307
22.8,-0.867676,-0.00678044,22.8,-0.976944,0.13089,22.8,-0.850911,-0.000486248,22.8,-0.870748,-0.00531809
22.82,-0.673274,0.0346846,22.82,-0.785342,0.173551,22.82,-0.709042,0.0425104,22.82,-0.74131,0.0385853
22.84,-0.768495,0.0287419,22.84,-0.8797,0.166983,22.84,-0.808954,0.0318475,22.84,-0.839057,0.0269828
22.86,-0.654875,0.0175535,22.86,-0.762217,0.155214,22.86,-0.650373,0.0199666,22.86,-0.668258,0.0150721
22.88,-0.316154,0.00417872,22.88,-0.420261,0.141008,22.88,-0.294899,0.00950357,22.88,-0.301701,0.00488771
22.9,0.251848,-0.00445472,22.9,0.158038,0.131643,22.9,0.232204,0.00307853,22.9,0.234484,-0.00129825
22.92,0.741744,0.00527112,22.92,0.656529,0.141594,22.92,0.661582,0.0116033,22.92,0.664605,0.00775977
22.94,0.952339,0.014163,22.94,0.862132,0.150411,22.94,0.861198,0.0170682,22.94,0.860298,0.0130421
22.96,1.12492,0.00837877,22.96,1.03464,0.14398,22.96,1.02995,0.0124308,22.96,1.03185,0.00818478
22.98,1.25451,0.0243497,22.98,1.1612,0.160606,22.98,1.17627,0.0247481,22.98,1.17704,0.0214781
23,0.749261,0.0474014,23,0.646591,0.183542,23,0.714904,0.0488171,23,0.702749,0.0454101
23.02,0.438715,0.0210234,23.02,0.351442,0.156687,23.02,0.401132,0.0254977,23.02,0.393844,0.0210075
23.04,0.465139,0.0120685,23.04,0.391612,0.149659,23.04,0.393723,0.0157059,23.04,0.394258,0.0114495
23.06,0.426333,0.0199283,23.06,0.349371,0.158524,23.06,0.315054,0.0231899,23.06,0.315196,0.0193836
23.08,0.152008,0.0399696,23.08,0.0626567,0.179502,23.08,0.0301159,0.0415338,23.08,0.0213239,0.0383144
23.1,-0.561352,0.0607241,23.1,-0.672479,0.201155,23.1,-0.668369,0.0612797,23.1,-0.698067,0.0582063
23.12,-1.29733,0.0462708,23.12,-1.43272,0.186652,23.12,-1.39904,0.0496769,23.12,-1.44483,0.0456342
23.14,-1.6045,0.0302041,23.14,-1.74513,0.169991,23.14,-1.74122,0.0335914,23.14,-1.78558,0.0292724
23.16,-1.75247,0.0275127,23.16,-1.90047,0.167507,23.16,-1.89706,0.0271052,23.16,-1.94533,0.022718
23.18,-1.61533,-0.00427923,23.18,-1.75393,0.133913,23.18,-1.65255,-0.00718178,23.18,-1.68686,-0.0132628
23.2,-0.848238,-0.0118808,23.2,-0.958953,0.127259,23.2,-0.850191,-0.00977617,23.2,-0.86241,-0.0149383
23.22,-0.615862,0.0276791,23.22,-0.727543,0.168208,23.22,-0.69617,0.0340632,23.22,-0.72004,0.0298501
23.24,-0.71306,0.0228156,23.24,-0.82273,0.163227,23.24,-0.811045,0.0219153,23.24,-0.831027,0.0167973
23.26,-0.634811,0.0152225,23.26,-0.74277,0.155381,23.26,-0.657659,0.0123761,23.26,-0.668188,0.00749625
23.28,-0.312443,-0.00399563,23.28,-0.415303,0.135035,23.28,-0.300421,-0.00193222,23.28,-0.301336,-0.00693621
23.3,0.277768,-0.0146414,23.3,0.185994,0.124197,23.3,0.225261,-0.00859421,23.3,0.233899,-0.0133715
23.32,0.798518,-0.00125288,23.32,0.714529,0.13793,23.32,0.64778,0.00283241,23.32,0.658363,-0.0013662
23.34,1.00376,0.00895043,23.34,0.91526,0.148119,23.34,0.843959,0.00798885,23.34,0.851149,0.00346756
23.36,1.16217,0.00456754,23.36,1.07592,0.143148,23.36,1.01256,0.00443218,23.36,1.02423,-0.000373636
23.38,1.2674,0.0165609,23.38,1.18093,0.155488,23.38,1.16253,0.012068,23.38,1.17469,0.00805461
23.4,0.741242,0.0376044,23.4,0.644668,0.176556,23.4,0.709452,0.0348006,23.4,0.70671,0.0308288
23.42,0.437422,0.0061837,23.42,0.362453,0.144231,23.42,0.397688,0.00823254,23.42,0.406254,0.00292466
23.44,0.482084,-0.00234235,23.44,0.421512,0.138062,23.44,0.390719,-0.00148264,23.44,0.410618,-0.00624638
23.46,0.46569,0.00343544,23.46,0.400633,0.144439,23.46,0.31185,0.00522567,23.46,0.331282,0.000909692
23.48,0.207488,0.0272107,23.48,0.128361,0.169517,23.48,0.0294791,0.0260246,23.48,0.0374799,0.0225049
23.5,-0.489392,0.0464829,23.5,-0.590672,0.189236,23.5,-0.667153,0.0449204,23.5,-0.683823,0.0415522
23.52,-1.2077,0.0302368,23.52,-1.33126,0.172798,23.52,-1.40017,0.0317356,23.52,-1.4341,0.0272294
23.54,-1.50651,0.0160306,23.54,-1.63729,0.158322,23.54,-1.74593,0.0172689,23.54,-1.77731,0.0124988
23.56,-1.64743,0.0123692,23.56,-1.78867,0.154887,23.56,-1.90398,0.0098085,23.56,-1.94087,0.00485921
23.58,-1.56875,-0.0151133,23.58,-1.70701,0.125802,23.58,-1.65882,-0.0242291,23.58,-1.68373,-0.0305423
23.6,-0.844598,-0.0263359,23.6,-0.95361,0.115049,23.6,-0.854883,-0.0265184,23.6,-0.860314,-0.0321585
23.62,-0.586301,0.0137085,23.62,-0.693078,0.156728,23.62,-0.712558,0.020022,23.62,-0.727235,0.0153938
23.64,-0.671516,0.0144748,23.64,-0.778065,0.157789,23.64,-0.812163,0.0106653,23.64,-0.822384,0.00517124
23.66,-0.620232,0.00755388,23.66,-0.730046,0.150905,23.66,-0.651683,0.00180311,23.66,-0.656325,-0.00311383
23.68,-0.310213,-0.0101009,23.68,-0.417754,0.132362,23.68,-0.293527,-0.00870651,23.68,-0.293451,-0.013869
23.7,0.282613,-0.0192732,23.7,0.187572,0.122558,23.7,0.235054,-0.0143451,23.7,0.244558,-0.0193071
23.72,0.846918,-0.0127484,23.72,0.766623,0.129547,23.72,0.663842,-0.00705528,23.72,0.676848,-0.0116422
23.74,1.08845,0.000516191,23.74,1.01054,0.143244,23.74,0.863334,-0.000210177,23.74,0.870611,-0.00487138
23.76,1.25699,-0.00215576,23.76,1.18221,0.140403,23.76,1.03259,-0.00370694,23.76,1.04284,-0.00848399
23.78,1.33531,0.0207656,23.78,1.25906,0.164084,23.78,1.17912,0.0127779,23.78,1.18662,0.00868091
23.8,0.759852,0.0393252,23.8,0.66727,0.182668,23.8,0.717477,0.0342682,23.8,0.709982,0.0300491
23.82,0.458472,0.00777736,23.82,0.382294,0.15017,23.82,0.402915,0.00998569,23.82,0.407856,0.00458256
23.84,0.527137,0.00588116,23.84,0.460026,0.150099,23.84,0.395196,0.00644274,23.84,0.408533,0.00165278
23.86,0.529459,0.0101235,23.86,0.45762,0.155029,23.86,0.316195,0.0117982,23.86,0.327165,0.00740721
23.88,0.270508,0.0294549,23.88,0.184012,0.175011,23.88,0.0306347,0.0274969,23.88,0.0338451,0.0234249
23.9,-0.413461,0.0451345,23.9,-0.510951,0.190814,23.9,-0.667476,0.0441692,23.9,-0.683522,0.0406461
23.92,-1.08596,0.0277659,23.92,-1.20355,0.174345,23.92,-1.3963,0.0296763,23.92,-1.4306,0.0252707
23.94,-1.36847,0.0153917,23.94,-1.50159,0.161433,23.94,-1.73742,0.0157788,23.94,-1.77012,0.0111251
23.96,-1.53799,0.015558,23.96,-1.68066,0.161601,23.96,-1.89311,0.00928543,23.96,-1.93089,0.00464304
23.98,-1.53363,-0.00797612,23.98,-1.67535,0.136448,23.98,-1.64967,-0.022323,23.98,-1.67599,-0.0284913
24,-0.853089,-0.0204348,24,-0.965509,0.124212,24,-0.848685,-0.0214948,24,-0.854949,-0.0267313
24.02,-0.559343,0.0163294,24.02,-0.665722,0.162553,24.02,-0.707374,0.0239619,24.02,-0.716895,0.0192657
24.04,-0.626375,0.0186499,24.04,-0.729275,0.165145,24.04,-0.807276,0.0130713,24.04,-0.811999,0.00822493
24.06,-0.600288,0.0108536,24.06,-0.704926,0.157875,24.06,-0.649106,0.00309207,24.06,-0.647441,-0.00150231
24.08,-0.301647,-0.0073904,24.08,-0.408181,0.138995,24.08,-0.294151,-0.00707882,24.08,-0.285158,-0.0118865
24.1,0.323947,-0.0240212,24.1,0.234701,0.121535,24.1,0.233041,-0.0166101,24.1,0.252925,-0.0211456
24.12,0.928522,-0.0139718,24.12,0.856738,0.132262,24.12,0.663096,-0.00772745,24.12,0.685229,-0.0118311
24.14,1.1953,-0.00610846,24.14,1.12385,0.140814,24.14,0.863038,-0.00627147,24.14,0.881954,-0.0103186
24.16,1.36478,-0.00976739,24.16,1.29762,0.136861,24.16,1.03177,-0.0126934,24.16,1.05429,-0.0171211
24.18,1.40543,0.0152009,24.18,1.33456,0.162975,24.18,1.17751,0.00397093,24.18,1.19498,0.00050246
24.2,0.788758,0.0330505,24.2,0.698611,0.181071,24.2,0.715059,0.0261681,24.2,0.714929,0.0225717
24.22,0.489428,-0.00209052,24.22,0.412205,0.144582,24.22,0.408471,5.71095e-05,24.22,0.418583,-0.00473754
24.24,0.565149,-0.00971534,24.24,0.497568,0.138431,24.24,0.392931,-0.00889659,24.24,0.416212,-0.0131672
24.26,0.5714,-0.00351273,24.26,0.500826,0.145628,24.26,0.308891,-0.00238516,24.26,0.332022,-0.00594349
24.28,0.302007,0.0168361,24.28,0.219265,0.166194,24.28,0.0215176,0.0148795,24.28,0.0354378,0.0117758
24.3,-0.348595,0.0326664,24.3,-0.439986,0.181962,24.3,-0.676237,0.0342857,24.3,-0.682797,0.0314875
24.32,-0.97733,0.0194043,24.32,-1.07833,0.169107,24.32,-1.40206,0.0224558,24.32,-1.42147,0.0187674
24.34,-1.24086,0.00481182,24.34,-1.35103,0.154424,24.34,-1.73847,0.00508048,24.34,-1.75671,0.00129029
24.36,-1.41016,0.00817793,24.36,-1.52953,0.15815,24.36,-1.89155,0.0013427,24.36,-1.91531,-0.00234788
24.38,-1.45046,-0.0129521,24.38,-1.57514,0.135553,24.38,-1.65015,-0.0315619,24.38,-1.66407,-0.0368941
24.4,-0.830698,-0.030633,24.4,-0.930944,0.117701,24.4,-0.850119,-0.0330507,24.4,-0.846174,-0.0377443
24.42,-0.529158,0.000818478,24.42,-0.624338,0.150811,24.42,-0.707402,0.00925121,24.42,-0.706369,0.00509611
24.44,-0.605242,0.00546887,24.44,-0.701345,0.1557,24.44,-0.806065,-0.00064845,24.44,-0.801419,-0.00507464
24.46,-0.600981,0.000576579,24.46,-0.702159,0.151327,24.46,-0.647589,-0.00776733,24.46,-0.641189,-0.0118153
24.48,-0.319504,-0.016447,24.48,-0.421369,0.133716,24.48,-0.292861,-0.0160575,24.48,-0.281392,-0.020629
24.5,0.309843,-0.0310552,24.5,0.224596,0.118594,24.5,0.23536,-0.0227303,24.5,0.258887,-0.027164
24.52,0.913812,-0.0163744,24.52,0.839688,0.134257,24.52,0.668617,-0.0100438,24.52,0.692571,-0.0136765
24.54,1.16646,-0.00297557,24.54,1.08688,0.148214,24.54,0.871084,-0.00316564,24.54,0.889787,-0.00702669
24.56,1.31889,-0.0040039,24.56,1.23836,0.146859,24.56,1.04115,-0.00722725,24.56,1.061,-0.011297
24.58,1.34764,0.0170317,24.58,1.26609,0.168593,24.58,1.18642,0.00716356,24.58,1.20245,0.00379669
24.6,0.743271,0.0321302,24.6,0.648955,0.183835,24.6,0.7204,0.027251,24.6,0.719705,0.0236975
24.62,0.451636,0.000845658,24.62,0.3693,0.151557,24.62,0.404841,0.00457134,24.62,0.415242,-0.000232632
24.64,0.534013,-0.00613387,24.64,0.45981,0.145688,24.64,0.397569,-0.00389446,24.64,0.418951,-0.00816601
24.66,0.544774,0.00133451,24.66,0.464474,0.15383,24.66,0.318623,0.00321351,24.66,0.337622,-0.000278754
24.68,0.276724,0.0205686,24.68,0.180916,0.17332,24.68,0.0324555,0.0201364,24.68,0.0406591,0.0170041
24.7,-0.35848,0.0331347,24.7,-0.463684,0.185509,24.7,-0.667266,0.0369866,24.7,-0.6785,0.0340931
24.72,-0.977511,0.0208716,24.72,-1.09185,0.173357,24.72,-1.39841,0.0253554,24.72,-1.42555,0.0217651
24.74,-1.24193,0.00860685,24.74,-1.36261,0.161313,24.74,-1.74092,0.00985894,24.74,-1.76723,0.00609842
24.76,-1.41324,0.0120233,24.76,-1.54181,0.164868,24.76,-1.89727,0.00571009,24.76,-1.93004,0.00201334
24.78,-1.45343,-0.00722874,24.78,-1.58466,0.144422,24.78,-1.65301,-0.0254875,24.78,-1.67486,-0.0306516
24.8,-0.83263,-0.0228585,24.8,-0.942511,0.128631,24.8,-0.850843,-0.0248538,24.8,-0.855352,-0.0292965
24.82,-0.531233,0.01203,24.82,-0.635011,0.164988,24.82,-0.70898,0.0210974,24.82,-0.712779,0.0170367
24.84,-0.606273,0.0162374,24.84,-0.710634,0.16941,24.84,-0.808896,0.0103124,24.84,-0.806947,0.00609272
24.86,-0.601861,0.00984887,24.86,-0.708322,0.163673,24.86,-0.650343,0.00150879,24.86,-0.644493,-0.0020438
24.88,-0.318396,-0.00896026,24.88,-0.426053,0.144315,24.88,-0.29491,-0.00834822,24.88,-0.284338,-0.0125101
24.9,0.313387,-0.0202241,24.9,0.219392,0.132686,24.9,0.232155,-0.0114837,24.9,0.252251,-0.015431
24.92,0.914942,-0.00542799,24.92,0.830495,0.148555,24.92,0.661513,0.00111408,24.92,0.682199,-0.00217359
24.94,1.16448,0.00701201,24.94,1.07298,0.161305,24.94,0.861109,0.00689276,24.94,0.875655,0.0032335
24.96,1.3147,0.00558042,24.96,1.22598,0.159344,24.96,1.02984,0.00243533,24.96,1.04917,-0.00160535
24.98,1.34253,0.028863,24.98,1.24959,0.183623,24.98,1.17617,0.0190323,24.98,1.18804,0.016152
25,0.741096,0.0481032,25,0.634749,0.202669,25,0.714836,0.0434315,25,0.706945,0.0402479
25.02,0.450744,0.014741,25.02,0.356915,0.167972,25.02,0.401079,0.018696,25.02,0.404212,0.0141182
25.04,0.53307,0.00685019,25.04,0.447078,0.161024,25.04,0.393676,0.00894554,25.04,0.40773,0.00483692
25.06,0.543506,0.0139247,25.06,0.449072,0.16885,25.06,0.31502,0.0157402,25.06,0.325544,0.0124939
25.08,0.275122,0.0358392,25.08,0.165899,0.190788,25.08,0.0301064,0.035411,25.08,0.0297556,0.0324381
25.1,-0.359395,0.0474356,25.1,-0.475841,0.201729,25.1,-0.668352,0.05135,25.1,-0.687751,0.0485507
25.12,-0.977928,0.0356918,25.12,-1.10432,0.19035,25.12,-1.39899,0.040177,25.12,-1.43489,0.0368111
25.14,-1.24238,0.024647,25.14,-1.37547,0.179354,25.14,-1.74114,0.025764,25.14,-1.77735,0.0221587
25.16,-1.41393,0.0265961,25.16,-1.55786,0.18171,25.16,-1.89696,0.0201738,25.16,-1.94226,0.0168032
25.18,-1.454,0.00553315,25.18,-1.60359,0.158772,25.18,-1.65247,-0.0126465,25.18,-1.68862,-0.0179089
25.2,-0.833004,-0.0116934,25.2,-0.955288,0.141317,25.2,-0.850137,-0.0133857,25.2,-0.866305,-0.0178352
25.22,-0.532601,0.0210761,25.22,-0.65469,0.175713,25.22,-0.696121,0.0311477,25.22,-0.717979,0.0272753
25.24,-0.606902,0.0263588,25.24,-0.731607,0.181318,25.24,-0.810998,0.0218742,25.24,-0.830207,0.017738
25.26,-0.601634,0.0167965,25.26,-0.727034,0.171976,25.26,-0.657634,0.00932563,25.26,-0.669632,0.00509379
25.28,-0.317448,-0.00530394,25.28,-0.437678,0.149488,25.28,-0.300429,-0.00376177,25.28,-0.301804,-0.00828521
25.3,0.312712,-0.0178861,25.3,0.208786,0.136585,25.3,0.225223,-0.00826675,25.3,0.236002,-0.0125501
25.32,0.907275,-0.00150835,25.32,0.815229,0.154177,25.32,0.647725,0.00574782,25.32,0.660506,0.00239829
25.34,1.15013,0.0120511,25.34,1.05496,0.167946,25.34,0.843887,0.0123056,25.34,0.852618,0.00867197
25.36,1.29583,0.0116434,25.36,1.20019,0.167028,25.36,1.01247,0.00857739,25.36,1.02156,0.00477269
25.38,1.32656,0.0276542,25.38,1.23183,0.183849,25.38,1.16244,0.0180577,25.38,1.17001,0.0150847
25.4,0.734492,0.0457358,25.4,0.628475,0.201635,25.4,0.709399,0.0413127,25.4,0.70221,0.0381775
25.42,0.445174,0.014771,25.42,0.346352,0.169433,25.42,0.397646,0.0189235,25.42,0.397877,0.0147256
25.44,0.528438,0.0103552,25.44,0.434647,0.165539,25.44,0.390683,0.0130919,25.44,0.39923,0.00914984
25.46,0.53947,0.0143661,25.46,0.439844,0.169693,25.46,0.311824,0.0167279,25.46,0.318337,0.0133507
25.48,0.271573,0.0382764,25.48,0.16272,0.193651,25.48,0.0294724,0.0381684,25.48,0.0263423,0.0353513
25.5,-0.361627,0.0518943,25.5,-0.479947,0.206992,25.5,-0.667138,0.0561093,25.5,-0.690608,0.0536052
25.52,-0.981305,0.0383633,25.52,-1.11008,0.193355,25.52,-1.40012,0.0430929,25.52,-1.43792,0.0396682
25.54,-1.24735,0.0236328,25.54,-1.37968,0.178575,25.54,-1.74586,0.0246228,25.54,-1.77986,0.021075
25.56,-1.42009,0.0265426,25.56,-1.56045,0.181844,25.56,-1.9039,0.0196488,25.56,-1.94312,0.016326
25.58,-1.45973,0.00373831,25.58,-1.60157,0.157595,25.58,-1.65876,-0.0151643,25.58,-1.68573,-0.0198195
25.6,-0.836226,-0.0135578,25.6,-0.953605,0.139733,25.6,-0.854837,-0.0161567,25.6,-0.865555,-0.0201813
25.62,-0.534285,0.0188425,25.62,-0.652737,0.173961,25.62,-0.712517,0.027333,25.62,-0.730902,0.0241161
25.64,-0.608815,0.0249475,25.64,-0.731388,0.17987,25.64,-0.812124,0.0184953,25.64,-0.828936,0.0144896
25.66,-0.603454,0.0202907,25.66,-0.725461,0.17558,25.66,-0.651663,0.0114152,25.66,-0.659682,0.0077573
25.68,-0.318713,-0.00405536,25.68,-0.434269,0.150592,25.68,-0.293535,-0.00403913,25.68,-0.292997,-0.00801079
25.7,0.314245,-0.0149947,25.7,0.212902,0.139801,25.7,0.235022,-0.00676929,25.7,0.244888,-0.0103328
25.72,0.91614,-0.00407101,25.72,0.823445,0.151459,25.72,0.663797,0.00189801,25.72,0.675322,-0.00139375
25.74,1.16611,0.00955249,25.74,1.06909,0.16546,25.74,0.863276,0.00867851,25.74,0.870221,0.00539486
25.76,1.31704,0.0095628,25.76,1.21995,0.165025,25.76,1.03252,0.00538927,25.76,1.04014,0.0017862
25.78,1.34499,0.0294765,25.78,1.24647,0.18541,25.78,1.17905,0.0186313,25.78,1.18238,0.0157575
25.8,0.743039,0.042422,25.8,0.635477,0.197981,25.8,0.717432,0.0369123,25.8,0.706936,0.0337624
25.82,0.452386,0.00840468,25.82,0.35255,0.162753,25.82,0.40288,0.011718,25.82,0.401174,0.00758196
25.84,0.534494,0.00132241,25.84,0.440152,0.156059,25.84,0.395166,0.00258409,25.84,0.402127,-0.00113751
25.86,0.544559,0.00600153,25.86,0.445161,0.160981,25.86,0.316172,0.00704505,25.86,0.322765,0.00366055
25.88,0.275687,0.0298716,25.88,0.166697,0.184862,25.88,0.0306285,0.0286303,25.88,0.0283994,0.0257917
25.9,-0.359361,0.0406926,25.9,-0.47701,0.195179,25.9,-0.667465,0.0436469,25.9,-0.687771,0.0410241
25.92,-0.977705,0.0293004,25.92,-1.10345,0.183626,25.92,-1.39627,0.0326731,25.92,-1.43109,0.0292535
25.94,-1.24186,0.0187342,25.94,-1.36931,0.173235,25.94,-1.73737,0.0184994,25.94,-1.77079,0.0150163
25.96,-1.41339,0.0215177,25.96,-1.54606,0.176207,25.96,-1.89304,0.0136429,25.96,-1.9301,0.0100932
25.98,-1.45347,0.000857399,25.98,-1.58825,0.154301,25.98,-1.64961,-0.0187453,25.98,-1.67496,-0.0237133
26,-0.83277,-0.0149128,26,-0.945782,0.138196,26,-0.848649,-0.0181018,26,-0.8569,-0.022099
26.02,-0.53173,0.0219492,26.02,-0.646394,0.176389,26.02,-0.707359,0.030143,26.02,-0.722452,0.0266328
26.04,-0.606654,0.0287906,26.04,-0.725377,0.183151,26.04,-0.807509,0.0219211,26.04,-0.820043,0.0176968
26.06,-0.60192,0.0211903,26.06,-0.721601,0.175879,26.06,-0.650678,0.011989,26.06,-0.65702,0.00822098
26.08,-0.318066,0.0031802,26.08,-0.435143,0.157522,26.08,-0.299017,0.00299566,26.08,-0.300278,-0.00113436
26.1,0.314124,-0.00909546,26.1,0.208788,0.145256,26.1,0.223841,-0.00115504,26.1,0.231928,-0.00503537
26.12,0.916015,0.00505127,26.12,0.819832,0.160013,26.12,0.64972,0.0106133,26.12,0.66111,0.00712174
26.14,1.16567,0.0196654,26.14,1.06832,0.174904,26.14,0.845953,0.0183819,26.14,0.855779,0.0147573
26.16,1.31599,0.0193624,26.16,1.22031,0.174251,26.16,1.01475,0.0144088,26.16,1.02648,0.0106165
26.18,1.34356,0.0416429,26.18,1.24611,0.197099,26.18,1.16593,0.0302096,26.18,1.17224,0.0270969
26.2,0.741599,0.057904,26.2,0.63267,0.213083,26.2,0.705762,0.0518391,26.2,0.694254,0.0486267
26.22,0.452244,0.020559,26.22,0.346485,0.174254,26.22,0.402805,0.0232265,26.22,0.396388,0.0185598
26.24,0.533431,0.0113352,26.24,0.431643,0.165516,26.24,0.395178,0.0123357,26.24,0.399367,0.0082971
26.26,0.542564,0.021646,26.26,0.435457,0.17593,26.26,0.315304,0.0227238,26.26,0.317404,0.0190699
26.28,0.273103,0.0427524,26.28,0.158235,0.196915,26.28,0.0344313,0.041121,26.28,0.0284109,0.0379567
26.3,-0.35973,0.0569295,26.3,-0.486778,0.210953,26.3,-0.669214,0.0605625,26.3,-0.699425,0.0579976
26.32,-0.970893,0.0444675,26.32,-1.10895,0.198135,26.32,-1.40681,0.048066,26.32,-1.45927,0.0444572
26.34,-1.22799,0.0324417,26.34,-1.36997,0.186281,26.34,-1.74061,0.0317982,26.34,-1.7938,0.0278727
26.36,-1.39474,0.0331883,26.36,-1.54302,0.187199,26.36,-1.89525,0.0255412,26.36,-1.95414,0.0218162
26.38,-1.43757,0.0107522,26.38,-1.58953,0.162803,26.38,-1.66864,-0.00972493,26.38,-1.71563,-0.0156253
26.4,-0.825802,-0.0066899,26.4,-0.94891,0.144829,26.4,-0.86493,-0.011574,26.4,-0.885646,-0.0166526
26.42,-0.525709,0.0252839,26.42,-0.6503,0.178615,26.42,-0.702729,0.0314008,26.42,-0.731096,0.0275255
26.44,-0.601764,0.0317248,26.44,-0.729418,0.184813,26.44,-0.798978,0.0235455,26.44,-0.824026,0.0186975
26.46,-0.597401,0.0248768,26.46,-0.725314,0.178197,26.46,-0.653266,0.0146862,26.46,-0.669032,0.0100074
26.48,-0.314948,0.00801868,26.48,-0.436047,0.160931,26.48,-0.301574,0.0053515,26.48,-0.306993,0.000433343
26.5,0.315642,-0.00900481,26.5,0.209138,0.143851,26.5,0.248156,-0.00470579,26.5,0.254664,-0.00939045
26.52,0.919328,0.00605291,26.52,0.818324,0.160055,26.52,0.713521,0.00823124,26.52,0.720165,0.00445738
26.54,1.17097,0.0176136,26.54,1.06558,0.17146,26.54,0.928727,0.0141967,26.54,0.930035,0.0100422
26.56,1.32259,0.018849,26.56,1.21916,0.172213,26.56,1.11072,0.0110607,26.56,1.1154,0.0063727
26.58,1.34953,0.0385561,26.58,1.24884,0.192365,26.58,1.25486,0.0268832,26.58,1.26087,0.0231596
26.6,0.74444,0.0539199,26.6,0.636067,0.207487,26.6,0.758518,0.0468173,26.6,0.750272,0.0430606
26.62,0.453411,0.0180691,26.62,0.34939,0.170357,26.62,0.440736,0.0177122,26.62,0.439436,0.0125953
26.64,0.535301,0.0155073,26.64,0.435185,0.16801,26.64,0.451774,0.0133585,26.64,0.460016,0.00868213
26.66,0.544928,0.0248181,26.66,0.43972,0.177679,26.66,0.389414,0.0233997,26.66,0.396097,0.0192076
26.68,0.275614,0.0459624,26.68,0.160399,0.198858,26.68,0.103015,0.042768,26.68,0.100928,0.0388841
26.7,-0.359794,0.0612838,26.7,-0.487771,0.213842,26.7,-0.617954,0.0637139,26.7,-0.63967,0.0601549
26.72,-0.978801,0.0509996,26.72,-1.11559,0.203213,26.72,-1.36923,0.0520469,26.72,-1.4081,0.0476037
26.74,-1.24383,0.0362413,26.74,-1.37882,0.188255,26.74,-1.69685,0.0331677,26.74,-1.72989,0.0281867
26.76,-1.41602,0.0410829,26.76,-1.55521,0.193577,26.76,-1.85544,0.0322379,26.76,-1.8902,0.0277965
26.78,-1.45632,0.0190405,26.78,-1.59971,0.170228,26.78,-1.66173,-0.00132781,26.78,-1.6932,-0.00694919
26.8,-0.834914,0.00170694,26.8,-0.9569,0.152124,26.8,-0.867676,-0.00469689,26.8,-0.882455,-0.0103173
26.82,-0.533297,0.0323538,26.82,-0.660468,0.18458,26.82,-0.673274,0.0354333,26.82,-0.69784,0.0310083
26.84,-0.607967,0.0354345,26.84,-0.741448,0.187611,26.84,-0.768495,0.0267098,26.84,-0.794686,0.02134
26.86,-0.603109,0.0274376,26.86,-0.736291,0.179517,26.86,-0.654875,0.0169842,26.86,-0.673358,0.0117299
26.88,-0.319019,0.00871558,26.88,-0.444354,0.160541,26.88,-0.316154,0.00417162,26.88,-0.326962,-0.00125792
26.9,0.313688,-0.00403078,26.9,0.200099,0.147885,26.9,0.251848,-0.00271882,26.9,0.251551,-0.00803074
26.92,0.915624,0.00625963,26.92,0.808025,0.159012,26.92,0.741744,0.00606912,26.92,0.745969,0.00134745
26.94,1.16528,0.0176088,26.94,1.05478,0.17035,26.94,0.952339,0.0137107,26.94,0.952658,0.00895842
26.96,1.31567,0.0184884,26.96,1.20658,0.171179,26.96,1.12492,0.01003,26.96,1.12844,0.0050901
26.98,1.34333,0.0374367,26.98,1.23521,0.189995,26.98,1.25451,0.0257001,26.98,1.25447,0.0212782
27,0.741568,0.0569188,27,0.627469,0.209468,27,0.749261,0.0496615,27,0.733878,0.0452756
27.02,0.451251,0.0253725,27.02,0.338806,0.176675,27.02,0.438715,0.0240173,27.02,0.429796,0.0183629
27.04,0.533483,0.0194396,27.04,0.424507,0.170902,27.04,0.465139,0.0166445,27.04,0.46606,0.0114151
27.06,0.543685,0.0285313,27.06,0.431549,0.180001,27.06,0.426333,0.0258942,27.06,0.426701,0.0210734
27.08,0.275058,0.0469022,27.08,0.157114,0.198445,27.08,0.152008,0.0437525,27.08,0.145806,0.0392366
27.1,-0.359701,0.05922,27.1,-0.487015,0.210527,27.1,-0.561352,0.0616719,27.1,-0.583634,0.0577247
27.12,-0.978506,0.0501445,27.12,-1.11707,0.201287,27.12,-1.29733,0.0504381,27.12,-1.34411,0.0460852
27.14,-1.24319,0.0371524,27.14,-1.38328,0.188089,27.14,-1.6045,0.0336967,27.14,-1.65457,0.0284309
27.16,-1.4149,0.0398924,27.16,-1.56208,0.191283,27.16,-1.75247,0.0325028,27.16,-1.8073,0.0275017
27.18,-1.45491,0.0168096,27.18,-1.60284,0.166588,27.18,-1.61533,0.000107213,27.18,-1.66171,-0.0066882
27.2,-0.833552,-0.00122799,27.2,-0.955934,0.148011,27.2,-0.848238,-0.00659954,27.2,-0.871779,-0.0127096
27.22,-0.533081,0.0302617,27.22,-0.657302,0.181009,27.22,-0.615862,0.0319605,27.22,-0.641944,0.0268974
27.24,-0.607284,0.0367853,27.24,-0.736174,0.187317,27.24,-0.71306,0.0297377,27.24,-0.73986,0.0240394
27.26,-0.601857,0.028516,27.26,-0.729159,0.179238,27.26,-0.63481,0.0200861,27.26,-0.655295,0.0145235
27.28,-0.317482,0.00868223,27.28,-0.437293,0.159262,27.28,-0.312443,0.00401868,27.28,-0.325458,-0.00196817
27.3,0.312959,-0.00340066,27.3,0.203457,0.147175,27.3,0.277768,-0.003992,27.3,0.275981,-0.01008
27.32,0.907888,0.00866852,27.32,0.805689,0.159985,27.32,0.798518,0.00712316,27.32,0.805634,0.00170265
27.34,1.15105,0.0223118,27.34,1.04578,0.17372,27.34,1.00376,0.0184891,27.34,1.0093,0.013024
27.36,1.29693,0.0203328,27.36,1.19383,0.171198,27.36,1.16217,0.0120241,27.36,1.17236,0.00617188
27.38,1.32762,0.0414733,27.38,1.22786,0.192581,27.38,1.2674,0.0308373,27.38,1.27802,0.025787
27.4,0.735149,0.0577148,27.4,0.628868,0.208751,27.4,0.741242,0.050603,27.4,0.736097,0.0456267
27.42,0.445692,0.0233324,27.42,0.347353,0.172748,27.42,0.437422,0.020134,27.42,0.44442,0.0136273
27.44,0.528858,0.0193055,27.44,0.435464,0.169013,27.44,0.482083,0.0154281,27.44,0.499317,0.00985928
27.46,0.539746,0.0268689,27.46,0.440724,0.176734,27.46,0.46569,0.021901,27.46,0.480478,0.0166726
27.48,0.271671,0.0475456,27.48,0.162089,0.19758,27.48,0.207488,0.0435325,27.48,0.211744,0.0388869
27.5,-0.361782,0.0595972,27.5,-0.480024,0.209042,27.5,-0.489392,0.0606922,27.5,-0.50211,0.0560539
27.52,-0.981751,0.0483594,27.52,-1.10631,0.197637,27.52,-1.2077,0.0470249,27.52,-1.23615,0.0419114
27.54,-1.24806,0.0359805,27.54,-1.37438,0.185233,27.54,-1.50651,0.0312637,27.54,-1.53648,0.0257971
27.56,-1.42097,0.037441,27.56,-1.55394,0.186734,27.56,-1.64743,0.0290653,27.56,-1.68405,0.0235849
27.58,-1.46058,0.0130102,27.58,-1.59727,0.161175,27.58,-1.56875,-0.000409054,27.58,-1.60416,-0.00724894
27.6,-0.836786,-0.00458037,27.6,-0.951193,0.142931,27.6,-0.844598,-0.0101951,27.6,-0.858831,-0.0168023
27.62,-0.534733,0.03041,27.62,-0.653901,0.179423,27.62,-0.586301,0.029373,27.62,-0.604129,0.0238424
27.64,-0.609175,0.0395728,27.64,-0.733538,0.188406,27.64,-0.671516,0.0327729,27.64,-0.692013,0.026964
27.66,-0.603684,0.0305686,27.66,-0.7294,0.179609,27.66,-0.620232,0.0232352,27.66,-0.640515,0.017425
27.68,-0.318789,0.00997544,27.68,-0.440004,0.158552,27.68,-0.310213,0.00429009,27.68,-0.324576,-0.00196563
27.7,0.314387,-0.00507109,27.7,0.205787,0.143647,27.7,0.282613,-0.00605565,27.7,0.279826,-0.0123989
27.72,0.916478,0.00799273,27.72,0.813179,0.15752,27.72,0.846918,0.003962,27.72,0.854601,-0.00186523
27.74,1.16663,0.0206626,27.74,1.0565,0.170133,27.74,1.08845,0.0160823,27.74,1.09668,0.0103743
27.76,1.31768,0.0202171,27.76,1.20859,0.169087,27.76,1.25699,0.0133276,27.76,1.2695,0.00735038
27.78,1.34561,0.0397351,27.78,1.24171,0.188759,27.78,1.33531,0.0327435,27.78,1.34968,0.0280472
27.8,0.743434,0.0517659,27.8,0.634524,0.200547,27.8,0.759852,0.0478103,27.8,0.755327,0.0427728
27.82,0.452699,0.0208443,27.82,0.348003,0.168816,27.82,0.458472,0.0189886,27.82,0.460439,0.0127289
27.84,0.534746,0.0138726,27.84,0.434502,0.16203,27.84,0.527137,0.0116009,27.84,0.536207,0.00595791
27.86,0.544698,0.0216115,27.86,0.439573,0.169743,27.86,0.529459,0.0182558,27.86,0.535867,0.0127599
27.88,0.275692,0.0416174,27.88,0.162484,0.189778,27.88,0.270508,0.0399868,27.88,0.268397,0.034807
27.9,-0.359528,0.052601,27.9,-0.480257,0.200212,27.9,-0.413461,0.0545505,27.9,-0.426704,0.0491982
27.92,-0.978031,0.0378559,27.92,-1.10259,0.185083,27.92,-1.08596,0.0374399,27.92,-1.11127,0.0321052
27.94,-1.24233,0.0238477,27.94,-1.36672,0.171335,27.94,-1.36847,0.0215317,27.94,-1.39875,0.0157199
27.96,-1.41395,0.0243476,27.96,-1.54412,0.172177,27.96,-1.53799,0.0212216,27.96,-1.57495,0.0156722
27.98,-1.45401,-0.0016133,27.98,-1.58826,0.144593,27.98,-1.53363,-0.00816805,27.98,-1.57011,-0.0153387
28,-0.833127,-0.0194485,28,-0.941518,0.126071,28,-0.853089,-0.0225536,28,-0.86438,-0.0298585
28.02,-0.532023,0.0143693,28.02,-0.641951,0.161653,28.02,-0.559343,0.0139034,28.02,-0.570616,0.00789424
28.04,-0.606888,0.0219762,28.04,-0.721356,0.168946,28.04,-0.626375,0.0187663,28.04,-0.63862,0.0124981
28.06,-0.602052,0.0178879,28.06,-0.71674,0.164956,28.06,-0.600288,0.0145141,28.06,-0.612338,0.00858517
28.08,-0.318071,-0.00183273,28.08,-0.425519,0.144792,28.08,-0.301647,-0.0042624,28.08,-0.307665,-0.0108014
28.1,0.314279,-0.0142266,28.1,0.219643,0.132781,28.1,0.323947,-0.0155335,28.1,0.333464,-0.0221236
28.12,0.916323,-0.00220837,28.12,0.822423,0.145655,28.12,0.928522,-0.00473544,28.12,0.948922,-0.0108318
28.14,1.16612,0.0114204,28.14,1.06567,0.159236,28.14,1.1953,0.00841353,28.14,1.21631,0.00266089
28.16,1.31654,0.0111507,28.16,1.21854,0.158453,28.16,1.36478,0.0079154,28.16,1.39093,0.00182095
28.18,1.34409,0.0271493,28.18,1.25126,0.174819,28.18,1.40543,0.025778,28.18,1.4326,0.0211747
28.2,0.741929,0.039796,28.2,0.646239,0.187191,28.2,0.788758,0.0398015,28.2,0.797118,0.0351348
28.22,0.451559,0.00546707,28.22,0.359475,0.151764,28.22,0.487556,0.00585692,28.22,0.499153,-0.000236816
28.24,0.533703,0.0012694,28.24,0.446074,0.147816,28.24,0.564814,0.00122219,28.24,0.580774,-0.00410339
28.26,0.543826,0.0104236,28.26,0.448652,0.157103,28.26,0.5722,0.0100862,28.26,0.583012,0.0048382
28.28,0.275119,0.0309917,28.28,0.169086,0.177569,28.28,0.303916,0.0317302,28.28,0.304844,0.0267678
28.3,-0.359821,0.042259,28.3,-0.473846,0.188386,28.3,-0.348453,0.044037,28.3,-0.35906,0.0390505
28.32,-0.978989,0.030198,28.32,-1.09529,0.17598,28.32,-0.984944,0.0312199,28.32,-1.00426,0.0258208
28.34,-1.24401,0.0180424,28.34,-1.35676,0.16385,28.34,-1.25643,0.0181259,28.34,-1.27544,0.0124823
28.36,-1.41592,0.0213188,28.36,-1.53204,0.167594,28.36,-1.43094,0.0209864,28.36,-1.45346,0.015792
28.38,-1.4559,-0.00513705,28.38,-1.57467,0.139942,28.38,-1.46825,-0.00577708,28.38,-1.49161,-0.0121399
28.4,-0.834199,-0.0261314,28.4,-0.933413,0.118352,28.4,-0.838643,-0.0259349,28.4,-0.843942,-0.0326108
28.42,-0.532792,0.00709655,28.42,-0.637203,0.153105,28.42,-0.535867,0.00808804,28.42,-0.545777,0.00294924
28.44,-0.607481,0.0153138,28.44,-0.717529,0.160986,28.44,-0.610554,0.0151825,28.44,-0.625134,0.00945138
28.46,-0.602625,0.0077522,28.46,-0.708999,0.153225,28.46,-0.605788,0.00765757,28.46,-0.616366,0.00175639
28.48,-0.318621,-0.0123266,28.48,-0.416425,0.132931,28.48,-0.323014,-0.0123174,28.48,-0.325779,-0.0185162
28.5,0.313979,-0.0239211,28.5,0.226787,0.121777,28.5,0.308072,-0.0238508,28.5,0.318365,-0.0298521
28.52,0.916404,-0.0113989,28.52,0.828132,0.135109,28.52,0.910366,-0.0115725,28.52,0.928736,-0.0171503
28.54,1.16657,-0.00086122,28.54,1.07083,0.145438,28.54,1.16116,-0.00125254,28.54,1.17928,-0.00688504
28.56,1.31721,-0.000609476,28.56,1.22394,0.145147,28.56,1.31237,-0.00110518,28.56,1.33587,-0.00714273
28.58,1.34482,0.0185776,28.58,1.25546,0.164516,28.58,1.34248,0.0181955,28.58,1.36573,0.0133015
28.6,0.742448,0.0341797,28.6,0.648472,0.180016,28.6,0.741192,0.0345371,28.6,0.746145,0.0296715
28.62,0.451902,-3.44519e-05,28.62,0.364936,0.144545,28.62,0.45005,0.00103134,28.62,0.462088,-0.00511479
28.64,0.533998,-0.00550687,28.64,0.453853,0.139514,28.64,0.53276,-0.00493577,28.64,0.551189,-0.0102476
28.66,0.544121,-0.00125777,28.66,0.457595,0.143963,28.66,0.544247,-0.000474077,28.66,0.558692,-0.00568105
28.68,0.27541,0.0182983,28.68,0.17915,0.163541,28.68,0.276974,0.0193954,28.68,0.283774,0.0146561
28.7,-0.359601,0.0329011,28.7,-0.465278,0.17729,28.7,-0.357541,0.0342662,28.7,-0.362738,0.0293241
28.72,-0.9787,0.0188036,28.72,-1.08503,0.162732,28.72,-0.976571,0.0198642,28.72,-0.987548,0.0144618
28.74,-1.24365,0.00655692,28.74,-1.34423,0.150714,28.74,-1.24092,0.00711279,28.74,-1.24722,0.00155432
28.76,-1.41553,0.00861797,28.76,-1.52029,0.153268,28.76,-1.41192,0.00888901,28.76,-1.42131,0.00380614
28.78,-1.45555,-0.0137425,28.78,-1.567,0.129774,28.78,-1.45198,-0.0133422,28.78,-1.46599,-0.0193417
28.8,-0.834012,-0.0315797,28.8,-0.926745,0.111225,28.8,-0.831326,-0.0307156,28.8,-0.828322,-0.0370954
28.82,-0.532624,-0.000694816,28.82,-0.628064,0.143471,28.82,-0.530192,0.000387624,28.82,-0.531401,-0.00465193
28.84,-0.607353,0.00559002,28.84,-0.707178,0.149715,28.84,-0.605371,0.00587555,28.84,-0.611032,0.000357362
28.86,-0.602524,-0.00192537,28.86,-0.700402,0.142204,28.86,-0.601141,-0.00168349,28.86,-0.604201,-0.00730034
28.88,-0.318546,-0.0216353,28.88,-0.409629,0.122211,28.88,-0.317937,-0.0213362,28.88,-0.314572,-0.0273733
28.9,0.314002,-0.032017,28.9,0.231741,0.112317,28.9,0.31355,-0.0316864,28.9,0.327129,-0.0376668
28.92,0.916336,-0.0194194,28.92,0.832195,0.125703,28.92,0.915305,-0.0193387,28.92,0.937751,-0.0249048
28.94,1.16642,-0.00721503,28.94,1.0736,0.137645,28.94,1.16506,-0.00741185,28.94,1.18804,-0.0128593
28.96,1.317,-0.0115202,28.96,1.22708,0.132741,28.96,1.31531,-0.0117988,28.96,1.34499,-0.0176593
28.98,1.3446,0.00499292,28.98,1.26183,0.14918,28.98,1.34309,0.00464034,28.98,1.37626,1.11725e-05
29,0.742301,0.0233943,29,0.654685,0.167726,29,0.741374,0.0236278,29,0.753659,0.0191825
29.02,0.45179,-0.0105551,29.02,0.371741,0.132489,29.02,0.450924,-0.00982568,29.02,0.469956,-0.0157554
29.04,0.533902,-0.0181198,29.04,0.460171,0.125242,29.04,0.53319,-0.0177367,29.04,0.557444,-0.0231815
29.06,0.544028,-0.0159091,29.06,0.468396,0.127719,29.06,0.543635,-0.0153134,29.06,0.569113,-0.0205818
29.08,0.275317,0.00309711,29.08,0.189929,0.146761,29.08,0.275268,0.00398435,29.08,0.294174,-0.000983505
29.1,-0.359671,0.0139234,29.1,-0.452378,0.156955,29.1,-0.359313,0.0149088,29.1,-0.350637,0.01014
29.12,-0.978777,-0.000141605,29.12,-1.07154,0.142503,29.12,-0.978009,0.000632605,29.12,-0.977344,-0.00449473
29.14,-1.24374,-0.0135928,29.14,-1.33143,0.12935,29.14,-1.24264,-0.0131094,29.14,-1.23988,-0.0184795
29.16,-1.41562,-0.0114159,29.16,-1.50681,0.132167,29.16,-1.41429,-0.0110582,29.16,-1.41482,-0.0159612
29.18,-1.45563,-0.0280006,29.18,-1.55362,0.114559,29.18,-1.45438,-0.0275281,29.18,-1.45912,-0.0334391
29.2,-0.834059,-0.0440799,29.2,-0.915441,0.0977333,29.2,-0.833278,-0.0433707,29.2,-0.821192,-0.049675
29.22,-0.532665,-0.00754225,29.22,-0.614963,0.135543,29.22,-0.531989,-0.0067097,29.22,-0.52257,-0.0117329
29.24,-0.607383,-0.00172785,29.24,-0.693799,0.141056,29.24,-0.606845,-0.00160178,29.24,-0.601358,-0.0073069
29.26,-0.60254,-0.00634434,29.26,-0.690187,0.136755,29.26,-0.602221,-0.00626352,29.26,-0.596719,-0.011874
29.28,-0.318545,-0.0240133,29.28,-0.402629,0.118567,29.28,-0.318483,-0.0240616,29.28,-0.309908,-0.030243
29.3,0.314023,-0.0378266,29.3,0.242231,0.104952,29.3,0.313716,-0.0379321,29.3,0.335166,-0.0442262
29.32,0.916387,-0.0243571,29.32,0.847081,0.119207,29.32,0.915632,-0.024608,29.32,0.949405,-0.0305598
29.34,1.1665,-0.0141687,29.34,1.0868,0.129477,29.34,1.16536,-0.0146993,29.34,1.19784,-0.0201575
29.36,1.3171,-0.0171853,29.36,1.2385,0.125794,29.36,1.31572,-0.0179938,29.36,1.35338,-0.0239096
29.38,1.3447,0.000421997,29.38,1.27091,0.143576,29.38,1.3434,-0.000462857,29.38,1.38319,-0.00511044
29.4,0.742367,0.0189869,29.4,0.659195,0.162411,29.4,0.74158,0.0183313,29.4,0.756903,0.0141143
29.42,0.451842,-0.0118844,29.42,0.379098,0.12993,29.42,0.451212,-0.0122285,29.42,0.476121,-0.0183065
29.44,0.533945,-0.0168019,29.44,0.468483,0.125323,29.44,0.533439,-0.0174901,29.44,0.564772,-0.0228902
29.46,0.544059,-0.0123904,29.46,0.471952,0.130297,29.46,0.543754,-0.0129763,29.46,0.571625,-0.0180098
29.48,0.275335,0.00994235,29.48,0.188032,0.152665,29.48,0.275262,0.00959957,29.48,0.291367,0.00484521
29.5,-0.359674,0.0220842,29.5,-0.456357,0.163966,29.5,-0.359422,0.0218165,29.5,-0.354884,0.016857
29.52,-0.978791,0.00864595,29.52,-1.07672,0.150031,29.52,-0.978192,0.00808423,29.52,-0.98099,0.00283168
29.54,-1.24377,-0.000489348,29.54,-1.342,0.141232,29.54,-1.24285,-0.00143442,29.54,-1.24827,-0.00665706
29.56,-1.41565,0.00402359,29.56,-1.52124,0.146031,29.56,-1.41453,0.00288387,29.56,-1.42657,-0.00223161
29.58,-1.45567,-0.0164951,29.58,-1.56668,0.124712,29.58,-1.45459,-0.0177007,29.58,-1.46954,-0.0235959
29.6,-0.834084,-0.0341169,29.6,-0.927199,0.106366,29.6,-0.833374,-0.0352359,29.6,-0.830646,-0.041363
29.62,-0.532685,0.000848335,29.62,-0.626687,0.142604,29.62,-0.532113,-0.000274904,29.62,-0.532638,-0.00521312
29.64,-0.6074,0.00822777,29.64,-0.705301,0.149903,29.64,-0.60694,0.00659297,29.64,-0.611449,0.00117572
29.66,-0.602551,0.001443,29.66,-0.701455,0.143436,29.66,-0.602261,-0.000206897,29.66,-0.606344,-0.00557541
29.68,-0.318547,-0.0179523,29.68,-0.414536,0.123588,29.68,-0.318472,-0.019492,29.68,-0.320321,-0.0253935
29.7,0.314031,-0.0268333,29.7,0.23022,0.114676,29.7,0.313818,-0.0285155,29.7,0.323516,-0.0346974
29.72,0.916401,-0.014233,29.72,0.836065,0.128136,29.72,0.915918,-0.0161433,29.72,0.938062,-0.0219459
29.74,1.16652,-0.00340976,29.74,1.07667,0.139066,29.74,1.16578,-0.00550856,29.74,1.18715,-0.0108923
29.76,1.31712,0.000685826,29.76,1.2246,0.142826,29.76,1.31622,-0.00156767,29.76,1.33908,-0.00707979
29.78,1.34472,0.0192478,29.78,1.25415,0.161642,29.78,1.34386,0.0169774,29.78,1.36621,0.0127509
29.8,0.74238,0.0387334,29.8,0.644488,0.181173,29.8,0.741832,0.0366483,29.8,0.742112,0.0323804
29.82,0.451853,0.0042322,29.82,0.362249,0.14521,29.82,0.451416,0.00241156,29.82,0.459292,-0.00362956
29.84,0.533954,-0.00289604,29.84,0.451704,0.138417,29.84,0.533602,-0.00499478,29.84,0.548168,-0.0103411
29.86,0.544062,0.000997165,29.86,0.455868,0.142861,29.86,0.543866,-0.00110391,29.86,0.555994,-0.00598321
29.88,0.275331,0.0184626,29.88,0.176586,0.16005,29.88,0.275323,0.0164363,29.88,0.280383,0.0116167
29.9,-0.359686,0.0334829,29.9,-0.465309,0.17453,29.9,-0.359455,0.0314901,29.9,-0.362989,0.0268251
29.92,-0.978811,0.0206168,29.92,-1.09042,0.161616,29.92,-0.97836,0.0184595,29.92,-0.994091,0.013841
29.94,-1.2438,0.00877702,29.94,-1.35888,0.149862,29.94,-1.24314,0.00636214,29.94,-1.26477,0.00143312
29.96,-1.41569,0.0137346,29.96,-1.53952,0.155298,29.96,-1.4149,0.0112791,29.96,-1.44465,0.00674951
29.98,-1.4557,-0.00884013,29.98,-1.58231,0.131224,29.98,-1.45495,-0.0112669,29.98,-1.48541,-0.0173246
30,-0.834104,-0.0281141,30,-0.93823,0.111544,30,-0.833606,-0.0303848,30,-0.841636,-0.0365877
30.02,-0.532296,0.00418348,30.02,-0.635233,0.145365,30.02,-0.532292,0.00204773,30.02,-0.541294,-0.00263809
30.04,-0.605085,0.0102151,30.04,-0.71064,0.151236,30.04,-0.607086,0.00779341,30.04,-0.618529,0.00246805
30.06,-0.60056,0.00267076,30.06,-0.706174,0.144006,30.06,-0.602371,-2.24104e-05,30.06,-0.612821,-0.00520237
30.08,-0.31946,-0.015996,30.08,-0.42034,0.124939,30.08,-0.318535,-0.0187774,30.08,-0.324416,-0.0244548
30.1,0.308333,-0.0315222,30.1,0.22392,0.109246,30.1,0.313832,-0.0345159,30.1,0.324219,-0.0406884
30.12,0.902953,-0.0203535,30.12,0.82662,0.121352,30.12,0.916002,-0.0227973,30.12,0.942767,-0.0284746
30.14,1.16167,-0.00861375,30.14,1.07911,0.133066,30.14,1.16593,-0.010988,30.14,1.19438,-0.0161608
30.16,1.30641,-0.00758924,30.16,1.2266,0.133694,30.16,1.3164,-0.0112511,30.16,1.35171,-0.0167752
30.18,1.32112,0.0133005,30.18,1.24331,0.155298,30.18,1.34404,0.0103723,30.18,1.37961,0.00642488
30.2,0.721523,0.0288422,30.2,0.632832,0.170414,30.2,0.741951,0.0269101,30.2,0.753147,0.0227635
30.22,0.440428,-0.00478924,30.22,0.362616,0.135028,30.22,0.451508,-0.00676398,30.22,0.47076,-0.0125528
30.24,0.538163,-0.0101642,30.24,0.467826,0.130456,30.24,0.533676,-0.0117067,30.24,0.558681,-0.0169186
30.26,0.559598,-0.00249456,30.26,0.482831,0.138316,30.26,0.54391,-0.00438725,30.26,0.566814,-0.00942174
30.28,0.298135,0.0169086,30.28,0.212269,0.15759,30.28,0.27533,0.01487,30.28,0.290579,0.0100251
30.3,-0.319547,0.0322169,30.3,-0.415616,0.172773,30.3,-0.359497,0.0313661,30.3,-0.35614,0.0267766
30.32,-0.91364,0.0243466,30.32,-1.01971,0.164713,30.32,-0.978442,0.0221831,30.32,-0.988427,0.0173897
30.34,-1.17191,0.00958382,30.34,-1.27959,0.14984,30.34,-1.24326,0.00795026,30.34,-1.25654,0.00274665
30.36,-1.32259,0.0110306,30.36,-1.43674,0.151317,30.36,-1.41504,0.00898668,30.36,-1.43149,0.00397805
30.38,-1.37069,-0.00432807,30.38,-1.49039,0.134677,30.38,-1.45508,-0.0092617,30.38,-1.47482,-0.0153974
30.4,-0.790414,-0.0204299,30.4,-0.887701,0.118161,30.4,-0.833696,-0.0246793,30.4,-0.833653,-0.0308458
30.42,-0.490254,0.0104572,30.42,-0.586261,0.150157,30.42,-0.532367,0.00891621,30.42,-0.534953,0.00396201
30.44,-0.525331,0.0194014,30.44,-0.625969,0.159304,30.44,-0.607145,0.0190282,30.44,-0.614098,0.0136256
30.46,-0.491557,0.0150061,30.46,-0.597012,0.154876,30.46,-0.602401,0.0125219,30.46,-0.612342,0.00733398
30.48,-0.215738,-0.00449205,30.48,-0.319359,0.13501,30.48,-0.31853,-0.00712342,30.48,-0.327074,-0.0128079
30.5,0.424328,-0.0206663,30.5,0.335756,0.11835,30.5,0.313881,-0.0227038,30.5,0.320112,-0.0290466
30.52,1.02639,-0.00878905,30.52,0.949573,0.131121,30.52,0.916093,-0.0116951,30.52,0.942297,-0.0175916
30.54,1.27419,0.00463353,30.54,1.19188,0.144887,30.54,1.16606,0.00124849,30.54,1.19515,-0.0040127
30.56,1.3824,0.00609934,30.56,1.30115,0.14564,30.56,1.31656,0.000527029,30.56,1.3499,-0.0049368
30.58,1.33556,0.0277193,30.58,1.25391,0.16788,30.58,1.34419,0.0214051,30.58,1.37604,0.0174933
30.6,0.707707,0.0382004,30.6,0.613468,0.17802,30.6,0.742045,0.0366432,30.6,0.747489,0.0326899
30.62,0.461972,0.00157441,30.62,0.381676,0.139689,30.62,0.451584,0.00111084,30.62,0.465193,-0.00448724
30.64,0.565851,0.00323231,30.64,0.488579,0.142596,30.64,0.533737,0.000312756,30.64,0.552064,-0.00461313
30.66,0.557144,0.00995691,30.66,0.471449,0.148874,30.66,0.543942,0.00585875,30.66,0.55972,0.000972673
30.68,0.278638,0.0306199,30.68,0.18383,0.16967,30.68,0.275328,0.0268725,30.68,0.283125,0.0224881
30.7,-0.295598,0.0388863,30.7,-0.399944,0.177406,30.7,-0.359541,0.0408373,30.7,-0.362722,0.036552
30.72,-0.822326,0.0279019,30.72,-0.934307,0.165952,30.72,-0.978528,0.0273517,30.72,-0.997078,0.0229991
30.74,-1.04674,0.0177918,30.74,-1.16023,0.155839,30.74,-1.24338,0.0159632,30.74,-1.26898,0.0112332
30.76,-1.18183,0.0211019,30.76,-1.30706,0.159565,30.76,-1.41519,0.01774,30.76,-1.44851,0.0132359
30.78,-1.25719,0.00522202,30.78,-1.38538,0.141787,30.78,-1.45523,-0.00518056,30.78,-1.49013,-0.0111707
30.8,-0.74495,-0.012417,30.8,-0.845718,0.123787,30.8,-0.833792,-0.0218068,30.8,-0.842588,-0.0279654
30.82,-0.4537,0.0144657,30.82,-0.557279,0.152082,30.82,-0.532445,0.0110142,30.82,-0.545058,0.00637761
30.84,-0.468732,0.0191119,30.84,-0.580925,0.156814,30.84,-0.607207,0.016674,30.84,-0.623751,0.0112302
30.86,-0.411852,0.0113218,30.86,-0.526512,0.14854,30.86,-0.602438,0.00780149,30.86,-0.619184,0.00244224
30.88,-0.128107,-0.00559302,30.88,-0.236791,0.131439,30.88,-0.318535,-0.0106663,30.88,-0.332201,-0.0164938
30.9,0.526936,-0.0217391,30.9,0.43627,0.114972,30.9,0.313916,-0.0254463,30.9,0.315127,-0.0317374
30.92,1.13973,-0.00514112,30.92,1.06269,0.132288,30.92,0.916167,-0.010877,30.92,0.935306,-0.016929
30.94,1.38518,0.00635018,30.94,1.31062,0.143791,30.94,1.16617,0.000372066,30.94,1.19211,-0.00513518
30.96,1.47242,0.00684204,30.96,1.40465,0.144079,30.96,1.3167,-0.00358112,30.96,1.35003,-0.0090799
30.98,1.35507,0.030283,30.98,1.28259,0.168545,30.98,1.34432,0.0169809,30.98,1.37787,0.0130589
31,0.684546,0.0409102,31,0.591777,0.17828,31,0.742127,0.0356471,31,0.747779,0.031608
31.02,0.478829,0.00381845,31.02,0.40238,0.139469,31.02,0.451649,0.00180375,31.02,0.467233,-0.0038851
31.04,0.584474,0.00516531,31.04,0.512048,0.141928,31.04,0.53379,-0.00279769,31.04,0.555289,-0.0077447
31.06,0.537253,0.0124135,31.06,0.455826,0.148765,31.06,0.543972,0.00309176,31.06,0.563407,-0.00188157
31.08,0.245317,0.0292572,31.08,0.157058,0.16522,31.08,0.275329,0.0224885,31.08,0.288396,0.017804
31.1,-0.330143,0.0356489,31.1,-0.425847,0.171208,31.1,-0.359576,0.033527,31.1,-0.356741,0.0290639
31.12,-0.836419,0.0273687,31.12,-0.942402,0.162751,31.12,-0.978596,0.0245626,31.12,-0.99149,0.0199729
31.14,-1.05097,0.0208771,31.14,-1.16357,0.155896,31.14,-1.24348,0.0146328,31.14,-1.26397,0.00949845
31.16,-1.18668,0.0206986,31.16,-1.30867,0.155686,31.16,-1.41531,0.0135634,31.16,-1.44058,0.00841549
31.18,-1.26442,0.00549275,31.18,-1.38407,0.13817,31.18,-1.45534,-0.00933055,31.18,-1.47879,-0.0157776
31.2,-0.760037,-0.0139203,31.2,-0.850381,0.11875,31.2,-0.833866,-0.0277121,31.2,-0.833269,-0.0342011
31.22,-0.461148,0.0116388,31.22,-0.55509,0.146063,31.22,-0.532506,0.00513447,31.22,-0.534604,0.000227308
31.24,-0.460584,0.0137542,31.24,-0.564399,0.148238,31.24,-0.607256,0.00759301,31.24,-0.612593,0.00190938
31.26,-0.379797,0.00427133,31.26,-0.48689,0.138746,31.26,-0.602467,-0.00195339,31.26,-0.609182,-0.00740042
31.28,-0.082575,-0.00800378,31.28,-0.183731,0.12612,31.28,-0.318538,-0.0175011,31.28,-0.323224,-0.0234548
31.3,0.578374,-0.0248954,31.3,0.498431,0.108626,31.3,0.313946,-0.0329539,31.3,0.323527,-0.0396096
31.32,1.20147,-0.0119207,31.32,1.14221,0.122041,31.32,0.916227,-0.0217873,31.32,0.9471,-0.0283423
31.34,1.45477,0.00347947,31.34,1.39913,0.137881,31.34,1.16626,-0.00634113,31.34,1.20316,-0.012078
31.36,1.54006,0.00903248,31.36,1.49065,0.143119,31.36,1.31681,-0.00684633,31.36,1.35892,-0.0126905
31.38,1.36888,0.0299861,31.38,1.30869,0.165732,31.38,1.34442,0.00963513,31.38,1.3844,0.00533135
31.4,0.671994,0.0399634,31.4,0.587203,0.174375,31.4,0.742192,0.0304501,31.4,0.753772,0.0260004
31.42,0.500517,0.00326382,31.42,0.428687,0.136047,31.42,0.451701,-0.000787777,31.42,0.471534,-0.00681057
31.44,0.608159,0.00765783,31.44,0.536528,0.141124,31.44,0.533832,-0.00510435,31.44,0.557581,-0.0104324
31.46,0.528157,0.0160839,31.46,0.446976,0.148795,31.46,0.543995,0.00175932,31.46,0.565387,-0.00342868
31.48,0.229035,0.0303491,31.48,0.141447,0.162584,31.48,0.27533,0.0211336,31.48,0.289799,0.0163755
31.5,-0.316363,0.0357762,31.5,-0.41089,0.167268,31.5,-0.359604,0.0322258,31.5,-0.355253,0.0276754
31.52,-0.792415,0.0261505,31.52,-0.895799,0.15737,31.52,-0.978651,0.0209831,31.52,-0.991926,0.0165128
31.54,-1.00734,0.0176309,31.54,-1.11726,0.148468,31.54,-1.24356,0.00739896,31.54,-1.26527,0.00242289
31.56,-1.15137,0.0184102,31.56,-1.27447,0.149493,31.56,-1.41541,0.00795374,31.56,-1.44547,0.00341793
31.58,-1.24212,0.00622199,31.58,-1.37012,0.134772,31.58,-1.45543,-0.0125547,31.58,-1.48996,-0.0186807
31.6,-0.750944,-0.0130256,31.6,-0.848811,0.115083,31.6,-0.833927,-0.0298851,31.6,-0.843806,-0.0362841
31.62,-0.45063,0.0119554,31.62,-0.550744,0.141709,31.62,-0.532556,0.00342537,31.62,-0.54428,-0.00139084
31.64,-0.437389,0.0212689,31.64,-0.548116,0.151158,31.64,-0.607297,0.0129536,31.64,-0.622404,0.00732102
31.66,-0.335576,0.0128264,31.66,-0.448369,0.142552,31.66,-0.60249,0.00442878,31.66,-0.615972,-0.000966432
31.68,-0.0374898,-0.00140529,31.68,-0.142805,0.127595,31.68,-0.318541,-0.0138207,31.68,-0.329099,-0.0197038
31.7,0.622256,-0.0148896,31.7,0.539051,0.114074,31.7,0.31397,-0.0257834,31.7,0.317235,-0.0320098
31.72,1.25442,-0.00116018,31.72,1.18707,0.128469,31.72,0.916276,-0.0126266,31.72,0.935798,-0.0185148
31.74,1.52178,0.0110703,31.74,1.45913,0.140731,31.74,1.16633,-0.000592232,31.74,1.18935,-0.00603977
31.76,1.61545,0.0185924,31.76,1.56354,0.1477,31.76,1.3169,-0.000759492,31.76,1.3468,-0.00662245
31.78,1.39868,0.0426814,31.78,1.33398,0.173812,31.78,1.34451,0.0172832,31.78,1.37448,0.013301
31.8,0.673919,0.0465795,31.8,0.584128,0.17607,31.8,0.742245,0.0343415,31.8,0.744519,0.0302959
31.82,0.536436,0.0057273,31.82,0.461288,0.133255,31.82,0.451744,0.00169237,31.82,0.464302,-0.00412445
31.84,0.642841,0.0123603,31.84,0.568254,0.140658,31.84,0.533866,-0.00310447,31.84,0.552928,-0.00798832
31.86,0.526355,0.0170007,31.86,0.443201,0.144094,31.86,0.544014,-0.000150202,31.86,0.561772,-0.0049315
31.88,0.212807,0.0295039,31.88,0.121618,0.155757,31.88,0.27533,0.0198698,31.88,0.287999,0.015391
31.9,-0.31209,0.0384882,31.9,-0.411142,0.163733,31.9,-0.359627,0.0357914,31.9,-0.357162,0.0315965
31.92,-0.764912,0.028157,31.92,-0.866355,0.152666,31.92,-0.978696,0.0233485,31.92,-0.990931,0.0189946
31.94,-0.981412,0.0248215,31.94,-1.08643,0.149174,31.94,-1.24363,0.0141137,31.94,-1.26072,0.009305
31.96,-1.13445,0.0257776,31.96,-1.24519,0.149445,31.96,-1.41548,0.0153818,31.96,-1.43649,0.0107621
31.98,-1.23317,0.0119662,31.98,-1.34182,0.133625,31.98,-1.4555,-0.00689283,31.98,-1.47661,-0.0128812
32,-0.747062,-0.00821603,32,-0.829737,0.112888,32,-0.833977,-0.023936,32,-0.832645,-0.0300373
32.02,-0.440797,0.0180958,32.02,-0.526909,0.140311,32.02,-0.532597,0.0116924,32.02,-0.535628,0.0071119
32.04,-0.406782,0.0301505,32.04,-0.499207,0.152354,32.04,-0.607329,0.0231847,32.04,-0.614994,0.0178348
32.06,-0.308093,0.021628,32.06,-0.40293,0.1437,32.06,-0.602509,0.0145093,32.06,-0.612089,0.00935523
32.08,-0.00959156,0.00651753,32.08,-0.0990333,0.128202,32.08,-0.318543,-0.00521881,32.08,-0.32801,-0.0106583
32.1,0.636682,-0.00842424,32.1,0.56358,0.113163,32.1,0.31399,-0.0180511,32.1,0.316569,-0.0241204
32.12,1.27722,0.00212786,32.12,1.21801,0.123981,32.12,0.916316,-0.00622428,32.12,0.938412,-0.0122471
32.14,1.56871,0.0154113,32.14,1.51465,0.137157,32.14,1.16639,0.00605611,32.14,1.19458,0.000844896
32.16,1.67599,0.0234513,32.16,1.63064,0.144748,32.16,1.31697,0.00632017,32.16,1.35016,0.000951965
32.18,1.43697,0.0503212,32.18,1.37912,0.173154,32.18,1.34458,0.0251693,32.18,1.37686,0.0215941
32.2,0.691354,0.0525224,32.2,0.612761,0.17372,32.2,0.742289,0.0421996,32.2,0.746182,0.0385094
32.22,0.57908,0.00987398,32.22,0.508837,0.129311,32.22,0.451779,0.00970578,32.22,0.459764,0.0044174
32.24,0.679501,0.0171917,32.24,0.608512,0.136667,32.24,0.533894,0.00294969,32.24,0.545883,-0.00183641
32.26,0.526524,0.0297232,32.26,0.441568,0.148285,32.26,0.544029,0.0137545,32.26,0.551708,0.00901736
32.28,0.187432,0.0390426,32.28,0.0877699,0.156495,32.28,0.275331,0.0328095,32.28,0.2767,0.0283206
32.3,-0.332418,0.0455116,32.3,-0.444506,0.161416,32.3,-0.359645,0.0477352,32.3,-0.37122,0.0434548
32.32,-0.769477,0.0358521,32.32,-0.883322,0.150735,32.32,-0.978732,0.0358766,32.32,-1.00636,0.031426
32.34,-0.987803,0.031151,32.34,-1.10614,0.145741,32.34,-1.24368,0.024547,32.34,-1.2782,0.0196659
32.36,-1.15377,0.033305,32.36,-1.28325,0.147161,32.36,-1.41555,0.0267252,32.36,-1.45859,0.0221998
32.38,-1.26311,0.0174925,32.38,-1.3898,0.128706,32.38,-1.45557,0.00387226,32.38,-1.499,-0.00206426
32.4,-0.761099,-0.00573079,32.4,-0.858731,0.104632,32.4,-0.834017,-0.0157787,32.4,-0.852204,-0.0220486
32.42,-0.45341,0.0224951,32.42,-0.548674,0.133942,32.42,-0.533419,0.0208008,32.42,-0.554421,0.0161607
32.44,-0.419379,0.0263129,32.44,-0.517186,0.137711,32.44,-0.607566,0.0234027,32.44,-0.632223,0.0179424
32.46,-0.313098,0.0200536,32.46,-0.41045,0.131342,32.46,-0.602104,0.0173076,32.46,-0.625121,0.0119086
32.48,-0.00522642,0.00587454,32.48,-0.0947604,0.116788,32.48,-0.317663,-0.00172326,32.48,-0.33572,-0.00758045
32.5,0.65134,-0.00687058,32.5,0.57737,0.104037,32.5,0.31289,-0.0116584,32.5,0.308149,-0.0179371
32.52,1.31805,0.00350007,32.52,1.25472,0.114856,32.52,0.907853,0.00113455,32.52,0.920538,-0.00479922
32.54,1.63829,0.0153737,32.54,1.5782,0.126276,32.54,1.15105,0.0113339,32.54,1.16817,0.00583832
32.56,1.76522,0.0227856,32.56,1.71743,0.13302,32.56,1.29697,0.0106133,32.56,1.31995,0.00491368
32.58,1.50528,0.0577975,32.58,1.44787,0.169508,32.58,1.32767,0.0339968,32.58,1.34983,0.0299732
32.6,0.728428,0.0575391,32.6,0.654864,0.168172,32.6,0.735207,0.0507679,32.6,0.732464,0.0467436
32.62,0.616453,0.0143171,32.62,0.552754,0.122681,32.62,0.445729,0.0192332,32.62,0.447244,0.0134131
32.64,0.71664,0.0270587,32.64,0.650957,0.135303,32.64,0.52889,0.0163157,32.64,0.533655,0.0112762
32.66,0.552982,0.0358734,32.66,0.475028,0.143044,32.66,0.539754,0.0230265,32.66,0.54297,0.0179654
32.68,0.202921,0.0452811,32.68,0.105108,0.151495,32.68,0.271644,0.0423491,32.68,0.269408,0.0377617
32.7,-0.321712,0.0519353,32.7,-0.437392,0.156457,32.7,-0.361843,0.0577472,32.7,-0.375016,0.0535417
32.72,-0.760271,0.0411293,32.72,-0.876728,0.143944,32.72,-0.981818,0.0447443,32.72,-1.01141,0.0403299
32.74,-0.982111,0.0366055,32.74,-1.09903,0.139199,32.74,-1.24814,0.0331916,32.74,-1.28329,0.0285214
32.76,-1.15365,0.0387624,32.76,-1.27915,0.140839,32.76,-1.42105,0.0352917,32.76,-1.46254,0.0310734
32.78,-1.26964,0.0256055,32.78,-1.39803,0.125299,32.78,-1.46064,0.0150509,32.78,-1.50562,0.00922007
32.8,-0.769665,0.0055465,32.8,-0.873803,0.104352,32.8,-0.836825,-0.0010763,32.8,-0.85838,-0.00704591
32.82,-0.459175,0.0304773,32.82,-0.55711,0.130132,32.82,-0.535535,0.0321678,32.82,-0.561815,0.0277653
32.84,-0.425091,0.0368919,32.84,-0.522086,0.136682,32.84,-0.609423,0.0369571,32.84,-0.639603,0.0318381
32.86,-0.319782,0.0326109,32.86,-0.416288,0.132432,32.86,-0.603322,0.0329025,32.86,-0.633156,0.027766
32.88,-0.00992301,0.022515,32.88,-0.100855,0.122016,32.88,-0.317932,0.0180535,32.88,-0.345078,0.0125497
32.9,0.650485,0.00551625,32.9,0.572995,0.105298,32.9,0.313202,0.00386734,32.9,0.298391,-0.00211184
32.92,1.31964,0.0175008,32.92,1.24479,0.118066,32.92,0.907622,0.0181799,32.92,0.909043,0.0125733
32.94,1.64086,0.0311711,32.94,1.56389,0.130952,32.94,1.15063,0.0299315,32.94,1.15476,0.0247259
32.96,1.76764,0.0398377,32.96,1.70217,0.138788,32.96,1.29693,0.0305714,32.96,1.30708,0.0250112
32.98,1.50627,0.0699907,32.98,1.44189,0.169728,32.98,1.32821,0.0490783,32.98,1.34044,0.0446485
33,0.728239,0.0705017,33,0.654641,0.169655,33,0.736142,0.0665797,33,0.725209,0.0624022
33.02,0.616406,0.0253194,33.02,0.553169,0.122462,33.02,0.446423,0.0330302,33.02,0.440306,0.0272797
33.04,0.716863,0.0374188,33.04,0.65307,0.1346,33.04,0.529472,0.029484,33.04,0.527229,0.0244722
33.06,0.553573,0.0474117,33.06,0.4754,0.143687,33.06,0.540145,0.0375486,33.06,0.535294,0.0324693
33.08,0.204398,0.0574582,33.08,0.103365,0.152746,33.08,0.271726,0.0576959,33.08,0.260086,0.0528583
33.1,-0.318959,0.0672978,33.1,-0.440365,0.160706,33.1,-0.361979,0.0763423,33.1,-0.38642,0.0717869
33.12,-0.756641,0.0562162,33.12,-0.876022,0.147901,33.12,-0.98144,0.0629702,33.12,-1.02074,0.0581704
33.14,-0.978088,0.0532909,33.14,-1.09668,0.144826,33.14,-1.24721,0.053138,33.14,-1.29148,0.0480569
33.16,-1.14966,0.0537487,33.16,-1.27488,0.144597,33.16,-1.41991,0.0535437,33.16,-1.46992,0.0486501
33.18,-1.26665,0.0379133,33.18,-1.39328,0.12676,33.18,-1.45952,0.0305393,33.18,-1.51171,0.0244991
33.2,-0.768151,0.0122151,33.2,-0.870718,0.0998095,33.2,-0.836219,0.00896805,33.2,-0.864038,0.0025142
33.22,-0.454038,0.0367096,33.22,-0.547574,0.125235,33.22,-0.534374,0.0416682,33.22,-0.567473,0.0371011
33.24,-0.423643,0.0446653,33.24,-0.515078,0.13339,33.24,-0.608897,0.0474693,33.24,-0.645481,0.0419376
33.26,-0.321636,0.0351529,33.26,-0.410845,0.123931,33.26,-0.603333,0.0382959,33.26,-0.637331,0.0329507
33.28,-0.0141616,0.0178908,33.28,-0.0969402,0.106442,33.28,-0.318348,0.0164814,33.28,-0.347133,0.0106943
33.3,0.646227,0.00155196,33.3,0.573621,0.090595,33.3,0.314743,0.00300495,33.3,0.298064,-0.00306364
33.32,1.3195,0.00894185,33.32,1.24617,0.0984676,33.32,0.916667,0.012695,33.32,0.914872,0.00695983
33.34,1.64391,0.0243542,33.34,1.56794,0.113128,33.34,1.16667,0.026446,33.34,1.16965,0.0210253
33.36,1.77252,0.0318115,33.36,1.70661,0.119996,33.36,1.31765,0.0259474,33.36,1.32725,0.0203969
33.38,1.5084,0.0647886,33.38,1.44215,0.15359,33.38,1.34551,0.0478377,33.38,1.35348,0.0437946
33.4,0.7283,0.0617666,33.4,0.654815,0.14982,33.4,0.743333,0.0618413,33.4,0.72825,0.0575347
33.42,0.604156,0.0173854,33.42,0.541474,0.103564,33.42,0.453639,0.0294362,33.42,0.441741,0.0237996
33.44,0.721652,0.0297482,33.44,0.657835,0.115974,33.44,0.534667,0.0263054,33.44,0.525486,0.0213817
33.46,0.564059,0.041701,33.46,0.488359,0.126692,33.46,0.543462,0.0354086,33.46,0.531498,0.03008
33.48,0.213241,0.0494414,33.48,0.12074,0.133952,33.48,0.273499,0.0532636,33.48,0.259752,0.0486039
33.5,-0.306412,0.0543592,33.5,-0.417847,0.136831,33.5,-0.359826,0.0669949,33.5,-0.385108,0.0624476
33.52,-0.734117,0.0465139,33.52,-0.84561,0.127825,33.52,-0.970624,0.0568076,33.52,-1.00881,0.0520314
33.54,-0.950975,0.0378736,33.54,-1.05955,0.11897,33.54,-1.22729,0.0412353,33.54,-1.26662,0.0360359
33.56,-1.12221,0.0407182,33.56,-1.23492,0.121366,33.56,-1.39392,0.0441396,33.56,-1.43633,0.0393445
33.58,-1.24428,0.026592,33.58,-1.3579,0.105214,33.58,-1.43674,0.0232205,33.58,-1.48202,0.0169976
33.6,-0.758161,0.00506946,33.6,-0.847172,0.0830312,33.6,-0.8254,0.00574126,33.6,-0.847233,-0.000528987
33.62,-0.447364,0.0297921,33.62,-0.529636,0.108736,33.62,-0.525497,0.0389275,33.62,-0.55525,0.0340781
33.64,-0.417459,0.0366028,33.64,-0.499146,0.115616,33.64,-0.601589,0.0438079,33.64,-0.637571,0.0381395
33.66,-0.315952,0.0290572,33.66,-0.397182,0.10814,33.66,-0.597064,0.0364192,33.66,-0.631049,0.0308635
33.68,-0.0120469,0.0134502,33.68,-0.0872997,0.0922253,33.68,-0.314486,0.0163396,33.68,-0.342243,0.0102465
33.7,0.645575,-0.00345563,33.7,0.580987,0.0757859,33.7,0.316115,0.00236086,33.7,0.299627,-0.0037977
33.72,1.31954,0.00706117,33.72,1.25559,0.0867156,33.72,0.91969,0.0151804,33.72,0.91708,0.00915184
33.74,1.64546,0.0199332,33.74,1.57914,0.0989847,33.74,1.1712,0.0263508,33.74,1.17259,0.0207973
33.76,1.77529,0.0282373,33.76,1.71794,0.106669,33.76,1.32276,0.0265893,33.76,1.32806,0.0208044
33.78,1.51149,0.058988,33.78,1.4565,0.13841,33.78,1.34961,0.0465084,33.78,1.35792,0.0420132
33.8,0.73065,0.0557628,33.8,0.670363,0.134678,33.8,0.74444,0.0601525,33.8,0.733759,0.0557358
33.82,0.606078,0.00854778,33.82,0.558882,0.0856042,33.82,0.454374,0.0246021,33.82,0.446907,0.0189872
33.84,0.723403,0.019357,33.84,0.678136,0.0964039,33.84,0.53528,0.0201182,33.84,0.532362,0.0149875
33.86,0.564857,0.0287037,33.86,0.507744,0.105113,33.86,0.54373,0.0265299,33.86,0.539866,0.0215369
33.88,0.212546,0.0374965,33.88,0.136621,0.11308,33.88,0.273398,0.0455371,33.88,0.26552,0.0409536
33.9,-0.308226,0.0411193,33.9,-0.400464,0.114906,33.9,-0.360209,0.0579182,33.9,-0.378849,0.0535548
33.92,-0.736071,0.0297857,33.92,-0.827965,0.102572,33.92,-0.971635,0.0441406,33.92,-1.00508,0.0398496
33.94,-0.953199,0.0261953,33.94,-1.04396,0.0986879,33.94,-1.22913,0.0336299,33.94,-1.2664,0.0287196
33.96,-1.12489,0.0294024,33.96,-1.22262,0.101509,33.96,-1.39637,0.0366947,33.96,-1.44059,0.0320023
33.98,-1.24697,0.0153209,33.98,-1.34522,0.0857966,33.98,-1.43942,0.0156475,33.98,-1.48498,0.00947782
34,-0.760184,-0.0075887,34,-0.835979,0.0622995,34,-0.827399,-0.0033911,34,-0.847912,-0.00969516
34.02,-0.448704,0.0204132,34.02,-0.516516,0.0913644,34.02,-0.52653,0.0326479,34.02,-0.553558,0.0281745
34.04,-0.418543,0.0270704,34.04,-0.485883,0.0982189,34.04,-0.600548,0.0376261,34.04,-0.63274,0.0322776
34.06,-0.316757,0.0227389,34.06,-0.384308,0.0939601,34.06,-0.59701,0.0337653,34.06,-0.627054,0.0283996
34.08,-0.0125412,0.00918145,34.08,-0.0769523,0.0801297,34.08,-0.316553,0.0156619,34.08,-0.34136,0.00992342
34.1,0.644628,-0.0121437,34.1,0.592983,0.0589896,34.1,0.309936,-0.00266146,34.1,0.297405,-0.00861032
34.12,1.31728,-0.00522028,34.12,1.26771,0.0665051,34.12,0.905512,0.00593382,34.12,0.90762,-7.32831e-05
34.14,1.64237,0.0104742,34.14,1.58972,0.0816887,34.14,1.16545,0.0196857,34.14,1.17299,0.0141042
34.16,1.77201,0.0165972,34.16,1.72901,0.0871604,34.16,1.31131,0.0188394,34.16,1.32514,0.0130439
34.18,1.50922,0.045053,34.18,1.46786,0.116548,34.18,1.32561,0.0356106,34.18,1.34297,0.0310368
34.2,0.72947,0.0451186,34.2,0.679005,0.116255,34.2,0.723544,0.0514179,34.2,0.717759,0.0470159
34.22,0.618331,-0.000145596,34.22,0.580567,0.0695975,34.22,0.441947,0.0173273,34.22,0.439987,0.0113469
34.24,0.719571,0.0121028,34.24,0.6819,0.081917,34.24,0.539779,0.013001,34.24,0.544658,0.00787362
34.26,0.555604,0.0206714,34.26,0.506657,0.0897703,34.26,0.56043,0.0194617,34.26,0.563525,0.0144001
34.28,0.204841,0.0342945,34.28,0.134744,0.103009,34.28,0.298009,0.0431877,34.28,0.294255,0.0386546
34.3,-0.318312,0.0376768,34.3,-0.408813,0.104796,34.3,-0.320119,0.0539022,34.3,-0.336258,0.0495749
34.32,-0.7533,0.0289491,34.32,-0.845286,0.0947724,34.32,-0.914122,0.044137,34.32,-0.943777,0.0394679
34.34,-0.972876,0.0253095,34.34,-1.06489,0.0911396,34.34,-1.17242,0.0327812,34.34,-1.20645,0.0278725
34.36,-1.14366,0.0272366,34.36,-1.24061,0.0923974,34.36,-1.32347,0.0345315,34.36,-1.36383,0.0296559
34.38,-1.26129,0.0132673,34.38,-1.35461,0.07666,34.38,-1.37186,0.0159906,34.38,-1.41152,0.00974493
34.4,-0.765618,-0.00486888,34.4,-0.837419,0.0580008,34.4,-0.791554,0.000708704,34.4,-0.810069,-0.00552745
34.42,-0.456162,0.0206308,34.42,-0.521582,0.0845207,34.42,-0.492289,0.0316459,34.42,-0.516763,0.0266775
34.44,-0.422282,0.0312913,34.44,-0.487162,0.0955109,34.44,-0.526294,0.0393961,34.44,-0.556331,0.0340381
34.46,-0.317402,0.0218161,34.46,-0.382363,0.0860742,34.46,-0.491446,0.0322339,34.46,-0.521339,0.0264772
34.48,-0.00862371,0.00782629,34.48,-0.0661274,0.0718859,34.48,-0.215314,0.0136412,34.48,-0.238638,0.00762559
34.5,0.650398,-0.00670813,34.5,0.606251,0.0575035,34.5,0.422027,0.0011932,34.5,0.410688,-0.00513569
34.52,1.31801,0.00134853,34.52,1.27859,0.0662712,34.52,1.01592,0.0120818,34.52,1.01538,0.00631081
34.54,1.63798,0.0138641,34.54,1.59898,0.0783271,34.54,1.25784,0.0231651,34.54,1.26107,0.0173362
34.56,1.76399,0.0207061,34.56,1.73487,0.0847168,34.56,1.36201,0.0238881,34.56,1.37197,0.0178269
34.58,1.50343,0.0484073,34.58,1.47053,0.113784,34.58,1.31903,0.0405669,34.58,1.32661,0.035901
34.6,0.726342,0.0482063,34.6,0.683135,0.113238,34.6,0.699557,0.0523339,34.6,0.687443,0.0473305
34.62,0.614712,0.00449776,34.62,0.58628,0.0680714,34.62,0.454942,0.0185425,34.62,0.453175,0.0122921
34.64,0.715175,0.0127365,34.64,0.685601,0.0764831,34.64,0.55772,0.0131819,34.64,0.560042,0.00752835
34.66,0.552429,0.0198902,34.66,0.510084,0.0830925,34.66,0.550819,0.0185982,34.66,0.55196,0.0129991
34.68,0.204075,0.0313881,34.68,0.141111,0.0937951,34.68,0.275764,0.0394639,34.68,0.274226,0.0340298
34.7,-0.318873,0.038682,34.7,-0.400087,0.0996276,34.7,-0.297343,0.0494775,34.7,-0.30547,0.0442158
34.72,-0.756751,0.0280983,34.72,-0.837742,0.0878513,34.72,-0.825377,0.0388117,34.72,-0.842265,0.0335029
34.74,-0.97826,0.0221362,34.74,-1.0585,0.0818027,34.74,-1.05143,0.0270097,34.74,-1.07003,0.0212451
34.76,-1.14975,0.0229556,34.76,-1.23565,0.0822076,34.76,-1.1868,0.028827,34.76,-1.21214,0.0234613
34.78,-1.26656,0.00879136,34.78,-1.34801,0.0666123,34.78,-1.26106,0.0140272,34.78,-1.28389,0.00757315
34.8,-0.767767,-0.0151178,34.8,-0.828633,0.0420853,34.8,-0.746236,-0.00732235,34.8,-0.748602,-0.0138307
34.82,-0.45373,0.00821379,34.82,-0.506955,0.0666321,34.82,-0.454595,0.017988,34.82,-0.465874,0.0129039
34.84,-0.423458,0.0118878,34.84,-0.475096,0.0704786,34.84,-0.469827,0.0188631,34.84,-0.48931,0.0131383
34.86,-0.321542,0.00642845,34.86,-0.372132,0.0651154,34.86,-0.412743,0.0148057,34.86,-0.431751,0.0088273
34.88,-0.0142382,-0.00564289,34.88,-0.0596673,0.0524874,34.88,-0.128557,-0.000342173,34.88,-0.141626,-0.00702351
34.9,0.646109,-0.0203789,34.9,0.616368,0.038005,34.9,0.527162,-0.0137423,34.9,0.532148,-0.0207497
34.92,1.31942,-0.00626979,34.92,1.29483,0.0528587,34.92,1.14095,0.00443154,34.92,1.16434,-0.00203843
34.94,1.64379,0.0113228,34.94,1.62075,0.0700451,34.94,1.38733,0.0203338,34.94,1.41809,0.0141356
34.96,1.77241,0.0210131,34.96,1.76008,0.079461,34.96,1.47538,0.0260675,34.96,1.51149,0.019646
34.98,1.50837,0.0524897,34.98,1.49092,0.112522,34.98,1.35798,0.0488938,34.98,1.38638,0.0446481
35,0.7283,0.0538195,35,0.694474,0.113528,35,0.686557,0.0587037,35,0.683434,0.0537286
35.02,0.617429,0.012327,35.02,0.595821,0.0703758,35.02,0.480403,0.0247024,35.02,0.486821,0.0182108
35.04,0.718897,0.0268189,35.04,0.694081,0.085162,35.04,0.586084,0.029299,35.04,0.592003,0.0238904
35.06,0.55581,0.0357311,35.06,0.512727,0.0934489,35.06,0.538509,0.0368377,35.06,0.537041,0.0310414
35.08,0.206687,0.0458861,35.08,0.137079,0.103165,35.08,0.24592,0.0538349,35.08,0.238527,0.0485014
35.1,-0.315003,0.0502998,35.1,-0.408513,0.106037,35.1,-0.329824,0.0617904,35.1,-0.34686,0.0565189
35.12,-0.74971,0.040545,35.12,-0.846493,0.0951514,35.12,-0.835726,0.0500505,35.12,-0.864323,0.0449618
35.14,-0.969057,0.0347557,35.14,-1.06717,0.0893491,35.14,-1.05004,0.0403006,35.14,-1.08463,0.0350859
35.16,-1.13956,0.0345922,35.16,-1.2441,0.0889084,35.16,-1.18575,0.0403193,35.16,-1.2284,0.0356279
35.18,-1.25778,0.0215879,35.18,-1.36272,0.0739812,35.18,-1.26373,0.0270404,35.18,-1.30802,0.0207111
35.2,-0.763426,-0.000778511,35.2,-0.844184,0.0511685,35.2,-0.75992,0.00712058,35.2,-0.779604,0.00110249
35.22,-0.4507,0.0246914,35.22,-0.521862,0.0778982,35.22,-0.46101,0.0333068,35.22,-0.490788,0.028776
35.24,-0.420528,0.0325889,35.24,-0.488197,0.0863034,35.24,-0.4604,0.0388028,35.24,-0.500531,0.0339076
35.26,-0.319065,0.0230188,35.26,-0.384534,0.0765528,35.26,-0.379619,0.0293865,35.26,-0.419611,0.0239399
35.28,-0.0127703,0.00290504,35.28,-0.0678023,0.0559604,35.28,-0.0824296,0.00786486,35.28,-0.11197,0.00168589
35.3,0.646628,-0.0161813,35.3,0.608805,0.0374482,35.3,0.578231,-0.00999147,35.3,0.571896,-0.0165871
35.32,1.31963,-0.00480933,35.32,1.28194,0.0498533,35.32,1.20066,0.00521523,35.32,1.21451,-0.000738113
35.34,1.64354,0.010907,35.34,1.60096,0.0650754,35.34,1.45352,0.0189303,35.34,1.47358,0.0132279
35.36,1.77149,0.0204602,35.36,1.73926,0.0742105,35.36,1.53854,0.0262353,35.36,1.56644,0.0203513
35.38,1.50728,0.0550662,35.38,1.47424,0.110202,35.38,1.36756,0.0538949,35.38,1.385,0.0502452
35.4,0.72733,0.0530212,35.4,0.687255,0.107539,35.4,0.67121,0.0575261,35.4,0.661892,0.0523629
35.42,0.603292,0.00641517,35.42,0.577624,0.0599756,35.42,0.492008,0.0163308,35.42,0.494127,0.010276
35.44,0.720785,0.0149201,35.44,0.694633,0.0688133,35.44,0.608171,0.0175196,35.44,0.610736,0.012442
35.46,0.56355,0.0237587,35.46,0.525522,0.0770088,35.46,0.531445,0.0244349,35.46,0.530394,0.0191163
35.48,0.213438,0.0334516,35.48,0.15703,0.086395,35.48,0.231691,0.0384025,35.48,0.23076,0.0335041
35.5,-0.305697,0.0396891,35.5,-0.382978,0.09139,35.5,-0.310195,0.046918,35.5,-0.31732,0.0421899
35.52,-0.733439,0.0287666,35.52,-0.811299,0.0792924,35.52,-0.776971,0.0348689,35.52,-0.788499,0.0299335
35.54,-0.950343,0.0218577,35.54,-1.02522,0.0724613,35.54,-0.987011,0.0255382,35.54,-0.997808,0.0206605
35.56,-1.12159,0.0222221,35.56,-1.20232,0.0728649,35.56,-1.1299,0.0255304,35.56,-1.14595,0.0210477
35.58,-1.24376,0.00641984,35.58,-1.32004,0.0554582,35.58,-1.22378,0.010282,35.58,-1.23657,0.00463272
35.6,-0.757695,-0.0180333,35.6,-0.810626,0.0307485,35.6,-0.742155,-0.0127286,35.6,-0.734693,-0.0178964
35.62,-0.446956,0.00532378,35.62,-0.492274,0.0554072,35.62,-0.444399,0.0101226,35.62,-0.448087,0.00620595
35.64,-0.417201,0.00832269,35.64,-0.461016,0.0586384,35.64,-0.431501,0.0111237,35.64,-0.444668,0.00660701
35.66,-0.315861,-0.00112323,35.66,-0.359146,0.0491701,35.66,-0.329733,0.0017874,35.66,-0.343762,-0.00294011
35.68,-0.0121358,-0.0154595,35.68,-0.0477341,0.03441,35.68,-0.0336797,-0.0131297,35.68,-0.0402241,-0.0186065
35.7,0.64545,-0.032493,35.7,0.628546,0.0174446,35.7,0.623918,-0.0290282,35.7,0.642524,-0.035143
35.72,1.31936,-0.0215838,35.72,1.30901,0.0292527,35.72,1.25711,-0.0155659,35.72,1.29886,-0.0211066
35.74,1.64513,-0.00624283,35.74,1.63678,0.0443337,35.74,1.52594,-0.00196405,35.74,1.57883,-0.00707055
35.76,1.77487,0.00166373,35.76,1.77547,0.0519411,35.76,1.62127,0.00532645,35.76,1.68106,0.000294577
35.78,1.51118,0.0315217,35.78,1.50604,0.0834598,35.78,1.4041,0.0300851,35.78,1.44604,0.0273672
35.8,0.730428,0.0329627,35.8,0.712431,0.0845041,35.8,0.677624,0.0349054,35.8,0.689093,0.0307445
35.82,0.619156,-0.01374,35.82,0.616587,0.0366463,35.82,0.53971,-0.00935089,35.82,0.564722,-0.0145283
35.84,0.720387,-0.00492684,35.84,0.717424,0.0460078,35.84,0.645972,-0.00510598,35.84,0.671057,-0.00898703
35.86,0.55627,0.00404995,35.86,0.539871,0.0546173,35.86,0.527829,0.00242429,35.86,0.54614,-0.00168207
35.88,0.205578,0.0155027,35.88,0.167998,0.0655426,35.88,0.212152,0.0155828,35.88,0.226191,0.011571
35.9,-0.317282,0.0202834,35.9,-0.374436,0.0691859,35.9,-0.3137,0.0215687,35.9,-0.304915,0.0177856
35.92,-0.752115,0.0124619,35.92,-0.812102,0.0601764,35.92,-0.765978,0.0131838,35.92,-0.763214,0.00937436
35.94,-0.971717,0.00487332,35.94,-1.02886,0.0524653,35.94,-0.982469,0.00426619,35.94,-0.979149,0.000267548
35.96,-1.14267,0.00598781,35.96,-1.20234,0.0535939,35.96,-1.13601,0.00445931,35.96,-1.13341,0.000889791
35.98,-1.2608,-0.00586481,35.98,-1.32097,0.0406147,35.98,-1.23513,-0.00649268,35.98,-1.23305,-0.0106284
36,-0.765641,-0.0256212,36,-0.808813,0.020685,36,-0.749003,-0.0257342,36,-0.733022,-0.0294843
36.02,-0.452177,0.00177668,36.02,-0.488951,0.0492213,36.02,-0.442083,0.000698302,36.02,-0.435078,-0.00230435
36.04,-0.42173,0.00598244,36.04,-0.457955,0.053621,36.04,-0.407738,0.0039688,36.04,-0.407193,0.000697389
36.06,-0.319956,0.000824105,36.06,-0.358511,0.0484268,36.06,-0.308838,-0.00067767,36.06,-0.312241,-0.00426123
36.08,-0.0133013,-0.0164718,36.08,-0.0443345,0.0302934,36.08,-0.0100926,-0.018034,36.08,-0.00694488,-0.0224647
36.1,0.645672,-0.0321692,36.1,0.63493,0.014642,36.1,0.635652,-0.0329544,36.1,0.663581,-0.0379371
36.12,1.31739,-0.021697,36.12,1.31353,0.026265,36.12,1.2747,-0.0214449,36.12,1.32462,-0.0256786
36.14,1.64051,-0.00778121,36.14,1.63264,0.0401771,36.14,1.56532,-0.00850105,36.14,1.6209,-0.0122309
36.16,1.76832,0.000214292,36.16,1.76629,0.0479842,36.16,1.67235,-0.000773744,36.16,1.73372,-0.00443476
36.18,1.50511,0.029825,36.18,1.49404,0.0788409,36.18,1.43426,0.02576,36.18,1.47358,0.0241243
36.2,0.72623,0.0328194,36.2,0.70332,0.0815402,36.2,0.689894,0.0306561,36.2,0.701488,0.0278065
36.22,0.615628,-0.00929328,36.22,0.608976,0.0380269,36.22,0.577791,-0.0106413,36.22,0.603593,-0.0147
36.24,0.717103,0.00162123,36.24,0.711478,0.0498292,36.24,0.678232,-0.00145915,36.24,0.704401,-0.00401989
36.26,0.554569,0.0133959,36.26,0.530142,0.0612656,36.26,0.525622,0.00921553,36.26,0.535669,0.00678422
36.28,0.206139,0.0254421,36.28,0.15971,0.0725291,36.28,0.186834,0.0210144,36.28,0.186021,0.0183219
36.3,-0.315337,0.0313844,36.3,-0.378949,0.0771733,36.3,-0.332965,0.0267687,36.3,-0.339525,0.02387
36.32,-0.750319,0.0214396,36.32,-0.813688,0.0660292,36.32,-0.770028,0.0164452,36.32,-0.776315,0.0133409
36.34,-0.969742,0.0173524,36.34,-1.03192,0.0621278,36.34,-0.988218,0.0118459,36.34,-0.994265,0.00908177
36.36,-1.14012,0.0233302,36.36,-1.21077,0.0680269,36.36,-1.15394,0.0173661,36.36,-1.1669,0.0148661
36.38,-1.25792,0.0103707,36.38,-1.32839,0.0535532,36.38,-1.26288,0.0038242,36.38,-1.27637,0.000343367
36.4,-0.763001,-0.012811,36.4,-0.81159,0.0301359,36.4,-0.760612,-0.0190316,36.4,-0.757719,-0.0225347
36.42,-0.454326,0.0184999,36.42,-0.497525,0.0628231,36.42,-0.45309,0.0125745,36.42,-0.454267,0.00989751
36.44,-0.420859,0.0231044,36.44,-0.463758,0.0677089,36.44,-0.41909,0.0174196,36.44,-0.424716,0.0142649
36.46,-0.316409,0.0159358,36.46,-0.360487,0.0606364,36.46,-0.312755,0.0102794,36.46,-0.321181,0.00703162
36.48,-0.00811791,0.00466998,36.48,-0.046803,0.0487503,36.48,-0.00498131,-0.000751211,36.48,-0.00956099,-0.00481034
36.5,0.651345,-0.0124476,36.5,0.633275,0.0316707,36.5,0.651496,-0.0177845,36.5,0.669407,-0.0222602
36.52,1.32027,-0.00111478,36.52,1.31242,0.0439403,36.52,1.31833,-0.00645737,36.52,1.35627,-0.0103173
36.54,1.64093,0.0127846,36.54,1.63484,0.0577665,36.54,1.6387,0.00729481,36.54,1.6845,0.00374212
36.56,1.76703,0.0229235,36.56,1.76953,0.0678772,36.56,1.76573,0.0175393,36.56,1.81993,0.0140909
36.58,1.50555,0.0546704,36.58,1.49499,0.10165,36.58,1.50569,0.0494942,36.58,1.53747,0.0483131
36.6,0.727379,0.058006,36.6,0.696843,0.104364,36.6,0.728685,0.0528545,36.6,0.730726,0.0504461
36.62,0.615602,0.0116619,36.62,0.602152,0.0565681,36.62,0.616682,0.00623638,36.62,0.635243,0.0026247
36.64,0.716054,0.0219794,36.64,0.701337,0.0677611,36.64,0.71686,0.0161743,36.64,0.733465,0.0138755
36.66,0.553128,0.0331457,36.66,0.521583,0.0786496,36.66,0.553139,0.026419,36.66,0.554707,0.0244803
36.68,0.204809,0.0447365,36.68,0.152022,0.0896492,36.68,0.203009,0.0373906,36.68,0.190463,0.0353688
36.7,-0.317882,0.0515733,36.7,-0.387377,0.0952208,36.7,-0.321659,0.0435574,36.7,-0.343115,0.0411491
36.72,-0.755637,0.0411201,36.72,-0.82681,0.0837968,36.72,-0.760227,0.0326462,36.72,-0.782647,0.030044
36.74,-0.977202,0.0313262,36.74,-1.04775,0.0739446,36.74,-0.982077,0.0226174,36.74,-1.00425,0.0202435
36.76,-1.14889,0.0342038,36.76,-1.22768,0.0772298,36.76,-1.15363,0.0251521,36.76,-1.18258,0.0235077
36.78,-1.2662,0.0159641,36.78,-1.34682,0.0571348,36.78,-1.26965,0.00650454,36.78,-1.30132,0.00356646
36.8,-0.767892,-0.00670869,36.8,-0.824369,0.0346124,36.8,-0.769704,-0.0162114,36.8,-0.78127,-0.0190049
36.82,-0.453714,0.0195997,36.82,-0.50341,0.0622577,36.82,-0.455278,0.0103911,36.82,-0.465455,0.00839981
36.84,-0.423491,0.027649,36.84,-0.473411,0.0706028,36.84,-0.42461,0.0189087,36.84,-0.438094,0.0168027
36.86,-0.321749,0.0221963,36.86,-0.372212,0.0651487,36.86,-0.322239,0.0134382,36.86,-0.337994,0.0112335
36.88,-0.0145071,0.0079325,36.88,-0.0564929,0.0503054,36.88,-0.0143787,-0.000632632,36.88,-0.0232648,-0.00372551
36.9,0.64584,-0.00769093,36.9,0.623852,0.034706,36.9,0.646024,-0.01619,36.9,0.658997,-0.0197656
36.92,1.31888,0.00384781,36.92,1.30824,0.0469412,36.92,1.31908,-0.0047372,36.92,1.35051,-0.00778963
36.94,1.64295,0.0173691,36.94,1.63456,0.0602401,36.94,1.64345,0.00874719,36.94,1.68193,0.0056772
36.96,1.77137,0.025248,36.96,1.77434,0.0679633,36.96,1.7722,0.0167335,36.96,1.82273,0.0136219
36.98,1.50758,0.0524322,36.98,1.49952,0.0970889,36.98,1.50827,0.0441341,36.98,1.54181,0.0431236
37,0.727787,0.0511772,37,0.703988,0.0952504,37,0.728394,0.0428292,37,0.739119,0.040767
37.02,0.616932,0.00779986,37.02,0.607692,0.0506256,37.02,0.617588,-0.000734013,37.02,0.643172,-0.00393961
37.04,0.718436,0.0156231,37.04,0.707756,0.0592238,37.04,0.719021,0.00732647,37.04,0.743152,0.00518513
37.06,0.555535,0.02329,37.06,0.530243,0.0666175,37.06,0.555777,0.0140748,37.06,0.565532,0.0125819
37.08,0.206679,0.030618,37.08,0.159729,0.0734395,37.08,0.206261,0.0206801,37.08,0.198123,0.0193137
37.1,-0.314784,0.0351389,37.1,-0.379404,0.0768579,37.1,-0.315922,0.0247932,37.1,-0.336607,0.0229107
37.12,-0.749365,0.0265281,37.12,-0.815771,0.0676316,37.12,-0.75094,0.0160195,37.12,-0.77154,0.0139347
37.14,-0.968599,0.0203131,37.14,-1.0341,0.0615451,37.14,-0.970473,0.00972935,37.14,-0.989171,0.00798378
37.16,-1.13901,0.0193255,37.16,-1.21314,0.0603702,37.16,-1.14104,0.00858889,37.16,-1.16656,0.00701426
37.18,-1.25725,0.00631726,37.18,-1.33086,0.0460473,37.18,-1.25893,-0.00455846,37.18,-1.2849,-0.00677536
37.2,-0.763068,-0.0137316,37.2,-0.813824,0.0256913,37.2,-0.763957,-0.0246539,37.2,-0.772969,-0.0270091
37.22,-0.450416,0.0148204,37.22,-0.494881,0.0556963,37.22,-0.451194,0.00433143,37.22,-0.457017,0.00284697
37.24,-0.420294,0.025352,37.24,-0.465933,0.066624,37.24,-0.420913,0.0158138,37.24,-0.429685,0.0141853
37.26,-0.318892,0.0198189,37.26,-0.36593,0.0609675,37.26,-0.319235,0.0103441,37.26,-0.330807,0.00852357
37.28,-0.0127235,0.00571932,37.28,-0.0530736,0.0463009,37.28,-0.0126633,-0.00378185,37.28,-0.0191315,-0.0062045
37.3,0.646549,-0.00959828,37.3,0.624114,0.0311036,37.3,0.647027,-0.0189841,37.3,0.659386,-0.0216987
37.32,1.31941,0.00343469,37.32,1.30477,0.044871,37.32,1.32013,-0.00594803,37.32,1.34509,-0.00805002
37.34,1.64318,0.0175939,37.34,1.6282,0.0589535,37.34,1.64427,0.00831079,37.34,1.67196,0.0061964
37.36,1.77106,0.0275259,37.36,1.76446,0.0687344,37.36,1.77251,0.0182856,37.36,1.80866,0.0160174
37.38,1.50698,0.0588983,37.38,1.49026,0.101825,37.38,1.50821,0.0497963,37.38,1.52959,0.0494108
37.4,0.727142,0.0590678,37.4,0.694978,0.101583,37.4,0.727939,0.0499524,37.4,0.728482,0.0487857
37.42,0.603101,0.013583,37.42,0.585019,0.0548399,37.42,0.603872,0.0044271,37.42,0.619679,0.00208441
37.44,0.720604,0.0234607,37.44,0.701974,0.0656011,37.44,0.721327,0.0148841,37.44,0.736768,0.0138793
37.46,0.563451,0.0338862,37.46,0.529559,0.0755814,37.46,0.563793,0.0246874,37.46,0.563883,0.023927
37.48,0.213468,0.0438988,37.48,0.162914,0.0852346,37.48,0.213209,0.034119,37.48,0.199058,0.0336087
37.5,-0.305544,0.0490899,37.5,-0.375418,0.0895255,37.5,-0.306413,0.0389818,37.5,-0.336261,0.038269
37.52,-0.733209,0.0352484,37.52,-0.808181,0.0747214,37.52,-0.734511,0.0251981,37.52,-0.768269,0.0238094
37.54,-0.950043,0.0287354,37.54,-1.02267,0.0684905,37.54,-0.951714,0.0187182,37.54,-0.982492,0.0178549
37.56,-1.12123,0.0345152,37.56,-1.20379,0.0746597,37.56,-1.12319,0.0245773,37.56,-1.1628,0.0242885
37.58,-1.24342,0.0209756,37.58,-1.32599,0.0594662,37.58,-1.24527,0.0109473,37.58,-1.28559,0.00959129
37.6,-0.757479,0.00149365,37.6,-0.815127,0.0399767,37.6,-0.758656,-0.00846713,37.6,-0.779413,-0.00981699
37.62,-0.446781,0.0251821,37.62,-0.502855,0.0650473,37.62,-0.44771,0.0156648,37.62,-0.46817,0.015053
37.64,-0.417057,0.0329,37.64,-0.473376,0.072989,37.64,-0.417826,0.0243491,37.64,-0.439338,0.0234697
37.66,-0.315765,0.0240195,37.66,-0.371667,0.0640708,37.66,-0.316322,0.0154576,37.66,-0.338109,0.0144582
37.68,-0.0121255,0.00935464,37.68,-0.0596258,0.048645,37.68,-0.0122833,0.000745317,37.68,-0.0266902,-0.00105889
37.7,0.645366,-0.00693846,37.7,0.617542,0.0323485,37.7,0.645644,-0.0154383,37.7,0.652138,-0.0175357
37.72,1.31913,0.00537102,37.72,1.30279,0.0457245,37.72,1.32002,-0.00311732,37.72,1.34172,-0.00436641
37.74,1.64478,0.0193377,37.74,1.62822,0.0595867,37.74,1.64623,0.0109831,37.74,1.6698,0.00951864
37.76,1.77445,0.0292873,37.76,1.76672,0.0694809,37.76,1.7762,0.021126,37.76,1.8085,0.0195617
37.78,1.51088,0.0605662,37.78,1.49301,0.102614,37.78,1.51214,0.0525916,37.78,1.53035,0.0528395
37.8,0.730243,0.058529,37.8,0.696296,0.0998829,37.8,0.731049,0.0507172,37.8,0.728952,0.0497803
37.82,0.618968,0.0165913,37.82,0.597037,0.0568939,37.82,0.619774,0.0091106,37.82,0.630965,0.00704542
37.84,0.720213,0.0302971,37.84,0.694304,0.0714152,37.84,0.720968,0.023921,37.84,0.727891,0.0231712
37.86,0.556176,0.0387796,37.86,0.517111,0.0792507,37.86,0.556597,0.0318436,37.86,0.54963,0.0310566
37.88,0.205605,0.0462576,37.88,0.149172,0.0865637,37.88,0.20552,0.0388777,37.88,0.182985,0.03852
37.9,-0.317147,0.053853,37.9,-0.391126,0.093323,37.9,-0.317664,0.0461823,37.9,-0.354178,0.0455795
37.92,-0.751914,0.0416861,37.92,-0.826689,0.0801159,37.92,-0.752649,0.0340637,37.92,-0.788054,0.0327681
37.94,-0.971454,0.0350185,37.94,-1.04392,0.0735188,37.94,-0.972406,0.0274464,37.94,-1.0044,0.0264512
37.96,-1.14235,0.0355341,37.96,-1.21916,0.0741589,37.96,-1.1435,0.0281287,37.96,-1.17866,0.0275221
37.98,-1.26049,0.0154481,37.98,-1.33185,0.052689,37.98,-1.2616,0.00818149,37.98,-1.29224,0.00673865
38,-0.765441,-0.0084779,38,-0.812859,0.0287985,38,-0.766181,-0.0156128,38,-0.778088,-0.0171198
38.02,-0.452018,0.0175085,38.02,-0.497709,0.0561501,38.02,-0.45261,0.0108576,38.02,-0.465123,0.0101074
38.04,-0.421599,0.0275843,38.04,-0.470878,0.0666857,38.04,-0.422083,0.0219269,38.04,-0.439291,0.0210646
38.06,-0.319864,0.0190743,38.06,-0.369605,0.0580739,38.06,-0.320192,0.0134096,38.06,-0.339025,0.0123929
38.08,-0.0132856,0.00492369,38.08,-0.0548183,0.0432674,38.08,-0.0133245,-0.000766109,38.08,-0.0249231,-0.00267891
38.1,0.645606,-0.0143297,38.1,0.622166,0.024044,38.1,0.645863,-0.0199325,38.1,0.653123,-0.022159
38.12,1.31721,-0.00237543,38.12,1.30323,0.0370614,38.12,1.31741,-0.00795402,38.12,1.33674,-0.0091382
38.14,1.64022,0.0107796,38.14,1.62524,0.0499538,38.14,1.64052,0.0052531,38.14,1.66007,0.00385811
38.16,1.76797,0.0226875,38.16,1.75933,0.0620677,38.16,1.76848,0.0173608,38.16,1.79369,0.0159904
38.18,1.50486,0.0564611,38.18,1.48473,0.0974098,38.18,1.5054,0.0513003,38.18,1.51581,0.0514648
38.2,0.726077,0.0556064,38.2,0.692187,0.0957338,38.2,0.72644,0.0505722,38.2,0.719325,0.0496784
38.22,0.615473,0.0125228,38.22,0.593982,0.0517336,38.22,0.615833,0.00777076,38.22,0.622543,0.00608532
38.24,0.716959,0.020838,38.24,0.692088,0.0606751,38.24,0.717281,0.0174759,38.24,0.720493,0.0166042
38.26,0.554491,0.0309166,38.26,0.51676,0.0701399,38.26,0.55458,0.0270987,38.26,0.545423,0.0261749
38.28,0.206162,0.0394592,38.28,0.152024,0.0786936,38.28,0.205861,0.0353944,38.28,0.183227,0.0348037
38.3,-0.315226,0.0420025,38.3,-0.383484,0.0803113,38.3,-0.315947,0.0377717,38.3,-0.349582,0.0367836
38.32,-0.750157,0.0312078,38.32,-0.821276,0.0686093,38.32,-0.751195,0.0270017,38.32,-0.786977,0.0255045
38.34,-0.96953,0.0258584,38.34,-1.04092,0.0634182,38.34,-0.97083,0.0217956,38.34,-1.00615,0.0206297
38.36,-1.13986,0.024375,38.36,-1.21657,0.0620907,38.36,-1.14136,0.0204787,38.36,-1.18095,0.0196339
38.38,-1.25767,0.0109067,38.38,-1.33149,0.0471219,38.38,-1.25905,0.00702862,38.38,-1.29596,0.00506731
38.4,-0.762841,-0.0129859,38.4,-0.81035,0.0230915,38.4,-0.763692,-0.0168477,38.4,-0.778182,-0.0188553
38.42,-0.454197,0.0119303,38.42,-0.497526,0.0492308,38.42,-0.454879,0.00823431,38.42,-0.467855,0.00704813
38.44,-0.420752,0.0145655,38.44,-0.464231,0.0520607,38.44,-0.42132,0.0115213,38.44,-0.435912,0.0101654
38.46,-0.316335,0.00513674,38.46,-0.358284,0.0425947,38.46,-0.316743,0.00201042,38.46,-0.330838,0.000610116
38.48,-0.00810485,-0.010823,38.48,-0.0420314,0.0261173,38.48,-0.00823079,-0.0139526,38.48,-0.0147376,-0.0161176
38.5,0.651295,-0.0274121,38.5,0.63566,0.00944655,38.5,0.651482,-0.0305542,38.5,0.665608,-0.0331198
38.52,1.32013,-0.0175246,38.52,1.31561,0.0199601,38.52,1.32077,-0.0207178,38.52,1.3511,-0.022695
38.54,1.6407,-0.00600349,38.54,1.63956,0.0313228,38.54,1.64175,-0.00916894,38.54,1.67787,-0.0111525
38.56,1.76677,0.00385432,38.56,1.77731,0.0411834,38.56,1.76805,0.000856658,38.56,1.81551,-0.00127956
38.58,1.50536,0.0380582,38.58,1.50659,0.0772668,38.58,1.50632,0.0350966,38.58,1.53965,0.0349485
38.6,0.727258,0.0390304,38.6,0.710188,0.0777221,38.6,0.72788,0.036063,38.6,0.73803,0.0350306
38.62,0.615481,-0.00485381,38.62,0.615485,0.0321333,38.62,0.616086,-0.00763292,38.62,0.644191,-0.0103511
38.64,0.715942,0.00121554,38.64,0.716623,0.0393098,38.64,0.716513,-0.000279263,38.64,0.744954,-0.00177692
38.66,0.553068,0.0111008,38.66,0.537801,0.0491797,38.66,0.553397,0.00945914,38.66,0.565744,0.00818251
38.68,0.204829,0.0220383,38.68,0.169111,0.0597647,38.68,0.204792,0.0200911,38.68,0.198689,0.0189926
38.7,-0.31779,0.0295607,38.7,-0.36861,0.0661993,38.7,-0.318122,0.0275154,38.7,-0.336953,0.0257662
38.72,-0.755504,0.0202117,38.72,-0.803925,0.0562262,38.72,-0.755962,0.018263,38.72,-0.772524,0.0161096
38.74,-0.977029,0.0164388,38.74,-1.02548,0.0526687,38.74,-0.97762,0.0146641,38.74,-0.99392,0.0127954
38.76,-1.14868,0.0178402,38.76,-1.19994,0.0537605,38.76,-1.1494,0.0161143,38.76,-1.16747,0.0140811
38.78,-1.266,0.00487708,38.78,-1.319,0.0402394,38.78,-1.2667,0.00318353,38.78,-1.28677,0.00103488
38.8,-0.767763,-0.0175238,38.8,-0.804421,0.0175561,38.8,-0.768246,-0.0191951,38.8,-0.774965,-0.0217101
38.82,-0.45361,0.00667485,38.82,-0.4842,0.0426713,38.82,-0.453999,0.00515609,38.82,-0.457041,0.00319283
38.84,-0.423405,0.0137734,38.84,-0.454069,0.0499072,38.84,-0.42372,0.0129231,38.84,-0.428312,0.0107919
38.86,-0.321691,0.00723692,38.86,-0.354062,0.043427,38.86,-0.321902,0.00633003,38.86,-0.329198,0.00431075
38.88,-0.0144985,-0.00770956,38.88,-0.0431964,0.027856,38.88,-0.0145199,-0.00866065,38.88,-0.018455,-0.0114721
38.9,0.645796,-0.0232515,38.9,0.632603,0.0123232,38.9,0.645957,-0.0242667,38.9,0.660498,-0.0273031
38.92,1.31876,-0.00843669,38.92,1.30994,0.0280073,38.92,1.31917,-0.00949311,38.92,1.34335,-0.0118072
38.94,1.64276,0.00603596,38.94,1.63183,0.0421563,38.94,1.64341,0.00504887,38.94,1.66788,0.00245362
38.96,1.77115,0.0158522,38.96,1.76893,0.0517817,38.96,1.77192,0.0148344,38.96,1.80491,0.012261
38.98,1.50742,0.0513041,38.98,1.49755,0.0887231,38.98,1.50797,0.0503787,38.98,1.52866,0.049326
39,0.727686,0.051857,39,0.704192,0.0888956,39,0.728027,0.0508951,39,0.730209,0.0490566
39.02,0.61683,0.00620351,39.02,0.608457,0.0422284,39.02,0.617181,0.00533044,39.02,0.634762,0.00259607
39.04,0.718341,0.0161327,39.04,0.708061,0.0528868,39.04,0.718664,0.0163002,39.04,0.733886,0.0144827
39.06,0.555485,0.020727,39.06,0.530604,0.0573319,39.06,0.555648,0.0206655,39.06,0.556293,0.0192118
39.08,0.206694,0.0307961,39.08,0.160808,0.0673157,39.08,0.206614,0.0304627,39.08,0.188588,0.0293764
39.1,-0.31471,0.0360386,39.1,-0.379234,0.0716482,39.1,-0.315021,0.0355968,39.1,-0.349088,0.0341555
39.12,-0.749257,0.0212805,39.12,-0.815604,0.0559296,39.12,-0.749714,0.0208154,39.12,-0.785438,0.0188805
39.14,-0.968458,0.0191375,39.14,-1.03722,0.0541051,39.14,-0.969049,0.0188441,39.14,-1.00667,0.0173409
39.16,-1.13884,0.0202056,39.16,-1.21305,0.0550793,39.16,-1.13955,0.0200886,39.16,-1.1815,0.0184693
39.18,-1.25709,0.00597144,39.18,-1.32909,0.0398867,39.18,-1.25775,0.005911,39.18,-1.29743,0.00350321
39.2,-0.762962,-0.0147788,39.2,-0.812922,0.0187328,39.2,-0.763378,-0.0147879,39.2,-0.78402,-0.0176819
39.22,-0.450332,0.0103791,39.22,-0.489318,0.0450558,39.22,-0.450668,0.010412,39.22,-0.4638,0.00832614
39.24,-0.420224,0.0151648,39.24,-0.458017,0.050258,39.24,-0.420503,0.0158068,39.24,-0.434062,0.0137173
39.26,-0.318843,0.00785265,39.26,-0.357218,0.0430077,39.26,-0.319034,0.00848098,39.26,-0.33408,0.00640367
39.28,-0.0127157,-0.00840407,39.28,-0.0429663,0.0259985,39.28,-0.0127446,-0.00785073,39.28,-0.0200566,-0.010872
39.3,0.646514,-0.0241927,39.3,0.637493,0.010151,39.3,0.64666,-0.0236967,39.3,0.662592,-0.0270575
39.32,1.31931,-0.0128148,39.32,1.31929,0.0224574,39.32,1.31971,-0.0123303,39.32,1.34875,-0.0148141
39.34,1.64303,0.00212139,39.34,1.6443,0.0372976,39.34,1.64366,0.00262605,39.34,1.67557,-9.68466e-06
39.36,1.77088,0.0147379,39.36,1.78087,0.0498785,39.36,1.77164,0.0152975,39.36,1.81171,0.0124845
39.38,1.50685,0.0456939,39.38,1.5081,0.0825586,39.38,1.50739,0.0462027,39.38,1.53462,0.0450543
39.4,0.727061,0.048234,39.4,0.710557,0.0847602,39.4,0.727402,0.0485486,39.4,0.733459,0.0468105
39.42,0.60302,0.00164646,39.42,0.604386,0.0364962,39.42,0.603359,0.00206431,39.42,0.627231,-0.00121274
39.44,0.720528,0.0122662,39.44,0.722167,0.048197,39.44,0.720849,0.0135604,39.44,0.744251,0.011568
39.46,0.563408,0.0237455,39.46,0.547489,0.0596546,39.46,0.56359,0.0248755,39.46,0.569866,0.0233181
39.48,0.213477,0.0320072,39.48,0.177174,0.0674991,39.48,0.213448,0.0330687,39.48,0.202089,0.0314722
39.5,-0.305488,0.0381527,39.5,-0.35918,0.072746,39.5,-0.305706,0.0392161,39.5,-0.331897,0.037145
39.52,-0.733125,0.0298677,39.52,-0.788093,0.0636683,39.52,-0.733454,0.031007,39.52,-0.761125,0.0284013
39.54,-0.949932,0.0237791,39.54,-1.00231,0.057881,39.54,-0.950367,0.024945,39.54,-0.975142,0.0228116
39.56,-1.12109,0.0285381,39.56,-1.18248,0.062659,39.56,-1.12163,0.0297336,39.56,-1.15435,0.027803
39.58,-1.24329,0.0151,39.58,-1.30756,0.0484498,39.58,-1.2438,0.0163775,39.58,-1.27865,0.0137776
39.6,-0.757394,-0.0065962,39.6,-0.805253,0.026472,39.6,-0.757734,-0.0053322,39.6,-0.778804,-0.00824721
39.62,-0.446713,0.0155112,39.62,-0.48725,0.0495377,39.62,-0.446984,0.0168525,39.62,-0.463609,0.0145303
39.64,-0.417001,0.0212099,39.64,-0.458537,0.0555797,39.64,-0.417224,0.0231251,39.64,-0.436006,0.0207221
39.66,-0.315726,0.015349,39.66,-0.359512,0.0495718,39.66,-0.315881,0.0172532,39.66,-0.337118,0.0147292
39.68,-0.0121192,0.00147697,39.68,-0.0494243,0.0351199,39.68,-0.0121455,0.00332928,39.68,-0.02705,0.000120295
39.7,0.645339,-0.0148409,39.7,0.625838,0.0186723,39.7,0.645446,-0.0130869,39.7,0.650698,-0.0165613
39.72,1.31905,-0.00607449,39.72,1.30743,0.0282243,39.72,1.31935,-0.00440953,39.72,1.33703,-0.00703931
39.74,1.64466,0.00608778,39.74,1.63053,0.0402254,39.74,1.64513,0.00765292,39.74,1.66235,0.00497067
39.76,1.7743,0.01365,39.76,1.76712,0.0474585,39.76,1.77486,0.0151953,39.76,1.79887,0.0121665
39.78,1.51077,0.0478257,39.78,1.49523,0.0832669,39.78,1.51117,0.049255,39.78,1.52251,0.0479725
39.8,0.73018,0.0527979,39.8,0.701388,0.0876148,39.8,0.730426,0.0541474,39.8,0.724685,0.0518701
39.82,0.618903,0.00947086,39.82,0.606547,0.0431531,39.82,0.619156,0.0109164,39.82,0.629055,0.00767278
39.84,0.720152,0.0184067,39.84,0.707235,0.0529674,39.84,0.720387,0.0206475,39.84,0.728772,0.0185921
39.86,0.556144,0.032105,39.86,0.52941,0.0666713,39.86,0.556268,0.0342446,39.86,0.551147,0.0324716
39.88,0.205616,0.0396112,39.88,0.161136,0.0740311,39.88,0.205571,0.0415655,39.88,0.1856,0.0400183
39.9,-0.317097,0.0460328,39.9,-0.378871,0.0796432,39.9,-0.317295,0.0479225,39.9,-0.352186,0.0460601
39.92,-0.751842,0.0368564,39.92,-0.816456,0.0696326,39.92,-0.752132,0.0388503,39.92,-0.790176,0.0364121
39.94,-0.971359,0.0342709,39.94,-1.03809,0.0674212,39.94,-0.971737,0.0364238,39.94,-1.01156,0.0344063
39.96,-1.14223,0.0367662,39.96,-1.21515,0.0700266,39.96,-1.14269,0.0389765,39.96,-1.18756,0.0372004
39.98,-1.26038,0.0202104,39.98,-1.33236,0.0520229,39.98,-1.26081,0.0224155,39.98,-1.30405,0.01948
40,-0.765371,-0.000246158,40,-0.814699,0.0316145,40,-0.76565,0.00183845,40,-0.788474,-0.00101149
40.02,-0.452221,0.0270063,40.02,-0.496345,0.0601137,40.02,-0.452185,0.0292183,40.02,-0.473865,0.0272685
40.04,-0.420531,0.0312275,40.04,-0.46525,0.0645452,40.04,-0.421737,0.0341187,40.04,-0.446045,0.0320764
40.06,-0.311786,0.0246608,40.06,-0.356793,0.0578978,40.06,-0.319959,0.0272821,40.06,-0.346005,0.0251202
40.08,-0.0112492,0.00565343,40.08,-0.0489465,0.0383957,40.08,-0.0132999,0.00759248,40.08,-0.0321468,0.00449954
40.1,0.622818,-0.0107584,40.1,0.603633,0.021912,40.1,0.645679,-0.00930283,40.1,0.649863,-0.0127363
40.12,1.27767,-0.00149286,40.12,1.2688,0.0321303,40.12,1.31741,0.000968752,40.12,1.33404,-0.00135348
40.14,1.60513,0.0132958,40.14,1.5933,0.04698,40.14,1.64054,0.0162459,40.14,1.65553,0.0137063
40.16,1.75904,0.0144429,40.16,1.7536,0.0477583,40.16,1.76835,0.0204896,40.16,1.79219,0.017604
40.18,1.56928,0.041585,40.18,1.55767,0.0765898,40.18,1.50513,0.0478846,40.18,1.51686,0.0466203
40.2,0.829764,0.0465377,40.2,0.804849,0.0810752,40.2,0.726244,0.0487544,40.2,0.721981,0.0466773
40.22,0.682513,0.000945882,40.22,0.673033,0.0341864,40.22,0.615641,0.00204556,40.22,0.62699,-0.00117994
40.24,0.774515,0.00614035,40.24,0.765402,0.0405479,40.24,0.717115,0.0107728,40.24,0.727742,0.0089696
40.26,0.601048,0.0146029,40.26,0.580132,0.0487492,40.26,0.554576,0.0168094,40.26,0.553682,0.0150569
40.28,0.185137,0.0294338,40.28,0.148563,0.0635782,40.28,0.206138,0.0289786,40.28,0.19227,0.0275522
40.3,-0.410311,0.0341064,40.3,-0.46275,0.0675451,40.3,-0.315345,0.0358153,40.3,-0.34396,0.0341152
40.32,-0.830067,0.0185791,40.32,-0.883083,0.0510455,40.32,-0.75033,0.0251412,40.32,-0.781231,0.0225809
40.34,-0.948803,0.00775408,40.34,-0.998638,0.0406234,40.34,-0.969757,0.0192769,40.34,-0.995453,0.0170866
40.36,-0.911704,0.00173347,40.36,-0.967911,0.034508,40.36,-1.14014,0.0180028,40.36,-1.16864,0.0158424
40.38,-0.846191,-0.00363721,40.38,-0.903143,0.0281919,40.38,-1.25794,0.000745708,40.38,-1.28259,-0.00220852
40.4,-0.454827,-0.0155329,40.4,-0.489902,0.0159438,40.4,-0.763013,-0.0191481,40.4,-0.769633,-0.0220022
40.42,-0.251756,0.00586896,40.42,-0.285464,0.0385733,40.42,-0.454336,0.00554468,40.42,-0.46261,0.00332025
40.44,-0.261033,0.00688704,40.44,-0.294243,0.0392015,40.44,-0.420867,0.0105813,40.44,-0.430134,0.00806224
40.46,-0.17935,0.00229448,40.46,-0.206386,0.0347212,40.46,-0.316415,0.00310239,40.46,-0.32499,0.000601669
40.48,0.0317235,-0.00775267,40.48,0.0117916,0.0242841,40.48,-0.00811922,-0.0104934,40.48,-0.0100682,-0.0137759
40.5,0.528392,-0.021751,40.5,0.525171,0.0102648,40.5,0.651349,-0.0265555,40.5,0.671269,-0.0302181
40.52,1.0613,-0.0164272,40.52,1.07026,0.0162149,40.52,1.32028,-0.0168371,40.52,1.3562,-0.0197106
40.54,1.3864,-0.012273,40.54,1.39893,0.0206054,40.54,1.64094,-0.00610278,40.54,1.68169,-0.00897982
40.56,1.59859,-0.00816202,40.56,1.61911,0.0247198,40.56,1.76705,0.00109111,40.56,1.81727,-0.00182833
40.58,1.55932,0.0154123,40.58,1.57201,0.0500475,40.58,1.50557,0.0331244,40.58,1.54123,0.0321165
40.6,0.942169,0.0307416,40.6,0.930947,0.0650366,40.6,0.727387,0.0318011,40.6,0.741729,0.0296029
40.62,0.716789,-0.00983056,40.62,0.714918,0.0231092,40.62,0.61561,-0.0146455,40.62,0.64658,-0.0178528
40.64,0.782275,-0.006167,40.64,0.781794,0.0274551,40.64,0.716062,-0.00303012,40.64,0.743429,-0.00493041
40.66,0.594311,0.0055925,40.66,0.583771,0.0393138,40.66,0.553132,0.00338707,40.66,0.56481,0.00175225
40.68,0.114556,0.0189944,40.68,0.089268,0.0525227,40.68,0.204807,0.0137548,40.68,0.200135,0.0121255
40.7,-0.499301,0.0188572,40.7,-0.533285,0.051672,40.7,-0.317888,0.0191411,40.7,-0.334276,0.0170004
40.72,-0.882726,0.000523553,40.72,-0.917401,0.03312,40.72,-0.755646,0.00813378,40.72,-0.772146,0.00555426
40.74,-0.902616,-0.0133577,40.74,-0.939353,0.0192604,40.74,-0.977214,0.00319518,40.74,-0.991829,0.000817192
40.76,-0.692703,-0.0203433,40.76,-0.735185,0.0123948,40.76,-1.1489,0.00412738,40.76,-1.16773,0.00207065
40.78,-0.458973,-0.0166032,40.78,-0.508379,0.0157703,40.78,-1.26621,-0.0104213,40.78,-1.28501,-0.0132764
40.8,-0.176761,-0.0170203,40.8,-0.207747,0.0143936,40.8,-0.767901,-0.0303403,40.8,-0.771441,-0.0332437
40.82,-0.0375597,-0.000101813,40.82,-0.0692695,0.032894,40.82,-0.453721,-0.00261329,40.82,-0.457489,-0.0045877
40.84,-0.0355163,0.00382806,40.84,-0.0726774,0.0363361,40.84,-0.423497,0.00452975,40.84,-0.43018,0.00233534
40.86,0.000851793,0.00387973,40.86,-0.0327541,0.0362176,40.86,-0.321753,-0.00160488,40.86,-0.331241,-0.00383754
40.88,0.0947537,-0.00354054,40.88,0.0748524,0.0284843,40.88,-0.0145076,-0.0159432,40.88,-0.0176059,-0.0190943
40.9,0.437841,-0.0140386,40.9,0.43551,0.0180408,40.9,0.645843,-0.0293669,40.9,0.663158,-0.0326229
40.92,0.859953,-0.00801217,40.92,0.871996,0.0244614,40.92,1.31888,-0.0147701,40.92,1.34884,-0.0174662
40.94,1.18509,-0.00638223,40.94,1.20449,0.0266014,40.94,1.64296,-0.00104213,40.94,1.67596,-0.00370866
40.96,1.48098,-0.00334362,40.96,1.50758,0.029602,40.96,1.77139,0.00769194,40.96,1.81263,0.00492348
40.98,1.53963,0.0208239,40.98,1.5559,0.0551529,40.98,1.50759,0.0388117,40.98,1.53467,0.0378542
41,0.994686,0.0428154,41,0.987711,0.0776129,41,0.727794,0.0408136,41,0.733682,0.0390385
41.02,0.7468,0.00927569,41.02,0.735749,0.0425671,41.02,0.616939,-0.00282799,41.02,0.6368,-0.00563509
41.04,0.784414,0.00846491,41.04,0.769015,0.0421515,41.04,0.718442,0.00591441,41.04,0.73388,0.00441505
41.06,0.606185,0.0242726,41.06,0.582328,0.0580943,41.06,0.555539,0.0153608,41.06,0.557334,0.013962
41.08,0.0917238,0.0401147,41.08,0.0462537,0.0741946,41.08,0.206678,0.0269134,41.08,0.192012,0.025784
41.1,-0.526405,0.0383686,41.1,-0.593528,0.0719267,41.1,-0.31479,0.0350204,41.1,-0.34634,0.0336758
41.12,-0.872318,0.0215221,41.12,-0.94802,0.0545269,41.12,-0.749373,0.0262758,41.12,-0.784638,0.0242399
41.14,-0.787457,0.003181,41.14,-0.868509,0.0362428,41.14,-0.968609,0.0226298,41.14,-1.0039,0.020867
41.16,-0.376605,-0.00484133,41.16,-0.463815,0.0280076,41.16,-1.13902,0.0258551,41.16,-1.18006,0.024159
41.18,0.0408699,0.00281363,41.18,-0.0482557,0.035135,41.18,-1.25726,0.00921827,41.18,-1.29326,0.00638252
41.2,0.144721,0.0180789,41.2,0.0831973,0.0492204,41.2,-0.763075,-0.0129751,41.2,-0.77876,-0.015612
41.22,0.205729,0.0177995,41.22,0.155667,0.0510817,41.22,-0.450422,0.011269,41.22,-0.462924,0.00945608
41.24,0.227766,0.0217345,41.24,0.168328,0.0551216,41.24,-0.420299,0.0178906,41.24,-0.434987,0.0161226
41.26,0.233799,0.0232972,41.26,0.17816,0.0560614,41.26,-0.318895,0.00865874,41.26,-0.335046,0.00667682
41.28,0.205195,0.0161177,41.28,0.165591,0.0485306,41.28,-0.012724,-0.00996485,41.28,-0.0211143,-0.0130344
41.3,0.394977,-0.000470157,41.3,0.382331,0.0316415,41.3,0.646551,-0.0268777,41.3,0.663217,-0.0302286
41.32,0.757635,-0.000291543,41.32,0.769497,0.0327888,41.32,1.31941,-0.0133297,41.32,1.35219,-0.0157339
41.34,1.09368,-0.000384851,41.34,1.11298,0.0331118,41.34,1.64319,0.00128722,41.34,1.67746,-0.00117458
41.36,1.44446,0.000752562,41.36,1.46922,0.0343797,41.36,1.77107,0.00933667,41.36,1.81348,0.00659881
41.38,1.54226,0.0292214,41.38,1.55695,0.0643757,41.38,1.50698,0.0406227,41.38,1.53609,0.0397627
41.4,0.941185,0.0551702,41.4,0.93117,0.0903948,41.4,0.727147,0.0444219,41.4,0.733934,0.0426745
41.42,0.718359,0.015213,41.42,0.699132,0.0493465,41.42,0.603106,-0.00175938,41.42,0.619562,-0.00474361
41.44,0.784403,0.0191968,41.44,0.757187,0.0537529,41.44,0.72061,0.00758449,41.44,0.734417,0.00576825
41.46,0.569534,0.0402789,41.46,0.531027,0.0748073,41.46,0.563454,0.019822,41.46,0.564987,0.0181693
41.48,0.0173981,0.0508057,41.48,-0.0359552,0.0858161,41.48,0.213467,0.0294519,41.48,0.200381,0.02819
41.5,-0.591344,0.0405375,41.5,-0.667466,0.075333,41.5,-0.305548,0.0296697,41.5,-0.33407,0.0280408
41.52,-0.876338,0.0176492,41.52,-0.966685,0.0519952,41.52,-0.733215,0.019641,41.52,-0.764556,0.0174579
41.54,-0.660232,-0.00730392,41.54,-0.75709,0.0270285,41.54,-0.950051,0.0136825,41.54,-0.978918,0.011967
41.56,-0.0628586,-0.0207759,41.56,-0.166309,0.0136027,41.56,-1.12124,0.0127066,41.56,-1.15506,0.0112994
41.58,0.514567,-0.00917029,41.58,0.406488,0.0244492,41.58,-1.24343,-0.00355057,41.58,-1.27637,-0.00586425
41.6,0.457137,0.0249724,41.6,0.37873,0.057068,41.6,-0.757484,-0.026471,41.6,-0.772119,-0.0289206
41.62,0.419615,0.0110652,41.62,0.351466,0.0460017,41.62,-0.446786,-0.000874303,41.62,-0.461077,-0.0023498
41.64,0.479178,0.0174699,41.64,0.395382,0.0523304,41.64,-0.417061,0.00722434,41.64,-0.433716,0.00545144
41.66,0.445249,0.0292718,41.66,0.364022,0.0633804,41.66,-0.315767,0.00325252,41.66,-0.331819,0.00115003
41.68,0.282764,0.0286629,41.68,0.221289,0.0622694,41.68,-0.0121259,-0.0117692,41.68,-0.0199537,-0.0144129
41.7,0.3732,0.00988818,41.7,0.344075,0.0430366,41.7,0.645368,-0.0258723,41.7,0.655964,-0.0288947
41.72,0.739448,0.00291096,41.72,0.740504,0.0371684,41.72,1.31914,-0.0151852,41.72,1.34163,-0.0173716
41.74,1.12608,-0.00173883,41.74,1.13766,0.0329208,41.74,1.64479,-0.00382165,41.74,1.66665,-0.00624487
41.76,1.54097,-0.00144573,41.76,1.56398,0.0332017,41.76,1.77446,0.00273492,41.76,1.80517,7.63767e-05
41.78,1.64681,0.0318175,41.78,1.6629,0.0679334,41.78,1.51088,0.0340595,41.78,1.53252,0.0330024
41.8,0.966748,0.0588541,41.8,0.965788,0.0949562,41.8,0.730248,0.0355809,41.8,0.735026,0.0338634
41.82,0.752042,0.0160043,41.82,0.731332,0.0518859,41.82,0.618973,-0.00847386,41.82,0.633841,-0.0110277
41.84,0.8033,0.0217,41.84,0.767876,0.057486,41.84,0.720217,0.000348512,41.84,0.733387,-0.00132879
41.86,0.558893,0.037919,41.86,0.511438,0.073699,41.86,0.556179,0.00590479,41.86,0.560406,0.00442522
41.88,-0.0677664,0.0513269,41.88,-0.138687,0.0881322,41.88,0.205604,0.0172591,41.88,0.194976,0.0166045
41.9,-0.719762,0.0395707,41.9,-0.818995,0.0764156,41.9,-0.31715,0.0219053,41.9,-0.347184,0.0210385
41.92,-0.963213,0.013027,41.92,-1.07448,0.0490575,41.92,-0.751919,0.0121852,41.92,-0.784623,0.0103461
41.94,-0.631175,-0.0155916,41.94,-0.741498,0.0201337,41.94,-0.97146,0.00748554,41.94,-0.999374,0.00587664
41.96,0.148355,-0.0300347,41.96,0.0465186,0.00551013,41.96,-1.14235,0.00770379,41.96,-1.17049,0.0061563
41.98,0.88643,-0.0151997,41.98,0.800257,0.019533,41.98,-1.2605,-0.0107825,41.98,-1.28261,-0.0130885
42,0.735487,0.0365179,42,0.673399,0.0723065,42,-0.765446,-0.0319331,42,-0.767172,-0.0342334
42.02,0.581529,0.0113253,42.02,0.518028,0.0483328,42.02,-0.452022,-0.00630539,42.02,-0.453864,-0.00778528
42.04,0.667223,0.0131968,42.04,0.590436,0.0504613,42.04,-0.421602,-0.00157557,42.04,-0.425308,-0.00305971
42.06,0.611977,0.0228704,42.06,0.532166,0.0596755,42.06,-0.319866,-0.011738,42.06,-0.323605,-0.0132742
42.08,0.359841,0.0207587,42.08,0.291813,0.0566675,42.08,-0.013286,-0.0297862,42.08,-0.0102852,-0.0323837
42.1,0.394153,-0.00531014,42.1,0.359117,0.0302211,42.1,0.645608,-0.0465389,42.1,0.670944,-0.0493237
42.12,0.78664,-0.0124939,42.12,0.778111,0.0238856,42.12,1.31721,-0.032614,42.12,1.3543,-0.034491
42.14,1.22219,-0.0192622,42.14,1.22583,0.0177777,42.14,1.64023,-0.0231124,42.14,1.68098,-0.0250785
42.16,1.6606,-0.0139302,42.16,1.67081,0.0231815,42.16,1.76798,-0.014065,42.16,1.81798,-0.0161335
42.18,1.71044,0.0242504,42.18,1.71561,0.0622836,42.18,1.50487,0.0170255,42.18,1.54118,0.0167595
42.2,0.911159,0.0504298,42.2,0.904608,0.0884659,42.2,0.726081,0.0169306,42.2,0.743347,0.015566
42.22,0.710806,0.00328901,42.22,0.682673,0.0415983,42.22,0.615477,-0.0252453,42.22,0.643218,-0.0273307
42.24,0.790672,0.0128952,42.24,0.742618,0.0509416,42.24,0.716962,-0.0163055,42.24,0.74247,-0.0173594
42.26,0.549207,0.039784,42.26,0.486174,0.077728,42.26,0.554493,-0.00115515,42.26,0.567329,-0.00201347
42.28,-0.0577704,0.0495879,42.28,-0.138886,0.0878252,42.28,0.206161,0.00908276,42.28,0.204068,0.00851334
42.3,-0.658686,0.0381918,42.3,-0.759314,0.0765598,42.3,-0.315228,0.01535,42.3,-0.333841,0.0144965
42.32,-0.873972,0.0115211,42.32,-0.978827,0.0493499,42.32,-0.750161,0.00404642,42.32,-0.771295,0.00255967
42.34,-0.557134,-0.0168424,42.34,-0.652524,0.0205638,42.34,-0.969536,-0.00172818,42.34,-0.985739,-0.00308878
42.36,0.157487,-0.0291788,42.36,0.0766237,0.00826059,42.36,-1.13987,-0.00211659,42.36,-1.15675,-0.00338119
42.38,0.771813,-0.00862906,42.38,0.706767,0.0284763,42.38,-1.25768,-0.0155796,42.38,-1.27167,-0.01754
42.4,0.570445,0.0331302,42.4,0.518253,0.0712009,42.4,-0.762845,-0.0371792,42.4,-0.762467,-0.0390266
42.42,0.485156,0.00741884,42.42,0.425639,0.0467321,42.42,-0.4542,-0.0125102,42.42,-0.454934,-0.0137621
42.44,0.588027,0.0146117,42.44,0.50544,0.0535606,42.44,-0.420755,-0.00541905,42.44,-0.423322,-0.0067272
42.46,0.580975,0.0269613,42.46,0.490319,0.065181,42.46,-0.316337,-0.00978581,42.46,-0.318645,-0.0110092
42.48,0.399643,0.0256822,42.48,0.321164,0.0627763,42.48,-0.00810518,-0.0274056,42.48,-0.00455136,-0.029387
42.5,0.484167,0.00128192,42.5,0.438788,0.0378759,42.5,0.651296,-0.0429055,42.5,0.67339,-0.0450695
42.52,0.914209,-0.00788112,42.52,0.897909,0.0298588,42.52,1.32014,-0.0311526,42.52,1.35523,-0.0324688
42.54,1.35488,-0.00426444,42.54,1.34292,0.0341068,42.54,1.64071,-0.0128083,42.54,1.67438,-0.014179
42.56,1.75926,-0.00117433,42.56,1.75476,0.0366461,42.56,1.76678,-0.00701585,42.56,1.80923,-0.00882254
42.58,1.73038,0.0378944,42.58,1.72624,0.0769205,42.58,1.50536,0.0233865,42.58,1.53723,0.023489
42.6,0.879797,0.0575411,42.6,0.866492,0.0968335,42.6,0.727261,0.0229542,42.6,0.740032,0.0222295
42.62,0.711004,0.00599956,42.62,0.677471,0.0456997,42.62,0.615484,-0.0220164,42.62,0.644761,-0.0238616
42.64,0.807273,0.0154675,42.64,0.751407,0.054733,42.64,0.715945,-0.013324,42.64,0.743601,-0.0139928
42.66,0.579509,0.0367904,42.66,0.509718,0.0758674,42.66,0.55307,-0.00334582,42.66,0.567472,-0.00392434
42.68,-0.0186799,0.0468732,42.68,-0.105149,0.086305,42.68,0.204829,0.00642775,42.68,0.203965,0.006083
42.7,-0.648872,0.0348212,42.7,-0.75258,0.0742849,42.7,-0.317792,0.0113727,42.7,-0.330834,0.0103929
42.72,-0.911796,0.00986903,42.72,-1.01926,0.0488821,42.72,-0.755507,0.00287514,42.72,-0.769228,0.00146511
42.74,-0.636887,-0.0233843,42.74,-0.734293,0.0154828,42.74,-0.977033,-0.00620706,42.74,-0.98672,-0.00731499
42.76,0.0498581,-0.0346656,42.76,-0.0349698,0.00448151,42.76,-1.14869,-0.00372801,42.76,-1.16303,-0.00449856
42.78,0.658847,-0.0188203,42.78,0.591669,0.0196123,42.78,-1.26601,-0.0196589,42.78,-1.27878,-0.0215184
42.8,0.507926,0.0204322,42.8,0.459593,0.0595555,42.8,-0.767766,-0.0399438,42.8,-0.765387,-0.0417397
42.82,0.468941,-0.00201195,42.82,0.410831,0.0388151,42.82,-0.453612,-0.0157155,42.82,-0.448685,-0.0168427
42.84,0.551762,0.00353232,42.84,0.470964,0.0436034,42.84,-0.423407,-0.00974718,42.84,-0.420975,-0.0108034
42.86,0.551281,0.0116103,42.86,0.464918,0.0505996,42.86,-0.321692,-0.0170557,42.86,-0.321848,-0.0182983
42.88,0.387584,0.011237,42.88,0.318844,0.0493326,42.88,-0.0144987,-0.0340159,42.88,-0.00640861,-0.035864
42.9,0.487679,-0.011889,42.9,0.452382,0.0256814,42.9,0.645797,-0.0485903,42.9,0.673511,-0.0506767
42.92,0.932311,-0.0239936,42.92,0.923935,0.0147116,42.92,1.31876,-0.0402505,42.92,1.35851,-0.0415557
42.94,1.37659,-0.0189254,42.94,1.37511,0.0202415,42.94,1.64276,-0.0208548,42.94,1.6826,-0.0221561
42.96,1.77548,-0.0128411,42.96,1.78637,0.0259468,42.96,1.77116,-0.0120369,42.96,1.82166,-0.0137117
42.98,1.73584,0.0296477,42.98,1.74357,0.0697241,42.98,1.50743,0.0222457,42.98,1.54319,0.0225308
43,0.883833,0.0483326,43,0.880996,0.0883089,43,0.727689,0.0221577,43,0.742761,0.0214809
43.02,0.721494,-0.00487369,43.02,0.695841,0.0352643,43.02,0.616833,-0.0244647,43.02,0.648427,-0.0263263
43.04,0.816451,0.00434459,43.04,0.767909,0.0440862,43.04,0.718344,-0.0146443,43.04,0.749262,-0.0152929
43.06,0.588846,0.0204991,43.06,0.526036,0.0602264,43.06,0.555486,-0.00937604,43.06,0.573706,-0.00981062
43.08,-0.0110789,0.0296392,43.08,-0.0928276,0.0699669,43.08,0.206694,-0.000413209,43.08,0.209174,-0.000548578
43.1,-0.649598,0.0208729,43.1,-0.7545,0.0614538,43.1,-0.314712,0.00779702,43.1,-0.327609,0.00735619
43.12,-0.917998,-0.00427486,43.12,-1.02875,0.035286,43.12,-0.74926,-0.000264884,43.12,-0.762975,-0.00154452
43.14,-0.641577,-0.0337079,43.14,-0.73941,0.00546758,43.14,-0.968461,-0.00499632,43.14,-0.975938,-0.00598829
43.16,0.0513633,-0.0443139,43.16,-0.0313993,-0.00499683,43.16,-1.13885,-0.00152985,43.16,-1.15101,-0.00207587
43.18,0.670569,-0.0223009,43.18,0.60544,0.0167446,43.18,-1.25709,-0.0108607,43.18,-1.27245,-0.011866
43.2,0.519877,0.017988,43.2,0.475337,0.057787,43.2,-0.762965,-0.0311384,43.2,-0.764857,-0.0325706
43.22,0.476246,-0.00385337,43.22,0.422106,0.0372676,43.22,-0.450334,-0.00628555,43.22,-0.449736,-0.00701704
43.24,0.559393,-0.000551077,43.24,0.483373,0.039741,43.24,-0.420226,-0.00276637,43.24,-0.422264,-0.00358936
43.26,0.557301,0.0067184,43.26,0.476127,0.0461361,43.26,-0.318845,-0.010754,43.26,-0.322142,-0.0117771
43.28,0.390704,0.00736026,43.28,0.322796,0.0458108,43.28,-0.0127159,-0.0264392,43.28,-0.0107965,-0.0283099
43.3,0.488648,-0.0174989,43.3,0.456715,0.0202573,43.3,0.646515,-0.0427394,43.3,0.670775,-0.0449314
43.32,0.931924,-0.0269997,43.32,0.929757,0.0118782,43.32,1.31931,-0.0317036,43.32,1.35641,-0.0329827
43.34,1.37553,-0.031267,43.34,1.38398,0.0081744,43.34,1.64303,-0.0216067,43.34,1.6811,-0.0229237
43.36,1.77453,-0.0255922,43.36,1.79251,0.0138463,43.36,1.77089,-0.0130582,43.36,1.81667,-0.0145067
43.38,1.73597,0.0151983,43.38,1.75089,0.0554425,43.38,1.50685,0.0194357,43.38,1.5384,0.0194272
43.4,0.884611,0.0378303,43.4,0.890012,0.0782664,43.4,0.727063,0.0228663,43.4,0.739905,0.0221831
43.42,0.696324,-0.0146166,43.42,0.676501,0.0260293,43.42,0.603022,-0.0228438,43.42,0.62654,-0.0244959
43.44,0.816474,-0.00916673,43.44,0.770193,0.0309562,43.44,0.72053,-0.0166061,43.44,0.742289,-0.0174225
43.46,0.60185,0.0128483,43.46,0.539648,0.0528288,43.46,0.563409,-0.00544985,43.46,0.575597,-0.00631527
43.48,0.00541214,0.0245641,43.48,-0.0777125,0.0650913,43.48,0.213477,0.00644212,43.48,0.213872,0.00591921
43.5,-0.619748,0.0111836,43.5,-0.72771,0.051945,43.5,-0.305489,0.0105285,43.5,-0.320806,0.00986037
43.52,-0.872619,-0.0148713,43.52,-0.988585,0.024857,43.52,-0.733127,0.00133506,43.52,-0.754043,-1.0654e-05
43.54,-0.589202,-0.0483783,43.54,-0.695809,-0.00910803,43.54,-0.949934,-0.007504,43.54,-0.968595,-0.00866705
43.56,0.105364,-0.0560535,43.56,0.0154075,-0.0166967,43.56,-1.1211,-0.00133388,43.56,-1.14348,-0.00192535
43.58,0.72278,-0.0428569,43.58,0.658676,-0.00452401,43.58,-1.24329,-0.0195511,43.58,-1.25979,-0.0213648
43.6,0.551432,-0.00482521,43.6,0.514228,0.034522,43.6,-0.757396,-0.0437347,43.6,-0.753837,-0.0454518
43.62,0.493054,-0.0249687,43.62,0.442735,0.0162715,43.62,-0.446715,-0.0160639,43.62,-0.446226,-0.0168586
43.64,0.577152,-0.0199935,43.64,0.505059,0.0202918,43.64,-0.417003,-0.0106575,43.64,-0.420678,-0.0115556
43.66,0.569146,-0.0136459,43.66,0.492558,0.0256443,43.66,-0.315727,-0.0195845,43.66,-0.3199,-0.0210244
43.68,0.394363,-0.0129484,43.68,0.333759,0.0254742,43.68,-0.0121194,-0.0349492,43.68,-0.00841785,-0.0369808
43.7,0.486923,-0.0361806,43.7,0.4596,0.00172344,43.7,0.645339,-0.0493107,43.7,0.668816,-0.0517711
43.72,0.928232,-0.041194,43.72,0.926391,-0.00196889,43.72,1.31906,-0.0336318,43.72,1.35324,-0.0349697
43.74,1.37333,-0.0378887,43.74,1.37999,0.00156071,43.74,1.64466,-0.015669,43.74,1.67767,-0.0172841
43.76,1.7764,-0.0325056,43.76,1.79526,0.00637233,43.76,1.77431,-0.00760032,43.76,1.81609,-0.00959567
43.78,1.73984,0.00827645,43.78,1.76288,0.0481254,43.78,1.51078,0.0245031,43.78,1.54226,0.0243912
43.8,0.887673,0.0305525,43.8,0.902102,0.0710954,43.8,0.730182,0.02744,43.8,0.743571,0.0265556
43.82,0.722312,-0.022425,43.82,0.7095,0.0181435,43.82,0.618905,-0.0194098,43.82,0.643533,-0.0212828
43.84,0.816097,-0.0130864,43.84,0.779265,0.0269705,43.84,0.720154,-0.00940273,43.84,0.7417,-0.0103317
43.86,0.586641,0.00461706,43.86,0.535544,0.0445032,43.86,0.556145,-0.00223752,43.86,0.568475,-0.00329857
43.88,-0.0152853,0.0148065,43.88,-0.0844793,0.0551799,43.88,0.205615,0.00812417,43.88,0.20639,0.00752992
43.9,-0.653438,0.00373435,43.9,-0.739384,0.0441181,43.9,-0.317099,0.0141854,43.9,-0.3306,0.0134028
43.92,-0.92021,-0.0219884,43.92,-1.00529,0.0176026,43.92,-0.751843,0.00541461,43.92,-0.768277,0.0038972
43.94,-0.64268,-0.0485627,43.94,-0.712684,-0.00892264,43.94,-0.971362,0.00328676,43.94,-0.983839,0.00210003
43.96,0.0504054,-0.0635108,43.96,0.00059428,-0.0240771,43.96,-1.14224,0.00207574,43.96,-1.15607,0.000839369
43.98,0.668486,-0.0442882,43.98,0.642125,-0.00493853,43.98,-1.26038,-0.0106257,43.98,-1.26849,-0.0123927
44,0.51785,-0.00784157,44,0.501158,0.0327705,44,-0.765373,-0.0354948,44,-0.758062,-0.0372517
44.02,0.474303,-0.0294669,44.02,0.443578,0.0118499,44.02,-0.452222,-0.0110382,44.02,-0.44753,-0.0118222
44.04,0.55736,-0.0245065,44.04,0.508363,0.0160483,44.04,-0.420532,-0.00608211,44.04,-0.419851,-0.0071543
44.06,0.555687,-0.0169608,44.06,0.498528,0.0228748,44.06,-0.311787,-0.0133412,44.06,-0.312646,-0.014651
44.08,0.389867,-0.0162854,44.08,0.341935,0.0226169,44.08,-0.0112493,-0.0282491,44.08,-0.0047577,-0.0301416
44.1,0.488251,-0.0424467,44.1,0.468384,-0.00419401,44.1,0.622819,-0.0449308,44.1,0.649029,-0.0470824
44.12,0.931518,-0.0464662,44.12,0.934322,-0.00695039,44.12,1.27767,-0.0293577,44.12,1.31505,-0.0303392
44.14,1.3754,-0.0459707,44.14,1.38151,-0.00619048,44.14,1.60514,-0.0150194,44.14,1.63824,-0.0161066
44.16,1.77481,-0.0433028,44.16,1.78941,-0.00404615,44.16,1.75905,-0.0129258,44.16,1.79697,-0.0143379
44.18,1.73644,-0.00260243,44.18,1.75252,0.0375297,44.18,1.56929,0.0187838,44.18,1.5951,0.0190926
44.2,0.885094,0.0190411,44.2,0.892345,0.0594483,44.2,0.829765,0.0249045,44.2,0.836181,0.0241356
44.22,0.721959,-0.0304217,44.22,0.706604,0.0101307,44.22,0.682514,-0.0175193,44.22,0.698793,-0.0189675
44.24,0.816361,-0.0223887,44.24,0.779855,0.0177681,44.24,0.774516,-0.0120525,44.24,0.788769,-0.0125963
44.26,0.58799,-0.0019912,44.26,0.535977,0.038186,44.26,0.601048,-0.000133794,44.26,0.606726,-0.00086503
44.28,-0.0124232,0.00962556,44.28,-0.0841853,0.0504611,44.28,0.185136,0.0138909,44.28,0.180952,0.0137885
44.3,-0.650187,-0.00141156,44.3,-0.739061,0.0393976,44.3,-0.410312,0.0175652,44.3,-0.426803,0.0173362
44.32,-0.917387,-0.029643,44.32,-1.0078,0.0105724,44.32,-0.830068,0.00122569,44.32,-0.849383,0.00032266
44.34,-0.640121,-0.0565053,44.34,-0.721387,-0.0162906,44.34,-0.948805,-0.00646436,44.34,-0.967572,-0.00704558
44.36,0.0531122,-0.0692557,44.36,-0.014486,-0.0291121,44.36,-0.911706,-0.0106063,44.36,-0.935357,-0.0109942
44.38,0.671296,-0.0499723,44.38,0.621295,-0.0105779,44.38,-0.846194,-0.0120039,44.38,-0.869784,-0.0132451
44.4,0.519648,-0.00735786,44.4,0.48769,0.0331823,44.4,-0.454828,-0.0228906,44.4,-0.458695,-0.0238688
44.42,0.465942,-0.0255382,44.42,0.427857,0.0157139,44.42,-0.251757,0.00196636,44.42,-0.263468,0.00190965
44.44,0.561783,-0.0172931,44.44,0.504897,0.0236052,44.44,-0.261034,0.00599133,44.44,-0.2757,0.0052503
44.46,0.563699,-0.00783542,44.46,0.500706,0.0323028,44.46,-0.17935,0.00276148,44.46,-0.19035,0.00186427
44.48,0.399383,-0.00678177,44.48,0.346849,0.0322881,44.48,0.0317233,-0.00911733,44.48,0.0303727,-0.0105514
44.5,0.499846,-0.0325249,44.5,0.47745,0.00605049,44.5,0.528392,-0.0240873,44.5,0.546337,-0.0255262
44.52,0.943869,-0.0406693,44.52,0.945637,-0.0012649,44.52,1.0613,-0.0161816,44.52,1.09102,-0.0170236
44.54,1.38867,-0.0401405,44.54,1.39654,-0.000424881,44.54,1.3864,-0.00801447,44.54,1.41432,-0.00874269
44.56,1.78919,-0.033575,44.56,1.80362,0.0060158,44.56,1.59859,-0.00236802,44.56,1.62834,-0.00308767
44.58,1.75135,0.00537477,44.58,1.76516,0.0456346,44.58,1.55932,0.018805,44.58,1.58072,0.0191752
44.6,0.897231,0.0272861,44.6,0.901207,0.067786,44.6,0.94217,0.0371896,44.6,0.942276,0.0373485
44.62,0.728521,-0.0193128,44.62,0.714397,0.021028,44.62,0.71679,0.00218254,44.62,0.720965,0.00119913
44.64,0.820356,-0.0110533,44.64,0.785846,0.0291489,44.64,0.782275,0.00297627,44.64,0.787404,0.00257091
44.66,0.588278,0.0123454,44.66,0.538437,0.0525458,44.66,0.594312,0.0204082,44.66,0.592645,0.0200286
44.68,-0.0149398,0.0255268,44.68,-0.0836237,0.0662813,44.68,0.114556,0.0361966,44.68,0.101249,0.0363556
44.7,-0.651901,0.0122013,44.7,-0.738651,0.0528438,44.7,-0.499301,0.0339597,44.7,-0.525966,0.0339327
44.72,-0.9173,-0.0163019,44.72,-1.00718,0.0235372,44.72,-0.882727,0.0144076,44.72,-0.913872,0.0138236
44.74,-0.638877,-0.0431128,44.74,-0.722531,-0.00298798,44.74,-0.902618,0.00237794,44.74,-0.938475,0.00231289
44.76,0.0542698,-0.0572114,44.76,-0.0165365,-0.0175349,44.76,-0.692704,-0.00696464,44.76,-0.733014,-0.00735098
44.78,0.670895,-0.0358143,44.78,0.613013,0.00357365,44.78,-0.458974,-0.000187419,44.78,-0.501759,-0.00103346
44.8,0.518371,0.00468591,44.8,0.477837,0.0442891,44.8,-0.176761,-0.00194902,44.8,-0.196112,-0.00361777
44.82,0.474719,-0.0174799,44.82,0.430222,0.0232869,44.82,-0.0375603,0.0107621,44.82,-0.0613655,0.01066
44.84,0.557551,-0.0122849,44.84,0.495005,0.0280842,44.84,-0.035517,0.012658,44.84,-0.0665047,0.0119455
44.86,0.555525,-0.00936793,44.86,0.486553,0.0303269,44.86,0.000851249,0.00651879,44.86,-0.0254206,0.00538717
44.88,0.389871,-0.00756035,44.88,0.334404,0.0309325,44.88,0.0947537,-0.00107525,44.88,0.0841398,-0.00274022
44.9,0.488493,-0.0314534,44.9,0.46738,0.00628233,44.9,0.437841,-0.0136526,44.9,0.450441,-0.0154512
44.92,0.931486,-0.0413556,44.92,0.939356,-0.00250305,44.92,0.859954,-0.0117351,44.92,0.888254,-0.0128343
44.94,1.37469,-0.0409903,44.94,1.38989,-0.00151087,44.94,1.18509,-0.00929274,44.94,1.21556,-0.0100972
44.96,1.77299,-0.0379123,44.96,1.79448,0.00131736,44.96,1.48098,-0.00968534,44.96,1.51467,-0.0107582
44.98,1.73414,0.00220905,44.98,1.75186,0.0423823,44.98,1.53963,0.0144925,44.98,1.56537,0.0143505
45,0.882803,0.0237816,45,0.888938,0.0638354,45,0.994687,0.0360175,45,1.00313,0.0360647
45.02,0.720397,-0.0215736,45.02,0.704976,0.0188555,45.02,0.746801,0.00614486,45.02,0.745758,0.00560351
45.04,0.815234,-0.0115232,45.04,0.77702,0.028555,45.04,0.784415,0.0071325,45.04,0.778726,0.00641736
45.06,0.587261,0.0102824,45.06,0.532411,0.050312,45.06,0.606185,0.0240494,45.06,0.595929,0.0238348
45.08,-0.0125084,0.0242319,45.08,-0.0863963,0.0646592,45.08,0.0917239,0.0417211,45.08,0.0652503,0.0420016
45.1,-0.649896,0.0110042,45.1,-0.743983,0.0514427,45.1,-0.526406,0.0351173,45.1,-0.571437,0.0349869
45.12,-0.917277,-0.0146384,45.12,-1.01646,0.0252088,45.12,-0.872319,0.0179225,45.12,-0.923908,0.0174453
45.14,-0.640423,-0.04134,45.14,-0.73252,-0.00185329,45.14,-0.787459,0.000369076,45.14,-0.843137,-1.86935e-05
45.16,0.0523874,-0.0557461,45.16,-0.0218763,-0.0166306,45.16,-0.376606,-0.0123504,45.16,-0.431678,-0.0129594
45.18,0.670253,-0.0360889,45.18,0.617402,0.00234372,45.18,0.0408686,-0.00101769,45.18,-0.0120335,-0.00207808
45.2,0.518856,0.00350104,45.2,0.48343,0.0431355,45.2,0.14472,0.0142606,45.2,0.113913,0.0125962
45.22,0.475592,-0.0159555,45.22,0.427643,0.0245305,45.22,0.205729,0.0157197,45.22,0.169159,0.0158943
45.24,0.558692,-0.00270164,45.24,0.488817,0.0372756,45.24,0.227765,0.0261911,45.24,0.177824,0.0257196
45.26,0.556623,0.00533948,45.26,0.480402,0.0445131,45.26,0.233799,0.0297455,45.26,0.187484,0.0288414
45.28,0.39049,0.00520837,45.28,0.325453,0.0432444,45.28,0.205195,0.0246415,45.28,0.171344,0.0229829
45.3,0.48912,-0.0190855,45.3,0.455415,0.0183009,45.3,0.394978,0.00909207,45.3,0.384034,0.00729981
45.32,0.933112,-0.0264251,45.32,0.92453,0.0121157,45.32,0.757636,0.00866035,45.32,0.763492,0.00766554
45.34,1.37751,-0.027028,45.34,1.3749,0.0119368,45.34,1.09369,0.00728441,45.34,1.10283,0.00656653
45.36,1.77723,-0.0221067,45.36,1.77995,0.0167934,45.36,1.44447,0.00760887,45.36,1.45653,0.00689679
45.38,1.73858,0.0198809,45.38,1.73887,0.0594093,45.38,1.54226,0.0376662,45.38,1.54817,0.0377819
45.4,0.886844,0.0431755,45.4,0.87813,0.0827835,45.4,0.941186,0.0629435,45.4,0.933753,0.0630872
45.42,0.697844,-0.00662382,45.42,0.672354,0.0332335,45.42,0.71836,0.0250098,45.42,0.703073,0.0248735
45.44,0.817601,0.00151848,45.44,0.769869,0.0412338,45.44,0.784403,0.0281773,45.44,0.760499,0.028124
45.46,0.60257,0.025269,45.46,0.537538,0.0647719,45.46,0.569534,0.0493067,45.46,0.536149,0.0490021
45.48,0.00557935,0.036935,45.48,-0.0768556,0.0768278,45.48,0.0173981,0.0611909,45.48,-0.0257952,0.0615745
45.5,-0.619803,0.0223852,45.5,-0.72383,0.0624565,45.5,-0.591345,0.0526288,45.5,-0.655857,0.0531564
45.52,-0.872451,-0.00643677,45.52,-0.983881,0.0326549,45.52,-0.876339,0.0268675,45.52,-0.956707,0.0267812
45.54,-0.588616,-0.0337085,45.54,-0.692866,0.00526451,45.54,-0.660233,0.00413559,45.54,-0.747495,0.00425757
45.56,0.106357,-0.0444634,45.56,0.010704,-0.00539415,45.56,-0.0628597,-0.00632161,45.56,-0.158626,-0.00620382
45.58,0.724013,-0.0245211,45.58,0.642874,0.0137139,45.58,0.514566,0.00890375,45.58,0.417988,0.00775888
45.6,0.552263,0.0167701,45.6,0.494911,0.055335,45.6,0.457137,0.0438541,45.6,0.390872,0.0416522
45.62,0.493457,-0.00392471,45.62,0.432958,0.0363355,45.62,0.419615,0.0303669,45.62,0.359942,0.0307755
45.64,0.577544,0.0025261,45.64,0.497779,0.0420429,45.64,0.479177,0.0350631,45.64,0.404405,0.034966
45.66,0.569395,0.00899589,45.66,0.488135,0.0477552,45.66,0.445249,0.0417787,45.66,0.376394,0.0408218
45.68,0.394461,0.00966071,45.68,0.32883,0.0473745,45.68,0.282764,0.0404404,45.68,0.232131,0.0389419
45.7,0.486895,-0.0175173,45.7,0.453579,0.0196631,45.7,0.3732,0.0171844,45.7,0.350242,0.0153773
45.72,0.928082,-0.0246796,45.72,0.920404,0.0135835,45.72,0.739449,0.0127009,45.72,0.737779,0.0118783
45.74,1.37315,-0.0242736,45.74,1.37154,0.0144029,45.74,1.12608,0.0111446,45.74,1.1294,0.0106776
45.76,1.77619,-0.0212833,45.76,1.77849,0.0171583,45.76,1.54097,0.0101448,45.76,1.54862,0.00958233
45.78,1.73962,0.0192611,45.78,1.7375,0.0581803,45.78,1.64681,0.0433526,45.78,1.64843,0.0435765
45.8,0.88744,0.039608,45.8,0.877562,0.0784353,45.8,0.966748,0.0690236,45.8,0.958607,0.0688541
45.82,0.722187,-0.013204,45.82,0.699237,0.0258038,45.82,0.752042,0.022612,45.82,0.733621,0.0225854
45.84,0.816007,-0.00897143,45.84,0.775588,0.0300319,45.84,0.803301,0.023972,45.84,0.774655,0.0239559
45.86,0.586565,0.0135594,45.86,0.531046,0.0524767,45.86,0.558894,0.0458138,45.86,0.519989,0.0457103
45.88,-0.0153967,0.0268968,45.88,-0.0874038,0.0663277,45.88,-0.0677664,0.060638,45.88,-0.122493,0.0611787
45.9,-0.653729,0.0165702,45.9,-0.744535,0.0562039,45.9,-0.719763,0.050119,45.9,-0.795206,0.0507908
45.92,-0.920758,-0.00651464,45.92,-1.02006,0.032507,45.92,-0.963214,0.0263069,45.92,-1.05282,0.0264823
45.94,-0.643443,-0.0345455,45.94,-0.735914,0.00406679,45.94,-0.631176,-0.00207184,45.94,-0.722899,-0.00220616
45.96,0.0495219,-0.0472711,45.96,-0.0268144,-0.00893962,45.96,0.148354,-0.0165001,45.96,0.0630235,-0.0170359
45.98,0.667571,-0.0309877,45.98,0.612661,0.00709268,45.98,0.886429,0.000289123,45.98,0.81684,-0.00110107
46,0.517274,0.0134546,46,0.476589,0.0522265,46,0.735486,0.0557931,46,0.682862,0.0548689
46.02,0.473978,-0.0101949,46.02,0.429396,0.0294501,46.02,0.581529,0.0267638,46.02,0.530505,0.0267513
46.04,0.557003,-0.00362402,46.04,0.495943,0.0357703,46.04,0.667222,0.0303791,46.04,0.60465,0.0305271
46.06,0.555445,0.00248895,46.06,0.488378,0.0410259,46.06,0.611977,0.0407011,46.06,0.546385,0.0402796
46.08,0.389795,0.00314237,46.08,0.333236,0.040679,46.08,0.359841,0.0408685,46.08,0.303549,0.0396831
46.1,0.488339,-0.021982,46.1,0.463792,0.0148646,46.1,0.394154,0.014926,46.1,0.366136,0.0133053
46.12,0.931787,-0.0322917,46.12,0.935257,0.00557653,46.12,0.786641,0.00368625,46.12,0.781618,0.00298076
46.14,1.37578,-0.0315374,46.14,1.38879,0.00691442,46.14,1.22219,0.00206166,46.14,1.22402,0.00199965
46.16,1.77522,-0.026011,46.16,1.79342,0.0124975,46.16,1.6606,0.00587015,46.16,1.66495,0.00589028
46.18,1.7367,0.0147908,46.18,1.74618,0.0543715,46.18,1.71044,0.044618,46.18,1.70814,0.0455212
46.2,0.885243,0.0382171,46.2,0.880548,0.0774343,46.2,0.911159,0.0745061,46.2,0.899314,0.0747896
46.22,0.722179,-0.012485,46.22,0.701698,0.0266582,46.22,0.710806,0.0241081,46.22,0.684522,0.0247157
46.24,0.816557,-0.00309232,46.24,0.775869,0.0359643,46.24,0.790673,0.0341651,46.24,0.746805,0.0345309
46.26,0.588153,0.0183214,46.26,0.531238,0.0575121,46.26,0.549207,0.0558667,46.26,0.493719,0.0561742
46.28,-0.0123729,0.0337395,46.28,-0.0905023,0.0735617,46.28,-0.0577704,0.0700012,46.28,-0.129325,0.0708728
46.3,-0.650445,0.0209187,46.3,-0.75554,0.0606633,46.3,-0.658686,0.0557367,46.3,-0.753833,0.0565309
46.32,-0.917971,-0.00786546,46.32,-1.03352,0.0310857,46.32,-0.873972,0.0278019,46.32,-0.977799,0.0277979
46.34,-0.640886,-0.0378026,46.34,-0.74964,0.000836007,46.34,-0.557135,-0.00115862,46.34,-0.65686,-0.00135416
46.36,0.0523194,-0.0476905,46.36,-0.046497,-0.00930515,46.36,0.157486,-0.0101777,46.36,0.0638032,-0.0106599
46.38,0.670607,-0.0302565,46.38,0.589363,0.00744619,46.38,0.771812,0.00846676,46.38,0.693223,0.00714569
46.4,0.519282,0.0114053,46.4,0.464892,0.0493983,46.4,0.570444,0.0519191,46.4,0.516742,0.050725
46.42,0.465759,-0.0109412,46.42,0.412018,0.0286971,46.42,0.485156,0.0254395,46.42,0.42784,0.0262331
46.44,0.561567,-0.00227355,46.44,0.484464,0.0372639,46.44,0.588026,0.033808,46.44,0.503847,0.0341643
46.46,0.563556,0.00542537,46.46,0.48148,0.043931,46.46,0.580975,0.0424576,46.46,0.492754,0.0415557
46.48,0.399359,0.00733545,46.48,0.332407,0.0445649,46.48,0.399643,0.0442299,46.48,0.328467,0.0422867
46.5,0.499929,-0.0138925,46.5,0.467735,0.0227628,46.5,0.484168,0.0226784,46.5,0.446892,0.0204211
46.52,0.944061,-0.0215758,46.52,0.939363,0.0161885,46.52,0.91421,0.0142064,46.52,0.901348,0.0133044
46.54,1.38892,-0.0171259,46.54,1.3918,0.0210784,46.54,1.35488,0.0178106,46.54,1.3475,0.0174358
46.56,1.78943,-0.00815843,46.56,1.79795,0.0296474,46.56,1.75926,0.0261665,46.56,1.75728,0.0252834
46.58,1.75148,0.0324739,46.58,1.75626,0.0714695,46.58,1.73038,0.0662407,46.58,1.73008,0.0662305
46.6,0.897302,0.0539549,46.6,0.892371,0.0931291,46.6,0.879797,0.0877121,46.6,0.874983,0.088039
46.62,0.728678,0.0087615,46.62,0.702104,0.0481977,46.62,0.711004,0.0418211,46.62,0.679723,0.0428601
46.64,0.820493,0.0164435,46.64,0.770939,0.0553767,46.64,0.807273,0.0502365,46.64,0.751555,0.0503724
46.66,0.58839,0.0388523,46.66,0.522926,0.0779485,46.66,0.579509,0.0724359,46.66,0.510819,0.0726487
46.68,-0.0149112,0.0459516,46.68,-0.0992672,0.0852797,46.68,-0.0186798,0.0791408,46.68,-0.101964,0.0797395
46.7,-0.652111,0.0316928,46.7,-0.754214,0.070946,46.7,-0.648872,0.0643685,46.7,-0.748315,0.0650295
46.72,-0.917766,0.00540058,46.72,-1.02361,0.0440124,46.72,-0.911797,0.0377891,46.72,-1.01491,0.0378861
46.74,-0.639493,-0.0248419,46.74,-0.735091,0.0133816,46.74,-0.636888,0.00697782,46.74,-0.730359,0.0067668
46.76,0.0536243,-0.0354264,46.76,-0.0276981,0.00300142,46.76,0.0498573,-0.00467189,46.76,-0.028909,-0.00476436
46.78,0.670323,-0.0144027,46.78,0.606221,0.0235842,46.78,0.658846,0.0151306,46.78,0.599795,0.0145965
46.8,0.518056,0.0254022,46.8,0.469921,0.0642202,46.8,0.507925,0.0528372,46.8,0.467337,0.0531076
46.82,0.474557,0.00234769,46.82,0.416097,0.0421432,46.82,0.468941,0.0289002,46.82,0.410744,0.0308395
46.84,0.557368,0.00920263,46.84,0.480255,0.0484539,46.84,0.551762,0.0351881,46.84,0.471703,0.0360676
46.86,0.555405,0.0158679,46.86,0.471422,0.0543561,46.86,0.551281,0.0417304,46.86,0.466216,0.0418362
46.88,0.389848,0.0178382,46.88,0.318379,0.0552369,46.88,0.387584,0.043685,46.88,0.316976,0.0428847
46.9,0.488559,-0.00168648,46.9,0.446972,0.0351533,46.9,0.487679,0.0241034,46.9,0.445028,0.0229843
46.92,0.93165,-0.0100012,46.92,0.914762,0.0279878,46.92,0.932311,0.0156653,46.92,0.910312,0.0156922
46.94,1.37491,-0.0112776,46.94,1.36166,0.0269585,46.94,1.37659,0.0141461,46.94,1.35593,0.0144583
46.96,1.7732,-0.00495213,46.96,1.7647,0.0332834,46.96,1.77548,0.020071,46.96,1.76063,0.0200764
46.98,1.73426,0.0346876,46.98,1.72497,0.0736476,46.98,1.73584,0.0591643,46.98,1.72729,0.059806
47,0.882871,0.0515789,47,0.867348,0.0905712,47,0.883833,0.0750879,47,0.874102,0.0759728
47.02,0.721634,0.0017835,47.02,0.684361,0.0412002,47.02,0.721494,0.0246634,47.02,0.685309,0.0262112
47.04,0.818282,0.0106354,47.04,0.758027,0.0496519,47.04,0.816451,0.0330285,47.04,0.756189,0.0338034
47.06,0.591058,0.0281068,47.06,0.518998,0.0668981,47.06,0.588846,0.0506816,47.06,0.520873,0.051039
47.08,0.0129085,0.0365894,47.08,-0.0735718,0.0758569,47.08,-0.0110789,0.0603425,47.08,-0.0902664,0.06158
47.1,-0.582093,0.0216363,47.1,-0.686152,0.0610528,47.1,-0.649598,0.0458668,47.1,-0.746648,0.0474744
47.12,-0.827061,-0.00186805,47.12,-0.931904,0.0367929,47.12,-0.917998,0.0199636,47.12,-1.02082,0.0209628
47.14,-0.583723,-0.0309981,47.14,-0.676277,0.00757993,47.14,-0.641577,-0.0131253,47.14,-0.736955,-0.0123197
47.16,0.00116815,-0.0398266,47.16,-0.0760139,-0.00114764,47.16,0.0513626,-0.0266008,47.16,-0.0305209,-0.0259881
47.18,0.455515,-0.0201987,47.18,0.398597,0.018119,47.18,0.670569,-0.00878807,47.18,0.611236,-0.0089088
47.2,0.308026,0.00310473,47.2,0.269051,0.0418994,47.2,0.519877,0.0288098,47.2,0.483387,0.0292962
47.22,0.346834,-0.0116902,47.22,0.297396,0.0286804,47.22,0.476246,0.0069031,47.22,0.426279,0.00922091
47.24,0.44344,-0.00583318,47.24,0.368608,0.033903,47.24,0.559393,0.0105121,47.24,0.48702,0.0116452
47.26,0.472448,0.00192472,47.26,0.391092,0.0404786,47.26,0.557301,0.0195212,47.26,0.481703,0.0198743
47.28,0.383349,-0.00407347,47.28,0.320861,0.0331429,47.28,0.390704,0.0170456,47.28,0.331736,0.0162323
47.3,0.575438,-0.029864,47.3,0.548554,0.00738626,47.3,0.488648,-0.0105969,47.3,0.461136,-0.0116037
47.32,1.02803,-0.0301033,47.32,1.02396,0.00824354,47.32,0.931924,-0.0162104,47.32,0.924068,-0.0161309
47.34,1.36912,-0.0263292,47.34,1.37246,0.0125343,47.34,1.37553,-0.017923,47.34,1.37289,-0.0172151
47.36,1.56881,-0.0165644,47.36,1.58211,0.0217792,47.36,1.77453,-0.0118139,47.36,1.78114,-0.0117577
47.38,1.37859,0.0163093,47.38,1.39477,0.0553005,47.38,1.73597,0.0284663,47.38,1.7512,0.0290266
47.4,0.585347,0.0276994,47.4,0.590816,0.0676299,47.4,0.884611,0.0519667,47.4,0.897818,0.0531919
47.42,0.491674,-0.012191,47.42,0.47288,0.0280596,47.42,0.696324,0.00482426,47.42,0.683705,0.00666462
47.44,0.647634,-0.000140144,47.44,0.599046,0.0398475,47.44,0.816474,0.0147446,47.44,0.775318,0.015855
47.46,0.51647,0.0145076,47.46,0.4503,0.0542768,47.46,0.60185,0.0352769,47.46,0.546867,0.0360593
47.48,0.0878527,0.029997,47.48,0.00797805,0.0700092,47.48,0.00541216,0.0490556,47.48,-0.0659037,0.050419
47.5,-0.504986,0.0350617,47.5,-0.607759,0.075258,47.5,-0.619748,0.0408789,47.5,-0.715606,0.0427818
47.52,-0.954529,0.0178145,47.52,-1.06331,0.0568138,47.52,-0.872619,0.0114198,47.52,-0.977406,0.0124626
47.54,-1.0357,-0.0020733,47.54,-1.1288,0.0362438,47.54,-0.589203,-0.0183242,47.54,-0.685447,-0.0178659
47.56,-0.836836,-0.0106985,47.56,-0.913436,0.0279212,47.56,0.105364,-0.0319522,47.56,0.0237556,-0.0314052
47.58,-0.672111,-0.0105568,47.58,-0.733002,0.0272002,47.58,0.72278,-0.0171996,47.58,0.660348,-0.0174479
47.6,-0.299331,-0.0233309,47.6,-0.332175,0.0149786,47.6,0.551432,0.0214805,47.6,0.513417,0.0215173
47.62,-0.107114,-0.00668342,47.62,-0.170599,0.0336393,47.62,0.493054,-0.00592803,47.62,0.446963,-0.00388144
47.64,-0.128135,-0.00310404,47.64,-0.211098,0.0357186,47.64,0.577152,-0.00104302,47.64,0.510088,1.41348e-05
47.66,-0.0491158,-0.00308518,47.66,-0.134323,0.0351604,47.66,0.569146,0.00867247,47.66,0.500399,0.00894963
47.68,0.0618445,-0.00804389,47.68,-0.00748987,0.0290962,47.68,0.394363,0.0124687,47.68,0.342066,0.011782
47.7,0.467937,-0.0256759,47.7,0.429301,0.0113573,47.7,0.486923,-0.0117281,47.7,0.466622,-0.0127337
47.72,1.01422,-0.0257814,47.72,0.995234,0.0120924,47.72,0.928232,-0.024233,47.72,0.931721,-0.024175
47.74,1.33477,-0.0134553,47.74,1.32043,0.0247965,47.74,1.37333,-0.0221426,47.74,1.38347,-0.0214657
47.76,1.46102,-0.00481921,47.76,1.45814,0.0328304,47.76,1.7764,-0.016068,47.76,1.7962,-0.0160115
47.78,1.30339,0.0186354,47.78,1.30869,0.0569591,47.78,1.73985,0.0254918,47.78,1.76379,0.0262066
47.8,0.615524,0.0230769,47.8,0.608738,0.0619244,47.8,0.887673,0.0426428,47.8,0.908803,0.043567
47.82,0.47835,-0.0180834,47.82,0.443847,0.0214147,47.82,0.722312,-0.0108801,47.82,0.719237,-0.00961522
47.84,0.562826,-0.0134343,47.84,0.505796,0.0252118,47.84,0.816097,-0.00150849,47.84,0.788979,-0.000854304
47.86,0.441452,-0.00476434,47.86,0.377682,0.0334787,47.86,0.586641,0.0160025,47.86,0.548728,0.0165582
47.88,0.0703661,0.00848816,47.88,-0.00832527,0.0476604,47.88,-0.0152853,0.0279713,47.88,-0.0709017,0.0291893
47.9,-0.469651,0.0138175,47.9,-0.570266,0.052988,47.9,-0.653438,0.0197815,47.9,-0.729713,0.0211279
47.92,-0.930566,0.00614954,47.92,-1.03672,0.044106,47.92,-0.92021,-0.00464752,47.92,-0.999067,-0.00404334
47.94,-1.08271,-0.0130968,47.94,-1.17335,0.0241213,47.94,-0.642681,-0.0361915,47.94,-0.708252,-0.0359556
47.96,-1.00314,-0.0147268,47.96,-1.07871,0.0227924,47.96,0.0504049,-0.0432492,47.96,0.00146454,-0.0428396
47.98,-0.899364,-0.0180892,47.98,-0.953345,0.0185427,47.98,0.668485,-0.02324,47.98,0.642,-0.0230926
48,-0.427544,-0.0288386,48,-0.455505,0.00863008,48,0.51785,0.0190375,48,0.503338,0.0202566
48.02,-0.234735,-0.00370325,48.02,-0.297715,0.0364912,48.02,0.474303,-0.00131032,48.02,0.438197,0.00110686
48.04,-0.265619,-0.00201859,48.04,-0.351543,0.0360608,48.04,0.557359,0.00460001,48.04,0.499415,0.00614719
48.06,-0.191213,-0.00758558,48.06,-0.271973,0.0298729,48.06,0.555687,0.0106347,48.06,0.490702,0.0116272
48.08,0.00941638,-0.0189954,48.08,-0.0513075,0.0173458,48.08,0.389867,0.0117906,48.08,0.334489,0.0117741
48.1,0.474252,-0.0315505,48.1,0.437097,0.0052901,48.1,0.488251,-0.0125864,48.1,0.461438,-0.013187
48.12,0.930235,-0.0224149,48.12,0.899696,0.0151297,48.12,0.931518,-0.0223783,48.12,0.928018,-0.0219148
48.14,1.10986,-0.0115368,48.14,1.08695,0.0256988,48.14,1.3754,-0.0201874,48.14,1.37405,-0.0190162
48.16,1.11233,-0.00783932,48.16,1.10187,0.0290877,48.16,1.77481,-0.0174624,48.16,1.77967,-0.016671
48.18,0.957564,0.0055861,48.18,0.960584,0.0429682,48.18,1.73644,0.0249356,48.18,1.74713,0.0260812
48.2,0.414513,0.00555028,48.2,0.408946,0.0433249,48.2,0.885094,0.0410448,48.2,0.894515,0.0422776
48.22,0.265508,-0.0221579,48.22,0.240176,0.0165915,48.22,0.721959,-0.00918153,48.22,0.706386,-0.00681634
48.24,0.310998,-0.0235097,48.24,0.270841,0.0141356,48.24,0.816361,-0.00324952,48.24,0.777858,-0.00198809
48.26,0.210753,-0.01671,48.26,0.154826,0.0215256,48.26,0.587991,0.0165451,48.26,0.53846,0.0177293
48.28,-0.0836195,-0.0061496,48.28,-0.150711,0.0318071,48.28,-0.0124232,0.0259919,48.28,-0.0753327,0.0276315
48.3,-0.581948,-0.0018786,48.3,-0.657086,0.0360726,48.3,-0.650187,0.0131796,48.3,-0.729595,0.0151376
48.32,-1.06123,-0.00750635,48.32,-1.14007,0.029833,48.32,-0.917388,-0.0123163,48.32,-0.999991,-0.010899
48.34,-1.33353,-0.014291,48.34,-1.40061,0.0220955,48.34,-0.640121,-0.0392335,48.34,-0.712783,-0.0381211
48.36,-1.47172,-0.0189677,48.36,-1.52184,0.0175566,48.36,0.0531118,-0.0502637,48.36,-0.00474366,-0.0493035
48.38,-1.43972,-0.0409363,48.38,-1.46982,-0.00496206,48.38,0.671295,-0.0311014,48.38,0.636412,-0.0308561
48.4,-0.79957,-0.0558359,48.4,-0.812262,-0.0193282,48.4,0.519648,0.00861082,48.4,0.503994,0.00981413
48.42,-0.573544,-0.0184608,48.42,-0.60868,0.0196879,48.42,0.465942,-0.0103101,48.42,0.438005,-0.00765529
48.44,-0.645108,-0.0237099,48.44,-0.693721,0.0130528,48.44,0.561783,-0.00780931,48.44,0.510592,-0.00587739
48.46,-0.509099,-0.034805,48.46,-0.54613,0.000932685,48.46,0.563699,-0.000489151,48.46,0.504603,0.0006851
48.48,-0.132552,-0.045408,48.48,-0.148238,-0.00966912,48.48,0.399383,0.00522246,48.48,0.351701,0.00549845
48.5,0.447196,-0.0528657,48.5,0.44742,-0.0170319,48.5,0.499846,-0.0221895,48.5,0.482408,-0.0227206
48.52,0.899647,-0.0406347,48.52,0.9103,-0.00424714,48.52,0.943869,-0.0311681,48.52,0.952537,-0.0306277
48.54,1.02822,-0.0297702,48.54,1.04374,0.00601468,48.54,1.38867,-0.0331417,48.54,1.40525,-0.0322414
48.56,0.94277,-0.026625,48.56,0.972142,0.00875047,48.56,1.78919,-0.029489,48.56,1.81697,-0.0290801
48.58,0.75351,-0.0208771,48.58,0.793757,0.0153983,48.58,1.75135,0.0109176,48.58,1.78302,0.0122674
48.6,0.269591,-0.0174199,48.6,0.289739,0.0199739,48.6,0.897231,0.0319505,48.6,0.923392,0.0336556
48.62,0.12096,-0.0436264,48.62,0.128563,-0.00695512,48.62,0.728522,-0.0202221,48.62,0.728433,-0.0182832
48.64,0.122228,-0.0458866,48.64,0.122588,-0.00903853,48.64,0.820356,-0.0141632,48.64,0.7975,-0.0129799
48.66,0.0319008,-0.0405658,48.66,0.0251912,-0.00409961,48.66,0.588278,0.00823786,48.66,0.552598,0.00946937
48.68,-0.157717,-0.0319053,48.68,-0.170932,0.00552908,48.68,-0.0149398,0.0197667,48.68,-0.0677455,0.021542
48.7,-0.599342,-0.0176827,48.7,-0.637699,0.0201635,48.7,-0.651901,0.009615,48.7,-0.723491,0.0113752
48.72,-1.10869,-0.0218387,48.72,-1.15851,0.0147381,48.72,-0.9173,-0.0158509,48.72,-0.988709,-0.0150791
48.74,-1.42942,-0.0290304,48.74,-1.47357,0.00758724,48.74,-0.638877,-0.0441608,48.74,-0.697339,-0.0432885
48.76,-1.69079,-0.0294981,48.76,-1.73202,0.00732525,48.76,0.0542695,-0.0564412,48.76,0.0146596,-0.0556265
48.78,-1.74815,-0.0627923,48.78,-1.77397,-0.0272026,48.78,0.670894,-0.0425931,48.78,0.653163,-0.0424273
48.8,-1.12392,-0.0838307,48.8,-1.12654,-0.047587,48.8,0.51837,-0.00223766,48.8,0.515459,-0.000886511
48.82,-0.837307,-0.0488651,48.82,-0.847561,-0.0111925,48.82,0.474719,-0.0230001,48.82,0.455148,-0.0210062
48.84,-0.885946,-0.0442676,48.84,-0.901864,-0.00736104,48.84,0.557551,-0.0155445,48.84,0.517496,-0.0143442
48.86,-0.733878,-0.0596447,48.86,-0.741881,-0.0234816,48.86,0.555525,-0.00731415,48.86,0.508323,-0.00690374
48.88,-0.214944,-0.0768642,48.88,-0.205461,-0.0410296,48.88,0.389871,-0.00427382,48.88,0.352942,-0.00467681
48.9,0.51249,-0.0754038,48.9,0.538755,-0.0392273,48.9,0.488493,-0.0251618,48.9,0.478666,-0.0261656
48.92,1.00112,-0.0578976,48.92,1.02968,-0.0212006,48.92,0.931486,-0.0355705,48.92,0.943829,-0.0358225
48.94,1.06637,-0.0379715,48.94,1.0922,-0.00161257,48.94,1.37469,-0.0334997,48.94,1.39281,-0.0334878
48.96,0.824756,-0.0322052,48.96,0.859215,0.00337205,48.96,1.77299,-0.0308531,48.96,1.80118,-0.0313647
48.98,0.501675,-0.0398981,48.98,0.551229,-0.00370592,48.98,1.73414,0.00365742,48.98,1.77265,0.00382625
49,0.0894228,-0.048108,49,0.124337,-0.0110905,49,0.882803,0.0187917,49,0.919259,0.019544
49.02,-0.0494663,-0.0659401,49.02,-0.00977839,-0.0299971,49.02,0.720397,-0.0287704,49.02,0.733242,-0.0277384
49.04,-0.0232991,-0.0698206,49.04,0.0193926,-0.0330568,49.04,0.815234,-0.0212031,49.04,0.805457,-0.0208656
49.06,-0.0181971,-0.0665512,49.06,0.0217672,-0.0295261,49.06,0.587261,0.0033346,49.06,0.563206,0.00373498
49.08,-0.0736981,-0.0561821,49.08,-0.0422972,-0.0185774,49.08,-0.0125084,0.0151836,49.08,-0.0548106,0.0159767
49.1,-0.463527,-0.0362059,49.1,-0.455216,0.00197072,49.1,-0.649896,0.00391574,49.1,-0.708974,0.00441998
49.12,-1.07615,-0.0352184,49.12,-1.08773,0.00222441,49.12,-0.917277,-0.023186,49.12,-0.9709,-0.0234323
49.14,-1.52677,-0.0421362,49.14,-1.53009,-0.00581278,49.14,-0.640423,-0.0527662,49.14,-0.676643,-0.0531196
49.16,-1.92936,-0.0394631,49.16,-1.92893,-0.00179801,49.16,0.0523872,-0.061397,49.16,0.0330539,-0.0613243
49.18,-1.95307,-0.0839572,49.18,-1.94875,-0.0474172,49.18,0.670253,-0.0474946,49.18,0.671098,-0.0483051
49.2,-1.19862,-0.105219,49.2,-1.17619,-0.0684209,49.2,0.518855,-0.00948251,49.2,0.528314,-0.00855388
49.22,-0.911779,-0.0634978,49.22,-0.894612,-0.0250129,49.22,0.475592,-0.0299216,49.22,0.465709,-0.0285506
49.24,-0.965521,-0.0622115,49.24,-0.949874,-0.024779,49.24,0.558692,-0.0213836,49.24,0.530163,-0.0208884
49.26,-0.761963,-0.0811134,49.26,-0.738857,-0.0438674,49.26,0.556623,-0.0149063,49.26,0.520678,-0.0149715
49.28,-0.221579,-0.0946133,49.28,-0.188779,-0.0577931,49.28,0.39049,-0.0120691,49.28,0.361063,-0.0130987
49.3,0.470262,-0.0956969,49.3,0.51987,-0.0587633,49.3,0.48912,-0.0381774,49.3,0.484776,-0.0395344
49.32,0.919089,-0.078943,49.32,0.974341,-0.0415132,49.32,0.933112,-0.0490688,49.32,0.947068,-0.0495909
49.34,0.961958,-0.0579502,49.34,1.0174,-0.0205994,49.34,1.37751,-0.0445083,49.34,1.39596,-0.0447385
49.36,0.76534,-0.056235,49.36,0.829716,-0.0193119,49.36,1.77723,-0.0419704,49.36,1.80408,-0.042562
49.38,0.576312,-0.0620251,49.38,0.642115,-0.0240245,49.38,1.73858,-0.00152827,49.38,1.76957,-0.00163176
49.4,0.228401,-0.0547352,49.4,0.26671,-0.0164914,49.4,0.886844,0.0189206,49.4,0.912566,0.0192303
49.42,0.0317845,-0.0731093,49.42,0.0814243,-0.0365917,49.42,0.697844,-0.0303491,49.42,0.706439,-0.029844
49.44,0.0557254,-0.0773781,49.44,0.118515,-0.0399856,49.44,0.817601,-0.0208339,49.44,0.804138,-0.0206954
49.46,0.0684962,-0.0808934,49.46,0.131927,-0.0430709,49.46,0.60257,-0.00125861,49.46,0.574846,-0.00120975
49.48,0.035643,-0.0674426,49.48,0.0854514,-0.028485,49.48,0.00557936,0.0121105,49.48,-0.0399878,0.0126267
49.5,-0.390227,-0.043852,49.5,-0.373162,-0.00415314,49.5,-0.619803,0.0014389,49.5,-0.684586,0.00219409
49.52,-1.00931,-0.0430788,49.52,-1.02095,-0.00452844,49.52,-0.872452,-0.0217546,49.52,-0.939782,-0.0219434
49.54,-1.40529,-0.0475947,49.54,-1.4118,-0.0101419,49.54,-0.588617,-0.0483393,49.54,-0.645454,-0.0487638
49.56,-1.75219,-0.0449109,49.56,-1.7552,-0.00630461,49.56,0.106357,-0.0572778,49.56,0.0653547,-0.0576132
49.58,-1.77102,-0.0770303,49.58,-1.77304,-0.039078,49.58,0.724013,-0.0368267,49.58,0.699872,-0.0375163
49.6,-1.05921,-0.0949678,49.6,-1.04759,-0.0573066,49.6,0.552263,0.00444624,49.6,0.539947,0.00462449
49.62,-0.805126,-0.0534548,49.62,-0.787,-0.0148253,49.62,0.493457,-0.0169351,49.62,0.472173,-0.0158477
49.64,-0.872317,-0.0532835,49.64,-0.851861,-0.0149313,49.64,0.577544,-0.00980152,49.64,0.538329,-0.00928755
49.66,-0.683981,-0.0731767,49.66,-0.659284,-0.0349836,49.66,0.569395,-0.00457773,49.66,0.524583,-0.0046689
49.68,-0.16696,-0.0855465,49.68,-0.134926,-0.048202,49.68,0.394461,-0.00150703,49.68,0.359876,-0.00250139
49.7,0.49283,-0.0873225,49.7,0.547417,-0.0501428,49.7,0.486895,-0.0283469,49.7,0.481369,-0.0298655
49.72,0.921115,-0.0714149,49.72,0.982526,-0.0331854,49.72,0.928082,-0.0399944,49.72,0.943662,-0.0404004
49.74,0.950742,-0.0524812,49.74,1.00769,-0.0144562,49.74,1.37315,-0.0381187,49.74,1.39128,-0.0382159
49.76,0.744702,-0.0514063,49.76,0.806881,-0.0136656,49.76,1.77619,-0.0365007,49.76,1.80139,-0.0368912
49.78,0.551296,-0.0607517,49.78,0.610876,-0.022118,49.78,1.73962,0.000407015,49.78,1.76673,0.000323374
49.8,0.214455,-0.0518178,49.8,0.245611,-0.0130785,49.8,0.88744,0.0222167,49.8,0.909577,0.0225375
49.82,0.0150509,-0.0724849,49.82,0.0632132,-0.0360756,49.82,0.722187,-0.0297161,49.82,0.726029,-0.0292419
49.84,0.0493031,-0.0782238,49.84,0.113673,-0.0405104,49.84,0.816007,-0.0217367,49.84,0.800627,-0.0215293
49.86,0.0693603,-0.0760827,49.86,0.131748,-0.0375931,49.86,0.586565,0.00207087,49.86,0.557702,0.00223956
49.88,0.0395698,-0.0639885,49.88,0.0853572,-0.0247522,49.88,-0.0153966,0.01375,49.88,-0.0614864,0.0143673
49.9,-0.388871,-0.0377724,49.9,-0.372882,0.00187664,49.9,-0.653729,0.00550363,49.9,-0.719287,0.00613113
49.92,-1.02337,-0.0365944,49.92,-1.03225,0.0020213,49.92,-0.920758,-0.0186347,49.92,-0.991366,-0.0186399
49.94,-1.4381,-0.043068,49.94,-1.43964,-0.00535672,49.94,-0.643443,-0.0477165,49.94,-0.701972,-0.047937
49.96,-1.79944,-0.0396463,49.96,-1.79882,-0.000861885,49.96,0.0495217,-0.0560667,49.96,0.00815185,-0.0563876
49.98,-1.80896,-0.0732392,49.98,-1.81399,-0.0348806,49.98,0.667571,-0.0361648,49.98,0.643647,-0.0369807
50,-1.08167,-0.089188,50,-1.07376,-0.0514672,50,0.517274,0.00509572,50,0.508985,0.00517663
50.02,-0.822977,-0.0442089,50.02,-0.806762,-0.00618021,50.02,0.473978,-0.0123326,50.02,0.453948,-0.011512
50.04,-0.888842,-0.0481421,50.04,-0.867872,-0.0100496,50.04,0.557003,-0.00965255,50.04,0.520508,-0.0090561
50.06,-0.697167,-0.0630944,50.06,-0.67325,-0.0252048,50.06,0.555445,0.000291575,50.06,0.510846,0.000219321
50.08,-0.17653,-0.0764788,50.08,-0.147073,-0.0394835,50.08,0.389795,0.00221459,50.08,0.352191,0.0012769
50.1,0.482307,-0.0751257,50.1,0.536259,-0.0384815,50.1,0.488339,-0.0218751,50.1,0.479631,-0.0235832
50.12,0.905164,-0.055424,50.12,0.967639,-0.0176868,50.12,0.931787,-0.0297538,50.12,0.946346,-0.0302826
50.14,0.930389,-0.0334172,50.14,0.990496,0.00416663,50.14,1.37578,-0.024494,50.14,1.39675,-0.0245839
50.16,0.723612,-0.0249171,50.16,0.785971,0.0126006,50.16,1.77522,-0.0156547,50.16,1.80344,-0.0156864
50.18,0.533233,-0.0291704,50.18,0.589151,0.00926459,50.18,1.7367,0.0261102,50.18,1.76384,0.0267754
50.2,0.207412,-0.0184056,50.2,0.227638,0.0200253,50.2,0.885243,0.0490966,50.2,0.902179,0.0503037
50.22,0.00830039,-0.0369952,50.22,0.0447111,-0.00111763,50.22,0.722179,-0.00129889,50.22,0.716581,-0.00016143
50.24,0.0415286,-0.0432715,50.24,0.0929085,-0.00599219,50.24,0.816557,0.00636028,50.24,0.789104,0.00720085
50.26,0.0622001,-0.0455198,50.26,0.108293,-0.00760092,50.26,0.588154,0.0257596,50.26,0.544857,0.026418
50.28,0.0338042,-0.0343553,50.28,0.0614951,0.00439081,50.28,-0.0123729,0.0366236,50.28,-0.0731085,0.0377174
50.3,-0.390698,-0.0105034,50.3,-0.392511,0.0286797,50.3,-0.650445,0.0263204,50.3,-0.728801,0.0276166
50.32,-1.01703,-0.0103771,50.32,-1.04162,0.0279413,50.32,-0.917971,0.00141569,50.32,-0.998659,0.00224154
50.34,-1.4256,-0.016878,50.34,-1.44717,0.0207542,50.34,-0.640887,-0.0280148,50.34,-0.710881,-0.0274182
50.36,-1.78332,-0.0175878,50.36,-1.8077,0.0208141,50.36,0.0523193,-0.0407912,50.36,-0.00112208,-0.0402293
50.38,-1.79407,-0.0520015,50.38,-1.82031,-0.014407,50.38,0.670607,-0.0222709,50.38,0.63704,-0.0221028
50.4,-1.07126,-0.0661063,50.4,-1.08375,-0.029039,50.4,0.519282,0.020533,50.4,0.500756,0.0218955
50.42,-0.806547,-0.0240381,50.42,-0.811766,0.0134443,50.42,0.465759,-0.000900472,50.42,0.434917,0.0014674
50.44,-0.883633,-0.0219013,50.44,-0.885728,0.015382,50.44,0.561567,0.00814494,50.44,0.506943,0.00981437
50.46,-0.700023,-0.0369461,50.46,-0.697716,0.000301528,50.46,0.563556,0.0185672,50.46,0.501112,0.0195396
50.48,-0.184327,-0.0510554,50.48,-0.172186,-0.0150501,50.48,0.399359,0.0196589,50.48,0.349026,0.0194035
50.5,0.46744,-0.0478529,50.5,0.50315,-0.0117572,50.5,0.499929,-0.00259747,50.5,0.479851,-0.00324722
50.52,0.885555,-0.0292089,50.52,0.924113,0.00802958,50.52,0.944061,-0.0111934,50.52,0.945797,-0.0106341
50.54,0.910806,-0.00849063,50.54,0.94321,0.0282746,50.54,1.38892,-0.00734576,50.54,1.39692,-0.00650783
50.56,0.705905,-0.00368262,50.56,0.739541,0.0328495,50.56,1.78943,-0.00230156,50.56,1.80592,-0.00162129
50.58,0.51681,-0.00776607,50.58,0.542378,0.0295458,50.58,1.75148,0.039528,50.58,1.76544,0.0411134
50.6,0.199463,0.000265777,50.6,0.198522,0.0372097,50.6,0.897302,0.0603651,50.6,0.903096,0.0618289
50.62,0.00332966,-0.0205888,50.62,0.0202556,0.0144008,50.62,0.728678,0.00683217,50.62,0.71369,0.00862319
50.64,0.0359267,-0.0241803,50.64,0.0652349,0.0122579,50.64,0.820493,0.0170878,50.64,0.783546,0.0186469
50.66,0.0587179,-0.0254706,50.66,0.085154,0.0114366,50.66,0.58839,0.0375774,50.66,0.538396,0.0388108
50.68,0.0319068,-0.0129331,50.68,0.0446622,0.0247112,50.68,-0.0149112,0.0496881,50.68,-0.082513,0.0514913
50.7,-0.392964,0.00812034,50.7,-0.402489,0.0458455,50.7,-0.652111,0.036453,50.7,-0.739344,0.0382786
50.72,-1.02431,0.00382656,50.72,-1.05013,0.0408935,50.72,-0.917766,0.00696866,50.72,-1.00894,0.00817688
50.74,-1.43819,-0.00777898,50.74,-1.45598,0.0284747,50.74,-0.639493,-0.0276512,50.74,-0.720413,-0.0268094
50.76,-1.79948,-0.00418785,50.76,-1.8194,0.0334879,50.76,0.0536242,-0.0359691,50.76,-0.0138111,-0.0349944
50.78,-1.80754,-0.040353,50.78,-1.83278,-0.00325023,50.78,0.670323,-0.0189745,50.78,0.622756,-0.0185476
50.8,-1.07974,-0.0576327,50.8,-1.09351,-0.021214,50.8,0.518056,0.0204704,50.8,0.492897,0.0213876
50.82,-0.822269,-0.0147169,50.82,-0.829959,0.0223227,50.82,0.474557,0.000759271,50.82,0.437611,0.00312382
50.84,-0.888103,-0.0148516,50.84,-0.894106,0.0219247,50.84,0.557368,0.00762286,50.84,0.496258,0.00933667
50.86,-0.695681,-0.0297326,50.86,-0.696634,0.00680557,50.86,0.555405,0.0175605,50.86,0.487471,0.0184144
50.88,-0.174018,-0.0428727,50.88,-0.165177,-0.00720417,50.88,0.389848,0.0196754,50.88,0.33639,0.0193422
50.9,0.485433,-0.0413534,50.9,0.513539,-0.00553565,50.9,0.488559,-0.0040978,50.9,0.468133,-0.00496124
50.92,0.908868,-0.021595,50.92,0.939893,0.0149977,50.92,0.93165,-0.0118143,50.92,0.94056,-0.0116626
50.94,0.934753,-0.00591241,50.94,0.96188,0.0302296,50.94,1.37491,-0.0129047,50.94,1.39785,-0.0123681
50.96,0.728753,0.000282909,50.96,0.753869,0.0361932,50.96,1.7732,-0.0064331,50.96,1.80555,-0.00600302
50.98,0.538891,-0.00403846,50.98,0.557399,0.0326014,50.98,1.73426,0.0350419,50.98,1.76615,0.0365187
51,0.210703,0.00617266,51,0.207284,0.04254,51,0.882871,0.0571764,51,0.905268,0.0590978
51.02,0.0109502,-0.0131677,51.02,0.0209722,0.0211723,51.02,0.721634,0.00588804,51.02,0.715215,0.00786183
51.04,0.044291,-0.0184924,51.04,0.066494,0.0170842,51.04,0.818282,0.0146886,51.04,0.786575,0.0160852
51.06,0.0642755,-0.0194207,51.06,0.0841588,0.0167404,51.06,0.591058,0.0351657,51.06,0.541319,0.0365204
51.08,0.0348734,-0.0093876,51.08,0.0415032,0.0275098,51.08,0.0129085,0.0433582,51.08,-0.0601531,0.0452997
51.1,-0.390556,0.0111344,51.1,-0.407599,0.0483739,51.1,-0.582093,0.0289109,51.1,-0.677426,0.0309281
51.12,-1.01754,0.00541764,51.12,-1.05215,0.041844,51.12,-0.827061,-3.79685e-05,51.12,-0.921023,0.00104482
51.14,-1.42674,-0.00597446,51.14,-1.45244,0.0298127,51.14,-0.583724,-0.0312794,51.14,-0.659675,-0.0305178
51.16,-1.78516,-0.00193943,51.16,-1.81384,0.0351286,51.16,0.00116806,-0.0354556,51.16,-0.05589,-0.0345749
51.18,-1.79583,-0.0402718,51.18,-1.82664,-0.0039515,51.18,0.455515,-0.0201154,51.18,0.422184,-0.0196452
51.2,-1.07274,-0.0559594,51.2,-1.09105,-0.0200147,51.2,0.308026,0.00611801,51.2,0.293197,0.00733011
51.22,-0.817021,-0.0121411,51.22,-0.826905,0.0242122,51.22,0.346834,-0.00605963,51.22,0.32223,-0.00351541
51.24,-0.883483,-0.0142623,51.24,-0.887788,0.0219163,51.24,0.44344,0.00128157,51.24,0.394645,0.00300986
51.26,-0.692362,-0.0316161,51.26,-0.689678,0.00441667,51.26,0.472448,0.00753632,51.26,0.415656,0.00826486
51.28,-0.172294,-0.0414848,51.28,-0.158667,-0.00640417,51.28,0.383349,0.00943774,51.28,0.340721,0.00908747
51.3,0.486642,-0.0389157,51.3,0.524359,-0.0038494,51.3,0.575438,-0.0113285,51.3,0.569556,-0.0124289
51.32,0.91049,-0.0228042,51.32,0.953402,0.0132879,51.32,1.02803,-0.0172887,51.32,1.05733,-0.0174735
51.34,0.936597,-0.00676715,51.34,0.971759,0.0291447,51.34,1.36912,-0.0128353,51.34,1.41301,-0.0123063
51.36,0.730028,-0.00161138,51.36,0.762087,0.0337504,51.36,1.56881,-0.00400636,51.36,1.62652,-0.00386503
51.38,0.538919,-0.00666468,51.38,0.56641,0.0290981,51.38,1.37859,0.0290756,51.38,1.43707,0.0304566
51.4,0.209826,-0.00161842,51.4,0.217233,0.0339316,51.4,0.585347,0.0337895,51.4,0.627379,0.0358932
51.42,0.0188632,-0.0186684,51.42,0.0391963,0.015291,51.42,0.491674,-0.00927558,51.42,0.507136,-0.00729267
51.44,0.0419019,-0.025426,51.44,0.0745118,0.0096849,51.44,0.647634,-0.000308142,51.44,0.632343,0.00131435
51.46,0.0559083,-0.0252321,51.46,0.0859625,0.010449,51.46,0.51647,0.016547,51.46,0.478266,0.0183067
51.48,0.0234812,-0.0148786,51.48,0.0401594,0.021455,51.48,0.0878527,0.028243,51.48,0.0302401,0.0298358
51.5,-0.401135,0.00992019,51.5,-0.409083,0.0464803,51.5,-0.504986,0.0315176,51.5,-0.582999,0.0326981
51.52,-1.02271,0.00943781,51.52,-1.05054,0.0451983,51.52,-0.954529,0.0184425,51.52,-1.03023,0.0180939
51.54,-1.42615,0.00350978,51.54,-1.44798,0.0385823,51.54,-1.0357,-0.000934257,51.54,-1.08873,-0.00168101
51.56,-1.78121,0.0042155,51.56,-1.80665,0.0403423,51.56,-0.836836,-0.00786518,51.56,-0.869675,-0.00844991
51.58,-1.79468,-0.0291161,51.58,-1.82594,0.00648551,51.58,-0.672111,-0.00348395,51.58,-0.689479,-0.00404126
51.6,-1.07539,-0.0440266,51.6,-1.09714,-0.00901441,51.6,-0.299331,-0.0119486,51.6,-0.303516,-0.0117912
51.62,-0.818909,-0.00584161,51.62,-0.834349,0.0293767,51.62,-0.107114,0.00624913,51.62,-0.141063,0.00756615
51.64,-0.884059,-0.00813888,51.64,-0.894463,0.0271448,51.64,-0.128135,0.00970686,51.64,-0.181038,0.00984957
51.66,-0.691596,-0.0274174,51.66,-0.694691,0.007595,51.66,-0.0491158,0.00596026,51.66,-0.106272,0.00546212
51.68,-0.169632,-0.0444949,51.68,-0.161653,-0.0103912,51.68,0.0618445,-0.00463929,51.68,0.0195427,-0.00644146
51.7,0.491882,-0.0432612,51.7,0.519277,-0.00914812,51.7,0.467937,-0.0223116,51.7,0.455019,-0.0245116
51.72,0.917798,-0.0247072,51.72,0.946485,0.010451,51.72,1.01422,-0.0190829,51.72,1.01932,-0.0200741
51.74,0.944876,-0.0112541,51.74,0.967367,0.0231763,51.74,1.33477,-0.0125002,51.74,1.34472,-0.0137328
51.76,0.738336,-0.00724106,51.76,0.762448,0.0269746,51.76,1.46102,-0.00560074,51.76,1.48249,-0.0069927
51.78,0.546534,-0.014817,51.78,0.566734,0.0197634,51.78,1.30339,0.014648,51.78,1.33132,0.0138587
51.8,0.213971,-0.00987275,51.8,0.214601,0.0243951,51.8,0.615524,0.0192549,51.8,0.629801,0.0190272
51.82,0.0138256,-0.0260886,51.82,0.0283691,0.00686039,51.82,0.47835,-0.0161019,51.82,0.465363,-0.0155727
51.84,0.0474267,-0.0323648,51.84,0.0719858,0.00155542,51.84,0.562826,-0.0131671,51.84,0.52776,-0.0133938
51.86,0.0667249,-0.0347471,51.86,0.0919704,-0.00050904,51.86,0.441452,-0.00277693,51.86,0.397887,-0.00349844
51.88,0.0363666,-0.0268496,51.88,0.0538849,0.00827547,51.88,0.0703661,0.0060255,51.88,0.0145853,0.00599261
51.9,-0.389964,-0.00548836,51.9,-0.394118,0.029993,51.9,-0.469651,0.0067283,51.9,-0.542777,0.00652167
51.92,-1.01806,-0.00713509,51.92,-1.0385,0.0277265,51.92,-0.930566,-0.00322164,51.92,-1.00559,-0.004487
51.94,-1.42834,-0.0104639,51.94,-1.4422,0.0236754,51.94,-1.08271,-0.0173281,51.94,-1.1426,-0.0191577
51.96,-1.78783,-0.00943712,51.96,-1.80113,0.0256458,51.96,-1.00314,-0.0229878,51.96,-1.04435,-0.0247986
51.98,-1.79865,-0.0452011,51.98,-1.81414,-0.0109701,51.98,-0.899364,-0.0292636,51.98,-0.9181,-0.03196
52,-1.07515,-0.065002,52,-1.07697,-0.0310004,52,-0.427544,-0.0449604,52,-0.421026,-0.0466165
52.02,-0.818688,-0.022374,52.02,-0.815246,0.0123144,52.02,-0.234735,-0.0190757,52.02,-0.253285,-0.0184097
52.04,-0.884908,-0.0214004,52.04,-0.880232,0.0130002,52.04,-0.265619,-0.0150045,52.04,-0.303814,-0.0163488
52.06,-0.693603,-0.0395189,52.06,-0.684356,-0.00548686,52.06,-0.191213,-0.020089,52.06,-0.225933,-0.0220661
52.08,-0.173335,-0.052879,52.08,-0.154923,-0.0197347,52.08,0.00941638,-0.0306152,52.08,-0.00616699,-0.0336993
52.1,0.485501,-0.0500117,52.1,0.524233,-0.0170249,52.1,0.474252,-0.0411637,52.1,0.484219,-0.0440716
52.12,0.908715,-0.0334251,52.12,0.95281,0.000176265,52.12,0.930235,-0.0329716,52.12,0.950655,-0.0353124
52.14,0.934156,-0.0185535,52.14,0.97634,0.0147942,52.14,1.10986,-0.0262226,52.14,1.14303,-0.0289602
52.16,0.727165,-0.0137184,52.16,0.769371,0.0192789,52.16,1.11233,-0.0198137,52.16,1.16021,-0.022906
52.18,0.536029,-0.0155204,52.18,0.570838,0.018311,52.18,0.957564,-0.00444431,52.18,1.01698,-0.00631803
52.2,0.208422,-0.00569758,52.2,0.216339,0.0281651,52.2,0.414513,0.00189305,52.2,0.451279,0.00101295
52.22,0.00944896,-0.024207,52.22,0.0298875,0.00765446,52.22,0.265508,-0.0256545,52.22,0.280676,-0.0265744
52.24,0.0425824,-0.0285675,52.24,0.0733298,0.00453902,52.24,0.310998,-0.0227389,52.24,0.314055,-0.0243309
52.26,0.0629095,-0.0324607,52.26,0.0916653,0.0012063,52.26,0.210753,-0.0179477,52.26,0.198506,-0.0191421
52.28,0.0341688,-0.0228624,52.28,0.0504238,0.0115684,52.28,-0.0836195,-0.00771589,52.28,-0.111314,-0.00872632
52.3,-0.390781,0.000711867,52.3,-0.401884,0.0357457,52.3,-0.581948,-0.00137177,52.3,-0.625199,-0.00237949
52.32,-1.01822,-0.00390471,52.32,-1.05133,0.0302904,52.32,-1.06123,-0.0113337,52.32,-1.11081,-0.0131793
52.34,-1.42789,-0.00673736,52.34,-1.45717,0.0267395,52.34,-1.33353,-0.0171278,52.34,-1.37471,-0.019495
52.36,-1.78651,-0.00720395,52.36,-1.81805,0.0274125,52.36,-1.47172,-0.0232108,52.36,-1.49827,-0.0254252
52.38,-1.79701,-0.0422183,52.38,-1.82939,-0.00857679,52.38,-1.43972,-0.0460761,52.38,-1.44819,-0.0489799
52.4,-1.07342,-0.0594357,52.4,-1.08936,-0.0258053,52.4,-0.79957,-0.0609071,52.4,-0.789737,-0.0628332
52.42,-0.808152,-0.0187692,52.42,-0.819303,0.0154132,52.42,-0.573544,-0.0271428,52.42,-0.581472,-0.0277221
52.44,-0.885067,-0.0173642,52.44,-0.891216,0.016261,52.44,-0.645108,-0.0262667,52.44,-0.66486,-0.028068
52.46,-0.701244,-0.0349166,52.46,-0.697909,-0.00116832,52.46,-0.509099,-0.0368303,52.46,-0.515962,-0.0393731
52.48,-0.185388,-0.0485129,52.48,-0.170255,-0.015648,52.48,-0.132552,-0.0514462,52.48,-0.117384,-0.0544061
52.5,0.466395,-0.0489171,52.5,0.50562,-0.0161596,52.5,0.447196,-0.0572861,52.5,0.483768,-0.0600501
52.52,0.884187,-0.0312596,52.52,0.927359,0.00273143,52.52,0.899647,-0.0455004,52.52,0.945379,-0.0473202
52.54,0.909111,-0.0161075,52.54,0.945393,0.0173116,52.54,1.02822,-0.0341074,52.54,1.07781,-0.0366252
52.56,0.704085,-0.0102305,52.56,0.743869,0.0228628,52.56,0.94277,-0.0279862,52.56,1.00699,-0.0308126
52.58,0.515134,-0.017067,52.58,0.552198,0.0166796,52.58,0.75351,-0.0228811,52.58,0.827926,-0.0247564
52.6,0.198748,-0.00579875,52.6,0.20745,0.0284545,52.6,0.269591,-0.01572,52.6,0.317962,-0.0159621
52.62,0.00266746,-0.0205794,52.62,0.0214038,0.0117919,52.62,0.12096,-0.0364924,52.62,0.155683,-0.0379104
52.64,0.0352126,-0.0273435,52.64,0.0638346,0.00593789,52.64,0.122228,-0.0370045,52.64,0.149217,-0.0382846
52.66,0.0581693,-0.030413,52.66,0.0862998,0.0033015,52.66,0.0319008,-0.0351989,52.66,0.0524806,-0.0368668
52.68,0.0316473,-0.017105,52.68,0.045775,0.0175512,52.68,-0.157717,-0.0251184,52.68,-0.148156,-0.0258751
52.7,-0.392717,0.00604155,52.7,-0.403562,0.0410255,52.7,-0.599343,-0.0120017,52.7,-0.614014,-0.012509
52.72,-1.02319,0.00514336,52.72,-1.05363,0.0391067,52.72,-1.10869,-0.0168677,52.72,-1.13518,-0.0183909
52.74,-1.43643,-0.00155105,52.74,-1.46139,0.0316887,52.74,-1.42942,-0.0250822,52.74,-1.45054,-0.0267271
52.76,-1.79733,-0.00189649,52.76,-1.82354,0.0325142,52.76,-1.69079,-0.0249925,52.76,-1.71135,-0.0262419
52.78,-1.80562,-0.0367903,52.78,-1.83114,-0.00320423,52.78,-1.74815,-0.0533926,52.78,-1.75362,-0.0556686
52.8,-1.07841,-0.0561837,52.8,-1.09112,-0.0229516,52.8,-1.12392,-0.0766762,52.8,-1.10937,-0.078567
52.82,-0.821302,-0.015725,52.82,-0.830783,0.0184747,52.82,-0.837307,-0.0425958,52.82,-0.826406,-0.0428796
52.84,-0.887255,-0.013884,52.84,-0.894923,0.0199443,52.84,-0.885946,-0.0362048,52.84,-0.879429,-0.0370107
52.86,-0.694998,-0.0316333,52.86,-0.695748,0.00174601,52.86,-0.733878,-0.0526407,52.86,-0.719904,-0.0542856
52.88,-0.17358,-0.0425636,52.88,-0.164716,-0.0097976,52.88,-0.214944,-0.0685971,52.88,-0.183483,-0.0706607
52.9,0.485706,-0.0399979,52.9,0.515148,-0.00727283,52.9,0.51249,-0.0689488,52.9,0.561459,-0.0705447
52.92,0.909138,-0.0235279,52.92,0.940323,0.0103743,52.92,1.00112,-0.0518583,52.92,1.04921,-0.0525896
52.94,0.935038,-0.00612243,52.94,0.958804,0.0274028,52.94,1.06637,-0.0331649,52.94,1.11099,-0.0343893
52.96,0.728991,-0.00358606,52.96,0.751971,0.0297514,52.96,0.824756,-0.0269148,52.96,0.876402,-0.0283375
52.98,0.539029,-0.00797049,52.98,0.556312,0.0256609,52.98,0.501675,-0.0272601,52.98,0.560524,-0.0283999
53,0.210718,0.00438138,53,0.205822,0.0381823,53,0.0894228,-0.0254644,53,0.130025,-0.0254905
53.02,0.0109886,-0.0134746,53.02,0.0185765,0.0182879,53.02,-0.0494663,-0.0448299,53.02,-0.00587865,-0.0462127
53.04,0.0443364,-0.0162105,53.04,0.0635947,0.0168541,53.04,-0.0232991,-0.0445569,53.04,0.0225747,-0.0451391
53.06,0.064354,-0.0153971,53.06,0.0815686,0.0179796,53.06,-0.0181971,-0.0432855,53.06,0.0234905,-0.0437792
53.08,0.0349896,-0.00171344,53.08,0.0383628,0.0325908,53.08,-0.0736981,-0.0312779,53.08,-0.0425537,-0.0312067
53.1,-0.390411,0.0203639,53.1,-0.411401,0.0549678,53.1,-0.463527,-0.0119634,53.1,-0.453507,-0.011403
53.12,-1.01744,0.0169316,53.12,-1.05855,0.0507425,53.12,-1.07615,-0.0122141,53.12,-1.08741,-0.0122771
53.14,-1.42671,0.0099022,53.14,-1.46149,0.0429446,53.14,-1.52677,-0.0193058,53.14,-1.53219,-0.0202849
53.16,-1.78523,0.0127793,53.16,-1.82224,0.0469151,53.16,-1.92936,-0.0167919,53.16,-1.93305,-0.0168182
53.18,-1.79592,-0.0226446,53.18,-1.83539,0.0106058,53.18,-1.95307,-0.0571067,53.18,-1.95052,-0.0581024
53.2,-1.07283,-0.0372954,53.2,-1.09659,-0.00412863,53.2,-1.19862,-0.0735888,53.2,-1.17753,-0.0741717
53.22,-0.817066,0.00693486,53.22,-0.836755,0.0410708,53.22,-0.911779,-0.028802,53.22,-0.892955,-0.0281082
53.24,-0.883523,0.00555171,53.24,-0.90082,0.0393128,53.24,-0.965521,-0.0297001,53.24,-0.946217,-0.0296777
53.26,-0.692415,-0.013076,53.26,-0.703608,0.0204474,53.26,-0.761963,-0.0489363,53.26,-0.735353,-0.0490268
53.28,-0.172415,-0.0275301,53.28,-0.174158,0.00519123,53.28,-0.221579,-0.0646175,53.28,-0.181479,-0.0652725
53.3,0.486402,-0.0274102,53.3,0.504376,0.00539269,53.3,0.470262,-0.0648773,53.3,0.52993,-0.0651481
53.32,0.910104,-0.0102868,53.32,0.929713,0.023483,53.32,0.919089,-0.0476041,53.32,0.982822,-0.0467798
53.34,0.936088,0.00325264,53.34,0.948669,0.0365528,53.34,0.961958,-0.0340942,53.34,1.02243,-0.0337123
53.36,0.729443,0.0119002,53.36,0.740493,0.0449661,53.36,0.76534,-0.0256163,53.36,0.830014,-0.0253185
53.38,0.538347,0.00481778,53.38,0.543833,0.0383184,53.38,0.576312,-0.0324132,53.38,0.641117,-0.0312734
53.4,0.209559,0.0114572,53.4,0.197672,0.0445821,53.4,0.228401,-0.0259443,53.4,0.269971,-0.0246803
53.42,0.0103899,-0.00932865,53.42,0.0118902,0.0224468,53.42,0.0231634,-0.0480835,53.42,0.0745609,-0.0483132
53.44,0.0436454,-0.0179258,53.44,0.0540674,0.0150204,53.44,0.0576862,-0.0561246,53.44,0.119144,-0.0556387
53.46,0.06385,-0.0200219,53.46,0.0740885,0.0131961,53.46,0.0769311,-0.0582959,53.46,0.138426,-0.0576332
53.48,0.0348359,-0.0058881,53.48,0.0363373,0.0281974,53.48,0.0477869,-0.0440032,53.48,0.0980064,-0.0423649
53.5,-0.390618,0.0119368,53.5,-0.408768,0.0462822,53.5,-0.378934,-0.0261228,53.5,-0.355021,-0.024337
53.52,-1.01882,0.0073703,53.52,-1.05244,0.0413132,53.52,-1.00478,-0.0307602,53.52,-1.00253,-0.0297171
53.54,-1.42904,-0.000435027,53.54,-1.455,0.0329201,53.54,-1.40768,-0.0387718,53.54,-1.39952,-0.0384334
53.56,-1.78801,0.00181991,53.56,-1.81348,0.0363678,53.56,-1.75844,-0.036418,53.56,-1.74945,-0.0348401
53.58,-1.79839,-0.0330296,53.58,-1.82536,0.000663371,53.58,-1.77362,-0.0704797,53.58,-1.76274,-0.0696587
53.6,-1.07443,-0.0516805,53.6,-1.08846,-0.0182486,53.6,-1.05693,-0.0892631,53.6,-1.03148,-0.0885908
53.62,-0.818192,-0.00623185,53.62,-0.831435,0.0280268,53.62,-0.803237,-0.0440591,53.62,-0.77376,-0.0424124
53.64,-0.884535,-0.00571295,53.64,-0.896039,0.0280157,53.64,-0.871797,-0.0431012,53.64,-0.839901,-0.0417458
53.66,-0.693259,-0.0232399,53.66,-0.698148,0.0102179,53.66,-0.684813,-0.0607397,53.66,-0.646511,-0.0596121
53.68,-0.17309,-0.0375441,53.68,-0.168015,-0.00473616,53.68,-0.169734,-0.0752798,53.68,-0.121019,-0.0747705
53.7,0.485838,-0.0363028,53.7,0.508532,-0.0033849,53.7,0.487415,-0.0743459,53.7,0.555946,-0.0736814
53.72,0.909579,-0.0174736,53.72,0.935456,0.016143,53.72,0.913471,-0.055639,53.72,0.988069,-0.0540834
53.74,0.935609,0.000535145,53.74,0.956733,0.0338165,53.74,0.942046,-0.037453,53.74,1.01441,-0.0360759
53.76,0.729076,0.00659372,53.76,0.751235,0.0395901,53.76,0.735817,-0.0312593,53.76,0.812071,-0.0299103
53.78,0.538177,-0.00200097,53.78,0.556545,0.0313315,53.78,0.542954,-0.0396403,53.78,0.617069,-0.0374478
53.8,0.209589,0.00518575,53.8,0.206047,0.0387258,53.8,0.210281,-0.0323343,53.8,0.255255,-0.0297219
53.82,0.0103224,-0.00792796,53.82,0.0181565,0.0238287,53.82,0.011469,-0.0453166,53.82,0.0695318,-0.0448996
53.84,0.0436178,-0.013392,53.84,0.061348,0.0194708,53.84,0.0452978,-0.0500758,53.84,0.116802,-0.0487109
53.86,0.0638688,-0.014539,53.86,0.0814179,0.0187944,53.86,0.0660332,-0.0510976,53.86,0.136754,-0.0490513
53.88,0.0348948,-0.00305275,53.88,0.0399762,0.0312589,53.88,0.0371032,-0.0392955,53.88,0.0909284,-0.0364229
53.9,-0.390483,0.0199084,53.9,-0.410139,0.0546787,53.9,-0.39052,-0.0158691,53.9,-0.365915,-0.0128795
53.92,-1.01842,0.0159926,53.92,-1.05739,0.0500057,53.92,-1.02444,-0.0193829,53.92,-1.02119,-0.0172481
53.94,-1.42836,0.00631489,53.94,-1.45652,0.0394194,53.94,-1.4386,-0.028937,53.94,-1.4252,-0.0277636
53.96,-1.78713,0.00798752,53.96,-1.81687,0.0422937,53.96,-1.79934,-0.027047,53.96,-1.7875,-0.0245294
53.98,-1.79762,-0.0274079,53.98,-1.83154,0.00637006,53.98,-1.80863,-0.0621922,53.98,-1.80112,-0.0602
54,-1.07389,-0.0458997,54,-1.09499,-0.0125757,54,-1.08126,-0.0802647,54,-1.06318,-0.0787492
54.02,-0.81778,-0.0017885,54.02,-0.832984,0.0324036,54.02,-0.822771,-0.0354087,54.02,-0.793403,-0.0333449
54.04,-0.884175,-0.00134942,54.04,-0.896894,0.0325367,54.04,-0.888621,-0.0342847,54.04,-0.855375,-0.0321347
54.06,-0.692979,-0.0146569,54.06,-0.701556,0.0188511,54.06,-0.696799,-0.047818,54.06,-0.66145,-0.0457459
54.08,-0.172905,-0.0314614,54.08,-0.170627,0.000950247,54.08,-0.175991,-0.0647298,54.08,-0.13044,-0.0637534
54.1,0.485971,-0.0303981,54.1,0.510951,0.00211595,54.1,0.483148,-0.0635741,54.1,0.554626,-0.0623811
54.12,0.909731,-0.00912787,54.12,0.936379,0.0248042,54.12,0.906572,-0.0421958,54.12,0.982889,-0.0394656
54.14,0.935785,0.00830753,54.14,0.953881,0.0416282,54.14,0.932352,-0.0244744,54.14,1.00245,-0.0223125
54.16,0.729242,0.0144304,54.16,0.748041,0.0473035,54.16,0.725998,-0.0180415,54.16,0.798208,-0.0161291
54.18,0.538294,0.00870887,54.18,0.552935,0.0420394,54.18,0.535813,-0.0233978,54.18,0.602616,-0.020577
54.2,0.209616,0.015558,54.2,0.204232,0.0486377,54.2,0.208823,-0.0160599,54.2,0.247287,-0.0132855
54.22,0.0103628,-0.00254653,54.22,0.0134472,0.0288919,54.22,0.00938441,-0.0335297,54.22,0.0602143,-0.0329789
54.24,0.0436612,-0.0089972,54.24,0.0564592,0.0234905,54.24,0.0427481,-0.0392195,54.24,0.106933,-0.0376795
54.26,0.0639094,-0.00904031,54.26,0.0763977,0.0238672,54.26,0.0632225,-0.0391322,54.26,0.125762,-0.0369679
54.28,0.0349253,0.00114326,54.28,0.0373675,0.0349079,54.28,0.0344661,-0.0288744,54.28,0.0815849,-0.0258734
54.3,-0.39049,0.0216202,54.3,-0.410544,0.0558273,54.3,-0.390519,-0.00816997,54.3,-0.370623,-0.0050347
54.32,-1.01853,0.0230648,54.32,-1.05642,0.0567928,54.32,-1.01733,-0.00644825,54.32,-1.01834,-0.00397971
54.34,-1.42856,0.0146468,54.34,-1.46165,0.0477786,54.34,-1.42619,-0.0144039,54.34,-1.42465,-0.0127488
54.36,-1.78738,0.0181211,54.36,-1.82132,0.0523718,54.36,-1.7841,-0.0104842,54.36,-1.78495,-0.00784495
54.38,-1.79784,-0.0199729,54.38,-1.83318,0.0136602,54.38,-1.79483,-0.0480012,54.38,-1.79715,-0.0459939
54.4,-1.07405,-0.0388755,54.4,-1.09845,-0.00591148,54.4,-1.07186,-0.0662803,54.4,-1.06458,-0.0650254
54.42,-0.817895,0.00446474,54.42,-0.841756,0.0386533,54.42,-0.816304,-0.0223001,54.42,-0.802378,-0.0201381
54.44,-0.884276,0.00467343,54.44,-0.907618,0.0381645,54.44,-0.882879,-0.0215316,54.44,-0.866266,-0.0194682
54.46,-0.693063,-0.0143298,54.46,-0.708808,0.0187412,54.46,-0.691885,-0.0405548,54.46,-0.669369,-0.0387312
54.48,-0.172973,-0.0281215,54.48,-0.176141,0.00419008,54.48,-0.171921,-0.0544657,54.48,-0.137506,-0.0533877
54.5,0.485902,-0.0264796,54.5,0.502422,0.00605962,54.5,0.487088,-0.0527647,54.5,0.544658,-0.0513848
54.52,0.90964,-0.00495918,54.52,0.928331,0.0285453,54.52,0.911266,-0.0310714,54.52,0.973084,-0.0285345
54.54,0.935673,0.0128803,54.54,0.948226,0.0460402,54.54,0.937702,-0.0129677,54.54,0.994364,-0.0108084
54.56,0.729125,0.0174098,54.56,0.740976,0.0499905,54.56,0.731326,-0.00824636,54.56,0.787758,-0.00623065
54.58,0.538192,0.010508,54.58,0.548572,0.0434852,54.58,0.540208,-0.0146099,54.58,0.59344,-0.0118437
54.6,0.209575,0.0145776,54.6,0.202752,0.0473745,54.6,0.210447,-0.00995113,54.6,0.240395,-0.00729453
54.62,0.0103223,-0.0025422,54.62,0.00889124,0.029212,54.62,0.011149,-0.0265144,54.62,0.0506072,-0.0253393
54.64,0.0436189,-0.00774221,54.64,0.0485805,0.0249163,54.64,0.0444917,-0.0310962,54.64,0.0933061,-0.0289861
54.66,0.0638767,-0.00786497,54.66,0.0677719,0.024916,54.66,0.0645289,-0.031254,54.66,0.110685,-0.028832
54.68,0.0349076,0.0066488,54.68,0.0312722,0.0402979,54.68,0.0352021,-0.0165439,54.68,0.0694512,-0.0134533
54.7,-0.39048,0.0310182,54.7,-0.417446,0.0652404,54.7,-0.390793,0.00809318,54.7,-0.382305,0.0114803
54.72,-1.01846,0.0263789,54.72,-1.06596,0.0598322,54.72,-1.01982,0.00376035,54.72,-1.03192,0.00625061
54.74,-1.42845,0.0190823,54.74,-1.46845,0.0517172,54.74,-1.43057,-0.00320574,54.74,-1.43592,-0.00150105
54.76,-1.78725,0.0197522,54.76,-1.82753,0.0534222,54.76,-1.78983,-0.00215827,54.76,-1.79627,0.000514818
54.78,-1.79773,-0.0121717,54.78,-1.83986,0.0207391,54.78,-1.79999,-0.033621,54.78,-1.80942,-0.0317511
54.8,-1.07396,-0.0302575,54.8,-1.10147,0.00278103,54.8,-1.07556,-0.0510838,54.8,-1.07312,-0.0493015
54.82,-0.817834,0.00889809,54.82,-0.847836,0.0428751,54.82,-0.819019,-0.0112555,54.82,-0.814059,-0.00894051
54.84,-0.884223,0.00668093,54.84,-0.911988,0.0398343,54.84,-0.885263,-0.0128705,54.84,-0.876193,-0.0111069
54.86,-0.693019,-0.0143267,54.86,-0.708836,0.0185419,54.86,-0.693853,-0.0339767,54.86,-0.674441,-0.0323211
54.88,-0.172941,-0.0294309,54.88,-0.174759,0.0029716,54.88,-0.173466,-0.0490707,54.88,-0.140535,-0.0479962
54.9,0.485927,-0.0275481,54.9,0.502788,0.00510639,54.9,0.485627,-0.0471328,54.9,0.540376,-0.045804
54.92,0.909668,-0.0104727,54.92,0.928819,0.0230498,54.92,0.909404,-0.029801,54.92,0.968066,-0.0275123
54.94,0.935706,0.00712286,54.94,0.948376,0.0401802,54.94,0.935447,-0.0119096,54.94,0.988162,-0.010036
54.96,0.729156,0.00971888,54.96,0.745059,0.0425241,54.96,0.728966,-0.00890101,54.96,0.784858,-0.00731125
54.98,0.538217,0.00624707,54.98,0.55489,0.0396373,54.98,0.538142,-0.0118857,54.98,0.592825,-0.00964158
55,0.209584,0.0136085,55,0.204433,0.0471386,55,0.209602,-0.0040497,55,0.237098,-0.00170836
55.02,0.00998463,-0.00611889,55.02,0.00577971,0.0260051,55.02,0.0103195,-0.0231825,55.02,0.0423669,-0.02276
55.04,0.0444866,-0.014369,55.04,0.0486071,0.0184695,55.04,0.0436127,-0.0307649,55.04,0.0862583,-0.0295695
55.06,0.07071,-0.0177247,55.06,0.0773646,0.015188,55.06,0.0638209,-0.0338311,55.06,0.10735,-0.032391
55.08,0.0446287,-0.00592312,55.08,0.0448106,0.028012,55.08,0.0347855,-0.0223433,55.08,0.0679991,-0.0199527
55.1,-0.390192,0.0164153,55.1,-0.413341,0.0510068,55.1,-0.390675,-0.000487749,55.1,-0.383408,0.00234761
55.12,-1.03255,0.020619,55.12,-1.0809,0.054466,55.12,-1.01868,0.00414259,55.12,-1.03766,0.00603937
55.14,-1.44855,0.0138801,55.14,-1.4905,0.0467898,55.14,-1.42862,-0.00130612,55.14,-1.44211,-0.000341086
55.16,-1.78175,0.0120405,55.16,-1.8227,0.0458905,55.16,-1.78733,-0.000481971,55.16,-1.80013,0.0013056
55.18,-1.75325,-0.026375,55.18,-1.79127,0.00679174,55.18,-1.79775,-0.0392375,55.18,-1.80848,-0.0382494
55.2,-1.0172,-0.040375,55.2,-1.03711,-0.0074043,55.2,-1.07395,-0.0543418,55.2,-1.06954,-0.0536053
55.22,-0.770289,-0.00134172,55.22,-0.793143,0.0327514,55.22,-0.817849,-0.0143203,55.22,-0.811631,-0.0126081
55.24,-0.832491,-0.00362095,55.24,-0.853929,0.0296138,55.24,-0.884236,-0.0156849,55.24,-0.875779,-0.0146077
55.26,-0.644622,-0.0209089,55.26,-0.658051,0.01203,55.26,-0.693005,-0.0338151,55.26,-0.677004,-0.0329532
55.28,-0.152209,-0.0357242,55.28,-0.152743,-0.00335947,55.28,-0.172827,-0.0498748,55.28,-0.143652,-0.0496047
55.3,0.466013,-0.0336942,55.3,0.483604,-0.00129177,55.3,0.4862,-0.0474872,55.3,0.536406,-0.0470571
55.32,0.875184,-0.0194583,55.32,0.897406,0.0134599,55.32,0.910121,-0.0314699,55.32,0.965289,-0.0302559
55.34,0.911789,-0.00632389,55.34,0.931694,0.0263619,55.34,0.936312,-0.0172424,55.34,0.98795,-0.0161225
55.36,0.73178,-0.00640261,55.36,0.754722,0.0259923,55.36,0.729861,-0.0162283,55.36,0.784464,-0.0152251
55.38,0.579886,-0.015623,55.38,0.604966,0.0170978,55.38,0.538915,-0.0248619,55.38,0.594001,-0.0232664
55.4,0.278743,-0.0069728,55.4,0.286376,0.0259085,55.4,0.209913,-0.0182322,55.4,0.244109,-0.0164519
55.42,0.073437,-0.0237241,55.42,0.0910279,0.00773454,55.42,0.0106251,-0.0352101,55.42,0.0576321,-0.0353331
55.44,0.116503,-0.0334752,55.44,0.14608,-0.00130765,55.44,0.0439379,-0.0437854,55.44,0.103762,-0.0431619
55.46,0.126708,-0.0305256,55.46,0.155722,0.0023707,55.46,0.0640979,-0.0436409,55.46,0.123292,-0.0424736
55.48,0.036239,-0.0172782,55.48,0.0528171,0.0165935,55.48,0.034978,-0.0315937,55.48,0.0815559,-0.0295953
55.5,-0.4196,-0.000150689,55.5,-0.426501,0.0336068,55.5,-0.390649,-0.010165,55.5,-0.370822,-0.00817748
55.52,-0.983326,-0.0033453,55.52,-1.00234,0.0295339,55.52,-1.01899,-0.00971557,55.52,-1.01883,-0.00859674
55.54,-1.33795,-0.00792371,55.54,-1.35301,0.0247334,55.54,-1.42922,-0.013511,55.54,-1.42113,-0.0132084
55.56,-1.57529,-0.0148694,55.56,-1.59405,0.0179979,55.56,-1.78814,-0.0141211,55.56,-1.77868,-0.0131809
55.58,-1.52058,-0.0419044,55.58,-1.5365,-0.00959494,55.58,-1.79849,-0.051051,55.58,-1.789,-0.0504364
55.6,-0.878444,-0.0586324,55.6,-0.878277,-0.0265486,55.6,-1.07449,-0.0703074,55.6,-1.05264,-0.0701754
55.62,-0.659221,-0.0254628,55.62,-0.656875,0.00727223,55.62,-0.818236,-0.0312301,55.62,-0.792847,-0.0302144
55.64,-0.723431,-0.0259199,55.64,-0.720905,0.00671396,55.64,-0.884576,-0.0326247,55.64,-0.857036,-0.0319875
55.66,-0.553542,-0.0460055,55.66,-0.548478,-0.0141942,55.66,-0.693296,-0.0545157,55.66,-0.66025,-0.0542667
55.68,-0.116069,-0.0563183,55.68,-0.0985103,-0.0252476,55.68,-0.17308,-0.0672677,55.68,-0.12866,-0.0674824
55.7,0.456223,-0.0562295,55.7,0.496169,-0.0250858,55.7,0.48592,-0.0651583,55.7,0.552897,-0.0652621
55.72,0.856067,-0.0436638,55.72,0.905847,-0.0119824,55.72,0.909739,-0.0486543,55.72,0.984454,-0.0479183
55.74,0.915736,-0.0276302,55.74,0.967357,0.00381811,55.74,0.935835,-0.0312015,55.74,1.00936,-0.0307763
55.76,0.751259,-0.0233464,55.76,0.807919,0.00791236,55.76,0.729344,-0.026786,55.76,0.809767,-0.0265543
55.78,0.596434,-0.029572,55.78,0.64933,0.00271246,55.78,0.538441,-0.0347223,55.78,0.617088,-0.0331571
55.8,0.285978,-0.017277,55.8,0.307393,0.0154035,55.8,0.209706,-0.0246235,55.8,0.256349,-0.0227108
55.82,0.10137,-0.0387834,55.82,0.13698,-0.00807649,55.82,0.0104314,-0.0469466,55.82,0.0715985,-0.047656
55.84,0.11054,-0.0430609,55.84,0.155227,-0.0113087,55.84,0.043733,-0.0530115,55.84,0.119957,-0.0525271
55.86,0.0759517,-0.0384117,55.86,0.115041,-0.00619403,55.86,0.0639394,-0.0527934,55.86,0.137907,-0.0516499
55.88,-0.0788688,-0.0309801,55.88,-0.0517119,0.00184074,55.88,0.034894,-0.0449708,55.88,0.0930357,-0.0430459
55.9,-0.530282,-0.0171727,55.9,-0.522121,0.015814,55.9,-0.390607,-0.0224496,55.9,-0.362564,-0.0201085
55.92,-1.02676,-0.0209514,55.92,-1.02419,0.0110708,55.92,-1.01873,-0.0215751,55.92,-1.01563,-0.0201142
55.94,-1.31887,-0.02814,55.94,-1.30988,0.00385745,55.94,-1.4288,-0.0276082,55.94,-1.42282,-0.0271519
55.96,-1.45558,-0.0356424,55.96,-1.4465,-0.00317955,55.96,-1.78761,-0.0273267,55.96,-1.78378,-0.0260376
55.98,-1.37392,-0.0547359,55.98,-1.36706,-0.0226327,55.98,-1.79802,-0.0652911,55.98,-1.79251,-0.0651534
56,-0.806927,-0.0692346,56,-0.792183,-0.0372349,56,-1.07416,-0.082161,56,-1.05216,-0.0822848
56.02,-0.587762,-0.0370195,56.02,-0.564376,-0.00506601,56.02,-0.81799,-0.0407608,56.02,-0.786948,-0.0402429
56.04,-0.63783,-0.0357851,56.04,-0.610111,-0.0037782,56.04,-0.88436,-0.0422097,56.04,-0.84901,-0.0418737
56.06,-0.502059,-0.0486815,56.06,-0.47264,-0.0165779,56.06,-0.693119,-0.0593857,56.06,-0.652858,-0.0589592
56.08,-0.117783,-0.0601799,56.08,-0.0806516,-0.0289003,56.08,-0.172957,-0.0736626,56.08,-0.121013,-0.074116
56.1,0.388209,-0.059214,56.1,0.440908,-0.0281521,56.1,0.486012,-0.0716227,56.1,0.562697,-0.0720429
56.12,0.732587,-0.0483325,56.12,0.792947,-0.0165397,56.12,0.909841,-0.0547806,56.12,0.995532,-0.0540528
56.14,0.78969,-0.0378081,56.14,0.848435,-0.00589533,56.14,0.935951,-0.0409552,56.14,1.0201,-0.0403341
56.16,0.650645,-0.033507,56.16,0.704542,-0.00139645,56.16,0.729456,-0.036391,56.16,0.816397,-0.0358278
56.18,0.518216,-0.036493,56.18,0.558795,-0.00376071,56.18,0.538528,-0.0414008,56.18,0.619656,-0.039867
56.2,0.257922,-0.0288457,56.2,0.273399,0.00361387,56.2,0.209737,-0.0364325,56.2,0.260034,-0.0349203
56.22,0.084793,-0.0425605,56.22,0.118592,-0.0118322,56.22,0.0104646,-0.0543595,56.22,0.077645,-0.0550798
56.24,0.0770123,-0.0480138,56.24,0.12686,-0.0160647,56.24,0.0437688,-0.0625319,56.24,0.12757,-0.0622019
56.26,0.00731603,-0.0474187,56.26,0.0520699,-0.0148103,56.26,0.0639755,-0.0665925,56.26,0.145969,-0.0654931
56.28,-0.175183,-0.0339575,56.28,-0.141396,-0.000934608,56.28,0.0349284,-0.0521117,56.28,0.0982492,-0.0500915
56.3,-0.601686,-0.024735,56.3,-0.586705,0.00830156,56.3,-0.390581,-0.0298642,56.3,-0.357855,-0.0276549
56.32,-1.00952,-0.030947,56.32,-0.998322,0.00122688,56.32,-1.01874,-0.0300812,56.32,-1.00887,-0.0288927
56.34,-1.19876,-0.038131,56.34,-1.18288,-0.00575906,56.34,-1.42883,-0.0351995,56.34,-1.41418,-0.0347349
56.36,-1.22632,-0.0433948,56.36,-1.21681,-0.0105389,56.36,-1.78768,-0.0340381,56.36,-1.77335,-0.0328314
56.38,-1.11272,-0.0546312,56.38,-1.10742,-0.0218911,56.38,-1.79809,-0.0715006,56.38,-1.78365,-0.0710113
56.4,-0.638844,-0.0670128,56.4,-0.629601,-0.0343219,56.4,-1.07421,-0.087641,56.4,-1.04836,-0.0872983
56.42,-0.442606,-0.0387522,56.42,-0.423177,-0.00649354,56.42,-0.818026,-0.0455008,56.42,-0.782322,-0.0447933
56.44,-0.479613,-0.0389016,56.44,-0.451241,-0.00636642,56.44,-0.884392,-0.0483562,56.44,-0.842778,-0.0478396
56.46,-0.356166,-0.0504592,56.46,-0.322655,-0.0177094,56.46,-0.693149,-0.0675028,56.46,-0.646499,-0.0670876
56.48,-0.0479256,-0.0603572,56.48,-0.00586269,-0.0285645,56.48,-0.172995,-0.0823011,56.48,-0.115564,-0.0828182
56.5,0.356525,-0.0601776,56.5,0.417307,-0.0282235,56.5,0.485952,-0.081437,56.5,0.569209,-0.0820443
56.52,0.639236,-0.0491917,56.52,0.708549,-0.0162959,56.52,0.909749,-0.0615864,56.52,1.00302,-0.0610485
56.54,0.694332,-0.0382857,56.54,0.760528,-0.00547451,56.54,0.935831,-0.0452741,56.54,1.02813,-0.0448028
56.56,0.588164,-0.0316376,56.56,0.649315,0.00131505,56.56,0.72932,-0.0376288,56.56,0.824466,-0.0372488
56.58,0.483978,-0.0327575,56.58,0.53136,0.00110745,56.58,0.538397,-0.0428051,56.58,0.627632,-0.0412274
56.6,0.256051,-0.0195602,56.6,0.27114,0.0143952,56.6,0.209677,-0.0319703,56.6,0.260286,-0.0300776
56.62,0.0968525,-0.0278441,56.62,0.126706,0.00366584,56.62,0.0104102,-0.0458503,56.62,0.0777775,-0.0466952
56.64,0.0913166,-0.0274529,56.64,0.134048,0.00554905,56.64,0.0437112,-0.0491123,56.64,0.126635,-0.0489618
56.66,0.00947203,-0.0207676,56.66,0.0421765,0.012778,56.66,0.063934,-0.0476195,56.66,0.141665,-0.0466224
56.68,-0.185546,-0.010721,56.68,-0.167733,0.0229479,56.68,0.0349121,-0.0349895,56.68,0.0911075,-0.0330192
56.7,-0.583971,-0.000775658,56.7,-0.577397,0.0324788,56.7,-0.390556,-0.0106154,56.7,-0.368592,-0.0086388
56.72,-0.938239,-0.0123649,56.72,-0.937811,0.020881,56.72,-1.01865,-0.0145006,56.72,-1.02378,-0.0135036
56.74,-1.05836,-0.0199332,56.74,-1.05978,0.0132029,56.74,-1.4287,-0.0193829,56.74,-1.43255,-0.0192478
56.76,-1.00208,-0.0258537,56.76,-1.01031,0.0076319,56.76,-1.78753,-0.0177671,56.76,-1.79616,-0.0169069
56.78,-0.827815,-0.0309227,56.78,-0.847951,0.0026596,56.78,-1.79796,-0.0546052,56.78,-1.80601,-0.0549376
56.8,-0.449343,-0.0411255,56.8,-0.462202,-0.00851913,56.8,-1.07412,-0.07326,56.8,-1.06566,-0.0739821
56.82,-0.303783,-0.0199687,56.82,-0.307603,0.0129743,56.82,-0.817956,-0.0329186,56.82,-0.797053,-0.0330416
56.84,-0.317726,-0.0228559,56.84,-0.311445,0.00967805,56.84,-0.88433,-0.0363653,56.84,-0.855048,-0.0365105
56.86,-0.188492,-0.025697,56.86,-0.175723,0.00744383,56.86,-0.6931,-0.0504581,56.86,-0.658501,-0.0501281
56.88,0.0444288,-0.0331707,56.88,0.0649574,-0.00147529,56.88,-0.172968,-0.0661873,56.88,-0.128889,-0.0668176
56.9,0.39072,-0.0383923,56.9,0.4343,-0.00802174,56.9,0.485961,-0.069392,56.9,0.555818,-0.0700277
56.92,0.653623,-0.0280297,56.92,0.707667,0.00290664,56.92,0.909749,-0.0501896,56.92,0.986854,-0.0496045
56.94,0.709838,-0.0179732,56.94,0.75961,0.0126358,56.94,0.935824,-0.0325217,56.94,1.00995,-0.0320773
56.96,0.63349,-0.0124153,56.96,0.67797,0.0177648,56.96,0.729306,-0.0268592,56.96,0.805999,-0.0265705
56.98,0.512504,-0.0111107,56.98,0.548442,0.0192833,56.98,0.538377,-0.0326635,56.98,0.609367,-0.0311902
57,0.278949,0.000138288,57,0.285868,0.0310736,57,0.209664,-0.0215419,57,0.248131,-0.0200653
57.02,0.141183,-0.0148124,57.02,0.162135,0.0136878,57.02,0.0104006,-0.0414389,57.02,0.0698531,-0.0424734
57.04,0.138351,-0.0135535,57.04,0.167349,0.0162694,57.04,0.0437012,-0.0454624,57.04,0.119617,-0.0450229
57.06,0.0292488,-0.0076298,57.06,0.0473474,0.0226899,57.06,0.0639304,-0.0456655,57.06,0.134807,-0.0444231
57.08,-0.192024,-0.00130574,57.08,-0.185782,0.0291914,57.08,0.0349177,-0.0357974,57.08,0.0859497,-0.0339154
57.1,-0.557004,0.00237186,57.1,-0.560454,0.0327862,57.1,-0.390538,-0.0141137,57.1,-0.367988,-0.0120107
57.12,-0.865901,-0.00459814,57.12,-0.876671,0.0259322,57.12,-1.01862,-0.0141684,57.12,-1.01611,-0.0131445
57.14,-0.928231,-0.0146599,57.14,-0.944417,0.016316,57.14,-1.42867,-0.0194498,57.14,-1.42157,-0.019025
57.16,-0.797917,-0.019047,57.16,-0.823163,0.0126923,57.16,-1.78749,-0.01678,57.16,-1.77948,-0.0158159
57.18,-0.596675,-0.0210502,57.18,-0.636064,0.0108795,57.18,-1.79793,-0.0533524,57.18,-1.79006,-0.0530256
57.2,-0.308284,-0.0277681,57.2,-0.332832,0.00300932,57.2,-1.0741,-0.0727956,57.2,-1.05372,-0.0728679
57.22,-0.209326,-0.0060113,57.22,-0.216091,0.025424,57.22,-0.817941,-0.0270483,57.22,-0.786639,-0.026792
57.24,-0.203381,-0.00947418,57.24,-0.205085,0.0227483,57.24,-0.884317,-0.0286553,57.24,-0.848342,-0.0281499
57.26,-0.071472,-0.0128176,57.26,-0.0694591,0.0192499,57.26,-0.693091,-0.0452941,57.26,-0.65489,-0.0447161
57.28,0.130117,-0.0206,57.28,0.14388,0.010865,57.28,-0.17297,-0.0619087,57.28,-0.127503,-0.0623036
57.3,0.466341,-0.02372,57.3,0.496888,0.00804024,57.3,0.485943,-0.0596722,57.3,0.556755,-0.0602213
57.32,0.749795,-0.014027,57.32,0.792736,0.0178453,57.32,0.909717,-0.0407254,57.32,0.988686,-0.0404648
57.34,0.803027,-0.00233322,57.34,0.848594,0.0302137,57.34,0.93578,-0.0235627,57.34,1.01171,-0.0232132
57.36,0.693071,0.00439579,57.36,0.737374,0.037107,57.36,0.729253,-0.0173163,57.36,0.807053,-0.0170582
57.38,0.527582,0.00122959,57.38,0.570331,0.0340223,57.38,0.538323,-0.0277715,57.38,0.610764,-0.0264496
57.4,0.265513,0.00339337,57.4,0.275965,0.0374916,57.4,0.209638,-0.0236926,57.4,0.247904,-0.0225277
57.42,0.159128,-0.0114351,57.42,0.173449,0.0207048,57.42,0.010378,-0.0408839,57.42,0.0682243,-0.0419169
57.44,0.156172,-0.00876652,57.44,0.174394,0.0243173,57.44,0.0436774,-0.0458738,57.44,0.116294,-0.0457966
57.46,0.0322339,0.00234042,57.46,0.0388126,0.0361667,57.46,0.0639146,-0.0397969,57.46,0.131973,-0.0388208
57.48,-0.1803,0.0105265,57.48,-0.189666,0.0444304,57.48,0.0349142,-0.02702,57.48,0.0841878,-0.0255957
57.5,-0.534627,0.0159263,57.5,-0.564869,0.0501981,57.5,-0.390522,-0.00348794,57.5,-0.368837,-0.00183914
57.52,-0.857345,0.00935681,57.52,-0.905278,0.0433491,57.52,-1.01857,-0.00467237,57.52,-1.02074,-0.00378437
57.54,-0.957468,-0.00466962,57.54,-1.01383,0.0287607,57.54,-1.4286,-0.0139346,57.54,-1.42995,-0.0141873
57.56,-0.870037,-0.0115481,57.56,-0.937264,0.0226814,57.56,-1.78742,-0.0136459,57.56,-1.79059,-0.0129709
57.58,-0.711984,-0.0168407,57.58,-0.793678,0.0168557,57.58,-1.79787,-0.0522881,57.58,-1.80076,-0.0524878
57.6,-0.380323,-0.0245405,57.6,-0.4278,0.00718009,57.6,-1.07406,-0.0683873,57.6,-1.06224,-0.0689045
57.62,-0.261075,-0.00599821,57.62,-0.293375,0.0276784,57.62,-0.817911,-0.0288592,57.62,-0.795848,-0.0287464
57.64,-0.261419,-0.00956064,57.64,-0.294445,0.0240225,57.64,-0.88429,-0.0309435,57.64,-0.857332,-0.030702
57.66,-0.119014,-0.0159046,57.66,-0.1419,0.0171599,57.66,-0.693071,-0.0495656,57.66,-0.659926,-0.0497228
57.68,0.110595,-0.0195418,57.68,0.107944,0.013237,57.68,-0.172962,-0.0607062,57.68,-0.126663,-0.0616869
57.7,0.469104,-0.0224422,57.7,0.490323,0.00988226,57.7,0.48594,-0.0585265,57.7,0.559931,-0.0596745
57.72,0.781974,-0.0122882,57.72,0.822605,0.0210654,57.72,0.909704,-0.03805,57.72,0.993884,-0.0378816
57.74,0.857261,-0.00288541,57.74,0.902505,0.0305435,57.74,0.935761,-0.0236127,57.74,1.01716,-0.0236257
57.76,0.754486,0.00179318,57.76,0.807129,0.0350765,57.76,0.729228,-0.0194756,57.76,0.814866,-0.0196266
57.78,0.586899,0.00814407,57.78,0.645341,0.0421147,57.78,0.538295,-0.0206497,57.78,0.615907,-0.019315
57.8,0.287272,0.0126384,57.8,0.306411,0.0482497,57.8,0.209624,-0.0148938,57.8,0.251179,-0.0137619
57.82,0.175301,-0.00330094,57.82,0.186123,0.0302094,57.82,0.0103658,-0.0308695,57.82,0.0667927,-0.0319177
57.84,0.178311,0.00096678,57.84,0.190599,0.0349327,57.84,0.0436647,-0.0339649,57.84,0.113299,-0.0340391
57.86,0.051491,0.00606777,57.86,0.0528554,0.0405724,57.86,0.0639072,-0.0342807,57.86,0.129716,-0.0335958
57.88,-0.170003,0.0113596,57.88,-0.186895,0.0464127,57.88,0.0349148,-0.0244709,57.88,0.0831262,-0.0229305
57.9,-0.533103,0.0136971,57.9,-0.57622,0.0487046,57.9,-0.39051,-0.00413035,57.9,-0.372864,-0.00246071
57.92,-0.864272,0.00529939,57.92,-0.926192,0.0396351,57.92,-1.01854,-0.00681608,57.92,-1.02465,-0.00602532
57.94,-0.968101,-0.00567185,57.94,-1.03526,0.0285574,57.94,-1.42857,-0.0127701,57.94,-1.43067,-0.0127761
57.96,-0.881648,-0.0112022,57.96,-0.961702,0.0238019,57.96,-1.78738,-0.0111853,57.96,-1.79264,-0.010403
57.98,-0.722401,-0.0133552,57.98,-0.817765,0.0210269,57.98,-1.79784,-0.0462959,57.98,-1.80261,-0.0462081
58,-0.384261,-0.0236631,58,-0.441952,0.00848333,58,-1.07404,-0.065194,58,-1.06774,-0.0653903
58.02,-0.263667,-0.0053342,58.02,-0.303443,0.0290915,58.02,-0.817894,-0.0261982,58.02,-0.802125,-0.0255949
58.04,-0.264875,-0.0065885,58.04,-0.305526,0.0276988,58.04,-0.884275,-0.0262254,58.04,-0.862991,-0.0257511
58.06,-0.121473,-0.0100659,58.06,-0.153498,0.0237415,58.06,-0.69306,-0.0420737,58.06,-0.667184,-0.0414988
58.08,0.111704,-0.0149614,58.08,0.09892,0.0181153,58.08,-0.172959,-0.0546354,58.08,-0.136764,-0.0550717
58.1,0.473425,-0.0211956,58.1,0.48889,0.0116502,58.1,0.485932,-0.05582,58.1,0.548612,-0.0561704
58.12,0.788968,-0.0151627,58.12,0.823067,0.0188762,58.12,0.909689,-0.0395722,58.12,0.979338,-0.0384922
58.14,0.864286,-0.00460473,58.14,0.899766,0.0294697,58.14,0.935738,-0.0240587,58.14,0.998237,-0.0231401
58.16,0.759916,0.000575507,58.16,0.805345,0.0341222,58.16,0.7292,-0.0194943,58.16,0.79252,-0.0190117
58.18,0.58994,0.00215945,58.18,0.646787,0.0363402,58.18,0.538266,-0.0253434,58.18,0.597645,-0.0238096
58.2,0.288601,0.0107541,58.2,0.309027,0.0468402,58.2,0.209609,-0.0152595,58.2,0.242858,-0.0138249
58.22,0.176597,-0.00510027,58.22,0.185911,0.0285476,58.22,0.0103532,-0.0311601,58.22,0.0601128,-0.0320111
58.24,0.179564,-0.00365049,58.24,0.193271,0.0307996,58.24,0.0436515,-0.0370098,58.24,0.10928,-0.0366534
58.26,0.0520868,0.00648661,58.26,0.0537691,0.0418124,58.26,0.0638989,-0.032216,58.26,0.125134,-0.0309318
58.28,-0.170368,0.0160182,58.28,-0.18878,0.0515547,58.28,0.0349138,-0.0182101,58.28,0.0778652,-0.0164196
58.3,-0.534177,0.0225242,58.3,-0.580529,0.0582748,58.3,-0.390499,0.00645171,58.3,-0.377061,0.00845713
58.32,-0.865677,0.0147698,58.32,-0.929641,0.0496289,58.32,-1.01852,0.0044092,58.32,-1.02491,0.00512855
58.34,-0.969273,0.00301775,58.34,-1.03581,0.0378248,58.34,-1.42853,-0.00240215,58.34,-1.42789,-0.00229084
58.36,-0.882483,-0.00815377,58.36,-0.959558,0.0275213,58.36,-1.78734,-0.00632418,58.36,-1.7856,-0.00540045
58.38,-0.72293,-0.0109842,58.38,-0.815398,0.024013,58.38,-1.79781,-0.0423968,58.38,-1.79685,-0.0420605
58.4,-0.384937,-0.0204797,58.4,-0.439811,0.0121033,58.4,-1.07402,-0.0604951,58.4,-1.06065,-0.0606733
58.42,-0.264073,-0.00203359,58.42,-0.297872,0.0326662,58.42,-0.817877,-0.0214612,58.42,-0.795534,-0.0209503
58.44,-0.265205,-0.00458897,58.44,-0.298601,0.0300844,58.44,-0.88426,-0.0231127,58.44,-0.857434,-0.0226986
58.46,-0.121593,-0.0106222,58.46,-0.146123,0.0232744,58.46,-0.693048,-0.041712,58.46,-0.66093,-0.041397
58.48,0.111826,-0.0139324,58.48,0.104206,0.0194489,58.48,-0.172955,-0.0527355,58.48,-0.131042,-0.0534204
58.5,0.473498,-0.0176881,58.5,0.490617,0.0155815,58.5,0.485928,-0.0514183,58.5,0.554484,-0.0522524
58.52,0.78879,-0.0118283,58.52,0.821399,0.0224584,58.52,0.909678,-0.0353902,58.52,0.988935,-0.0348949
58.54,0.863879,-0.00172194,58.54,0.898846,0.0324999,58.54,0.935723,-0.0202995,58.54,1.01369,-0.0198139
58.56,0.759306,0.00650456,58.56,0.802376,0.0403936,58.56,0.72918,-0.0128056,58.56,0.80628,-0.0120937
58.58,0.589207,0.00732866,58.58,0.641173,0.0416836,58.58,0.538245,-0.0195879,58.58,0.605104,-0.0178845
58.6,0.288333,0.014497,58.6,0.302529,0.0509112,58.6,0.209599,-0.0109128,58.6,0.241803,-0.00931924
58.62,0.176354,-0.00503866,58.62,0.177782,0.0291419,58.62,0.0103441,-0.0304475,58.62,0.0589949,-0.0313424
58.64,0.179265,-0.00437417,58.64,0.182741,0.0303839,58.64,0.0436419,-0.037294,58.64,0.106347,-0.0369863
58.66,0.0518263,0.000236569,58.66,0.0459209,0.0355539,58.66,0.063893,-0.0380678,58.66,0.122485,-0.0371416
58.68,-0.170512,0.00694188,58.68,-0.191685,0.0425755,58.68,0.0349136,-0.0269053,58.68,0.0771132,-0.0253274
58.7,-0.534121,0.00991938,58.7,-0.579395,0.045755,58.7,-0.390491,-0.00577471,58.7,-0.37565,-0.0039239
58.72,-0.865401,0.00550234,58.72,-0.925004,0.0405543,58.72,-1.0185,-0.00449416,58.72,-1.02463,-0.00363
58.74,-0.968886,-0.00678997,58.74,-1.03142,0.0284094,58.74,-1.42851,-0.0117505,58.74,-1.43052,-0.0116719
58.76,-0.882029,-0.0155749,58.76,-0.956092,0.0204555,58.76,-1.78732,-0.0134022,58.76,-1.79312,-0.0122641
58.78,-0.72244,-0.0177095,58.78,-0.812692,0.0177327,58.78,-1.79778,-0.048732,58.78,-1.80299,-0.0486301
58.8,-0.384688,-0.0236328,58.8,-0.441105,0.00932861,58.8,-1.074,-0.063343,58.8,-1.06581,-0.0636301
58.82,-0.263887,-0.00213699,58.82,-0.303449,0.0330236,58.82,-0.817864,-0.0213153,58.82,-0.804479,-0.0206296
58.84,-0.264988,-0.00487045,58.84,-0.307087,0.0300379,58.84,-0.884249,-0.0231918,58.84,-0.866624,-0.0228911
58.86,-0.121412,-0.0109201,58.86,-0.154454,0.0233592,58.86,-0.69304,-0.0415597,58.86,-0.666839,-0.0414598
58.88,0.11192,-0.0197383,58.88,0.0978104,0.0141095,58.88,-0.172953,-0.0580616,58.88,-0.133025,-0.0587949
58.9,0.473534,-0.0241758,58.9,0.484936,0.00968539,58.9,0.485924,-0.0574911,58.9,0.552489,-0.0582203
58.92,0.788804,-0.016445,58.92,0.812041,0.0184399,58.92,0.909668,-0.0394516,58.92,0.982661,-0.0390979
58.94,0.863922,-0.001818,58.94,0.88688,0.0327916,58.94,0.935709,-0.019903,58.94,1.0045,-0.01971
58.96,0.759373,0.0017576,58.96,0.793556,0.0356349,58.96,0.729163,-0.0171048,58.96,0.799906,-0.0171129
58.98,0.589285,0.00128318,58.98,0.637352,0.0355271,58.98,0.538226,-0.0251807,58.98,0.605056,-0.0241629
59,0.288364,0.00599435,59,0.305266,0.0423858,59,0.20959,-0.0189091,59,0.246972,-0.017909
59.02,0.176397,-0.0173153,59.02,0.178856,0.0170001,59.02,0.00998884,-0.042339,59.02,0.0622842,-0.0435544
59.04,0.179301,-0.0157663,59.04,0.180815,0.0189486,59.04,0.044491,-0.0485251,59.04,0.108024,-0.0486457
59.06,0.051845,-0.00806705,59.06,0.0465415,0.0271608,59.06,0.0707117,-0.0464651,59.06,0.132082,-0.0460257
59.08,-0.170512,-0.00326946,59.08,-0.189221,0.0323181,59.08,0.0446266,-0.0367894,59.08,0.0926452,-0.0357337
59.1,-0.534172,0.00634157,59.1,-0.575018,0.0423637,59.1,-0.3902,-0.0083667,59.1,-0.369615,-0.00688007
59.12,-0.865535,-0.00137544,59.12,-0.920168,0.0336275,59.12,-1.03256,-0.0106527,59.12,-1.03282,-0.0102413
59.14,-0.96911,-0.0158864,59.14,-1.02262,0.0190172,59.14,-1.44856,-0.0212889,59.14,-1.44222,-0.0215927
59.16,-0.882312,-0.0275367,59.16,-0.941449,0.00787816,59.16,-1.78177,-0.0281005,59.16,-1.77445,-0.0278524
59.18,-0.722747,-0.0311089,59.18,-0.792124,0.00388236,59.18,-1.75326,-0.0640372,59.18,-1.74476,-0.0643787
59.2,-0.384829,-0.041257,59.2,-0.424426,-0.00812427,59.2,-1.01721,-0.0811447,59.2,-0.994457,-0.0818154
59.22,-0.26401,-0.0211147,59.22,-0.290917,0.0138242,59.22,-0.770295,-0.0409091,59.22,-0.743439,-0.0407019
59.24,-0.265117,-0.0226739,59.24,-0.292864,0.0119765,59.24,-0.832496,-0.0421537,59.24,-0.801299,-0.0421526
59.26,-0.121505,-0.0266768,59.26,-0.142942,0.00730822,59.26,-0.644625,-0.057702,59.26,-0.608432,-0.0579644
59.28,0.11189,-0.0340596,59.28,0.105444,-0.000542861,59.28,-0.152207,-0.0715308,59.28,-0.106943,-0.0724227
59.3,0.473578,-0.0376615,59.3,0.488773,-0.00414352,59.3,0.466021,-0.0704853,59.3,0.531003,-0.0713215
59.32,0.788956,-0.0317325,59.32,0.81211,0.00278164,59.32,0.875199,-0.0559417,59.32,0.946546,-0.0560288
59.34,0.864168,-0.0163093,59.34,0.883395,0.0177883,59.34,0.911808,-0.0365606,59.34,0.980727,-0.036968
59.36,0.759682,-0.0124267,59.36,0.790613,0.0210759,59.36,0.731802,-0.0339894,59.36,0.808732,-0.0346899
59.38,0.58962,-0.0127862,59.38,0.635098,0.0210999,59.38,0.579908,-0.0420183,59.38,0.656302,-0.0416527
59.4,0.288517,-0.00819315,59.4,0.311872,0.0274312,59.4,0.278754,-0.0334089,59.4,0.32722,-0.0327843
59.42,0.176516,-0.0242343,59.42,0.189492,0.00979145,59.42,0.0734461,-0.0488875,59.42,0.137403,-0.0504648
59.44,0.179436,-0.0266947,59.44,0.195147,0.00743492,59.44,0.116513,-0.0598398,59.44,0.197323,-0.0604285
59.46,0.0519444,-0.0221932,59.46,0.0606578,0.0126231,59.46,0.126714,-0.0580239,59.46,0.204601,-0.0576881
59.48,-0.170479,-0.0157935,59.48,-0.177463,0.0193423,59.48,0.0362414,-0.0459437,59.48,0.0943267,-0.0448963
59.5,-0.534211,-0.0098488,59.5,-0.562379,0.0254356,59.5,-0.419605,-0.0261899,59.5,-0.388046,-0.025208
59.52,-0.865655,-0.0172159,59.52,-0.907506,0.0172802,59.52,-0.983342,-0.0314824,59.52,-0.966786,-0.0315165
59.54,-0.969294,-0.0301733,59.54,-1.01173,0.00383786,59.54,-1.33798,-0.0401241,59.54,-1.3204,-0.0405815
59.56,-0.882534,-0.0399298,59.56,-0.930056,-0.00511963,59.56,-1.57532,-0.0487429,59.56,-1.55983,-0.0486909
59.58,-0.722979,-0.0426532,59.58,-0.781326,-0.00827872,59.58,-1.5206,-0.0743457,59.58,-1.50356,-0.0752395
59.6,-0.384937,-0.0537318,59.6,-0.413534,-0.0212666,59.6,-0.878459,-0.0911898,59.6,-0.845308,-0.0921982
59.62,-0.264098,-0.0306223,59.62,-0.276167,0.00365137,59.62,-0.659233,-0.0529516,59.62,-0.615784,-0.0534941
59.64,-0.265211,-0.0326416,59.64,-0.27672,0.001355,59.64,-0.723442,-0.0527012,59.64,-0.676695,-0.0528594
59.66,-0.121572,-0.0397458,59.66,-0.125693,-0.00632557,59.66,-0.55355,-0.0702597,59.66,-0.510415,-0.07049
59.68,0.111874,-0.04571,59.68,0.123069,-0.0125251,59.68,-0.116072,-0.0811789,59.68,-0.0593031,-0.082885
59.7,0.473615,-0.0499862,59.7,0.507755,-0.0172377,59.7,0.456228,-0.0822022,59.7,0.541772,-0.0838509
59.72,0.789062,-0.0416448,59.72,0.835066,-0.00758817,59.72,0.85608,-0.0673072,59.72,0.954213,-0.067822
59.74,0.864331,-0.0265719,59.74,0.908624,0.00709968,59.74,0.915753,-0.0484381,59.74,1.01669,-0.0489261
59.76,0.759882,-0.0211481,59.76,0.814202,0.0119367,59.76,0.751279,-0.0434523,59.76,0.858688,-0.0439332
59.78,0.58983,-0.0215258,59.78,0.657261,0.0120498,59.78,0.596453,-0.0491931,59.78,0.697663,-0.0482389
59.8,0.288612,-0.0156688,59.8,0.322767,0.0200457,59.8,0.285987,-0.0391408,59.8,0.343827,-0.0377451
59.82,0.176591,-0.0313237,59.82,0.203976,0.00184982,59.82,0.101377,-0.0536462,59.82,0.176353,-0.0548973
59.84,0.179519,-0.0292116,59.84,0.212501,0.00470289,59.84,0.110548,-0.0572554,59.84,0.200117,-0.0573745
59.86,0.052003,-0.026279,59.86,0.0750202,0.00813891,59.86,0.0759577,-0.0554492,59.86,0.156735,-0.0550512
59.88,-0.170464,-0.0186129,59.88,-0.165501,0.0161861,59.88,-0.0788653,-0.0439218,59.88,-0.0163659,-0.0428451
59.9,-0.534245,-0.0135334,59.9,-0.553028,0.0213128,59.9,-0.530284,-0.0294219,59.9,-0.487994,-0.0287594
59.92,-0.865743,-0.0196888,59.92,-0.901469,0.0145356,59.92,-1.02677,-0.0344426,59.92,-0.990466,-0.0347839
59.94,-0.969427,-0.0316944,59.94,-1.00668,0.00216395,59.94,-1.31888,-0.0423678,59.94,-1.27815,-0.0427048
59.96,-0.882693,-0.0355687,59.96,-0.930089,-0.000649155,59.96,-1.4556,-0.0466296,59.96,-1.41814,-0.04623
59.98,-0.723146,-0.0353356,59.98,-0.787169,-0.000816779,59.98,-1.37394,-0.0603654,59.98,-1.34432,-0.0603234
60,-0.385015,-0.0399933,60,-0.422966,-0.00747444,60,-0.806934,-0.0709523,60,-0.776374,-0.0711012
60.02,-0.264163,-0.0163876,60.02,-0.280458,0.0175079,60.02,-0.587769,-0.0354964,60.02,-0.54233,-0.0361928
60.04,-0.265279,-0.0188622,60.04,-0.279675,0.0150446,60.04,-0.637836,-0.0338951,60.04,-0.585016,-0.0339764
60.06,-0.121618,-0.0260007,60.06,-0.128742,0.00751825,60.06,-0.502063,-0.0486987,60.06,-0.447556,-0.0484463
60.08,0.111864,-0.0326237,60.08,0.11827,0.000520787,60.08,-0.117784,-0.0598917,60.08,-0.0604874,-0.0600495
60.1,0.473645,-0.0361854,60.1,0.50202,-0.00347365,60.1,0.388214,-0.0592533,60.1,0.456004,-0.0594641
60.12,0.789145,-0.0285517,60.12,0.831427,0.00536809,60.12,0.732598,-0.0471059,60.12,0.801307,-0.0465847
60.14,0.86446,-0.0162575,60.14,0.905015,0.0176741,60.14,0.789705,-0.0328795,60.14,0.850155,-0.0321601
60.16,0.76004,-0.00960299,60.16,0.806091,0.0239965,60.16,0.650662,-0.0268277,60.16,0.703353,-0.0260802
60.18,0.589999,-0.00634067,60.18,0.642528,0.0277401,60.18,0.518232,-0.0285298,60.18,0.554116,-0.0269906
60.2,0.288689,-0.000164133,60.2,0.30809,0.0356932,60.2,0.257929,-0.0176926,60.2,0.273741,-0.0167684
60.22,0.176651,-0.0174242,60.22,0.186907,0.0162191,60.22,0.0847988,-0.0306007,60.22,0.120493,-0.0315634
60.24,0.179586,-0.0145221,60.24,0.193208,0.0197927,60.24,0.077019,-0.0325501,60.24,0.128565,-0.0322084
60.26,0.0520502,-0.0127778,60.26,0.0569514,0.022229,60.26,0.00732085,-0.0317696,60.26,0.0549971,-0.0307214
60.28,-0.170451,-0.0058106,60.28,-0.182948,0.0295289,60.28,-0.175182,-0.0215928,60.28,-0.13644,-0.0203728
60.3,-0.534271,-0.00249636,60.3,-0.571824,0.032933,60.3,-0.601689,-0.0132932,60.3,-0.579205,-0.0118203
60.32,-0.865814,-0.00957749,60.32,-0.919826,0.0250672,60.32,-1.00953,-0.0208247,60.32,-0.992578,-0.0201607
60.34,-0.969536,-0.0192152,60.34,-1.02903,0.0153627,60.34,-1.19877,-0.0275455,60.34,-1.17977,-0.0267968
60.36,-0.882824,-0.0243321,60.36,-0.953894,0.0109941,60.36,-1.22633,-0.0317208,60.36,-1.21549,-0.0304293
60.38,-0.723282,-0.0240686,60.38,-0.811525,0.0106716,60.38,-1.11273,-0.0383821,60.38,-1.10853,-0.037536
60.4,-0.385079,-0.0349034,60.4,-0.436247,-0.00275405,60.4,-0.63885,-0.053857,60.4,-0.624171,-0.0535506
60.42,-0.264216,-0.0118784,60.42,-0.29545,0.0224949,60.42,-0.442612,-0.0238524,60.42,-0.415674,-0.0236981
60.44,-0.265335,-0.0138766,60.44,-0.295986,0.0204696,60.44,-0.479618,-0.0218878,60.44,-0.445255,-0.021456
60.46,-0.121657,-0.0159145,60.46,-0.144429,0.0180301,60.46,-0.35617,-0.0284323,60.46,-0.318616,-0.0276926
60.48,0.111856,-0.0241583,60.48,0.10674,0.00926241,60.48,-0.0479268,-0.0391015,60.48,-0.00274807,-0.0395576
60.5,0.473669,-0.027965,60.5,0.494582,0.00537367,60.5,0.356528,-0.0383639,60.5,0.423159,-0.0385603
60.52,0.789213,-0.0205159,60.52,0.826562,0.0139316,60.52,0.639244,-0.029208,60.52,0.718065,-0.0288313
60.54,0.864566,-0.0124603,60.54,0.906733,0.0217992,60.54,0.694343,-0.0215987,60.54,0.776048,-0.0210868
60.56,0.76017,-0.0039656,60.56,0.813365,0.0299488,60.56,0.588176,-0.0145536,60.56,0.667646,-0.0136417
60.58,0.590137,-0.00207929,60.58,0.655238,0.0326023,60.58,0.483989,-0.0160201,60.58,0.550363,-0.0141239
60.6,0.288752,0.00357654,60.6,0.314514,0.0401623,60.6,0.256056,-0.00650446,60.6,0.286019,-0.00492247
60.62,0.176701,-0.0112068,60.62,0.18927,0.023088,60.62,0.0968562,-0.0157733,60.62,0.137817,-0.0163831
60.64,0.179641,-0.0124356,60.64,0.194688,0.0222162,60.64,0.0913209,-0.0211748,60.64,0.144917,-0.020659
60.66,0.0520891,-0.00440341,60.66,0.056443,0.0308791,60.66,0.00947505,-0.0137237,60.66,0.0538314,-0.0124814
60.68,-0.170441,0.00188938,60.68,-0.183496,0.0375036,60.68,-0.185545,-0.00573175,60.68,-0.155843,-0.00438918
60.7,-0.534292,0.00997446,60.7,-0.573,0.0457092,60.7,-0.583974,0.0058493,60.7,-0.567689,0.00702809
60.72,-0.865872,0.00457499,60.72,-0.92209,0.0396096,60.72,-0.938244,-0.00160973,60.72,-0.932199,-0.000670783
60.74,-0.969624,-0.0080743,60.74,-1.03085,0.0267554,60.74,-1.05836,-0.0120031,60.74,-1.058,-0.0111222
60.76,-0.88293,-0.0109423,60.76,-0.957472,0.0246079,60.76,-1.00209,-0.0153337,60.76,-1.0108,-0.0142229
60.78,-0.723394,-0.014253,60.78,-0.814881,0.0206034,60.78,-0.827823,-0.0200545,60.78,-0.849752,-0.0191065
60.8,-0.385132,-0.0227189,60.8,-0.441825,0.00986602,60.8,-0.449347,-0.0285326,60.8,-0.458726,-0.0286624
60.82,-0.264259,-0.00372841,60.82,-0.303588,0.0307901,60.82,-0.303786,-0.00825118,60.82,-0.303985,-0.00790412
60.84,-0.26538,-0.0057932,60.84,-0.304798,0.0286796,60.84,-0.317729,-0.00887489,60.84,-0.311367,-0.0085562
60.86,-0.121689,-0.010644,60.86,-0.152927,0.0232022,60.86,-0.188495,-0.0146777,60.86,-0.175348,-0.0143836
60.88,0.111849,-0.0195677,60.88,0.0992807,0.0137476,60.88,0.044428,-0.0228196,60.88,0.0699162,-0.0237305
60.9,0.473689,-0.0272269,60.9,0.486418,0.0060416,60.9,0.390722,-0.0273655,60.9,0.441529,-0.0293417
60.92,0.789268,-0.0185419,60.92,0.817944,0.0157736,60.92,0.653628,-0.0173194,60.92,0.720741,-0.0187498
60.94,0.864652,-0.00573319,60.94,0.893587,0.0285351,60.94,0.709846,-0.00718218,60.94,0.777007,-0.0087411
60.96,0.760276,-0.00144074,60.96,0.798884,0.0322993,60.96,0.633499,-0.00364007,60.96,0.698151,-0.00546683
60.98,0.59025,0.000175586,60.98,0.640217,0.0341385,60.98,0.512513,-0.00235163,60.98,0.573547,-0.00423246
61,0.288803,0.00933726,61,0.304771,0.0455253,61,0.278953,0.00844729,61,0.305022,0.00784955
61.02,0.176741,-0.00878941,61.02,0.178931,0.0252374,61.02,0.141186,-0.00482102,61.02,0.168834,-0.00812383
61.04,0.179686,-0.00451916,61.04,0.182486,0.0298814,61.04,0.138354,-0.00313605,61.04,0.171613,-0.00574576
61.06,0.0521208,-0.000405419,61.06,0.0460695,0.034583,61.06,0.0292511,0.00140012,61.06,0.0540673,-0.000768683
61.08,-0.170432,0.0086829,61.08,-0.193008,0.0439639,61.08,-0.192023,0.0110918,61.08,-0.180821,0.00921136
61.1,-0.53431,0.0147264,61.1,-0.581897,0.0500774,61.1,-0.557005,0.016952,61.1,-0.561735,0.01509
61.12,-0.865919,0.0066822,61.12,-0.929501,0.0412539,61.12,-0.865905,0.00738018,61.12,-0.883008,0.00555482
61.14,-0.969697,-0.00738711,61.14,-1.03319,0.0271292,61.14,-0.928235,-0.00667135,61.14,-0.951205,-0.00820348
61.16,-0.883017,-0.0135143,61.16,-0.95733,0.0217389,61.16,-0.797923,-0.0127103,61.16,-0.834518,-0.013595
61.18,-0.723485,-0.0167979,61.18,-0.813651,0.0178319,61.18,-0.596681,-0.0146342,61.18,-0.650172,-0.0157968
61.2,-0.385174,-0.023543,61.2,-0.439031,0.00883017,61.2,-0.308287,-0.0172821,61.2,-0.335656,-0.0202951
61.22,-0.264294,-0.00149822,61.22,-0.300838,0.0330833,61.22,-0.209328,0.00153956,61.22,-0.220351,0.000163545
61.24,-0.265418,0.00126347,61.24,-0.303104,0.0355734,61.24,-0.203384,0.00350421,61.24,-0.212617,0.00244619
61.26,-0.121714,-0.0037036,61.26,-0.15166,0.0299989,61.26,-0.0714737,-0.000163269,61.26,-0.0743602,-0.00160046
61.28,0.111843,-0.0102218,61.28,0.099151,0.0231164,61.28,0.130117,-0.00522375,61.28,0.142825,-0.0070841
61.3,0.473705,-0.0131525,61.3,0.485024,0.0200453,61.3,0.466342,-0.00811696,61.3,0.499696,-0.00992386
61.32,0.789313,-0.00895441,61.32,0.815642,0.0251237,61.32,0.749798,-0.00280863,61.32,0.798795,-0.00436409
61.34,0.864722,2.96904e-05,61.34,0.89426,0.0340206,61.34,0.803033,0.00568571,61.34,0.858809,0.00455735
61.36,0.760363,0.00225319,61.36,0.80043,0.0357521,61.36,0.693078,0.0079461,61.36,0.754007,0.00687816
61.38,0.590342,0.00139447,61.38,0.643094,0.0352316,61.38,0.527589,0.00696635,61.38,0.592046,0.00620017
61.4,0.288845,0.00550826,61.4,0.30847,0.0415338,61.4,0.265516,0.0108629,61.4,0.296786,0.0117792
61.42,0.176774,-0.0115227,61.42,0.181117,0.0225396,61.42,0.159131,-0.00385273,61.42,0.183343,-0.00480634
61.44,0.179723,-0.010116,61.44,0.186255,0.0241954,61.44,0.156174,-0.0026813,61.44,0.183796,-0.00298498
61.46,0.0521466,-0.00477982,61.46,0.0505039,0.0300236,61.46,0.0322357,0.00200796,61.46,0.050394,0.00219218
61.48,-0.170425,0.000165296,61.48,-0.187595,0.0352855,61.48,-0.1803,0.006588,61.48,-0.177267,0.006986
61.5,-0.534324,0.00609669,61.5,-0.577468,0.0415306,61.5,-0.534629,0.0124334,61.5,-0.554488,0.0132453
61.52,-0.865958,0.000454255,61.52,-0.928368,0.0349951,61.52,-0.857348,0.00677967,61.52,-0.897033,0.00700304
61.54,-0.969756,-0.0106125,61.54,-1.03383,0.0235667,61.54,-0.957472,-0.0041091,61.54,-1.00153,-0.00431024
61.56,-0.883088,-0.0144175,61.56,-0.958483,0.020655,61.56,-0.870042,-0.00809507,61.56,-0.924854,-0.00743784
61.58,-0.723559,-0.014178,61.58,-0.816547,0.0203092,61.58,-0.71199,-0.00783246,61.58,-0.781501,-0.00770634
61.6,-0.385209,-0.0248131,61.6,-0.443711,0.00712024,61.6,-0.380325,-0.0186994,61.6,-0.417097,-0.0205677
61.62,-0.264323,-0.000379599,61.62,-0.303447,0.0338221,61.62,-0.261077,0.00545697,61.62,-0.283373,0.00586118
61.64,-0.265448,-0.00165222,61.64,-0.307171,0.0323609,61.64,-0.261421,0.00362225,61.64,-0.286105,0.00383979
61.66,-0.121735,-0.00651575,61.66,-0.154747,0.0268839,61.66,-0.119015,-0.000895111,61.66,-0.134167,-0.00119069
61.68,0.111838,-0.0110817,61.68,0.0962566,0.0218127,61.68,0.110594,-0.00515996,61.68,0.113347,-0.0060044
61.7,0.473718,-0.0137566,61.7,0.48557,0.0190603,61.7,0.469105,-0.00763901,61.7,0.498937,-0.00864973
61.72,0.78935,-0.0104244,61.72,0.819083,0.0233116,61.72,0.781978,-0.00431984,61.72,0.833045,-0.00435281
61.74,0.864779,0.000565717,61.74,0.896051,0.034086,61.74,0.857266,0.00670113,61.74,0.912794,0.00666481
61.76,0.760433,0.00751707,61.76,0.803907,0.0405435,61.76,0.754491,0.0138345,61.76,0.821197,0.01341
61.78,0.590416,0.00813005,61.78,0.648953,0.0416209,61.78,0.586905,0.0145043,61.78,0.665844,0.0147485
61.8,0.288879,0.0147558,61.8,0.311358,0.0507811,61.8,0.287275,0.0214097,61.8,0.325119,0.0239931
61.82,0.176801,-0.00197583,61.82,0.181347,0.0317777,61.82,0.175303,0.00457417,61.82,0.197706,0.00469913
61.84,0.179753,0.000748232,61.84,0.184029,0.0346909,61.84,0.178313,0.00673187,61.84,0.200942,0.00721665
61.86,0.0521676,0.00690796,61.86,0.0463786,0.0414081,61.86,0.0514926,0.0126188,61.86,0.0632021,0.0136547
61.88,-0.170419,0.0124903,61.88,-0.193766,0.0473303,61.88,-0.170003,0.0179262,61.88,-0.177077,0.0195002
61.9,-0.534336,0.0202221,61.9,-0.586235,0.055271,61.9,-0.533104,0.0254461,61.9,-0.570541,0.0275308
61.92,-0.865989,0.00972217,61.92,-0.938696,0.0439533,61.92,-0.864274,0.0147181,61.92,-0.926376,0.0159744
61.94,-0.969804,-0.00390376,61.94,-1.0469,0.0299246,61.94,-0.968105,0.000823408,61.94,-1.037,0.00155394
61.96,-0.883146,-0.00973351,61.96,-0.971081,0.0250283,61.96,-0.881653,-0.00512512,61.96,-0.961717,-0.00363579
61.98,-0.72362,-0.0164272,61.98,-0.828353,0.017497,61.98,-0.722406,-0.0121438,61.98,-0.817612,-0.0115204
