t,sigma_0,sigma_1,sigma_2,sigma_8,sigma_3,sigma_4,sigma_5,sigma_6,sigma_7
0.001,0.001,0.001,0.001,0.0572958,0.01,0.01,0.01,1.14594,1.14594
0.051,0.00110306,0.00110306,0.00110307,0.0573841,0.00931662,0.0093166,0.00931776,1.14594,1.14595
0.101,0.00119954,0.00119953,0.00119742,0.0574964,0.00713151,0.00713041,0.00659954,1.14575,1.14581
0.151,0.00120024,0.00120019,0.0011948,0.0583225,0.00440043,0.00440385,0.00467914,1.14441,1.14485
0.201,0.00118102,0.00118097,0.00118718,0.0591856,0.00383838,0.00385442,0.0037276,1.14369,1.14445
0.251,0.00119773,0.00119802,0.00121669,0.0583507,0.00356281,0.00357942,0.00318856,1.13998,1.14086
0.301,0.00125442,0.0012547,0.00128976,0.0586584,0.00440234,0.00438621,0.0030904,1.1304,1.13151
0.351,0.00129492,0.00129473,0.00135465,0.0580599,0.00277512,0.00277466,0.0037793,1.12096,1.12381
0.401,0.0013006,0.0013005,0.00142754,0.058497,0.00341215,0.0034327,0.00374617,1.10976,1.11654
0.451,0.00131297,0.00131393,0.00151104,0.0584479,0.00372202,0.00372565,0.00303933,1.10424,1.1116
0.501,0.00136244,0.00136329,0.00159953,0.0597225,0.00461731,0.00457876,0.00261574,1.09738,1.10423
0.551,0.00140651,0.00140598,0.00169853,0.0649206,0.00301507,0.00296368,0.00328216,1.07558,1.08614
0.601,0.00141337,0.00141294,0.00181047,0.0698529,0.00353321,0.00369416,0.00332908,0.988191,0.984397
0.651,0.00142173,0.00142544,0.0019067,0.065064,0.00352521,0.00378345,0.00264751,0.962163,0.953143
0.701,0.00147454,0.00147867,0.00196363,0.0659624,0.00429394,0.00401628,0.00270974,0.95438,0.954244
0.751,0.00152812,0.00152604,0.00201664,0.0676965,0.00319464,0.00296428,0.00279484,0.938876,0.946262
0.801,0.00154679,0.00154588,0.00208616,0.0683997,0.00362634,0.00381142,0.00207262,0.908527,0.911552
0.851,0.00156243,0.00156922,0.002124,0.0640532,0.00352335,0.00360222,0.00199286,0.902395,0.887345
0.901,0.00161604,0.00162215,0.00211972,0.0691253,0.00386837,0.00391357,0.00257015,0.906751,0.876516
0.951,0.00166256,0.00166222,0.00211546,0.0771743,0.00296011,0.00291571,0.00229495,0.906437,0.845333
1.001,0.00167945,0.00168094,0.00213124,0.0739458,0.00335337,0.00396694,0.00259561,0.902079,0.766962
1.051,0.00169806,0.00170905,0.00216102,0.0668235,0.00315418,0.00389524,0.00296482,0.890696,0.744725
1.101,0.00175272,0.0017637,0.00216844,0.0656938,0.00374463,0.00358863,0.00347713,0.879898,0.74699
1.151,0.00179545,0.00179608,0.00218471,0.0663804,0.00299399,0.00277586,0.00315284,0.863386,0.735471
1.201,0.00180836,0.00181105,0.00221714,0.0665096,0.0032248,0.00393597,0.00240405,0.843803,0.709801
1.251,0.00182473,0.00183856,0.00222327,0.0636342,0.0031591,0.00372905,0.00269229,0.841355,0.684354
1.301,0.0018792,0.00189232,0.00221013,0.0671375,0.00345403,0.00365403,0.00310407,0.848435,0.66919
1.351,0.00191764,0.00192036,0.00220804,0.071502,0.00294707,0.00285949,0.00268366,0.850635,0.646246
1.401,0.00192816,0.00193283,0.00223141,0.068777,0.00305049,0.0041168,0.00259089,0.850831,0.608889
1.451,0.00194188,0.00195998,0.00225914,0.06548,0.00290731,0.00408691,0.00280047,0.83899,0.600571
1.501,0.00199574,0.00201512,0.00228141,0.0647417,0.00370999,0.00337651,0.00307824,0.827481,0.607351
1.551,0.00203282,0.00203777,0.00230398,0.0648044,0.00322845,0.0028537,0.00285922,0.811546,0.604623
1.601,0.00204072,0.0020472,0.00232164,0.0649117,0.00298569,0.00401068,0.00237346,0.791815,0.597273
1.651,0.00205384,0.00207151,0.00231919,0.0641347,0.00295994,0.00385112,0.00268645,0.788661,0.57759
1.701,0.00210595,0.00212433,0.0023186,0.067077,0.0035184,0.00345888,0.00295153,0.796743,0.561617
1.751,0.00213934,0.00214546,0.00232234,0.0706499,0.00323474,0.00290671,0.00257864,0.797138,0.545952
1.801,0.00214681,0.00215386,0.00233536,0.0682635,0.00288453,0.00417899,0.00239994,0.791585,0.52693
1.851,0.00215957,0.00217765,0.00235345,0.0665046,0.00277306,0.00411948,0.00257716,0.774333,0.524692
1.901,0.00220958,0.00223109,0.00238344,0.0658781,0.00389122,0.00315298,0.00278274,0.761759,0.532163
1.951,0.00224169,0.00224943,0.00240421,0.0658347,0.00353146,0.00284333,0.00266119,0.741084,0.529351
2.001,0.00224769,0.00225482,0.00240203,0.0657714,0.00283822,0.00399501,0.00228123,0.70969,0.521681
2.051,0.00226139,0.00227427,0.00239172,0.0656775,0.00279698,0.00382879,0.00260322,0.699066,0.502251
2.101,0.00230941,0.00232549,0.00240551,0.0678904,0.00366912,0.00313612,0.00274866,0.706393,0.4864
2.151,0.00233817,0.00234498,0.00241606,0.0707239,0.00351669,0.00282788,0.00245154,0.702403,0.472652
2.201,0.00234478,0.00235044,0.00241854,0.0689186,0.00280526,0.0041207,0.00227632,0.685971,0.456973
2.251,0.00235983,0.00237007,0.00242809,0.0680041,0.00274192,0.00404885,0.00244561,0.661681,0.453663
2.301,0.0024053,0.00242152,0.0024634,0.0675769,0.00399234,0.00288413,0.00261341,0.648369,0.459368
2.351,0.00243314,0.00244032,0.00248603,0.0676334,0.00375157,0.00278233,0.00254531,0.623658,0.453308
2.401,0.00243931,0.00244342,0.0024835,0.0675436,0.00278571,0.003869,0.00219717,0.586258,0.439986
2.451,0.0024551,0.00245886,0.00248021,0.0677147,0.0027386,0.00373846,0.00244669,0.570345,0.419811
2.501,0.00249915,0.00250812,0.00250903,0.069204,0.00370208,0.00284175,0.00255897,0.575291,0.405735
2.551,0.00252481,0.00252949,0.00252929,0.0712454,0.00369877,0.00278538,0.00235732,0.567128,0.392966
2.601,0.00253192,0.00253396,0.00253362,0.0701626,0.00284216,0.00393561,0.00220683,0.544237,0.377212
2.651,0.00254589,0.00254656,0.00254065,0.0697466,0.00280003,0.00384651,0.00236497,0.517414,0.370902
2.701,0.00258738,0.00259488,0.00257967,0.0696653,0.00388312,0.00280449,0.00249441,0.505943,0.374005
2.751,0.00261258,0.00261682,0.00260703,0.0699405,0.00380214,0.00282122,0.00242443,0.484179,0.36686
2.801,0.00261965,0.00262046,0.00261304,0.0698161,0.00284231,0.00367515,0.00216163,0.452388,0.352854
2.851,0.00263374,0.00263101,0.00261821,0.0700707,0.00277311,0.00356921,0.00239924,0.436375,0.334948
2.901,0.0026745,0.00267721,0.00265761,0.0709343,0.00358853,0.00278901,0.00249512,0.439175,0.324116
2.951,0.00269882,0.00270148,0.00268705,0.072194,0.00369498,0.00285494,0.00234486,0.430401,0.313556
3.001,0.00270661,0.00270701,0.00269724,0.0718736,0.00294794,0.00370495,0.00215354,0.409697,0.299865
3.051,0.00271968,0.00271721,0.00270675,0.0718457,0.00291139,0.00363229,0.00230803,0.387698,0.29288
3.101,0.00275852,0.00276188,0.00274967,0.0720627,0.00367613,0.00293208,0.00240685,0.379325,0.293998
3.151,0.00278262,0.00278621,0.00278116,0.0725033,0.00369957,0.00296159,0.00232562,0.363182,0.287575
3.201,0.00279003,0.00279133,0.00279168,0.0724004,0.00295494,0.00350535,0.00212847,0.339715,0.275724
3.251,0.00280245,0.00280078,0.00280211,0.0726965,0.00286115,0.00338676,0.00232493,0.326446,0.262226
3.301,0.0028404,0.00284327,0.00284746,0.073263,0.00344491,0.00291217,0.00241089,0.327151,0.255261
3.351,0.00286398,0.00286863,0.0028809,0.0740123,0.00353266,0.00299442,0.00228435,0.319204,0.247593
3.401,0.00287167,0.00287529,0.00289179,0.0740831,0.00304282,0.00349541,0.00208029,0.302884,0.237052
3.451,0.00288301,0.00288466,0.00290118,0.07428,0.00298638,0.00339215,0.00219442,0.287037,0.230659
3.501,0.00291966,0.00292548,0.00294584,0.0746263,0.0034867,0.00306461,0.0022717,0.281695,0.230584
3.551,0.00294329,0.00295063,0.00297726,0.0750894,0.00348039,0.00308622,0.00218021,0.270811,0.225447
3.601,0.00295052,0.00295691,0.002986,0.0751814,0.00301827,0.00334179,0.00203777,0.254566,0.216363
3.651,0.0029612,0.00296616,0.00299537,0.0755278,0.00290756,0.00321334,0.00215925,0.244627,0.206967
3.701,0.00299686,0.00300535,0.00304059,0.0759823,0.00328396,0.00300278,0.00222955,0.244458,0.202844
3.751,0.00301992,0.00303082,0.0030724,0.0765252,0.00334255,0.0030757,0.00213738,0.23851,0.197519
3.801,0.00302746,0.00303846,0.00308064,0.0767843,0.00306228,0.00332091,0.00198454,0.226946,0.189748
3.851,0.00303761,0.00304782,0.00308808,0.0770954,0.00299048,0.00321789,0.00205868,0.216267,0.184442
3.901,0.00307251,0.00308566,0.00313116,0.0774808,0.00330337,0.00310382,0.00212082,0.213038,0.183953
3.951,0.00309584,0.00311077,0.00316024,0.0779364,0.00330629,0.00312072,0.00205294,0.206008,0.180049
4.001,0.00310325,0.00311811,0.00316651,0.0781744,0.00301539,0.00320011,0.00195493,0.195138,0.17322
4.051,0.00311291,0.00312759,0.00317373,0.0785525,0.00290062,0.00308061,0.0020308,0.188013,0.166645
4.101,0.00314669,0.00316435,0.00321605,0.0789756,0.00313894,0.00301902,0.00209262,0.187544,0.164194
4.151,0.00316925,0.00318955,0.003245,0.0794526,0.00319081,0.00307845,0.00203534,0.18334,0.160457
4.201,0.00317685,0.00319802,0.00325131,0.0797999,0.00302606,0.00317422,0.0019173,0.175403,0.154706
4.251,0.00318628,0.00320742,0.00325713,0.0801622,0.00294601,0.00307483,0.00195566,0.168243,0.150445
4.301,0.00321949,0.00324279,0.00329709,0.0805538,0.0031517,0.00306949,0.00201005,0.166218,0.149813
4.351,0.00324217,0.00326713,0.00332337,0.0809917,0.00316026,0.00308195,0.00196823,0.161608,0.146832
4.401,0.00324968,0.00327496,0.00332807,0.0813354,0.00296571,0.00307579,0.00190063,0.154316,0.141727
4.451,0.00325873,0.00328461,0.00333394,0.0817395,0.00285438,0.00296777,0.00194735,0.149289,0.137045
4.501,0.00329092,0.00331958,0.00337312,0.0821625,0.00301751,0.00298215,0.00200309,0.148798,0.135514
4.551,0.00331303,0.0033445,0.00339969,0.0826213,0.00306679,0.00303236,0.00196815,0.145868,0.132844
4.601,0.00332088,0.00335373,0.00340529,0.0830186,0.00296451,0.0030542,0.00187477,0.140414,0.128577
4.651,0.00333094,0.00336413,0.00341161,0.0834115,0.00289629,0.00297408,0.0018939,0.135661,0.125358
4.701,0.0033632,0.00339804,0.00344888,0.0837991,0.00304605,0.0030172,0.00194312,0.134343,0.124786
4.751,0.0033856,0.00342182,0.00347316,0.0842187,0.00305818,0.0030279,0.00191794,0.131204,0.122526
4.801,0.00339316,0.00342978,0.00347719,0.0846443,0.00291222,0.00298216,0.00186732,0.126117,0.118662
4.851,0.0034018,0.00343949,0.00348239,0.0850698,0.00280634,0.00288483,0.0018959,0.122491,0.115234
4.901,0.00343314,0.00347358,0.00351916,0.0855049,0.00293093,0.00293571,0.00194758,0.122086,0.114222
4.951,0.00345504,0.00349837,0.00354402,0.0859638,0.00297688,0.0029787,0.00192533,0.119999,0.11226
5.001,0.00346286,0.0035078,0.00354915,0.086389,0.00290395,0.00296095,0.00184798,0.116112,0.109037
5.051,0.00347184,0.0035171,0.00355385,0.0868008,0.00283035,0.00287624,0.0018498,0.112654,0.106466
5.101,0.00350324,0.0035496,0.00358873,0.0871871,0.0029503,0.00294147,0.00189613,0.111779,0.106012
5.151,0.00352542,0.0035727,0.00361153,0.0875966,0.00296551,0.00295391,0.0018819,0.109609,0.104334
5.201,0.00353329,0.00358073,0.00361546,0.088077,0.00285109,0.00289659,0.00184043,0.105992,0.101418
5.251,0.00354178,0.0035904,0.00362027,0.0885188,0.00275329,0.00280866,0.00185301,0.103344,0.0988701
5.301,0.00357213,0.00362326,0.00365449,0.0889647,0.00285281,0.00287308,0.00190085,0.103005,0.0981542
5.351,0.00359358,0.00364748,0.00367766,0.0894292,0.00289468,0.00291076,0.00188872,0.101481,0.0966807
5.401,0.00360159,0.00365711,0.00368272,0.0898732,0.00284206,0.0028782,0.00182521,0.098666,0.0942413
5.451,0.0036107,0.00366629,0.00368744,0.0903014,0.00277543,0.00279795,0.00181958,0.0961632,0.0922623
5.501,0.00364156,0.00369747,0.00372029,0.0906913,0.00287813,0.00287132,0.00186359,0.0955633,0.0919153
5.551,0.00366369,0.00371977,0.00374191,0.091098,0.002894,0.00288557,0.00185644,0.0940071,0.0906564
5.601,0.00367191,0.00372771,0.00374599,0.0916153,0.00279818,0.00282645,0.00181982,0.0913389,0.0884152
5.651,0.00368125,0.00373808,0.00375172,0.0920701,0.00271646,0.00275427,0.00182566,0.0894169,0.0865311
5.701,0.00371125,0.00377015,0.0037841,0.0925278,0.00280139,0.00282392,0.00187141,0.0891523,0.086004
5.751,0.00373266,0.00379395,0.00380613,0.0929989,0.00283913,0.00285751,0.0018653,0.0880083,0.0848674
5.801,0.00374081,0.00380353,0.00381118,0.0934561,0.00279575,0.00281634,0.00181074,0.0858911,0.0829724
5.851,0.00375011,0.00381239,0.00381592,0.093897,0.00273601,0.00273902,0.00180057,0.0840166,0.0814239
5.901,0.00378105,0.00384257,0.00384732,0.0942946,0.00282855,0.00281489,0.0018437,0.0836031,0.0811745
5.951,0.00380352,0.00386423,0.00386824,0.0947031,0.00284424,0.0028319,0.00184138,0.082461,0.0802275
6.001,0.00381215,0.00387192,0.00387258,0.0952444,0.00275914,0.00277414,0.00180713,0.0804253,0.078466
6.051,0.00382164,0.00388205,0.00387825,0.0957093,0.00268457,0.00270621,0.00180582,0.0789507,0.0770023
6.101,0.00385157,0.00391332,0.00390911,0.0961766,0.00275938,0.00277628,0.00184955,0.0787506,0.0766034
6.151,0.0038731,0.00393658,0.00393017,0.0966533,0.00279299,0.00280731,0.00184763,0.0778778,0.0757158
6.201,0.0038815,0.00394592,0.00393524,0.0971207,0.00275462,0.00276295,0.00179957,0.0762512,0.0742273
6.251,0.00389108,0.00395426,0.00393995,0.0975725,0.0027006,0.00268671,0.00178599,0.0748136,0.073003
6.301,0.00392213,0.00398321,0.00396995,0.0979782,0.00278546,0.00276146,0.00182794,0.0745231,0.0728239
6.351,0.00394487,0.00400385,0.00399009,0.0983899,0.00279929,0.00278007,0.00182868,0.0736641,0.0721054
6.401,0.0039539,0.00401097,0.00399453,0.0989482,0.00272193,0.00272569,0.00179574,0.072072,0.0706964
6.451,0.0039629,0.00402001,0.00399927,0.0994214,0.00264678,0.0026531,0.00178712,0.0708885,0.0695126
6.501,0.00399276,0.00405018,0.00402873,0.0998976,0.00271528,0.00272203,0.00182963,0.0707432,0.0692077
6.551,0.00401456,0.00407266,0.004049,0.10038,0.00274654,0.00275261,0.00183063,0.0700736,0.0685127
6.601,0.00402349,0.00408174,0.00405419,0.100856,0.00271261,0.00271087,0.00178801,0.0688092,0.0673358
6.651,0.00403431,0.00409024,0.00405983,0.101318,0.00267301,0.0026446,0.00177508,0.0677214,0.0663905
6.701,0.00406561,0.00411788,0.00408864,0.101732,0.00275276,0.00271738,0.0018164,0.067517,0.0662675
6.751,0.00408868,0.00413733,0.00410803,0.102147,0.00276349,0.00273715,0.00181908,0.0668524,0.0657164
6.801,0.00409804,0.00414368,0.00411243,0.102718,0.00269058,0.00268497,0.00178676,0.0655647,0.0645554
6.851,0.0041074,0.00415218,0.00411706,0.103198,0.00262234,0.00261354,0.00177466,0.0646193,0.0636025
6.901,0.0041375,0.00418127,0.00414538,0.103683,0.0026863,0.00268008,0.00181641,0.0645152,0.0633616
6.951,0.00415978,0.00420293,0.00416497,0.104169,0.00271414,0.00271046,0.00181951,0.0639876,0.0628039
7.001,0.00416926,0.00421156,0.0041702,0.104652,0.00268175,0.00267154,0.00178022,0.0629739,0.0618498
7.051,0.00418046,0.00421926,0.00417573,0.105123,0.00264546,0.00260552,0.00176542,0.0621015,0.0610791
7.101,0.00421191,0.00424533,0.00420334,0.105545,0.00272055,0.00267467,0.00180604,0.0619595,0.0609962
7.151,0.00423521,0.00426339,0.00422196,0.105965,0.00272758,0.00269531,0.00180972,0.0614387,0.0605743
7.201,0.00424496,0.00426889,0.00422631,0.106545,0.00265989,0.00264646,0.00177797,0.0603761,0.0596029
7.251,0.00425485,0.00427678,0.0042309,0.107032,0.00259999,0.00257593,0.0017637,0.0596117,0.0588283
7.301,0.00428531,0.00430463,0.0042582,0.107524,0.00266042,0.00263961,0.00180484,0.05954,0.0586368
7.351,0.00430816,0.00432526,0.00427717,0.108014,0.00268502,0.00267053,0.00180927,0.0591179,0.0581859
7.401,0.00431829,0.0043333,0.00428242,0.108504,0.00265307,0.00263681,0.00177266,0.0582911,0.0574014
7.451,0.00432931,0.00433959,0.00428715,0.108982,0.00261439,0.00256591,0.00175469,0.0575602,0.0567456
7.501,0.00436091,0.004364,0.00431375,0.109412,0.00268586,0.00263208,0.00179496,0.057472,0.0567007
7.551,0.00438458,0.00438076,0.00433185,0.109836,0.00269157,0.00265586,0.00180001,0.0570683,0.0563884
7.601,0.00439492,0.0043856,0.00433635,0.110425,0.00263041,0.00261135,0.00176921,0.0561771,0.0555643
7.651,0.00440623,0.00439362,0.00434183,0.110918,0.0025872,0.00254944,0.00175649,0.0555722,0.0549465
7.701,0.00443736,0.00442036,0.00436837,0.111417,0.00264605,0.00261026,0.00179746,0.0555273,0.0547949
7.751,0.00446106,0.00443997,0.00438691,0.111912,0.00266748,0.00264222,0.00180289,0.0551835,0.0544263
7.801,0.00447186,0.00444723,0.00439216,0.112407,0.00263283,0.00261227,0.00176806,0.054492,0.0537659
7.851,0.00448332,0.0044526,0.00439684,0.112892,0.0025958,0.00254245,0.0017492,0.0538835,0.0532125
7.901,0.00451526,0.00447554,0.00442262,0.113329,0.00266479,0.00260635,0.00178913,0.0538364,0.0531968
7.951,0.00453927,0.004491,0.00444023,0.113758,0.00266774,0.00263175,0.00179481,0.0535169,0.0529667
8.001,0.00454993,0.00449505,0.00444476,0.114354,0.00261139,0.00258822,0.00176443,0.0527469,0.052247
8.051,0.00456168,0.00450228,0.00445012,0.114853,0.00257335,0.00252399,0.00174985,0.0522381,0.0517274
8.101,0.00459323,0.00452755,0.00447572,0.115356,0.00262893,0.00258005,0.00179,0.052213,0.0516028
8.151,0.00461738,0.00454582,0.00449357,0.115852,0.00264571,0.00261182,0.00179596,0.0519293,0.0512991
8.201,0.00462855,0.00455224,0.00449867,0.116353,0.00260865,0.00258669,0.0017624,0.0513447,0.0507391
8.251,0.00464024,0.0045568,0.00450327,0.116844,0.00257287,0.00251937,0.00174306,0.0508362,0.05027
8.301,0.00467231,0.0045783,0.00452829,0.11729,0.0026392,0.00258074,0.0017828,0.0508232,0.0502786
8.351,0.0046965,0.00459256,0.00454548,0.117724,0.00264036,0.00260745,0.00178908,0.050573,0.0501176
8.401,0.00470735,0.00459591,0.00455006,0.118324,0.0025893,0.00256491,0.00175911,0.0499029,0.0494844
8.451,0.00471892,0.0046018,0.00455468,0.118828,0.00255133,0.00249376,0.00174133,0.0494619,0.0490337
8.501,0.00475079,0.00462567,0.00457948,0.119334,0.00260554,0.00254629,0.00178129,0.0494588,0.0489366
8.551,0.00477549,0.00464275,0.00459688,0.119832,0.0026198,0.00257983,0.00178804,0.0492296,0.0486951
8.601,0.00478718,0.0046485,0.00460203,0.120338,0.00258205,0.00256131,0.00175603,0.0487368,0.0482212
8.651,0.0047998,0.00465304,0.00460742,0.120836,0.00255482,0.00250617,0.00173917,0.048326,0.0478364
8.701,0.00483195,0.00467345,0.00463188,0.12129,0.00261867,0.00256604,0.00177897,0.0483421,0.0478649
8.751,0.0048562,0.00468677,0.00464877,0.12173,0.00261898,0.00259317,0.00178585,0.0481483,0.0477591
8.801,0.00486699,0.00468946,0.00465336,0.122334,0.00257216,0.00254949,0.00175595,0.0475517,0.0471927
8.851,0.00487882,0.00469458,0.00465791,0.122841,0.00253787,0.002477,0.00173703,0.0471759,0.046808
8.901,0.00491102,0.00471726,0.00468203,0.12335,0.00259065,0.00252565,0.00177675,0.0471912,0.0467335
8.951,0.00493614,0.00473323,0.00469901,0.123849,0.00260195,0.00255946,0.00178396,0.0470056,0.0465418
9.001,0.00494808,0.00473825,0.00470413,0.124361,0.00256236,0.00254518,0.00175287,0.046581,0.0461331
9.051,0.00496047,0.00474213,0.00470943,0.124865,0.00253219,0.00249341,0.00173538,0.0462322,0.0458001
9.101,0.00499213,0.00476144,0.00473315,0.125324,0.00259229,0.00255074,0.0017746,0.0462731,0.0458434
9.151,0.00501583,0.00477375,0.00474952,0.125767,0.00259161,0.00257615,0.00178142,0.0461258,0.0457879
9.201,0.00502621,0.00477579,0.00475403,0.126376,0.00255054,0.00253103,0.00175159,0.0455876,0.045273
9.251,0.00503822,0.00478024,0.00475852,0.126888,0.00252027,0.00245888,0.00173211,0.0452662,0.0449449
9.301,0.00507056,0.00480181,0.00478202,0.127402,0.00257178,0.00250428,0.00177159,0.0452963,0.0448882
9.351,0.00509587,0.00481676,0.00479857,0.127902,0.00258114,0.00253836,0.00177908,0.0451446,0.0447392
9.401,0.00510784,0.00482111,0.00480359,0.128419,0.00253989,0.00252734,0.00174846,0.0447762,0.0443834
9.451,0.00511923,0.00482389,0.00480814,0.128927,0.00250055,0.00247477,0.00172823,0.0444677,0.0440833
9.501,0.00515008,0.00484226,0.0048312,0.129393,0.00255796,0.00253132,0.00176741,0.0445323,0.0441418
9.551,0.00517307,0.00485388,0.00484718,0.129839,0.00255921,0.00255516,0.00177466,0.0444269,0.0441287
9.601,0.00518296,0.00485567,0.00485167,0.130451,0.00252439,0.00250933,0.00174522,0.0439395,0.0436599
9.651,0.0051957,0.00486029,0.00485685,0.130967,0.00250496,0.00244632,0.00172808,0.0436779,0.0433907
9.701,0.00522814,0.00488103,0.00487988,0.131484,0.00255656,0.00248967,0.00176777,0.0437202,0.0433519
9.751,0.0052536,0.00489521,0.00489616,0.131986,0.00256486,0.00252431,0.00177574,0.0435985,0.0432406
9.801,0.00526551,0.00489906,0.00490119,0.132508,0.00252254,0.0025157,0.00174573,0.0432746,0.0429266
9.851,0.00527632,0.00490154,0.0049057,0.13302,0.00247939,0.00246843,0.00172511,0.0430091,0.0426617
9.901,0.00530621,0.00491943,0.00492821,0.13349,0.00253351,0.00252406,0.00176407,0.0430937,0.0427319
9.951,0.00532822,0.0049307,0.00494387,0.13394,0.0025372,0.00254541,0.00177158,0.0430212,0.0427553
10.001,0.00533732,0.00493237,0.00494837,0.134555,0.00250776,0.00249836,0.00174243,0.0425717,0.0423186
10.051,0.0053497,0.00493661,0.00495346,0.135074,0.0024873,0.00243692,0.00172462,0.0423427,0.0420848
10.101,0.0053816,0.00495654,0.00497583,0.135593,0.00253644,0.00247686,0.00176374,0.042399,0.0420585
10.151,0.00540658,0.00496998,0.00499162,0.136095,0.00254415,0.00250934,0.00177166,0.0423026,0.0419799
10.201,0.00541798,0.00497347,0.00499651,0.136621,0.00250247,0.00250215,0.00174198,0.0420145,0.0416988
10.251,0.00542789,0.00497587,0.00500095,0.137137,0.00245485,0.00246047,0.00172108,0.041785,0.0414634
10.301,0.00545646,0.0049935,0.00502294,0.137612,0.00250623,0.00251604,0.00176002,0.0418871,0.0415454
10.351,0.00547727,0.00500467,0.0050383,0.138064,0.00251359,0.00253359,0.00176784,0.0418445,0.0416027
10.401,0.00548545,0.00500646,0.00504284,0.138682,0.00248892,0.00248594,0.00173903,0.0414254,0.0411934
10.451,0.00549684,0.00500992,0.0050473,0.139204,0.00246169,0.00242257,0.00171865,0.0412197,0.0409824
10.501,0.00552797,0.00502927,0.0050691,0.139725,0.00250986,0.00246063,0.0017578,0.0412904,0.0409688
10.551,0.0055524,0.0050423,0.00508457,0.140228,0.0025194,0.00249191,0.00176623,0.0412176,0.0409223
10.601,0.00556347,0.00504575,0.0050895,0.140759,0.00248091,0.00248671,0.0017374,0.0409614,0.040672
10.651,0.00557322,0.00504894,0.00509465,0.141278,0.0024375,0.00245912,0.00171924,0.0407762,0.0404724
10.701,0.00560049,0.00506674,0.00511628,0.141759,0.00248643,0.00251456,0.00175838,0.0408916,0.0405634
10.751,0.00562005,0.00507815,0.00513145,0.142216,0.00249809,0.00252821,0.00176652,0.0408731,0.0406454
10.801,0.00562722,0.00508016,0.00513599,0.142835,0.00247641,0.00247886,0.00173769,0.0404775,0.0402607
10.851,0.005638,0.00508354,0.00514039,0.143359,0.00244578,0.00241917,0.00171678,0.0402966,0.0400752
10.901,0.0056683,0.0051027,0.00516173,0.14388,0.00249193,0.0024553,0.00175577,0.040381,0.0400764
10.951,0.00569195,0.00511551,0.00517687,0.144383,0.00250226,0.00248307,0.00176413,0.0403271,0.0400602
11.001,0.00570226,0.00511884,0.00518167,0.144919,0.00246544,0.00247566,0.00173527,0.0400929,0.0398301
11.051,0.00571071,0.00512224,0.00518666,0.145442,0.00241631,0.0024508,0.00171641,0.0399305,0.0396496
11.101,0.00573608,0.00514027,0.00520773,0.145926,0.00246148,0.00250486,0.00175509,0.0400632,0.0397458
11.151,0.00575385,0.00515192,0.00522251,0.146385,0.00247708,0.00251365,0.00176307,0.0400679,0.0398558
11.201,0.00575979,0.00515419,0.00522698,0.147007,0.00245848,0.002465,0.00173431,0.0396927,0.0394896
11.251,0.00576997,0.0051576,0.00523135,0.147535,0.00242519,0.00241025,0.00171323,0.0395352,0.039329
11.301,0.00579925,0.00517671,0.00525223,0.148058,0.00246944,0.00244544,0.00175215,0.0396302,0.0393411
11.351,0.00582193,0.00518951,0.00526704,0.148561,0.00248217,0.0024703,0.00176058,0.0395945,0.0393503
11.401,0.00583147,0.00519289,0.00527176,0.149101,0.00244847,0.00246166,0.00173187,0.039385,0.0391392
11.451,0.00583818,0.00519604,0.0052761,0.149626,0.00239029,0.00243407,0.00171048,0.0392384,0.038971
11.501,0.00586158,0.00521442,0.00529667,0.150114,0.00243293,0.00248772,0.00174918,0.0393845,0.0390764
11.551,0.00587759,0.00522649,0.00531114,0.150575,0.00245354,0.00249294,0.00175745,0.0394103,0.0392118
11.601,0.00588244,0.00522919,0.0053156,0.151199,0.00243768,0.00244685,0.00172906,0.0390554,0.0388632
11.651,0.00589251,0.00523339,0.00532056,0.15173,0.00240824,0.00240447,0.00171041,0.038926,0.0387318
11.701,0.00592071,0.00525273,0.00534108,0.152256,0.00245031,0.00243982,0.00174958,0.0390279,0.0387537
11.751,0.00594239,0.00526577,0.0053557,0.152761,0.00246671,0.00246224,0.00175846,0.0390075,0.0387812
11.801,0.0059512,0.00526932,0.00536044,0.153304,0.00243701,0.00245155,0.00173007,0.0388154,0.0385864
11.851,0.00595679,0.00527287,0.00536478,0.153832,0.00237656,0.00242655,0.0017084,0.0386884,0.0384356
11.901,0.0059783,0.00529182,0.00538494,0.154322,0.00241678,0.00247972,0.00174704,0.0388462,0.0385502
11.951,0.00599269,0.00530446,0.00539918,0.154785,0.00244172,0.00248157,0.0017555,0.0388886,0.038709
12.001,0.00599652,0.00530758,0.00540367,0.15541,0.00242664,0.00243766,0.00172733,0.0385503,0.0383711
12.051,0.00600575,0.00531199,0.00540857,0.155944,0.00239165,0.00239896,0.00170826,0.0384352,0.0382536
12.101,0.00603251,0.00533152,0.00542858,0.15647,0.0024312,0.0024331,0.00174704,0.0385514,0.0382843
12.151,0.00605304,0.00534473,0.00544282,0.156975,0.00245081,0.0024513,0.00175576,0.0385439,0.038334
12.201,0.00606112,0.00534845,0.00544747,0.157522,0.00242461,0.00243876,0.00172736,0.0383639,0.0381489
12.251,0.0060657,0.0053524,0.00545177,0.158052,0.00236276,0.00241489,0.00170554,0.0382543,0.0380124
12.301,0.00608544,0.00537192,0.00547153,0.158546,0.00240082,0.00246649,0.0017441,0.0384211,0.0381335
12.351,0.00609828,0.00538512,0.00548555,0.159012,0.00242928,0.00246635,0.00175281,0.0384756,0.0383098
12.401,0.00610118,0.00538866,0.00549008,0.159638,0.00241518,0.0024263,0.00172503,0.0381554,0.0379864
12.451,0.00610925,0.00539278,0.00549445,0.160173,0.00237178,0.00238738,0.0017037,0.0380477,0.0378776
12.501,0.00613474,0.00541254,0.00551403,0.1607,0.0024089,0.00242144,0.00174249,0.0381738,0.0379182
12.551,0.00615414,0.00542603,0.00552798,0.161206,0.00243211,0.00243673,0.00175139,0.0381796,0.037988
12.601,0.00616154,0.00542998,0.00553259,0.161757,0.00240977,0.00242299,0.00172322,0.0380115,0.0378122
12.651,0.00616574,0.00543492,0.00553744,0.162289,0.00235427,0.00240739,0.00170383,0.0379257,0.0376956
12.701,0.00618397,0.0054551,0.00555693,0.162787,0.00239118,0.00245782,0.00174264,0.0380988,0.0378224
12.751,0.00619549,0.00546885,0.00557077,0.163258,0.00242168,0.00245542,0.00175145,0.0381631,0.0380111
12.801,0.00619757,0.00547262,0.00557522,0.163881,0.00240646,0.00241705,0.00172339,0.0378586,0.0377024
12.851,0.00620489,0.00547692,0.0055795,0.164418,0.00235901,0.00238068,0.00170156,0.0377663,0.0376042
12.901,0.0062292,0.00549705,0.00559871,0.164944,0.00239378,0.00241474,0.00174037,0.0379059,0.0376572
12.951,0.00624763,0.0055109,0.00561244,0.16545,0.00242006,0.00242736,0.00174944,0.0379241,0.0377478
13.001,0.00625448,0.00551509,0.00561705,0.166005,0.00240112,0.00241265,0.00172152,0.0377646,0.0375783
13.051,0.00625782,0.00552033,0.00562185,0.16654,0.00234585,0.00239371,0.00170182,0.0376893,0.0374711
13.101,0.00627448,0.00554088,0.0056409,0.16704,0.00238031,0.00244174,0.00174024,0.0378735,0.0376006
13.151,0.00628462,0.00555499,0.00565447,0.167512,0.00241216,0.00243984,0.00174908,0.0379487,0.0378083
13.201,0.00628601,0.00555904,0.00565896,0.168137,0.00239734,0.0024068,0.00172141,0.0376549,0.0375075
13.251,0.00629332,0.00556418,0.00566379,0.168677,0.00235387,0.00237926,0.00170201,0.0375761,0.0374264
13.301,0.00631671,0.00558474,0.00568269,0.169205,0.0023859,0.00241276,0.00174064,0.037722,0.0374882
13.351,0.00633418,0.00559886,0.00569613,0.16971,0.00241365,0.00242219,0.00174926,0.037749,0.0375928
13.401,0.00634038,0.00560299,0.00570054,0.17027,0.00239467,0.0024039,0.00172055,0.0375964,0.0374247
13.451,0.00634247,0.00560777,0.0057047,0.170805,0.00233362,0.00237729,0.00169791,0.0375276,0.0373211
13.501,0.00635786,0.00562862,0.00572339,0.171309,0.00236698,0.00242388,0.00173638,0.0377158,0.0374533
13.551,0.00636693,0.00564302,0.00573673,0.171785,0.00239963,0.00242256,0.00174534,0.0377995,0.0376697
13.601,0.0063679,0.00564722,0.00574119,0.172407,0.00238523,0.00239369,0.00171783,0.0375223,0.0373852
13.651,0.0063748,0.00565255,0.00574597,0.172948,0.00234068,0.00236957,0.00169847,0.0374567,0.0373139
13.701,0.00639722,0.00567339,0.00576451,0.173475,0.00237066,0.00240278,0.00173715,0.0376125,0.0373875
13.751,0.00641397,0.00568783,0.00577774,0.173982,0.00240155,0.00241075,0.00174607,0.0376491,0.0375093
13.801,0.00641991,0.00569218,0.00578219,0.174544,0.00238514,0.00239313,0.00171775,0.0375032,0.0373437
13.851,0.00642154,0.00569719,0.00578637,0.175081,0.00232622,0.00236532,0.00169529,0.0374443,0.0372483
13.901,0.006436,0.00571827,0.00580473,0.175589,0.00235803,0.00240931,0.00173374,0.037639,0.0373823
13.951,0.00644436,0.00573289,0.00581789,0.176066,0.00239096,0.00240947,0.00174291,0.0377307,0.0376113
14.001,0.006445,0.00573722,0.00582238,0.176687,0.00237821,0.00238503,0.00171583,0.0374668,0.0373371
14.051,0.00645098,0.00574219,0.00582666,0.177229,0.00232744,0.00235722,0.00169427,0.037401,0.0372675
14.101,0.00647257,0.00576321,0.00584483,0.177757,0.00235572,0.0023913,0.00173308,0.0375664,0.0373491
14.151,0.0064886,0.00577786,0.00585781,0.178266,0.00238889,0.00239787,0.0017421,0.0376117,0.0374793
14.201,0.00649417,0.00578234,0.00586221,0.178832,0.00237411,0.00238023,0.0017139,0.0374701,0.0373155
14.251,0.0064958,0.00578806,0.0058669,0.179369,0.00232346,0.00235743,0.00169392,0.0374262,0.0372373
14.301,0.00650933,0.0058094,0.00588503,0.17988,0.00235484,0.00239956,0.00173265,0.0376195,0.0373796
14.351,0.00651706,0.00582424,0.00589808,0.180361,0.00238784,0.00240209,0.00174213,0.0377123,0.0376179
14.401,0.00651759,0.00582861,0.00590258,0.180978,0.00237472,0.00238076,0.00171514,0.0374646,0.0373528
14.451,0.00652379,0.00583434,0.00590736,0.181522,0.00232825,0.0023615,0.0016959,0.0374136,0.037292
14.501,0.00654467,0.00585586,0.00592536,0.182052,0.00235456,0.00239541,0.0017348,0.0375842,0.0373778
14.551,0.00656003,0.00587087,0.00593822,0.182563,0.00238955,0.00240003,0.00174384,0.0376327,0.0375125
14.601,0.00656543,0.00587536,0.00594258,0.18313,0.00237511,0.00238039,0.00171536,0.0374924,0.0373499
14.651,0.0065669,0.00588095,0.00594715,0.183669,0.0023244,0.00235289,0.0016947,0.037453,0.0372752
14.701,0.00657966,0.00590233,0.00596497,0.184179,0.00235412,0.00239153,0.00173292,0.0376587,0.0374248
14.751,0.00658668,0.00591708,0.00597774,0.184659,0.00238581,0.00239527,0.00174196,0.0377615,0.0376798
14.801,0.00658697,0.00592123,0.00598211,0.185277,0.0023719,0.00237677,0.00171467,0.0375158,0.0374115
14.851,0.00659247,0.00592637,0.00598629,0.185823,0.00231794,0.0023503,0.00169269,0.0374569,0.0373432
14.901,0.00661256,0.00594789,0.00600388,0.186353,0.00234225,0.00238274,0.0017313,0.0376388,0.0374324
14.951,0.00662738,0.00596287,0.00601639,0.186865,0.002379,0.00238799,0.00174009,0.0376929,0.0375728
15.001,0.00663278,0.00596733,0.00602058,0.187436,0.0023648,0.00236875,0.00171133,0.0375491,0.0374081
15.051,0.00663367,0.00597239,0.0060246,0.187975,0.00231046,0.00233431,0.00168838,0.0375059,0.0373333
15.101,0.00664576,0.00599358,0.00604206,0.188488,0.00233949,0.00237113,0.00172678,0.0377142,0.037491
15.151,0.00665246,0.00600825,0.0060546,0.18897,0.0023716,0.00237816,0.00173614,0.0378193,0.0377512
15.201,0.00665296,0.00601242,0.00605895,0.189585,0.00236013,0.00236412,0.00170938,0.0375861,0.0374916
15.251,0.00665893,0.00601836,0.0060636,0.190134,0.00231268,0.00234702,0.00169028,0.0375369,0.0374313
15.301,0.00667844,0.00604018,0.00608098,0.190666,0.0023362,0.00238117,0.0017293,0.0377226,0.0375266
15.351,0.0066929,0.00605546,0.00609336,0.19118,0.00237509,0.00238498,0.00173839,0.0377803,0.0376677
15.401,0.00669826,0.00606006,0.00609754,0.191751,0.00236209,0.00236553,0.00170977,0.0376369,0.0375023
15.451,0.00669963,0.00606557,0.00610197,0.192291,0.00231441,0.00233449,0.00168899,0.0376056,0.0374366
15.501,0.00671127,0.00608675,0.00611919,0.192804,0.00234232,0.00236845,0.00172728,0.0378178,0.0376016
15.551,0.00671765,0.00610137,0.00613158,0.193287,0.00237335,0.00237735,0.00173658,0.0379269,0.0378706
15.601,0.00671823,0.00610541,0.00613587,0.193902,0.00236249,0.00236558,0.00170976,0.0376949,0.0376105
15.651,0.00672426,0.00611133,0.00614042,0.194452,0.00231376,0.0023463,0.00169035,0.03764,0.0375447
15.701,0.00674333,0.00613316,0.00615745,0.194983,0.00233532,0.00237879,0.00172897,0.0378415,0.0376433
15.751,0.00675752,0.00614845,0.00616954,0.195497,0.00237494,0.00238315,0.0017377,0.0379021,0.0377902
15.801,0.006763,0.00615305,0.00617358,0.196073,0.002361,0.00236375,0.00170874,0.0377477,0.0376131
15.851,0.00676399,0.00615803,0.00617747,0.196613,0.00230821,0.00232542,0.00168554,0.0377048,0.0375419
15.901,0.0067753,0.00617902,0.00619441,0.197129,0.00233519,0.00235745,0.00172389,0.0379186,0.0377123
15.951,0.00678157,0.00619357,0.00620661,0.197616,0.0023671,0.00236959,0.00173348,0.0380223,0.037983
16.001,0.00678237,0.00619765,0.00621089,0.198227,0.00235909,0.00236134,0.00170716,0.037795,0.0377296
16.051,0.00678794,0.0062033,0.00621496,0.198779,0.00230538,0.00233813,0.00168583,0.0377313,0.037652
16.101,0.00680652,0.00622515,0.00623167,0.19931,0.00232624,0.00237095,0.00172459,0.0379371,0.037756
16.151,0.00682042,0.00624055,0.00624351,0.199825,0.00236747,0.00237523,0.00173345,0.037998,0.0379085
16.201,0.00682605,0.00624531,0.00624745,0.200403,0.00235483,0.00235704,0.00170469,0.0378348,0.0377206
16.251,0.00682761,0.00625093,0.00625176,0.200944,0.00230951,0.00232499,0.00168413,0.0377977,0.0376561
16.301,0.00683861,0.00627196,0.00626852,0.201464,0.00233654,0.00235623,0.00172282,0.0380052,0.0378272
16.351,0.00684484,0.00628662,0.00628065,0.201957,0.00236893,0.00237088,0.00173289,0.038101,0.0380883
16.401,0.00684592,0.00629084,0.00628495,0.202561,0.00236292,0.002365,0.00170701,0.0378849,0.0378456
16.451,0.00685206,0.00629719,0.00628942,0.203114,0.00231426,0.00234828,0.00168804,0.037828,0.0377662
16.501,0.00687034,0.00631933,0.00630592,0.203643,0.00233381,0.00238081,0.00172663,0.0380436,0.037882
16.551,0.00688404,0.00633489,0.00631753,0.204156,0.00237483,0.00238341,0.00173505,0.0381042,0.0380451
16.601,0.0068896,0.0063396,0.00632127,0.204739,0.00236078,0.00236311,0.0017056,0.0379239,0.03783
16.651,0.00689119,0.00634505,0.00632539,0.205283,0.00231407,0.00232898,0.00168443,0.0378733,0.0377551
16.701,0.0069019,0.00636599,0.00634187,0.205804,0.00233987,0.00235761,0.0017227,0.0380841,0.0379249
16.751,0.00690781,0.00638055,0.00635374,0.206296,0.00237128,0.00237295,0.00173234,0.0381792,0.038195
16.801,0.00690885,0.00638459,0.00635785,0.206899,0.00236653,0.00236863,0.00170617,0.0379578,0.0379428
16.851,0.00691451,0.00639061,0.00636174,0.207453,0.00231157,0.0023488,0.00168492,0.0378829,0.0378441
16.901,0.0069324,0.00641298,0.00637798,0.207986,0.0023305,0.00238203,0.0017236,0.0380979,0.0379586
16.951,0.00694587,0.00642883,0.00638939,0.2085,0.00237345,0.00238379,0.00173222,0.0381543,0.0381227
17.001,0.00695158,0.00643382,0.00639304,0.209085,0.00236122,0.00236404,0.00170316,0.0379618,0.0378903
17.051,0.00695299,0.00643895,0.00639664,0.209627,0.00231019,0.00232642,0.00168008,0.0379014,0.0378012
17.101,0.00696347,0.00645987,0.00641284,0.21015,0.00233528,0.00235429,0.0017185,0.038118,0.0379729
17.151,0.00696941,0.00647449,0.00642451,0.210645,0.00236744,0.00237001,0.00172845,0.0382105,0.0382351
17.201,0.00697082,0.00647865,0.00642853,0.211245,0.0023672,0.00236928,0.00170287,0.0379832,0.0379808
17.251,0.0069772,0.00648553,0.00643279,0.2118,0.00231849,0.00235995,0.00168454,0.0379107,0.0378765
17.301,0.006995,0.00650834,0.00644887,0.212332,0.00233731,0.00239268,0.00172347,0.0381303,0.0380056
17.351,0.00700849,0.00652463,0.00646016,0.212844,0.00238218,0.00239402,0.00173248,0.0381852,0.0381791
17.401,0.00701438,0.00652992,0.00646373,0.213434,0.00237018,0.00237329,0.00170369,0.0379677,0.0379098
17.451,0.00701645,0.00653561,0.00646765,0.213977,0.00232393,0.00234147,0.00168288,0.0379057,0.0378145
17.501,0.00702703,0.00655675,0.00648369,0.214502,0.00234796,0.0023685,0.00172115,0.0381265,0.0379834
17.551,0.00703293,0.00657155,0.00649518,0.214997,0.00238005,0.00238365,0.00173082,0.0382111,0.0382408
17.601,0.00703431,0.00657575,0.006499,0.215597,0.00238105,0.00238339,0.00170485,0.0379617,0.0379714
17.651,0.00704068,0.00658275,0.00650303,0.216152,0.00233021,0.00237345,0.00168607,0.0378706,0.0378474
17.701,0.00705843,0.00660588,0.00651885,0.216681,0.00234803,0.00240701,0.00172464,0.0381087,0.0379832
17.751,0.00707195,0.00662245,0.00652984,0.217189,0.00239285,0.00240611,0.00173309,0.0381668,0.0381685
17.801,0.00707802,0.00662786,0.0065331,0.217787,0.00237957,0.00238347,0.00170375,0.0379064,0.0378503
17.851,0.00707971,0.00663322,0.00653636,0.21833,0.00232637,0.00234754,0.00168056,0.0378202,0.0377289
17.901,0.00709014,0.00665463,0.0065522,0.218856,0.0023501,0.00237416,0.00171891,0.0380458,0.0378968
17.951,0.00709602,0.0066697,0.00656348,0.219351,0.00238292,0.00238865,0.00172868,0.0381249,0.038158
18.001,0.00709758,0.00667404,0.00656711,0.219951,0.00238755,0.00239005,0.00170299,0.0378536,0.0378675
18.051,0.00710369,0.00668091,0.00657052,0.220506,0.00233162,0.00237795,0.00168231,0.0377388,0.0377151
18.101,0.00712132,0.00670436,0.00658608,0.221035,0.00234955,0.00241255,0.00172102,0.0379872,0.0378509
18.151,0.00713489,0.00672141,0.00659688,0.221542,0.00239696,0.00241107,0.00172995,0.0380405,0.0380401
18.201,0.00714128,0.00672738,0.00660003,0.222146,0.00238557,0.00238985,0.00170141,0.0377399,0.0376863
18.251,0.00714358,0.00673374,0.00660364,0.22269,0.00233916,0.00236319,0.00168126,0.0376473,0.037556
18.301,0.00715399,0.00675558,0.00661937,0.223218,0.00236299,0.00238999,0.00171992,0.0378679,0.0377274
18.351,0.00715996,0.00677122,0.00663059,0.223714,0.00239697,0.00240478,0.00173016,0.0379352,0.0379886
18.401,0.0071618,0.00677604,0.00663411,0.224311,0.00240462,0.00240709,0.00170493,0.0376425,0.0376745
18.451,0.00716862,0.00678384,0.00663778,0.224869,0.00235379,0.00240209,0.00168664,0.0375146,0.0374986
18.501,0.00718653,0.0068079,0.00665321,0.225395,0.00237182,0.00243773,0.00172516,0.0377758,0.0376394
18.551,0.00720035,0.00682555,0.00666383,0.2259,0.00241945,0.00243459,0.00173391,0.037822,0.0378357
18.601,0.00720684,0.00683195,0.00666674,0.226509,0.00240563,0.00241081,0.00170507,0.0374749,0.0374258
18.651,0.00720919,0.00683856,0.00667011,0.227053,0.00235608,0.00238353,0.00168451,0.0373568,0.0372694
18.701,0.00721968,0.00686083,0.00668565,0.227581,0.00237834,0.00241028,0.0017227,0.0375874,0.0374347
18.751,0.00722561,0.00687687,0.00669661,0.228075,0.00241235,0.00242212,0.0017324,0.0376443,0.0376992
18.801,0.0072274,0.00688183,0.00669984,0.228675,0.00242116,0.00242421,0.00170679,0.037316,0.0373495
18.851,0.00723381,0.00688962,0.00670284,0.229233,0.00236286,0.0024165,0.00168613,0.0371535,0.0371336
18.901,0.00725168,0.00691437,0.00671811,0.229759,0.00238158,0.00245494,0.00172469,0.037423,0.0372766
18.951,0.00726557,0.00693271,0.00672852,0.230263,0.00242983,0.00244901,0.00173339,0.0374659,0.0374702
19.001,0.00727221,0.00693961,0.00673118,0.230877,0.00241602,0.00242274,0.00170458,0.0370721,0.037019
19.051,0.00727427,0.00694615,0.00673388,0.231421,0.00236034,0.0023928,0.00168194,0.0369243,0.0368323
19.101,0.00728468,0.00696895,0.00674924,0.231949,0.00238267,0.00242042,0.00172024,0.0371603,0.0369978
19.151,0.00729069,0.00698569,0.00676003,0.232445,0.00241798,0.00243089,0.00173029,0.0372045,0.037264
19.201,0.00729276,0.00699126,0.00676312,0.233045,0.00243053,0.00243413,0.00170526,0.0368502,0.0368869
19.251,0.00729989,0.00700032,0.00676644,0.233604,0.00237887,0.00243851,0.00168752,0.036682,0.0366553
19.301,0.00731799,0.00702601,0.00678164,0.234129,0.00239903,0.00247868,0.00172633,0.0369559,0.0368099
19.351,0.00733217,0.00704524,0.00679194,0.234633,0.0024477,0.00246937,0.00173524,0.0369833,0.0370063
19.401,0.00733903,0.00705283,0.00679442,0.235252,0.00243244,0.00244032,0.00170649,0.0365455,0.0365065
19.451,0.00734178,0.00706042,0.00679737,0.235795,0.00237974,0.00241835,0.001686,0.0363927,0.0363078
19.501,0.00735259,0.00708403,0.00681261,0.236325,0.00240083,0.00244623,0.00172408,0.0366361,0.036463
19.551,0.00735888,0.00710155,0.00682325,0.236819,0.00243653,0.00245338,0.00173397,0.0366742,0.0367274
19.601,0.00736102,0.00710759,0.00682613,0.237418,0.00245105,0.00245457,0.00170872,0.0362902,0.0363201
19.651,0.00736838,0.00711706,0.00682921,0.237977,0.00239793,0.00245906,0.00169055,0.0360947,0.0360609
19.701,0.00738697,0.00714349,0.00684422,0.238496,0.00241871,0.00250103,0.00172887,0.0363951,0.036235
19.751,0.00740158,0.00716347,0.00685428,0.238992,0.00246744,0.00248917,0.0017374,0.0364284,0.0364614
19.801,0.00740873,0.00717165,0.00685651,0.239622,0.00244771,0.00245718,0.00170827,0.0359296,0.0358855
19.851,0.00741098,0.00717951,0.00685884,0.240166,0.00238649,0.00243354,0.00168548,0.0357382,0.0356501
19.901,0.00742183,0.00720409,0.00687395,0.240699,0.00240791,0.00246356,0.00172359,0.0359779,0.035791
19.951,0.00742814,0.00722269,0.00688446,0.241197,0.00244494,0.00246755,0.00173366,0.0360019,0.0360485
20.001,0.00743029,0.00722957,0.00688724,0.241792,0.00246163,0.00246739,0.00170869,0.0355993,0.0356323
20.051,0.00743735,0.00723943,0.00688977,0.242351,0.00240347,0.00247194,0.00168856,0.0353802,0.0353396
20.101,0.0074561,0.00726684,0.00690462,0.242867,0.00242577,0.00251594,0.00172691,0.0356938,0.0355329
20.151,0.00747098,0.00728775,0.00691452,0.24336,0.00247505,0.00250028,0.0017356,0.0357273,0.0357809
20.201,0.0074784,0.00729669,0.00691662,0.243997,0.00245389,0.00246681,0.00170678,0.0351834,0.0351468
20.251,0.00748116,0.00730603,0.00691931,0.244542,0.00239867,0.00245839,0.00168675,0.0349965,0.0349107
20.301,0.00749208,0.00733209,0.00693438,0.245078,0.002421,0.00249127,0.00172514,0.0352295,0.0350486
20.351,0.00749854,0.00735212,0.00694484,0.245578,0.00245883,0.0024895,0.00173541,0.0352447,0.0353084
20.401,0.00750084,0.00735984,0.00694752,0.246169,0.00247583,0.00248449,0.00171039,0.0348341,0.0348773
20.451,0.00750872,0.00737084,0.00695035,0.246729,0.00242386,0.00250064,0.00169243,0.0346148,0.0345724
20.501,0.00752798,0.00739966,0.00696513,0.247241,0.00244747,0.00254792,0.00173062,0.0349496,0.0347813
20.551,0.00754341,0.00742176,0.00697495,0.247729,0.0024961,0.00252553,0.00173913,0.0349913,0.0350658
20.601,0.00755119,0.00743135,0.00697692,0.248375,0.00247049,0.00248791,0.00171017,0.0343975,0.0343572
20.651,0.00755406,0.00744126,0.00697947,0.24892,0.00241183,0.00248276,0.00168984,0.0341875,0.0341028
20.701,0.00756521,0.00746863,0.00699439,0.249456,0.00243324,0.00251727,0.00172774,0.0344332,0.0342291
20.751,0.00757177,0.00748987,0.00700467,0.249955,0.00247015,0.00250912,0.00173752,0.034446,0.0345002
20.801,0.0075741,0.00749828,0.00700719,0.250545,0.00248752,0.00249912,0.00171209,0.0340165,0.0340533
20.851,0.00758177,0.00750962,0.00700947,0.251104,0.0024305,0.00251452,0.0016918,0.0337756,0.0337171
20.901,0.00760149,0.00753962,0.00702413,0.251617,0.00245629,0.00256222,0.00172993,0.0341271,0.0339268
20.951,0.00761736,0.00756275,0.00703385,0.252102,0.0025044,0.00253582,0.0017385,0.0341839,0.0342302
21.001,0.00762543,0.00757305,0.00703575,0.252752,0.00247551,0.00249572,0.00170965,0.033547,0.0334786
21.051,0.00762797,0.00758341,0.00703777,0.253296,0.00241004,0.0024925,0.00168724,0.0333219,0.0332082
21.101,0.00763932,0.00761209,0.00705254,0.253832,0.00243164,0.00252956,0.00172524,0.033576,0.0333437
21.151,0.00764617,0.00763484,0.00706278,0.254328,0.00247051,0.00251729,0.00173559,0.033595,0.0336479
21.201,0.00764889,0.00764451,0.0070654,0.254919,0.00249209,0.00250476,0.00171104,0.0331648,0.0331895
21.251,0.00765767,0.0076575,0.00706821,0.25548,0.00244632,0.00253425,0.0016938,0.0329415,0.0328485
21.301,0.00767815,0.00768891,0.00708286,0.255994,0.00247419,0.00258401,0.00173212,0.0333054,0.0330593
21.351,0.00769471,0.00771327,0.00709258,0.256477,0.00252091,0.00255196,0.00174087,0.033375,0.0333856
21.401,0.00770325,0.00772456,0.00709447,0.257135,0.00248811,0.00251014,0.0017121,0.0326804,0.0325935
21.451,0.00770654,0.00773656,0.0070969,0.25768,0.00242578,0.00252001,0.0016918,0.0324657,0.03233
21.501,0.0077184,0.00776688,0.00711161,0.258215,0.00244668,0.00255893,0.00172957,0.0327321,0.0324644
21.551,0.00772565,0.00779127,0.00712176,0.25871,0.00248468,0.00254034,0.00173955,0.0327451,0.0327996
21.601,0.00772855,0.00780199,0.00712426,0.259302,0.00250651,0.00251864,0.00171429,0.0322967,0.0323212
21.651,0.00773791,0.00781557,0.00712694,0.259865,0.00246232,0.00254576,0.00169632,0.0320576,0.0319551
21.701,0.00775944,0.0078479,0.00714144,0.260375,0.00249243,0.00259627,0.00173417,0.0324615,0.0321718
21.751,0.007777,0.00787313,0.00715099,0.260849,0.00253762,0.00256077,0.00174239,0.0325555,0.0325638
21.801,0.00778626,0.00788517,0.00715275,0.26152,0.00249526,0.00251878,0.00171304,0.031794,0.0316886
21.851,0.00778932,0.00789818,0.00715466,0.262066,0.00242292,0.00253126,0.00169021,0.0315473,0.0314074
21.901,0.00780171,0.00793021,0.00716925,0.262605,0.00244354,0.00257425,0.00172804,0.0318071,0.0315314
21.951,0.00780954,0.00795655,0.00717936,0.263102,0.00248323,0.00255083,0.00173832,0.0318227,0.0318731
22.001,0.0078129,0.0079689,0.00718195,0.263689,0.0025091,0.00252287,0.00171351,0.0313831,0.0314109
22.051,0.00782252,0.00798333,0.00718426,0.264251,0.00246475,0.00255044,0.00169367,0.0311373,0.0310248
22.101,0.0078449,0.00801696,0.00719863,0.264757,0.00249729,0.00260316,0.00173158,0.0315714,0.0312678
22.151,0.00786346,0.00804339,0.00720817,0.265225,0.00254262,0.00256316,0.00174025,0.0316971,0.0317228
22.201,0.00787367,0.0080563,0.00721005,0.265905,0.00249653,0.00252321,0.00171166,0.0308995,0.0307855
22.251,0.00787788,0.00807137,0.00721252,0.266451,0.00242983,0.00255886,0.00169182,0.0306777,0.030522
22.301,0.00789119,0.00810582,0.00722709,0.266993,0.00245007,0.00260511,0.00172989,0.0309336,0.0306377
22.351,0.00790004,0.00813445,0.00723722,0.267491,0.00249081,0.00257335,0.00174042,0.0309542,0.0309973
22.401,0.00790403,0.0081483,0.00723987,0.268075,0.00252021,0.00253276,0.00171554,0.0305207,0.0305426
22.451,0.00791494,0.00816387,0.00724261,0.268637,0.00248834,0.00256756,0.00169771,0.0302938,0.0301558
22.501,0.00793888,0.0081987,0.00725693,0.26914,0.00252411,0.00261881,0.00173538,0.0307622,0.030413
22.551,0.00795879,0.00822606,0.00726646,0.269602,0.00256473,0.00257493,0.00174392,0.0309154,0.0309269
22.601,0.00796984,0.00823973,0.00726838,0.270291,0.00250928,0.00253751,0.00171524,0.0300577,0.0299209
22.651,0.00797461,0.0082561,0.00727084,0.270838,0.00243899,0.00258056,0.00169506,0.0298243,0.0296551
22.701,0.00798893,0.00829237,0.00728529,0.271381,0.00245717,0.0026275,0.00173259,0.0300912,0.0297629
22.751,0.00799864,0.00832287,0.0072953,0.271875,0.00249654,0.00259004,0.00174266,0.0301199,0.0301718
22.801,0.00800314,0.00833805,0.00729792,0.272459,0.00252841,0.00253929,0.00171737,0.0296844,0.0297077
22.851,0.00801471,0.0083541,0.00730023,0.273022,0.00250094,0.00256894,0.00169713,0.0294471,0.0292889
22.901,0.00804032,0.00838993,0.00731447,0.273527,0.00253972,0.0026196,0.00173477,0.0299378,0.0295379
22.951,0.00806179,0.00841813,0.00732396,0.273987,0.00257622,0.0025727,0.00174339,0.0301175,0.0300993
23.001,0.008074,0.00843248,0.00732594,0.27468,0.00251186,0.00253873,0.00171483,0.029214,0.029057
23.051,0.00807923,0.00844996,0.007328,0.275227,0.00243367,0.00258666,0.00169246,0.0289697,0.0287853
23.101,0.00809484,0.00848814,0.0073423,0.27577,0.00245082,0.00263855,0.0017301,0.0292493,0.0288952
23.151,0.00810579,0.00852074,0.00735227,0.276263,0.00249002,0.00259486,0.0017404,0.0292845,0.0293432
23.201,0.00811129,0.00853766,0.00735496,0.276844,0.0025268,0.00253502,0.00171537,0.0288608,0.0288876
23.251,0.00812464,0.00855527,0.00735779,0.277409,0.0025188,0.00257456,0.00169773,0.0286553,0.0284726
23.301,0.00815212,0.00859223,0.00737201,0.277915,0.00256146,0.00262518,0.00173564,0.0291624,0.0287274
23.351,0.00817535,0.00862132,0.00738156,0.278373,0.00259097,0.00257621,0.00174461,0.0293658,0.0293328
23.401,0.00818881,0.00863647,0.00738366,0.27907,0.00251844,0.00254619,0.00171629,0.0284269,0.0282518
23.451,0.00819561,0.0086559,0.00738621,0.279618,0.0024471,0.00261268,0.00169618,0.0282011,0.028003
23.501,0.00821284,0.00869628,0.00740046,0.280162,0.00246274,0.00266485,0.0017336,0.0284918,0.0281108
23.551,0.00822548,0.00873102,0.00741041,0.280653,0.00249963,0.0026152,0.00174378,0.0285352,0.0286081
23.601,0.00823222,0.00874944,0.00741317,0.281235,0.00253838,0.00254208,0.00171854,0.0281137,0.0281487
23.651,0.00824712,0.00876718,0.00741601,0.281801,0.00254309,0.00257436,0.00170052,0.0279072,0.0277124
23.701,0.00827673,0.00880438,0.00743011,0.282304,0.00258852,0.00262178,0.0017379,0.02846,0.0279681
23.751,0.00830195,0.00883353,0.00743958,0.282755,0.00260988,0.00257248,0.00174648,0.0287061,0.0286518
23.801,0.00831706,0.0088487,0.0074417,0.283462,0.00252622,0.00254902,0.00171796,0.0277058,0.027503
23.851,0.00832488,0.00886922,0.00744384,0.284012,0.00244956,0.00262182,0.00169548,0.027458,0.027246
23.901,0.00834403,0.0089115,0.007458,0.284558,0.00246445,0.00267623,0.0017329,0.0277541,0.0273419
23.951,0.00835855,0.00894824,0.00746791,0.285049,0.00249891,0.00262333,0.00174317,0.0278054,0.0278754
24.001,0.00836664,0.00896823,0.00747071,0.285627,0.00253941,0.00253888,0.00171792,0.0274045,0.0274321
24.051,0.00838283,0.00898599,0.00747318,0.286192,0.00255419,0.00256106,0.0016977,0.0271996,0.0269699
24.101,0.00841466,0.0090233,0.00748716,0.286694,0.00260483,0.00260602,0.00173516,0.027796,0.0272277
24.151,0.00844214,0.0090524,0.00749664,0.287141,0.00261814,0.00255833,0.0017442,0.0280802,0.0279808
24.201,0.00845919,0.00906764,0.00749892,0.287856,0.00252679,0.0025438,0.00171646,0.0270229,0.0267883
24.251,0.00846944,0.00909017,0.00750163,0.288409,0.00246348,0.00263817,0.00169692,0.0267971,0.0265601
24.301,0.00849107,0.00913448,0.00751577,0.288957,0.002479,0.00269481,0.00173461,0.027083,0.0266509
24.351,0.00850822,0.00917311,0.00752573,0.289449,0.00250981,0.00263712,0.00174515,0.0271446,0.0271935
24.401,0.00851848,0.00919453,0.00752862,0.290021,0.00255114,0.00254059,0.00171991,0.0267615,0.0267695
24.451,0.00853734,0.00921242,0.00753155,0.290585,0.00259236,0.0025567,0.00170168,0.02658,0.0263111
24.501,0.00857222,0.0092492,0.00754548,0.291083,0.00264621,0.0025992,0.00173893,0.0272237,0.0265916
24.551,0.00860242,0.00927762,0.00755494,0.291522,0.00264684,0.00255471,0.00174768,0.0275492,0.0274346
24.601,0.00862144,0.00929239,0.00755721,0.292246,0.00254173,0.00254678,0.00171947,0.0264208,0.0261621
24.651,0.00863369,0.00931549,0.00755989,0.2928,0.00248516,0.002642,0.00169938,0.0261846,0.0259358
24.701,0.00865834,0.00936071,0.0075739,0.293349,0.00249886,0.0026982,0.00173656,0.0265008,0.025999
24.751,0.00867829,0.00940031,0.00758375,0.293839,0.0025216,0.0026399,0.0017467,0.0265776,0.0265755
24.801,0.00869045,0.00942244,0.00758665,0.294412,0.0025619,0.00253442,0.00172119,0.026185,0.0261559
24.851,0.00871121,0.00943939,0.00758919,0.294977,0.00262151,0.00253315,0.0017006,0.0259947,0.0256745
24.901,0.00874946,0.00947479,0.00760302,0.295475,0.00268052,0.00257265,0.00173786,0.0266615,0.0259696
24.951,0.00878271,0.00950208,0.00761245,0.295909,0.00266703,0.00253668,0.00174675,0.0270116,0.0269072
25.001,0.00880416,0.00951624,0.00761479,0.29664,0.00255173,0.0025362,0.00171871,0.0258295,0.0255655
25.051,0.00881869,0.0095397,0.00761709,0.297193,0.00250277,0.0026273,0.00169647,0.0255819,0.0253384
25.101,0.00884701,0.00958524,0.00763097,0.297744,0.00251742,0.00268401,0.00173375,0.0259051,0.0253806
25.151,0.00887061,0.0096254,0.00764077,0.298235,0.00253094,0.00262922,0.00174416,0.0259946,0.0259671
25.201,0.00888556,0.00964828,0.00764374,0.298806,0.00256972,0.00252004,0.00171901,0.0256134,0.025557
25.251,0.00890965,0.00966502,0.00764677,0.29937,0.00266604,0.00251549,0.00170106,0.0254602,0.0250944
25.301,0.00895199,0.00969887,0.00766059,0.299865,0.00273034,0.00255322,0.00173863,0.0261482,0.0254314
25.351,0.0089888,0.00972463,0.0076701,0.300293,0.00269959,0.0025254,0.00174807,0.0265368,0.0264634
25.401,0.00901279,0.00973764,0.00767261,0.301029,0.0025749,0.00253167,0.00172062,0.025312,0.0250365
25.451,0.00903061,0.00976139,0.00767542,0.301581,0.00255043,0.00262595,0.00170079,0.0250795,0.0248263
25.501,0.00906339,0.00980688,0.00768926,0.302132,0.00256545,0.00268202,0.00173786,0.0254179,0.0248515
25.551,0.00909113,0.00984703,0.00769902,0.302625,0.0025633,0.00263175,0.00174794,0.0255141,0.0254534
25.601,0.00910888,0.00986987,0.00770197,0.303197,0.00259012,0.00251822,0.00172219,0.0251268,0.0250448
25.651,0.00913503,0.00988426,0.00770455,0.303759,0.00270007,0.00249026,0.00170133,0.0249629,0.024559
25.701,0.00918109,0.00991525,0.00771822,0.30425,0.00276895,0.00252303,0.00173851,0.0257074,0.0249203
25.751,0.00922137,0.00993837,0.00772764,0.304669,0.00272343,0.00250528,0.00174777,0.0261464,0.0260678
25.801,0.00924804,0.00994944,0.00773019,0.305415,0.00258991,0.00251773,0.0017204,0.0248426,0.0245472
25.851,0.00926878,0.00997238,0.00773264,0.305967,0.0025844,0.00259738,0.00169844,0.024587,0.0243308
25.901,0.00930622,0.0100166,0.00774635,0.306521,0.00260195,0.00264936,0.00173556,0.0249257,0.0243342
25.951,0.00933849,0.0100556,0.00775606,0.307014,0.00258544,0.00260759,0.00174586,0.0250333,0.0249532
26.001,0.00935965,0.0100781,0.00775907,0.307582,0.00259961,0.00250037,0.00172041,0.024659,0.0245587
26.051,0.0093886,0.0100905,0.00776171,0.308142,0.00273121,0.0024591,0.00169972,0.0245127,0.0240737
26.101,0.00943844,0.0101179,0.00777526,0.308632,0.00280079,0.00248941,0.00173692,0.0252881,0.0244418
26.151,0.00948211,0.0101378,0.00778464,0.309048,0.00273962,0.00248486,0.00174636,0.0257451,0.0256786
26.201,0.00951156,0.0101468,0.00778726,0.309799,0.00260127,0.00250089,0.00171922,0.0243976,0.0241015
26.251,0.00953584,0.0101688,0.00778976,0.310351,0.00262469,0.00256793,0.00169742,0.0241412,0.0238921
26.301,0.00957798,0.0102112,0.00780335,0.310905,0.00264565,0.00261803,0.00173457,0.0244903,0.0238792
26.351,0.00961502,0.0102487,0.00781303,0.311396,0.00261449,0.002586,0.00174513,0.0246016,0.0245412
26.401,0.0096399,0.0102704,0.00781615,0.311962,0.00261204,0.00248843,0.00172014,0.0242307,0.0241615
26.451,0.00967185,0.0102807,0.00781888,0.312521,0.00276484,0.00243764,0.00169972,0.0240956,0.0236608
26.501,0.00972556,0.0103043,0.00783233,0.313014,0.00283744,0.0024664,0.0017369,0.0248969,0.024002
26.551,0.00977283,0.0103205,0.00784168,0.313426,0.0027604,0.00247218,0.00174638,0.0253894,0.0253061
26.601,0.0098049,0.0103267,0.00784433,0.314179,0.00261889,0.00248814,0.00171926,0.0239935,0.0236885
26.651,0.00983287,0.0103472,0.00784687,0.314732,0.00267538,0.00253997,0.00169749,0.0237343,0.0234789
26.701,0.00988025,0.0103872,0.00786036,0.315285,0.00269938,0.00258743,0.00173461,0.0240962,0.0234743
26.751,0.00992227,0.0104225,0.00786999,0.315773,0.00265061,0.0025672,0.0017452,0.0242234,0.0242014
26.801,0.00995092,0.0104427,0.00787314,0.316341,0.00262642,0.00247749,0.00172017,0.0238572,0.0238083
26.851,0.00998566,0.0104497,0.00787589,0.316902,0.00279497,0.00241761,0.00169969,0.0237328,0.0232852
26.901,0.0100431,0.0104686,0.00788925,0.317398,0.00286637,0.00244581,0.00173684,0.0245493,0.0235913
26.951,0.0100936,0.0104808,0.00789858,0.317809,0.00277243,0.00246311,0.00174651,0.025062,0.0249571
27.001,0.010128,0.0104842,0.00790134,0.318562,0.00263269,0.00247718,0.00171977,0.0236366,0.023322
27.051,0.0101598,0.0105027,0.00790395,0.319117,0.0027232,0.00250998,0.00169819,0.0233698,0.0231209
27.101,0.0102121,0.0105396,0.00791735,0.319671,0.0027503,0.0025533,0.00173526,0.0237356,0.0231115
27.151,0.0102591,0.0105719,0.00792693,0.320157,0.00268517,0.00254482,0.00174581,0.0238735,0.0238884
27.201,0.0102917,0.0105897,0.00793009,0.320722,0.00263685,0.00246826,0.00172067,0.0235152,0.0234902
27.251,0.0103291,0.0105934,0.00793286,0.32128,0.00281601,0.00240495,0.00170006,0.0234056,0.0229553
27.301,0.0103897,0.0106074,0.00794613,0.321779,0.00288829,0.00243351,0.00173718,0.0242486,0.0232239
27.351,0.0104431,0.010615,0.00795545,0.322186,0.00278245,0.0024594,0.00174702,0.0247958,0.0246628
27.401,0.0104796,0.010615,0.0079583,0.322941,0.00264662,0.00246757,0.0017206,0.0233287,0.0229952
27.451,0.0105149,0.0106307,0.00796096,0.323497,0.00277192,0.00247942,0.00169917,0.0230575,0.0227982
27.501,0.0105724,0.0106637,0.00797428,0.324051,0.0028048,0.00251775,0.00173619,0.0234362,0.0227873
27.551,0.0106243,0.0106922,0.00798381,0.324536,0.00272264,0.00252102,0.00174666,0.0235864,0.0236035
27.601,0.0106605,0.0107071,0.00798698,0.325099,0.0026469,0.00246074,0.00172138,0.0232266,0.0231971
27.651,0.0107,0.0107066,0.00798974,0.325657,0.00282844,0.00239993,0.0017006,0.0231253,0.0226424
27.701,0.0107633,0.0107152,0.00800294,0.326157,0.00290059,0.0024301,0.00173768,0.0239821,0.0228981
27.751,0.010819,0.0107181,0.00801222,0.326561,0.00278179,0.00246128,0.00174748,0.0245558,0.024417
27.801,0.0108572,0.0107145,0.00801507,0.327317,0.0026586,0.00245812,0.00172103,0.0230481,0.0227133
27.851,0.0108961,0.0107269,0.00801774,0.327875,0.00282131,0.00244738,0.00169955,0.0227701,0.0225178
27.901,0.0109586,0.0107553,0.00803098,0.328429,0.0028572,0.00248066,0.00173653,0.0231662,0.0224912
27.951,0.0110152,0.0107793,0.00804046,0.328913,0.0027592,0.00249338,0.00174697,0.0233234,0.0233477
28.001,0.0110548,0.0107909,0.00804363,0.329478,0.00265472,0.00245414,0.00172163,0.0229555,0.0229263
28.051,0.0110959,0.0107866,0.0080464,0.330035,0.00283359,0.00240352,0.00170075,0.0228674,0.02236
28.101,0.0111611,0.0107893,0.00805951,0.330535,0.00290035,0.00243741,0.00173779,0.0237425,0.0226187
28.151,0.0112184,0.0107869,0.00806875,0.330932,0.00277584,0.00247042,0.00174761,0.0243547,0.0242351
28.201,0.0112573,0.0107796,0.00807161,0.331691,0.00266271,0.00245073,0.00172115,0.0228151,0.0224705
28.251,0.011299,0.0107883,0.00807428,0.332248,0.00285565,0.00241628,0.00169959,0.0225326,0.0222683
28.301,0.0113656,0.0108111,0.00808743,0.332803,0.00289616,0.00244472,0.00173655,0.0229406,0.0222255
28.351,0.0114261,0.0108301,0.00809683,0.333286,0.00278715,0.00246747,0.00174686,0.0231231,0.0231002
28.401,0.0114685,0.0108381,0.00809995,0.333852,0.00265327,0.00245021,0.00172116,0.0227453,0.0226717
28.451,0.0115104,0.0108299,0.00810268,0.334407,0.00282293,0.00241685,0.00170002,0.0226724,0.0221056
28.501,0.0115765,0.0108268,0.00811569,0.334907,0.00288584,0.00245587,0.00173707,0.0235689,0.0223616
28.551,0.0116344,0.0108193,0.00812488,0.335303,0.00275566,0.00248595,0.00174695,0.0241878,0.0240592
28.601,0.0116738,0.0108086,0.00812777,0.336065,0.00266131,0.0024462,0.00172061,0.022604,0.0222618
28.651,0.0117184,0.0108136,0.00813045,0.336625,0.00288227,0.00239452,0.00169912,0.0223039,0.0220479
28.701,0.0117886,0.0108308,0.0081435,0.33718,0.00292847,0.00241797,0.0017361,0.0227295,0.021988
28.751,0.0118525,0.0108446,0.00815284,0.337661,0.00281055,0.00244715,0.00174646,0.0229204,0.0229014
28.801,0.0118975,0.0108491,0.00815597,0.33823,0.00264909,0.00245024,0.0017208,0.0225356,0.0224524
28.851,0.0119396,0.0108372,0.00815871,0.338784,0.00280163,0.00244035,0.00169964,0.0224706,0.0218825
28.901,0.0120056,0.0108287,0.00817163,0.339285,0.00285856,0.00248471,0.00173668,0.0233842,0.0221205
28.951,0.0120632,0.0108164,0.00818077,0.339678,0.00272919,0.00250662,0.00174661,0.0240393,0.0238857
29.001,0.0121021,0.0108028,0.00818367,0.340441,0.00265401,0.00244587,0.00172035,0.0224221,0.0220514
29.051,0.0121485,0.0108041,0.00818637,0.341002,0.00289171,0.00238324,0.00169887,0.0221123,0.0218389
29.101,0.012221,0.0108158,0.00819933,0.341557,0.00294084,0.0024029,0.00173585,0.0225499,0.0217812
29.151,0.0122872,0.0108246,0.00820858,0.342036,0.00281874,0.00243386,0.00174608,0.0227527,0.022723
29.201,0.0123338,0.0108252,0.00821166,0.342602,0.00263596,0.00245212,0.00172011,0.0223544,0.022258
29.251,0.0123754,0.0108094,0.00821437,0.343153,0.00276465,0.00247097,0.00169869,0.0222937,0.0216808
29.301,0.01244,0.0107958,0.00822719,0.343657,0.00281825,0.00252178,0.00173577,0.023199,0.0219163
29.351,0.0124965,0.0107793,0.00823627,0.344046,0.00269422,0.00253074,0.00174578,0.0238838,0.0237645
29.401,0.0125345,0.0107629,0.0082392,0.344808,0.00264057,0.00244862,0.00171967,0.0222586,0.0219023
29.451,0.0125823,0.0107602,0.00824191,0.345371,0.00289615,0.0023825,0.00169828,0.0219294,0.0216744
29.501,0.0126567,0.0107659,0.00825476,0.345926,0.00294953,0.00239875,0.00173528,0.0223832,0.0215934
29.551,0.0127245,0.0107693,0.00826396,0.346405,0.00282382,0.00242689,0.00174555,0.0226119,0.0225592
29.601,0.0127722,0.0107665,0.00826705,0.346977,0.00262234,0.00246067,0.00171967,0.0222097,0.0220742
29.651,0.0128124,0.0107483,0.00826977,0.34753,0.00272554,0.00251156,0.00169826,0.0221496,0.0215114
29.701,0.0128751,0.0107301,0.00828249,0.348036,0.00277443,0.00256625,0.00173535,0.0230553,0.0217364
29.751,0.0129297,0.0107099,0.00829153,0.348425,0.00265964,0.00255826,0.0017454,0.0237588,0.0236303
29.801,0.0129662,0.0106914,0.00829447,0.349186,0.00262802,0.00245469,0.00171937,0.0221122,0.0217462
29.851,0.0130146,0.0106855,0.00829719,0.34975,0.00288657,0.00239306,0.00169797,0.0217712,0.0215104
29.901,0.0130897,0.0106862,0.00830995,0.350304,0.00294518,0.00240683,0.001735,0.0222377,0.0214311
29.951,0.0131582,0.0106849,0.00831906,0.350782,0.00282264,0.00242727,0.00174514,0.0224772,0.0224135
30.001,0.0132063,0.0106786,0.0083221,0.351355,0.00260534,0.00246777,0.00171894,0.0220583,0.0218981
30.051,0.0132446,0.0106577,0.00832478,0.351904,0.00268176,0.00254905,0.0016973,0.0220099,0.0213391
30.101,0.0133046,0.0106361,0.00833741,0.352409,0.00272811,0.00260814,0.00173442,0.0229208,0.021588
30.151,0.0133564,0.0106129,0.0083464,0.352794,0.0026217,0.00258291,0.00174455,0.0236372,0.0235646
30.201,0.0133907,0.0105926,0.00834935,0.353556,0.00261215,0.00246156,0.00171868,0.0219681,0.0216458
30.251,0.0134389,0.0105833,0.00835209,0.35412,0.0028719,0.00241317,0.00169736,0.0216285,0.0213986
30.301,0.0135141,0.010579,0.00836475,0.354676,0.00293061,0.00242701,0.00173441,0.0221095,0.0212828
30.351,0.0135826,0.0105733,0.00837381,0.355155,0.0028143,0.00243444,0.0017446,0.0223625,0.0222756
30.401,0.0136306,0.0105643,0.00837685,0.355733,0.00258718,0.00247807,0.00171848,0.0219114,0.0217226
30.451,0.013667,0.0105414,0.00837957,0.35628,0.00263832,0.00259431,0.00169701,0.0218893,0.0211819
30.501,0.0137238,0.0105168,0.00839216,0.356787,0.00267965,0.00266124,0.00173449,0.0227642,0.0214586
30.551,0.0137726,0.0104912,0.00840118,0.357175,0.00258739,0.00261511,0.00174505,0.0234651,0.0234569
30.601,0.0138047,0.0104697,0.0084042,0.357928,0.00259388,0.0024761,0.00171947,0.0218406,0.0215515
30.651,0.013852,0.0104578,0.00840696,0.358492,0.00283988,0.0024464,0.00169814,0.0215096,0.0212809
30.701,0.0139257,0.0104492,0.00841954,0.359044,0.00290031,0.00246116,0.00173515,0.0220484,0.0211705
30.751,0.0139932,0.0104397,0.00842855,0.35952,0.00279548,0.00245182,0.0017453,0.022329,0.0222222
30.801,0.0140405,0.0104286,0.00843159,0.360107,0.00256445,0.00249266,0.00171908,0.0218265,0.0216108
30.851,0.0140744,0.0104052,0.00843466,0.360658,0.00259161,0.00264,0.00169966,0.0218172,0.0210769
30.901,0.0141267,0.0103789,0.0084472,0.361167,0.00262564,0.00270989,0.00173701,0.022689,0.021329
30.951,0.0141714,0.0103521,0.00845618,0.36156,0.00255175,0.00264238,0.00174736,0.0233744,0.0233246
31.001,0.0142009,0.0103302,0.00845918,0.362309,0.00257515,0.00248879,0.00172147,0.0217479,0.0214549
31.051,0.0142473,0.0103163,0.00846191,0.362874,0.00280739,0.00248266,0.00169981,0.0214124,0.0211715
31.101,0.0143191,0.0103044,0.00847444,0.363423,0.00286612,0.00249938,0.00173673,0.0219784,0.0210791
31.151,0.0143848,0.010292,0.00848337,0.363897,0.00277249,0.00247031,0.00174657,0.0222768,0.0221795
31.201,0.0144309,0.0102791,0.00848633,0.364491,0.00254274,0.00250231,0.0017198,0.0217342,0.0214963
31.251,0.0144612,0.0102554,0.00848896,0.36504,0.00253548,0.00265817,0.00169755,0.0217239,0.0209543
31.301,0.0145084,0.0102288,0.00850135,0.365548,0.00256392,0.00273371,0.00173463,0.0226219,0.0212035
31.351,0.0145484,0.0102018,0.00851019,0.365942,0.00250746,0.00265087,0.00174478,0.0233077,0.0232333
31.401,0.0145746,0.01018,0.00851316,0.366688,0.00254649,0.0024902,0.00171893,0.0216786,0.0213804
31.451,0.0146199,0.010164,0.0085159,0.367255,0.00276871,0.00251682,0.00169759,0.0213426,0.0210928
31.501,0.0146898,0.0101495,0.00852838,0.367808,0.00282912,0.00253888,0.00173497,0.0218642,0.0209867
31.551,0.0147538,0.0101347,0.0085373,0.368285,0.00274775,0.00249084,0.00174521,0.022167,0.0220558
31.601,0.0147984,0.0101202,0.00854028,0.368879,0.00251885,0.00250914,0.00171862,0.0216147,0.0213483
31.651,0.0148252,0.0100969,0.00854291,0.369422,0.00248965,0.00268026,0.00169634,0.0216296,0.0208426
31.701,0.0148674,0.0100705,0.0085552,0.369929,0.00251226,0.00276223,0.00173346,0.0225409,0.0211036
31.751,0.014903,0.0100439,0.008564,0.370324,0.00247346,0.00266436,0.00174374,0.0232478,0.0231353
31.801,0.0149262,0.010023,0.00856697,0.371065,0.00252416,0.0024955,0.00171805,0.0216203,0.0213101
31.851,0.0149695,0.0100071,0.00857008,0.371632,0.0027218,0.00255276,0.00169897,0.0212936,0.0210212
31.901,0.0150359,0.00999135,0.00858248,0.372181,0.00277881,0.00257898,0.00173628,0.0218653,0.0209405
31.951,0.015097,0.00997553,0.00859135,0.372655,0.00271624,0.00251134,0.00174643,0.0221748,0.0220701
32.001,0.0151401,0.00996058,0.00859432,0.373258,0.00249922,0.00251642,0.00171968,0.0215609,0.0212828
32.051,0.0151642,0.00993814,0.00859693,0.373803,0.00245208,0.00269765,0.00169717,0.0215859,0.0207756
32.101,0.0152015,0.00991311,0.00860916,0.374314,0.00247229,0.0027821,0.00173426,0.0224727,0.0210163
32.151,0.0152326,0.00988794,0.00861791,0.374714,0.00244918,0.00266828,0.00174447,0.0231575,0.023039
32.201,0.015253,0.00986828,0.00862088,0.375448,0.00250572,0.00249911,0.00171869,0.0215651,0.0212514
32.251,0.0152935,0.00985225,0.0086236,0.376014,0.00266877,0.00257135,0.00169709,0.0212209,0.0209389
32.301,0.0153562,0.00983638,0.00863584,0.376557,0.00272488,0.00260242,0.00173414,0.021872,0.0208877
32.351,0.0154143,0.00982051,0.00864458,0.377026,0.00268279,0.00251811,0.00174407,0.0222177,0.0220913
32.401,0.0154554,0.00980584,0.00864751,0.377642,0.0024762,0.00251046,0.0017173,0.0215148,0.0211791
32.451,0.0154763,0.00978441,0.00865014,0.378187,0.00241485,0.00270704,0.00169506,0.0215288,0.0206797
32.501,0.0155087,0.00976121,0.00866231,0.3787,0.00243382,0.00279361,0.00173259,0.0223647,0.0209602
32.551,0.0155356,0.00973796,0.00867106,0.379103,0.00242568,0.00266521,0.0017432,0.0230123,0.0230013
32.601,0.0155532,0.00971978,0.00867405,0.37983,0.00248457,0.00249876,0.00171762,0.0214808,0.0212439
32.651,0.0155915,0.00970413,0.00867678,0.380397,0.00262111,0.00259339,0.00169602,0.0211621,0.0209031
32.701,0.0156503,0.00968877,0.00868892,0.380938,0.00267514,0.00263072,0.00173313,0.0218495,0.0208425
32.751,0.0157052,0.00967341,0.0086976,0.381403,0.00264937,0.00253034,0.00174315,0.0222203,0.0221157
32.801,0.0157446,0.00965945,0.00870054,0.382029,0.00245703,0.00250699,0.00171653,0.0214434,0.0210943
32.851,0.0157629,0.00964081,0.0087035,0.382576,0.00239076,0.00270058,0.00169639,0.0214636,0.0206349
32.901,0.0157903,0.00962066,0.00871555,0.383091,0.00240552,0.00279049,0.0017335,0.0222943,0.0208949
32.951,0.0158125,0.00960009,0.00872418,0.3835,0.00240873,0.00265598,0.00174363,0.0229192,0.0229097
33.001,0.0158275,0.00958387,0.00872711,0.384218,0.00246805,0.00249664,0.00171765,0.0214283,0.0212178
33.051,0.0158638,0.00956889,0.0087298,0.384787,0.00258256,0.00261655,0.00169583,0.0211037,0.0208576
33.101,0.0159192,0.00955462,0.00874185,0.385327,0.00263411,0.00265891,0.00173294,0.0217998,0.0208202
33.151,0.015971,0.00954025,0.00875046,0.385791,0.00261865,0.00254599,0.00174279,0.0221769,0.022124
33.201,0.0160078,0.00952718,0.00875334,0.386422,0.00244123,0.00250678,0.00171586,0.0213835,0.0210216
33.251,0.0160231,0.00951039,0.00875592,0.386966,0.00236269,0.00269689,0.00169329,0.0214006,0.0205705
33.301,0.0160459,0.0094931,0.00876786,0.387482,0.00237639,0.00278814,0.00173053,0.0222175,0.0208273
33.351,0.016064,0.00947534,0.00877641,0.387899,0.00239031,0.00264625,0.00174075,0.0228041,0.0227761
33.401,0.0160767,0.00946138,0.00877931,0.388604,0.00244965,0.00249203,0.00171484,0.021384,0.0211818
33.451,0.016111,0.00944765,0.00878201,0.389169,0.00254535,0.0026349,0.00169326,0.0211042,0.0208066
33.501,0.0161629,0.00943496,0.008794,0.389709,0.00258969,0.00268413,0.00173082,0.0217923,0.0207976
33.551,0.0162114,0.00942227,0.00880259,0.390174,0.00258682,0.00255325,0.00174108,0.0221889,0.0220995
33.601,0.0162461,0.00941069,0.0088055,0.39081,0.00242533,0.00249913,0.00171442,0.0213631,0.0209524
33.651,0.0162591,0.00939645,0.00880809,0.391353,0.00234358,0.00268176,0.00169191,0.021375,0.0205274
33.701,0.0162777,0.00938274,0.00881992,0.39187,0.00235813,0.0027711,0.0017292,0.0221901,0.0207876
33.751,0.0162922,0.00936838,0.00882841,0.392295,0.00237966,0.00262444,0.00173955,0.0227346,0.0226663
33.801,0.0163027,0.0093568,0.00883134,0.392988,0.00243462,0.00248025,0.00171383,0.0213962,0.0211901
33.851,0.0163347,0.00934553,0.00883436,0.393557,0.00250885,0.00263064,0.00169437,0.0211152,0.0208001
33.901,0.0163826,0.00933579,0.00884622,0.394091,0.00255063,0.00268228,0.00173153,0.0218942,0.0208053
33.951,0.0164282,0.00932559,0.00885468,0.394551,0.00256524,0.00254783,0.00174134,0.022311,0.0221734
34.001,0.0164616,0.00931569,0.00885753,0.395202,0.00241499,0.00248686,0.00171429,0.0213697,0.0208831
34.051,0.0164727,0.00930375,0.00886009,0.395747,0.00233107,0.0026641,0.00169156,0.0213586,0.0204804
34.101,0.0164875,0.00929374,0.00887184,0.396267,0.0023466,0.00275123,0.00172885,0.0221115,0.0207817
34.151,0.0164987,0.00928265,0.00888026,0.396701,0.00237241,0.00260768,0.00173908,0.0226154,0.0225718
34.201,0.016508,0.00927322,0.00888313,0.397381,0.00242531,0.00247234,0.00171308,0.0213425,0.0211868
34.251,0.0165387,0.00926334,0.00888579,0.397947,0.00247645,0.00262946,0.0016912,0.021077,0.0207682
34.301,0.0165836,0.00925623,0.00889753,0.398477,0.00251457,0.00268504,0.00172849,0.0218917,0.0208009
34.351,0.0166264,0.00924845,0.00890591,0.398933,0.00253929,0.00254148,0.00173838,0.0223469,0.0222586
34.401,0.0166587,0.00924049,0.00890872,0.399595,0.002401,0.00247193,0.00171141,0.0213238,0.0208438
34.451,0.0166686,0.0092309,0.0089113,0.400139,0.00231792,0.00265068,0.00168895,0.0213409,0.0204617
34.501,0.0166803,0.00922431,0.00892299,0.400663,0.00233514,0.00273901,0.0017267,0.0220578,0.0207326
34.551,0.0166887,0.00921648,0.00893139,0.401104,0.00236533,0.00259363,0.00173737,0.0225187,0.022452
34.601,0.0166965,0.00920927,0.0089343,0.401771,0.00241333,0.00246405,0.00171161,0.021325,0.0211622
34.651,0.0167258,0.00920151,0.00893696,0.402333,0.00244934,0.00262334,0.0016898,0.0210759,0.0207391
34.701,0.0167676,0.00919742,0.00894859,0.402858,0.00248527,0.00268247,0.00172714,0.0219351,0.020835
34.751,0.0168084,0.00919234,0.00895689,0.403307,0.00252038,0.00253228,0.00173696,0.0224208,0.0223835
34.801,0.0168403,0.00918627,0.00895967,0.403982,0.00239216,0.00245614,0.00170984,0.0213123,0.0208259
34.851,0.0168498,0.00917963,0.00896253,0.40453,0.00231449,0.00261954,0.00168935,0.0213136,0.0204588
34.901,0.0168591,0.00917684,0.00897408,0.405054,0.00233168,0.00270761,0.00172674,0.0220429,0.0207128
34.951,0.0168653,0.00917235,0.00898237,0.405498,0.00236267,0.0025644,0.00173699,0.0224801,0.0224408
35.001,0.0168719,0.00916724,0.00898523,0.406162,0.00240534,0.00244934,0.00171094,0.0213148,0.0211777
35.051,0.0168999,0.00916137,0.00898787,0.406726,0.00242891,0.00261241,0.00168899,0.0210736,0.0207309
35.101,0.0169394,0.00916037,0.00899941,0.407248,0.00246335,0.00267325,0.00172636,0.0219485,0.0208626
35.151,0.0169784,0.009158,0.00900765,0.4077,0.00250453,0.00252008,0.00173626,0.0224222,0.0223912
35.201,0.0170096,0.00915371,0.00901043,0.408378,0.00238643,0.00244256,0.00170927,0.0212814,0.0207758
35.251,0.0170184,0.00914888,0.00901298,0.408925,0.00230478,0.00258932,0.00168656,0.0212743,0.0204217
35.301,0.0170259,0.00914947,0.00902442,0.409451,0.00232313,0.00267602,0.00172406,0.0219968,0.0206859
35.351,0.0170308,0.00914799,0.00903265,0.4099,0.0023556,0.00254027,0.00173457,0.0223882,0.0223899
35.401,0.0170375,0.00914477,0.00903554,0.410556,0.00239965,0.00243559,0.00170892,0.0212807,0.0211671
35.451,0.0170654,0.00914073,0.00903822,0.411118,0.00241858,0.00260521,0.00168732,0.0210779,0.0207069
35.501,0.0171039,0.00914269,0.0090497,0.41164,0.00245174,0.00267209,0.00172511,0.0219172,0.0208907
35.551,0.0171417,0.00914287,0.00905792,0.412093,0.00249595,0.00251674,0.00173534,0.0224058,0.022406
35.601,0.0171721,0.00914026,0.00906073,0.412773,0.00238328,0.0024328,0.00170849,0.0212465,0.0207428
35.651,0.0171805,0.00913744,0.00906327,0.413316,0.00230133,0.00256927,0.00168572,0.0212845,0.0203995
35.701,0.017187,0.00914117,0.00907462,0.41384,0.00231977,0.00264959,0.00172324,0.0220152,0.0206937
35.751,0.0171911,0.00914255,0.0090828,0.41429,0.00235305,0.00251818,0.00173384,0.0223771,0.0224282
35.801,0.0171976,0.00914108,0.0090857,0.414944,0.00239737,0.00242155,0.00170831,0.0212986,0.0212192
35.851,0.0172251,0.0091394,0.00908868,0.415511,0.00241432,0.00258207,0.00168879,0.0210896,0.0207332
35.901,0.0172626,0.00914444,0.00910004,0.416028,0.00244802,0.00264933,0.00172618,0.022021,0.0209233
35.951,0.0173004,0.00914717,0.00910815,0.416479,0.0024998,0.0024995,0.00173593,0.0225132,0.0224895
36.001,0.0173312,0.00914606,0.00911089,0.417168,0.00238385,0.00241969,0.00170863,0.021263,0.0207293
36.051,0.0173395,0.00914487,0.0091134,0.417712,0.00229942,0.00254708,0.00168561,0.0212696,0.0203973
36.101,0.0173455,0.00915143,0.00912468,0.418238,0.00231769,0.00263044,0.00172314,0.0219718,0.0206785
36.151,0.0173493,0.0091553,0.00913282,0.418692,0.00235143,0.00250279,0.00173376,0.0223157,0.0223867
36.201,0.0173559,0.00915527,0.00913572,0.41934,0.0023973,0.00241357,0.00170827,0.0212822,0.0212038
36.251,0.0173832,0.00915488,0.00913838,0.419904,0.0024043,0.00256902,0.00168653,0.0210785,0.0206983
36.301,0.0174202,0.00916255,0.00914964,0.420418,0.00243832,0.002637,0.001724,0.0220461,0.0209354
36.351,0.0174576,0.00916754,0.00915767,0.420872,0.00249492,0.00248564,0.00173374,0.0225217,0.022493
36.401,0.0174886,0.00916785,0.00916037,0.421564,0.00237892,0.00240558,0.0017064,0.021246,0.0207009
36.451,0.0174972,0.0091682,0.00916288,0.422109,0.0022938,0.00252932,0.00168355,0.0212754,0.0203861
36.501,0.0175031,0.00917731,0.00917411,0.422637,0.00231229,0.0026089,0.00172149,0.0219408,0.0206761
36.551,0.0175071,0.0091835,0.00918224,0.423095,0.00234744,0.00248343,0.0017325,0.02225,0.0223455
36.601,0.0175147,0.00918476,0.00918515,0.423736,0.00239856,0.00240066,0.00170722,0.0212705,0.0212206
36.651,0.0175423,0.0091859,0.00918781,0.4243,0.00240228,0.00254459,0.00168548,0.0210836,0.0206832
36.701,0.0175795,0.0091961,0.00919898,0.42481,0.00243838,0.00261491,0.001723,0.0220946,0.0209778
36.751,0.0176171,0.0092032,0.00920695,0.425263,0.00249502,0.00246963,0.00173286,0.0225797,0.0225458
36.801,0.0176481,0.00920475,0.00920966,0.425959,0.00237663,0.00239412,0.00170566,0.0212504,0.0206946
36.851,0.0176573,0.0092068,0.00921247,0.426504,0.00229633,0.00251117,0.00168497,0.0212733,0.0204008
36.901,0.017663,0.00921818,0.00922359,0.427031,0.00231338,0.00259018,0.0017225,0.021964,0.0206881
36.951,0.0176671,0.00922635,0.00923163,0.42749,0.00234827,0.00246748,0.0017332,0.022252,0.0223684
37.001,0.0176751,0.00922865,0.00923453,0.428128,0.00239916,0.00239252,0.00170783,0.0212996,0.0212279
37.051,0.017703,0.00923109,0.00923719,0.42869,0.00240043,0.00252817,0.00168604,0.0211192,0.0206846
37.101,0.0177398,0.00924357,0.0092483,0.4292,0.00243639,0.00260164,0.00172354,0.0221286,0.0209924
37.151,0.0177775,0.00925252,0.00925622,0.429654,0.00249643,0.0024588,0.00173337,0.0225862,0.02256
37.201,0.0178093,0.00925511,0.00925892,0.430352,0.00237912,0.002388,0.00170611,0.0212369,0.0206742
37.251,0.017819,0.00925793,0.00926142,0.430894,0.00229192,0.00249498,0.0016831,0.021261,0.0203879
37.301,0.0178255,0.00927132,0.00927244,0.431421,0.00230775,0.00257587,0.00172072,0.0219563,0.0206957
37.351,0.0178303,0.00928127,0.00928044,0.431881,0.00234423,0.00245656,0.00173158,0.0222156,0.0223952
37.401,0.017839,0.00928447,0.00928335,0.432518,0.00240035,0.00238355,0.00170647,0.021284,0.0212485
37.451,0.0178675,0.00928809,0.00928602,0.43308,0.00240411,0.00252095,0.00168495,0.0211455,0.0206849
37.501,0.0179052,0.00930267,0.00929709,0.433589,0.00244052,0.00259577,0.00172283,0.0221559,0.0210262
37.551,0.0179434,0.00931335,0.00930501,0.434048,0.00249688,0.00245344,0.00173293,0.0225869,0.0225605
37.601,0.0179751,0.00931682,0.00930771,0.434746,0.00237911,0.00238216,0.00170573,0.0212206,0.0206665
37.651,0.0179852,0.00932056,0.00931018,0.435288,0.00229153,0.00248234,0.00168262,0.0212676,0.0203875
37.701,0.0179921,0.00933576,0.00932114,0.435814,0.00230615,0.0025628,0.00172025,0.0219725,0.0206974
37.751,0.0179977,0.00934726,0.00932909,0.436275,0.00234348,0.00244238,0.00173116,0.0222186,0.0224147
37.801,0.0180075,0.00935112,0.00933199,0.436909,0.00240345,0.00237583,0.00170614,0.0213031,0.0212649
37.851,0.0180369,0.00935592,0.00933493,0.437472,0.0024115,0.0025,0.00168667,0.0211531,0.020695
37.901,0.0180752,0.00937219,0.0093459,0.437974,0.00245002,0.00257423,0.00172413,0.0222606,0.0210829
37.951,0.0181146,0.00938414,0.00935371,0.438425,0.00250796,0.00243947,0.00173371,0.0227432,0.0227258
38.001,0.0181475,0.00938813,0.00935633,0.439135,0.00238143,0.00237503,0.00170603,0.0212803,0.0206893
38.051,0.0181583,0.00939257,0.00935877,0.439679,0.00229196,0.00247133,0.00168268,0.0212816,0.0204093
38.101,0.0181659,0.00940935,0.00936966,0.440208,0.002305,0.00254919,0.00172029,0.0219614,0.0206922
38.151,0.018172,0.00942217,0.00937755,0.440674,0.00234304,0.00243222,0.00173102,0.0221788,0.0223554
38.201,0.018182,0.00942652,0.00938038,0.441301,0.00240336,0.00236808,0.00170565,0.0213158,0.0212551
38.251,0.0182117,0.00943163,0.00938298,0.441859,0.00240964,0.0024739,0.00168374,0.0211818,0.0206667
38.301,0.018251,0.00944929,0.00939385,0.442357,0.00245314,0.00254676,0.00172134,0.0223175,0.0211136
38.351,0.0182912,0.00946232,0.00940161,0.442807,0.00250502,0.00241944,0.00173117,0.0228008,0.0227896
38.401,0.0183244,0.00946679,0.00940424,0.443521,0.00237614,0.00236417,0.00170389,0.0212847,0.0206848
38.451,0.0183354,0.00947206,0.0094067,0.444066,0.00228901,0.00246505,0.00168097,0.0212857,0.0204124
38.501,0.0183436,0.0094904,0.00941756,0.444597,0.00230207,0.00254572,0.001719,0.0219222,0.0207
38.551,0.0183505,0.00950455,0.00942543,0.445067,0.00234213,0.00242634,0.00173006,0.0221214,0.0223082
38.601,0.0183618,0.00950933,0.00942827,0.445687,0.00240669,0.00236127,0.00170482,0.0212927,0.021247
38.651,0.0183927,0.00951493,0.00943086,0.446243,0.00241968,0.00245694,0.00168294,0.0211714,0.020661
38.701,0.0184336,0.00953382,0.00944165,0.446739,0.00246492,0.00253035,0.00172056,0.022338,0.021147
38.751,0.0184751,0.00954768,0.00944932,0.447186,0.00251233,0.00240745,0.00173025,0.0228323,0.0228765
38.801,0.0185085,0.00955231,0.0094519,0.447904,0.00237538,0.00235782,0.00170273,0.0212768,0.0206937
38.851,0.0185198,0.00955818,0.0094546,0.448449,0.0022925,0.00245377,0.00168177,0.0212578,0.0204327
38.901,0.0185289,0.00957765,0.00946535,0.448979,0.00230358,0.00253539,0.00171943,0.0219353,0.0207032
38.951,0.0185365,0.00959275,0.00947315,0.449448,0.00234347,0.0024188,0.00173023,0.0221324,0.0223373
39.001,0.0185479,0.00959769,0.00947597,0.450065,0.00240777,0.00235741,0.00170498,0.0213396,0.021269
39.051,0.0185794,0.00960354,0.00947855,0.450621,0.00242701,0.00243985,0.00168313,0.0212038,0.0206618
39.101,0.0186216,0.00962334,0.00948928,0.451114,0.0024765,0.00251029,0.00172074,0.0223946,0.0211747
39.151,0.0186638,0.00963779,0.00949691,0.45156,0.00251401,0.00239643,0.00173041,0.0228792,0.022954
39.201,0.0186977,0.00964249,0.00949947,0.452282,0.00237596,0.00235382,0.00170289,0.0212886,0.0207073
39.251,0.0187095,0.00964841,0.00950186,0.452828,0.00229054,0.00244097,0.00167968,0.0212446,0.0204361
39.301,0.0187201,0.00966894,0.00951252,0.453359,0.00230003,0.00252387,0.00171742,0.0219293,0.0206912
39.351,0.0187288,0.00968494,0.00952027,0.453832,0.00234125,0.00240817,0.00172841,0.0220828,0.0222946
39.401,0.0187409,0.00969014,0.00952309,0.454446,0.00240855,0.00235086,0.00170344,0.0213071,0.021241
39.451,0.0187731,0.00969643,0.00952569,0.455,0.00243866,0.00242744,0.00168195,0.0211917,0.0206412
39.501,0.0188171,0.00971714,0.00953639,0.455495,0.00249256,0.00249933,0.00171995,0.0223258,0.0212011
39.551,0.0188607,0.00973223,0.00954403,0.455944,0.00252021,0.00239094,0.00173012,0.0227915,0.0229596
39.601,0.0188944,0.00973702,0.00954663,0.456662,0.00237893,0.0023541,0.00170301,0.0212333,0.0207061
39.651,0.0189064,0.00974326,0.00954904,0.457205,0.00229558,0.00244071,0.00167996,0.0212111,0.0204343
39.701,0.0189186,0.00976489,0.00955965,0.457735,0.00230358,0.00252501,0.00171768,0.0218981,0.0206988
39.751,0.0189289,0.00978176,0.00956735,0.458207,0.00234511,0.0024075,0.00172865,0.0220662,0.022344
39.801,0.0189415,0.00978693,0.00957015,0.458821,0.00241512,0.00234907,0.00170365,0.0213275,0.0212715
39.851,0.0189747,0.00979319,0.009573,0.459379,0.00245905,0.00241413,0.00168417,0.0212184,0.0206484
39.901,0.0190208,0.00981427,0.00958361,0.459866,0.0025193,0.00248143,0.00172173,0.0224684,0.0212631
39.951,0.0190662,0.00982931,0.00959115,0.460305,0.00253562,0.0023828,0.00173132,0.0229864,0.0231678
40.001,0.0191001,0.00983358,0.00959367,0.461035,0.0023812,0.00235319,0.00170366,0.0213098,0.0207518
40.051,0.019112,0.00984005,0.00959603,0.461581,0.00229958,0.00244049,0.00168033,0.0212321,0.0204654
40.101,0.0191256,0.0098627,0.00960658,0.462114,0.00230687,0.00252538,0.00171804,0.0219119,0.0206682
40.151,0.0191368,0.00988036,0.00961422,0.462589,0.00234744,0.00240611,0.00172877,0.0220655,0.0222689
40.201,0.0191493,0.00988562,0.00961695,0.463197,0.0024135,0.00234773,0.00170337,0.0213728,0.0212254
40.251,0.0191823,0.00989147,0.00961946,0.463749,0.0024643,0.00239458,0.00168145,0.0212724,0.0206079
40.301,0.0192301,0.00991278,0.00962998,0.464233,0.00252944,0.00245807,0.00171914,0.0225359,0.0212704
40.351,0.0192763,0.00992791,0.00963747,0.464672,0.00253416,0.002372,0.00172896,0.0230698,0.0232007
40.401,0.0193099,0.00993196,0.00963999,0.465404,0.00237827,0.0023487,0.00170168,0.0213352,0.0207348
40.451,0.0193221,0.00993909,0.00964237,0.465947,0.00230216,0.00244889,0.00167882,0.0212685,0.0204556
40.501,0.0193376,0.00996307,0.0096529,0.466482,0.00230932,0.00253677,0.00171694,0.0219086,0.0206628
40.551,0.019351,0.00998182,0.00966055,0.466958,0.00235163,0.0024098,0.00172818,0.022046,0.0223044
40.601,0.0193645,0.00998723,0.00966332,0.467565,0.00242055,0.00234729,0.00170322,0.021384,0.0212515
40.651,0.0193984,0.00999272,0.00966584,0.468117,0.00248718,0.00238223,0.00168151,0.0212883,0.0206128
40.701,0.019449,0.0100141,0.0096763,0.4686,0.00256049,0.00244137,0.0017192,0.0225958,0.0212679
40.751,0.0194971,0.010029,0.00968375,0.469035,0.00254681,0.00236632,0.001729,0.0231409,0.0232454
40.801,0.0195302,0.0100326,0.00968624,0.469767,0.00238018,0.00234944,0.00170171,0.0213544,0.0207324
40.851,0.0195421,0.01004,0.00968887,0.470309,0.00231342,0.00244968,0.00168093,0.0212441,0.0204496
40.901,0.0195595,0.0100648,0.00969933,0.470839,0.00231845,0.00254002,0.00171861,0.0219599,0.0206758
40.951,0.0195736,0.0100841,0.00970688,0.471311,0.00235551,0.00241406,0.00172928,0.0221125,0.0223884
41.001,0.0195861,0.0100895,0.00970957,0.471918,0.0024164,0.00234912,0.00170378,0.0214579,0.0212799
41.051,0.0196198,0.0100945,0.00971203,0.472469,0.00249575,0.00237027,0.00168179,0.0213674,0.0206071
41.101,0.0196719,0.0101158,0.00972245,0.47295,0.00257559,0.00242569,0.00171947,0.022702,0.0212554
41.151,0.0197212,0.0101303,0.00972985,0.473381,0.00254807,0.0023616,0.00172924,0.0232903,0.0232958
41.201,0.0197542,0.0101334,0.00973232,0.474121,0.00237986,0.00235018,0.00170193,0.0214317,0.0207177
41.251,0.0197663,0.0101409,0.00973464,0.474664,0.00231487,0.00244651,0.00167895,0.0212976,0.0204355
41.301,0.0197858,0.0101664,0.00974502,0.475194,0.00232043,0.00253666,0.00171672,0.0220356,0.0206413
41.351,0.0198013,0.0101865,0.00975253,0.475664,0.00235312,0.00240839,0.00172754,0.022207,0.0223622
41.401,0.0198134,0.010192,0.00975521,0.476271,0.00240633,0.00234575,0.00170228,0.0215164,0.021245
41.451,0.0198473,0.010197,0.00975767,0.47682,0.00250033,0.00235499,0.00168057,0.0214551,0.0205741
41.501,0.0199006,0.0102179,0.00976806,0.477302,0.00258503,0.00240679,0.00171863,0.0228177,0.0212333
41.551,0.0199504,0.0102322,0.00977547,0.477733,0.00253809,0.00235774,0.0017289,0.0234211,0.0232965
41.601,0.0199828,0.0102352,0.00977798,0.47848,0.00237548,0.00235123,0.00170202,0.0214743,0.0207056
41.651,0.0199956,0.0102433,0.00978031,0.479029,0.00232099,0.00244832,0.00167923,0.0213111,0.0204323
41.701,0.0200171,0.0102697,0.00979065,0.479559,0.00232899,0.0025431,0.001717,0.0220844,0.0206203
41.751,0.0200344,0.0102907,0.00979814,0.480024,0.00235651,0.00241493,0.00172799,0.0222552,0.0223848
41.801,0.0200466,0.0102968,0.00980084,0.480622,0.00240469,0.00234937,0.00170301,0.0215624,0.0212322
41.851,0.0200805,0.0103014,0.00980358,0.481165,0.00251597,0.00234636,0.00168357,0.0214959,0.0205494
41.901,0.0201354,0.0103215,0.00981391,0.48164,0.00260661,0.00239187,0.00172116,0.0229337,0.0212829
41.951,0.0201865,0.0103348,0.00982123,0.482053,0.00254555,0.00235823,0.00173078,0.0236527,0.0235963
42.001,0.020219,0.0103371,0.00982364,0.482818,0.00237827,0.00235525,0.00170326,0.021527,0.020772
42.051,0.0202324,0.010346,0.00982591,0.483366,0.0023326,0.00245413,0.00168016,0.0212778,0.0204669
42.101,0.0202567,0.0103733,0.00983622,0.483901,0.00234258,0.00254984,0.00171789,0.0220369,0.0205598
42.151,0.0202763,0.0103952,0.00984367,0.484366,0.00236195,0.00242294,0.00172879,0.0222272,0.0222544
42.201,0.0202885,0.010402,0.00984634,0.484958,0.00240581,0.00235198,0.00170367,0.0215252,0.0211471
42.251,0.0203224,0.010406,0.00984877,0.485496,0.00252813,0.00233142,0.00168194,0.0214466,0.0204731
42.301,0.0203795,0.0104253,0.00985904,0.485966,0.0026265,0.00237246,0.00171961,0.0229082,0.0213216
42.351,0.020432,0.010438,0.00986634,0.486372,0.0025513,0.00235402,0.0017296,0.0236216,0.0238052
42.401,0.0204643,0.0104403,0.00986879,0.487144,0.00238148,0.00235542,0.00170265,0.0214242,0.0208112
42.451,0.0204795,0.0104506,0.00987111,0.48769,0.00235226,0.0024727,0.0016801,0.0211789,0.0204915
42.501,0.0205085,0.0104792,0.00988141,0.48823,0.00236792,0.00256841,0.00171818,0.0218869,0.0205168
42.551,0.0205322,0.0105024,0.00988887,0.488699,0.00237303,0.00243921,0.00172926,0.0220954,0.0221935
42.601,0.0205457,0.0105102,0.00989151,0.489295,0.00241093,0.00235376,0.00170403,0.0214278,0.0210682
42.651,0.0205799,0.0105139,0.00989391,0.489834,0.00255452,0.00232965,0.00168218,0.0214249,0.0203947
42.701,0.02064,0.0105328,0.00990414,0.490295,0.00266323,0.00236556,0.00171985,0.0229549,0.0213644
42.751,0.0206943,0.0105448,0.0099114,0.490684,0.00256788,0.00235478,0.0017298,0.0237968,0.0240936
42.801,0.0207263,0.0105464,0.00991382,0.491471,0.00239067,0.00235984,0.00170282,0.0214908,0.0208592
42.851,0.0207428,0.0105571,0.00991638,0.492021,0.00238414,0.00248104,0.00168236,0.0211869,0.0205285
42.901,0.0207767,0.0105865,0.00992663,0.492561,0.00240087,0.00257965,0.00172001,0.021956,0.0204773
42.951,0.020804,0.0106105,0.00993402,0.493031,0.00238578,0.00245299,0.00173068,0.0221991,0.0221711
43.001,0.0208178,0.0106188,0.00993663,0.493634,0.00241819,0.00235816,0.00170522,0.0214941,0.0210304
43.051,0.0208519,0.010622,0.009939,0.494174,0.00257973,0.00232395,0.0016833,0.0215054,0.020357
43.101,0.0209148,0.0106398,0.0099492,0.494635,0.00269801,0.00235613,0.00172093,0.0230559,0.0213341
43.151,0.0209708,0.0106511,0.00995646,0.495013,0.00257911,0.00235804,0.00173098,0.0239396,0.0242577
43.201,0.0210027,0.0106526,0.00995889,0.49581,0.00239997,0.00236526,0.00170421,0.0215122,0.0208356
43.251,0.0210207,0.0106638,0.00996117,0.496353,0.00240957,0.00247917,0.00168162,0.0211713,0.0204963
43.301,0.0210597,0.0106937,0.00997137,0.496892,0.00243349,0.00257345,0.0017193,0.0219472,0.0204442
43.351,0.0210914,0.0107184,0.00997873,0.49736,0.00239699,0.00246143,0.00173004,0.0222118,0.0221835
43.401,0.0211072,0.0107279,0.00998132,0.497963,0.00242037,0.00235803,0.00170465,0.0214922,0.0210039
43.451,0.0211429,0.0107311,0.00998369,0.498501,0.00261167,0.0023191,0.00168298,0.0215366,0.0203144
43.501,0.0212093,0.0107481,0.0099939,0.498965,0.00273621,0.0023482,0.00172098,0.0230546,0.0212651
43.551,0.0212676,0.0107587,0.0100012,0.499334,0.00259539,0.0023595,0.00173144,0.0240101,0.0242962
43.601,0.0212999,0.0107601,0.0100036,0.500129,0.00241004,0.00236979,0.00170495,0.0215059,0.0208303
43.651,0.0213202,0.0107721,0.0100059,0.500668,0.00244956,0.00248224,0.00168248,0.0211455,0.0204735
43.701,0.0213648,0.0108025,0.0100161,0.501203,0.00248093,0.00257376,0.00172013,0.0219925,0.0204147
43.751,0.0214014,0.0108279,0.0100235,0.501666,0.00241779,0.00247376,0.00173098,0.0222932,0.022226
43.801,0.0214194,0.0108384,0.0100261,0.502273,0.00242798,0.00236149,0.00170579,0.0215337,0.0209995
43.851,0.0214551,0.0108412,0.0100287,0.502812,0.00263188,0.0023185,0.00168627,0.0215739,0.0202954
43.901,0.0215233,0.0108565,0.0100389,0.50327,0.00276067,0.0023437,0.00172379,0.0232324,0.0212535
43.951,0.0215832,0.0108656,0.0100461,0.503621,0.00260186,0.00236644,0.00173377,0.0243275,0.0245801
44.001,0.0216159,0.0108665,0.0100485,0.504443,0.00242021,0.0023768,0.00170697,0.0215797,0.0208649
44.051,0.02164,0.0108798,0.0100508,0.504988,0.00249046,0.0024923,0.00168438,0.0211231,0.0204941
44.101,0.0216902,0.0109109,0.0100609,0.505529,0.00252989,0.00258009,0.00172195,0.0219502,0.0203763
44.151,0.0217322,0.0109371,0.0100683,0.505991,0.00244091,0.00249094,0.00173262,0.022256,0.0221842
44.201,0.0217536,0.0109488,0.0100708,0.50659,0.00243507,0.0023655,0.00170714,0.0215297,0.0209819
44.251,0.021791,0.0109509,0.0100732,0.507126,0.0026502,0.00231176,0.00168525,0.021586,0.0202386
44.301,0.0218615,0.0109647,0.0100833,0.507585,0.00278037,0.00233584,0.00172281,0.0232538,0.0211933
44.351,0.0219231,0.0109727,0.0100905,0.507927,0.0026031,0.00236558,0.00173307,0.0244078,0.0247203
44.401,0.0219573,0.0109734,0.0100929,0.508762,0.00242935,0.00237943,0.00170677,0.0215499,0.0209015
44.451,0.0219876,0.0109877,0.0100953,0.509318,0.00255497,0.0024957,0.00168474,0.0210712,0.0205363
44.501,0.0220458,0.0110191,0.0101054,0.509865,0.00260711,0.00257816,0.00172264,0.0218528,0.0203144
44.551,0.0220946,0.0110458,0.0101128,0.51033,0.00247908,0.00250222,0.00173346,0.0221788,0.0220569
44.601,0.0221204,0.011058,0.0101153,0.510922,0.0024502,0.00236765,0.0017078,0.0214966,0.0208927
44.651,0.0221594,0.0110593,0.0101176,0.511451,0.00268058,0.00230979,0.00168573,0.0215937,0.02016
44.701,0.022233,0.011071,0.0101277,0.511903,0.00281585,0.00233373,0.00172328,0.0233318,0.0212061
44.751,0.0222973,0.0110775,0.0101349,0.512228,0.00262368,0.00236879,0.00173349,0.0245927,0.0250205
44.801,0.022333,0.0110777,0.0101373,0.513077,0.00245082,0.00238371,0.00170714,0.0216095,0.0210171
44.851,0.0223674,0.0110923,0.0101399,0.513639,0.00262074,0.00248727,0.00168718,0.0210543,0.0206039
44.901,0.0224321,0.0111229,0.01015,0.514188,0.00268103,0.00255846,0.00172463,0.0219031,0.0202675
44.951,0.0224871,0.0111493,0.0101573,0.51465,0.00252191,0.0025096,0.00173504,0.022247,0.022068
45.001,0.0225172,0.0111624,0.0101598,0.515244,0.00246752,0.00237114,0.00170912,0.0215281,0.0208866
45.051,0.0225582,0.011163,0.0101621,0.515772,0.0027173,0.00231128,0.00168697,0.0216223,0.0201328
45.101,0.0226348,0.0111723,0.0101722,0.516228,0.00285038,0.00233714,0.00172446,0.023349,0.021112
45.151,0.0227013,0.0111765,0.0101793,0.516546,0.00263873,0.00237658,0.00173455,0.0246566,0.0250655
45.201,0.0227383,0.011176,0.0101817,0.517398,0.00247028,0.00238252,0.00170804,0.021594,0.0210092
45.251,0.0227777,0.0111902,0.010184,0.517955,0.00269139,0.00245436,0.00168581,0.0209929,0.020569
45.301,0.0228498,0.0112192,0.0101941,0.518502,0.00276314,0.00251816,0.00172332,0.0218639,0.0202362
45.351,0.0229119,0.0112446,0.0102013,0.518957,0.00257097,0.00249885,0.00173385,0.0222899,0.0221068
45.401,0.0229477,0.0112581,0.0102038,0.51955,0.00248654,0.0023681,0.00170808,0.0215389,0.0208827
45.451,0.0229925,0.0112576,0.0102061,0.520079,0.00275944,0.00231399,0.00168627,0.0216591,0.0200979
45.501,0.0230728,0.0112641,0.0102162,0.520539,0.00289282,0.00234441,0.00172414,0.0233254,0.021052
45.551,0.0231426,0.0112661,0.0102234,0.520847,0.00266612,0.00238451,0.00173488,0.0247072,0.0251874
45.601,0.0231821,0.0112649,0.0102259,0.5217,0.00250611,0.00238526,0.00170907,0.0215988,0.0210992
45.651,0.0232278,0.0112787,0.0102282,0.522262,0.00279212,0.00243378,0.00168722,0.0209695,0.0206246
45.701,0.0233085,0.0113058,0.0102383,0.522811,0.00287552,0.00248611,0.00172468,0.0218754,0.0201885
45.751,0.0233788,0.0113297,0.0102455,0.523267,0.002649,0.00249201,0.00173507,0.02232,0.02209
45.801,0.0234204,0.0113428,0.010248,0.523862,0.00251546,0.00236979,0.00170908,0.0215814,0.0208309
45.851,0.0234662,0.011341,0.0102505,0.524387,0.00279034,0.0023306,0.00168923,0.0217163,0.0200618
45.901,0.0235482,0.0113443,0.0102606,0.524843,0.00291374,0.00236603,0.00172662,0.0234599,0.0210239
45.951,0.0236196,0.0113436,0.0102677,0.525133,0.00268493,0.00240098,0.00173691,0.0249447,0.0254676
46.001,0.0236609,0.011341,0.0102702,0.526002,0.00253876,0.00238562,0.00171082,0.0216762,0.0212209
46.051,0.0237129,0.0113533,0.0102724,0.526571,0.00288646,0.00240377,0.00168886,0.0209466,0.0207073
46.101,0.0238013,0.0113775,0.0102825,0.527127,0.00297792,0.00244741,0.00172624,0.0218406,0.0201322
46.151,0.0238792,0.0113991,0.0102897,0.527582,0.00273001,0.00247481,0.0017365,0.0223037,0.021954
46.201,0.0239278,0.0114111,0.0102922,0.528167,0.00255186,0.00237122,0.00171026,0.0215663,0.0207357
46.251,0.0239759,0.0114072,0.0102944,0.528681,0.00281335,0.00234486,0.00168805,0.0217219,0.0199786
46.301,0.02406,0.0114069,0.0103044,0.529136,0.00293592,0.00239022,0.0017255,0.0234718,0.0209805
46.351,0.0241337,0.0114032,0.0103116,0.529414,0.00269784,0.00241802,0.00173588,0.0250454,0.0256325
46.401,0.0241771,0.0113989,0.010314,0.530285,0.00257563,0.0023769,0.00170994,0.0217011,0.0213381
46.451,0.0242363,0.0114092,0.0103163,0.530855,0.00299572,0.00236508,0.00168833,0.0209589,0.0208034
46.501,0.024333,0.0114294,0.0103263,0.531419,0.00308987,0.00239647,0.00172607,0.0217938,0.0200738
46.551,0.0244188,0.0114474,0.0103336,0.531878,0.00281816,0.00243978,0.00173676,0.0222752,0.0218321
46.601,0.0244746,0.0114575,0.0103361,0.53246,0.00258182,0.00237265,0.00171082,0.0215503,0.0206747
46.651,0.0245253,0.0114515,0.0103383,0.532975,0.00282891,0.00238119,0.00168873,0.0217721,0.0199241
46.701,0.0246103,0.011447,0.0103483,0.533429,0.00293867,0.00244125,0.00172615,0.0235828,0.0209134
46.751,0.024685,0.0114398,0.0103555,0.533697,0.00270416,0.00245413,0.00173666,0.0252709,0.025721
46.801,0.0247307,0.011434,0.0103579,0.534573,0.00261188,0.00237506,0.00171098,0.0217895,0.0213896
46.851,0.0247952,0.0114423,0.0103605,0.535142,0.00307532,0.00234104,0.00169162,0.0209541,0.0208141
46.901,0.0248976,0.0114579,0.0103705,0.535701,0.00317522,0.00236477,0.00172887,0.0219059,0.0200662
46.951,0.0249898,0.011472,0.0103777,0.536152,0.00290458,0.00241713,0.00173891,0.0224514,0.0219349
47.001,0.0250519,0.01148,0.0103801,0.536739,0.00261883,0.00237878,0.00171226,0.0216343,0.0206826
47.051,0.0251048,0.0114718,0.0103823,0.537253,0.00284441,0.00242912,0.00168983,0.0218526,0.019896
47.101,0.0251906,0.0114633,0.0103923,0.537711,0.0029459,0.00250322,0.00172721,0.0236627,0.0208001
47.151,0.0252664,0.0114529,0.0103994,0.537973,0.00271432,0.00249486,0.0017378,0.0253942,0.025726
47.201,0.0253143,0.0114451,0.0104019,0.538847,0.00265363,0.00237691,0.00171233,0.0218454,0.0214504
47.251,0.0253843,0.01145,0.0104042,0.539416,0.00315922,0.00232334,0.0016909,0.0209845,0.0208271
47.301,0.0254926,0.0114604,0.0104142,0.539975,0.00326051,0.00234051,0.00172818,0.0219893,0.0200244
47.351,0.0255914,0.01147,0.0104214,0.540422,0.00299641,0.0023891,0.00173829,0.0225646,0.0219552
47.401,0.0256604,0.011475,0.0104238,0.541011,0.00265318,0.00238414,0.0017117,0.0216977,0.02068
47.451,0.025716,0.0114642,0.010426,0.541522,0.00285884,0.00249245,0.00168954,0.0219576,0.019869
47.501,0.0258025,0.0114519,0.010436,0.541985,0.00294726,0.00258038,0.00172728,0.0237248,0.0206896
47.551,0.0258791,0.0114381,0.0104432,0.542247,0.00271403,0.00254353,0.00173827,0.025431,0.0257162
47.601,0.0259289,0.0114278,0.0104457,0.543123,0.00268538,0.00238323,0.00171308,0.0218015,0.0215233
47.651,0.0260041,0.0114287,0.010448,0.543695,0.00322146,0.00233117,0.00169178,0.0209246,0.0208443
47.701,0.0261166,0.0114338,0.010458,0.544254,0.00332167,0.00234561,0.00172901,0.0219563,0.0200012
47.751,0.0262203,0.0114382,0.0104651,0.544697,0.00307203,0.0023743,0.00173925,0.0225458,0.0219595
47.801,0.0262949,0.0114396,0.0104676,0.545285,0.002677,0.00240185,0.00171287,0.021646,0.0206136
47.851,0.0263507,0.011427,0.0104701,0.545796,0.00284273,0.00257078,0.00169289,0.0219273,0.0198276
47.901,0.0264348,0.0114115,0.01048,0.546259,0.0029133,0.00267511,0.00173013,0.0237251,0.0206204
47.951,0.0265102,0.0113947,0.0104872,0.546513,0.00270376,0.00261684,0.00174082,0.02544,0.0258469
48.001,0.0265612,0.0113821,0.0104897,0.547384,0.00271912,0.00240437,0.00171564,0.0217919,0.0216148
48.051,0.0266405,0.0113792,0.0104921,0.547951,0.00327719,0.00237459,0.00169439,0.0208738,0.0208936
48.101,0.0267565,0.0113788,0.0105021,0.548511,0.00337745,0.00239014,0.0017315,0.0219242,0.0199856
48.151,0.0268643,0.0113781,0.0105092,0.548958,0.00314931,0.0023826,0.00174153,0.0225424,0.0219434
48.201,0.0269441,0.0113756,0.0105116,0.549554,0.00271381,0.00243674,0.0017148,0.0215665,0.0205821
48.251,0.0270006,0.0113606,0.0105138,0.550061,0.00283184,0.00267132,0.00169237,0.0218914,0.0197849
48.301,0.0270829,0.0113422,0.0105237,0.550525,0.00288679,0.00278697,0.00172962,0.0236933,0.0205105
48.351,0.0271567,0.0113231,0.0105309,0.550773,0.0026909,0.00269459,0.00174035,0.025445,0.0258436
48.401,0.0272073,0.0113089,0.0105334,0.551636,0.00274525,0.00243068,0.00171522,0.0217767,0.0216446
48.451,0.0272901,0.0113023,0.0105358,0.552204,0.00332617,0.00244867,0.00169426,0.0208667,0.0209047
48.501,0.0274087,0.011297,0.0105458,0.552766,0.00341593,0.00246771,0.00173171,0.0218624,0.0199617
48.551,0.0275194,0.0112917,0.010553,0.553215,0.00320619,0.00241684,0.00174215,0.0224845,0.0219095
48.601,0.0276023,0.0112854,0.0105554,0.553805,0.00273566,0.00248072,0.00171568,0.0215512,0.020544
48.651,0.027657,0.0112689,0.0105576,0.554299,0.00279768,0.00277834,0.00169331,0.0219211,0.0197673
48.701,0.0277355,0.0112489,0.0105675,0.554764,0.00283666,0.00291029,0.00173053,0.0237711,0.0203876
48.751,0.0278063,0.0112285,0.0105747,0.555013,0.0026648,0.00277773,0.00174134,0.0254895,0.0257853
48.801,0.0278566,0.0112132,0.0105773,0.555869,0.00276302,0.00247324,0.00171644,0.0218137,0.0216602
48.851,0.0279402,0.0112042,0.0105799,0.556438,0.00332164,0.00255116,0.00169771,0.0208726,0.0208764
48.901,0.0280579,0.0111957,0.0105899,0.556993,0.00340813,0.00257468,0.00173466,0.0219523,0.0199872
48.951,0.0281683,0.0111871,0.010597,0.557433,0.00322975,0.00247696,0.00174441,0.0226399,0.0221246
49.001,0.028252,0.0111781,0.0105994,0.558031,0.00273944,0.00253386,0.00171722,0.0216251,0.0205515
49.051,0.0283043,0.0111608,0.0106016,0.558518,0.00274939,0.00289619,0.0016945,0.0219756,0.019745
49.101,0.0283776,0.0111409,0.0106114,0.558987,0.00277286,0.00303544,0.00173166,0.0237744,0.0203066
49.151,0.028444,0.0111206,0.0106186,0.559241,0.00262847,0.00287074,0.00174253,0.0254589,0.0256995
49.201,0.0284923,0.0111048,0.0106212,0.560083,0.00275325,0.00253301,0.00171781,0.0218495,0.0217364
49.251,0.0285747,0.0110934,0.0106236,0.560645,0.00327873,0.00268429,0.001697,0.0209242,0.020907
49.301,0.0286897,0.0110827,0.0106335,0.561198,0.00336384,0.00271542,0.00173399,0.0221003,0.0199498
49.351,0.0287986,0.0110722,0.0106407,0.561637,0.00321857,0.00256297,0.00174398,0.0228219,0.0221216
49.401,0.028883,0.0110617,0.0106431,0.562246,0.0027266,0.00259679,0.00171723,0.0217038,0.0204784
49.451,0.0289331,0.0110447,0.0106453,0.562734,0.00269184,0.00302533,0.00169494,0.0221046,0.0197155
49.501,0.0290004,0.0110265,0.0106552,0.563207,0.00269991,0.00316745,0.00173242,0.0238373,0.0202426
49.551,0.0290613,0.011008,0.0106624,0.563467,0.00258234,0.00295858,0.00174364,0.0254194,0.0256298
49.601,0.0291069,0.0109931,0.0106651,0.564291,0.00272857,0.00259224,0.0017191,0.0219278,0.021804
49.651,0.0291875,0.0109813,0.0106675,0.564853,0.00320698,0.00281729,0.00169829,0.0209759,0.0209315
49.701,0.0292974,0.0109711,0.0106774,0.565408,0.00327917,0.00285625,0.0017352,0.0221717,0.0199543
49.751,0.0294025,0.0109607,0.0106845,0.565842,0.00317524,0.00266626,0.00174511,0.0229119,0.0221672
49.801,0.0294862,0.0109498,0.0106869,0.566452,0.00269862,0.00266491,0.0017182,0.0217398,0.0204696
49.851,0.0295336,0.0109354,0.0106894,0.566947,0.00262098,0.00311683,0.00169785,0.0221451,0.0197359
49.901,0.029593,0.0109215,0.0106993,0.567423,0.00261898,0.00326058,0.00173485,0.0239487,0.020141
49.951,0.0296468,0.010907,0.0107064,0.567687,0.00253311,0.00303725,0.00174561,0.0254653,0.0255034
50.001,0.0296884,0.0108945,0.0107091,0.568496,0.00270055,0.00265751,0.00172079,0.0219751,0.0218035
50.051,0.0297662,0.0108838,0.0107114,0.569053,0.0031304,0.00296775,0.00169984,0.0210007,0.0208872
50.101,0.0298705,0.0108763,0.0107214,0.569605,0.00319914,0.00301251,0.00173669,0.0222163,0.0199866
50.151,0.0299711,0.0108681,0.0107284,0.570034,0.00313199,0.00278621,0.00174648,0.0229939,0.0222661
50.201,0.0300522,0.0108587,0.0107309,0.570646,0.00266934,0.00274095,0.00171936,0.0217483,0.0204868
50.251,0.0300949,0.0108475,0.010733,0.571135,0.00254917,0.00322345,0.00169664,0.0221457,0.0197395
50.301,0.0301462,0.0108396,0.0107429,0.571614,0.00254255,0.00336737,0.00173369,0.0239473,0.0200612
50.351,0.0301927,0.0108308,0.01075,0.571893,0.00248615,0.00311445,0.00174454,0.0253251,0.0252946
50.401,0.03023,0.0108223,0.0107527,0.572683,0.00266997,0.00272466,0.00171987,0.0219536,0.0217991
50.451,0.0303041,0.0108146,0.0107551,0.573244,0.00305012,0.00313603,0.00169925,0.0210375,0.0208871
50.501,0.0304023,0.0108121,0.010765,0.573798,0.00311067,0.00319195,0.00173648,0.0221873,0.0199736
50.551,0.0304971,0.0108087,0.0107721,0.574233,0.00307121,0.0029282,0.00174671,0.022911,0.0222032
50.601,0.0305738,0.0108029,0.0107746,0.574842,0.002635,0.00282852,0.00171992,0.0216602,0.0204425
50.651,0.0306111,0.010797,0.0107768,0.575322,0.00248783,0.00332483,0.00169731,0.0221223,0.0197283
50.701,0.0306539,0.0107971,0.0107866,0.575798,0.00247906,0.00346123,0.00173432,0.0239681,0.0200165
50.751,0.0306924,0.0107962,0.0107937,0.576086,0.00244489,0.00318586,0.00174512,0.0253355,0.0250815
50.801,0.0307245,0.0107933,0.0107964,0.576859,0.00263224,0.00278949,0.00172035,0.0220652,0.0218613
50.851,0.0307933,0.0107913,0.010799,0.577425,0.00295652,0.00325948,0.00170171,0.0211351,0.0208622
50.901,0.0308837,0.0107967,0.0108089,0.577967,0.00300685,0.00331416,0.00173846,0.0224665,0.0200652
50.951,0.0309715,0.0108005,0.010816,0.578388,0.00300524,0.00302844,0.0017481,0.0233008,0.0225066
51.001,0.031043,0.0108004,0.0108184,0.579011,0.00259226,0.00288084,0.00172072,0.0218684,0.0204774
51.051,0.0310737,0.010801,0.0108205,0.579495,0.00242549,0.00338686,0.00169783,0.022238,0.0197333
51.101,0.031107,0.010811,0.0108303,0.57998,0.00241824,0.00352183,0.00173482,0.0239628,0.0199762
51.151,0.0311365,0.0108194,0.0108374,0.580274,0.00240713,0.00322465,0.00174556,0.025224,0.0249818
51.201,0.031162,0.0108232,0.0108401,0.581017,0.00258626,0.00284309,0.00172073,0.0220295,0.0218922
51.251,0.0312243,0.0108277,0.0108424,0.581564,0.00283867,0.00336755,0.00169982,0.0211459,0.0208456
51.301,0.0313055,0.0108429,0.0108523,0.582104,0.00288786,0.00342978,0.00173666,0.0225371,0.0200827
51.351,0.0313857,0.0108558,0.0108593,0.582517,0.00292336,0.00312553,0.00174648,0.023389,0.0226322
51.401,0.0314525,0.0108631,0.0108617,0.583144,0.00255438,0.00293205,0.00171935,0.0218399,0.0204383
51.451,0.031478,0.0108714,0.0108639,0.583621,0.0023814,0.00344041,0.00169666,0.022263,0.0197277
51.501,0.0315031,0.0108923,0.0108736,0.584108,0.00237785,0.00356763,0.00173369,0.0239786,0.0199326
51.551,0.0315245,0.0109111,0.0108808,0.58441,0.00238015,0.00326394,0.00174469,0.0252038,0.0248527
51.601,0.0315438,0.0109227,0.0108835,0.585142,0.00254908,0.00289564,0.00172035,0.0220662,0.0219192
51.651,0.0316,0.0109357,0.0108859,0.585689,0.0027505,0.003478,0.00169979,0.0212006,0.0208571
51.701,0.0316731,0.0109622,0.0108957,0.586225,0.00279369,0.00354695,0.00173664,0.0226611,0.020108
51.751,0.0317455,0.0109857,0.0109027,0.586633,0.00284633,0.00322576,0.00174645,0.023564,0.0227391
51.801,0.031806,0.0110016,0.0109051,0.58727,0.0025155,0.00298777,0.00171933,0.0218538,0.020404
51.851,0.031825,0.0110184,0.0109073,0.587745,0.0023466,0.00348828,0.00169663,0.0222607,0.0197245
51.901,0.0318415,0.0110507,0.010917,0.588233,0.00235083,0.003601,0.00173365,0.0239349,0.019925
51.951,0.0318549,0.0110805,0.0109241,0.588537,0.00236436,0.00329033,0.00174467,0.0250708,0.0248727
52.001,0.0318681,0.0111003,0.0109268,0.589251,0.00251392,0.00293685,0.00172033,0.0220449,0.0220375
52.051,0.0319173,0.0111224,0.0109292,0.589792,0.00266014,0.00356106,0.00169975,0.0212378,0.0209285
52.101,0.0319818,0.0111612,0.010939,0.590328,0.00269917,0.00363333,0.0017366,0.0227518,0.0201065
52.151,0.0320462,0.011196,0.010946,0.590735,0.00276772,0.00330607,0.00174642,0.0236832,0.0227664
52.201,0.0321007,0.0112213,0.0109484,0.591381,0.00247749,0.00302921,0.00171931,0.0218374,0.0203219
52.251,0.0321137,0.0112467,0.0109506,0.591854,0.00232334,0.00352137,0.00169662,0.0222604,0.0196895
52.301,0.032121,0.0112905,0.0109603,0.592342,0.00233678,0.00362721,0.00173364,0.0239129,0.0199495
52.351,0.0321261,0.0113311,0.0109673,0.59265,0.00235658,0.00330714,0.00174465,0.0249844,0.0249008
52.401,0.0321334,0.0113592,0.01097,0.593355,0.00247145,0.00297319,0.0017203,0.022052,0.0221375
52.451,0.0321764,0.0113907,0.0109725,0.593897,0.00256767,0.00363376,0.00169972,0.0212549,0.0209784
52.501,0.0322314,0.0114419,0.0109822,0.594432,0.00260516,0.00370922,0.00173657,0.0228053,0.0201304
52.551,0.0322886,0.0114883,0.0109892,0.594839,0.00269211,0.00337556,0.00174639,0.0237839,0.022873
52.601,0.0323386,0.0115229,0.0109916,0.595507,0.00244097,0.00305998,0.00171929,0.021785,0.0203108
52.651,0.0323468,0.0115567,0.0109938,0.595991,0.00231349,0.00353987,0.00169658,0.0222028,0.0197102
52.701,0.0323454,0.0116115,0.0110034,0.596482,0.00233838,0.00364095,0.0017336,0.0238181,0.0199313
52.751,0.0323426,0.0116623,0.0110105,0.596798,0.0023589,0.00331619,0.00174462,0.0248439,0.0247603
52.801,0.0323454,0.011698,0.0110132,0.597491,0.00244336,0.0029947,0.00172026,0.0220246,0.0221532
52.851,0.0323836,0.0117382,0.0110156,0.598034,0.00250449,0.00368055,0.00169967,0.0212788,0.0209454
52.901,0.0324307,0.0118014,0.0110253,0.598561,0.00253396,0.00376289,0.00173652,0.0229459,0.0202018
52.951,0.0324803,0.0118587,0.0110322,0.598961,0.00262593,0.00341881,0.00174633,0.0239873,0.0230931
53.001,0.032525,0.0119021,0.0110347,0.599646,0.00241546,0.00307079,0.00171924,0.021863,0.0203446
53.051,0.0325285,0.0119433,0.0110369,0.600135,0.00231629,0.00354034,0.00169654,0.0222746,0.0197557
53.101,0.0325196,0.0120078,0.0110465,0.600632,0.00235184,0.00363291,0.00173356,0.0237989,0.0199068
53.151,0.0325095,0.0120678,0.0110535,0.600954,0.00236942,0.00330327,0.00174458,0.0247641,0.024651
53.201,0.032507,0.0121103,0.0110562,0.601638,0.00241841,0.00300513,0.00172022,0.0220128,0.0221127
53.251,0.0325393,0.0121587,0.0110587,0.602178,0.00244495,0.0037012,0.00169959,0.0213379,0.0208705
53.301,0.0325785,0.0122326,0.0110683,0.602696,0.00247256,0.00378991,0.00173645,0.0230417,0.0203109
53.351,0.0326213,0.0122999,0.0110752,0.603093,0.00256968,0.00345076,0.00174628,0.0240862,0.0233222
53.401,0.0326611,0.0123515,0.0110777,0.603793,0.00239762,0.00307721,0.00171921,0.0218062,0.0203663
53.451,0.0326603,0.0123994,0.0110799,0.604285,0.00232636,0.0035239,0.00169649,0.0222003,0.0197852
53.501,0.0326451,0.0124723,0.0110894,0.604785,0.00237069,0.00361158,0.00173351,0.023684,0.0198981
53.551,0.0326294,0.0125399,0.0110964,0.605118,0.00238151,0.00327927,0.00174438,0.0246303,0.0244863
53.601,0.0326231,0.0125879,0.0110991,0.605797,0.00240386,0.00300749,0.0017197,0.02201,0.0220465
53.651,0.0326512,0.0126435,0.0111015,0.606338,0.00240684,0.00372047,0.00169885,0.0214182,0.020788
53.701,0.032684,0.012727,0.0111111,0.606846,0.00242931,0.00381462,0.00173575,0.0232166,0.0203876
53.751,0.0327209,0.012803,0.011118,0.607236,0.00252956,0.00347048,0.00174563,0.0243251,0.0235285
53.801,0.0327562,0.0128611,0.0111204,0.607949,0.00238264,0.00307057,0.00171865,0.0219194,0.020382
53.851,0.0327509,0.012914,0.0111226,0.608439,0.00233932,0.00350177,0.00169601,0.0222941,0.0198083
53.901,0.0327302,0.0129937,0.0111322,0.608943,0.00239264,0.00358196,0.00173305,0.0237032,0.0199004
53.951,0.0327093,0.0130676,0.0111391,0.609283,0.00239491,0.00325026,0.00174395,0.0245808,0.0244132
54.001,0.0326995,0.0131202,0.0111418,0.609957,0.0023923,0.00299454,0.00171934,0.0220108,0.0220606
54.051,0.0327234,0.0131819,0.0111442,0.6105,0.00237821,0.00371962,0.00169851,0.0214283,0.0207523
54.101,0.0327513,0.0132735,0.0111538,0.611003,0.00240236,0.00381882,0.00173544,0.0232658,0.0204896
54.151,0.032784,0.0133567,0.0111606,0.611387,0.00250175,0.00346728,0.00174533,0.0243829,0.0237906
54.201,0.0328158,0.0134201,0.0111631,0.612112,0.00237505,0.00305103,0.0017184,0.0218208,0.0204259
54.251,0.032807,0.0134773,0.0111653,0.612601,0.00235229,0.00347394,0.00169578,0.0221619,0.0198534
54.301,0.0327819,0.0135628,0.0111748,0.613107,0.00241291,0.00355721,0.00173284,0.0235411,0.0199095
54.351,0.032757,0.0136417,0.0111817,0.613459,0.002407,0.00322151,0.00174375,0.0244056,0.0243237
54.401,0.0327452,0.013697,0.0111844,0.61414,0.00238519,0.00297262,0.00171916,0.0219764,0.0220634
54.451,0.0327662,0.0137628,0.0111868,0.614694,0.00235925,0.00369747,0.00169827,0.02145,0.0207541
54.501,0.03279,0.0138608,0.0111963,0.615193,0.00238242,0.00380759,0.00173522,0.0233821,0.0205261
54.551,0.0328186,0.0139496,0.0112031,0.61557,0.00248016,0.003449,0.00174513,0.0245563,0.02389
54.601,0.0328472,0.0140168,0.0112056,0.616301,0.00237028,0.00302598,0.00171823,0.0218513,0.0204131
54.651,0.0328357,0.0140769,0.0112078,0.616785,0.00236299,0.00343462,0.00169558,0.0221675,0.0198578
54.701,0.0328076,0.0141664,0.0112172,0.617291,0.00242797,0.00351781,0.00173265,0.023499,0.0199437
54.751,0.0327798,0.0142489,0.0112241,0.617648,0.00241475,0.00318339,0.00174342,0.0243371,0.0242993
54.801,0.0327656,0.0143067,0.0112268,0.618326,0.00237974,0.00295477,0.00171853,0.0219679,0.0220948
54.851,0.0327837,0.0143759,0.0112291,0.618882,0.00234476,0.00367499,0.00169742,0.0215143,0.0207492
54.901,0.0328043,0.0144789,0.0112386,0.619375,0.00236778,0.00378978,0.00173441,0.0235137,0.0205646
54.951,0.0328301,0.0145721,0.0112454,0.619749,0.00246391,0.00342997,0.00174439,0.0246496,0.0240197
55.001,0.032856,0.0146419,0.0112478,0.620485,0.00236436,0.00299663,0.00171761,0.0218612,0.0203822
55.051,0.0328416,0.0147037,0.01125,0.620962,0.00237711,0.0034001,0.00169504,0.0221798,0.0198572
55.101,0.0328105,0.014796,0.0112594,0.621467,0.00244632,0.00347214,0.00173211,0.0234958,0.0199824
55.151,0.0327804,0.0148808,0.0112663,0.621832,0.00242512,0.00313706,0.00174292,0.024301,0.0242795
55.201,0.0327654,0.0149394,0.0112689,0.622511,0.00237482,0.00292164,0.00171812,0.0220219,0.0221242
55.251,0.0327823,0.0150106,0.0112713,0.623069,0.00233518,0.00362863,0.00169701,0.0215975,0.0207432
55.301,0.0328002,0.015117,0.0112807,0.623561,0.00235745,0.00375752,0.00173404,0.0236456,0.0205935
55.351,0.0328237,0.0152131,0.0112875,0.623933,0.00244905,0.00338735,0.00174403,0.0247994,0.0241074
55.401,0.0328481,0.0152844,0.0112899,0.62468,0.00236105,0.00295738,0.00171732,0.0218793,0.0203881
55.451,0.0328329,0.0153473,0.0112921,0.625168,0.00238799,0.00335223,0.00169477,0.0221728,0.0198672
55.501,0.0327995,0.0154417,0.0113015,0.625672,0.00246415,0.00343316,0.00173188,0.0234925,0.0200181
55.551,0.0327673,0.0155281,0.0113083,0.62604,0.00243681,0.00309624,0.0017427,0.024267,0.0242706
55.601,0.0327519,0.0155871,0.0113109,0.626718,0.0023715,0.00289026,0.00171793,0.0220367,0.0221037
55.651,0.0327686,0.0156592,0.0113133,0.627276,0.0023293,0.00358235,0.0016968,0.0216592,0.0206902
55.701,0.0327853,0.0157679,0.0113226,0.62776,0.00235342,0.00371576,0.00173384,0.0237798,0.0206753
55.751,0.0328083,0.0158658,0.0113294,0.628132,0.00244334,0.00334001,0.00174366,0.024891,0.02431
55.801,0.0328323,0.0159372,0.0113318,0.628893,0.00235849,0.00290873,0.00171663,0.0218642,0.0204353
55.851,0.0328168,0.0160002,0.0113339,0.62939,0.00239132,0.00329246,0.00169387,0.0220891,0.0199092
55.901,0.0327826,0.0160954,0.0113432,0.629898,0.00246846,0.00338087,0.00173102,0.0233983,0.0200339
55.951,0.0327497,0.0161824,0.01135,0.630272,0.00243706,0.00304775,0.00174177,0.0241242,0.0241742
56.001,0.0327342,0.0162414,0.0113526,0.63094,0.00236878,0.00285316,0.00171678,0.0219724,0.0221108
56.051,0.0327503,0.0163137,0.0113549,0.631497,0.00232507,0.00353449,0.0016955,0.0216687,0.0206814
56.101,0.0327667,0.0164238,0.0113642,0.631977,0.00235048,0.00367637,0.0017326,0.0238375,0.020675
56.151,0.0327895,0.0165222,0.0113709,0.632343,0.00244193,0.00328766,0.00174251,0.025019,0.0243303
56.201,0.0328132,0.0165924,0.0113733,0.633103,0.00235665,0.00286215,0.00171567,0.0218682,0.0203808
56.251,0.032797,0.0166544,0.0113755,0.633593,0.0023895,0.00324937,0.00169304,0.022055,0.0198856
56.301,0.0327627,0.0167501,0.0113847,0.634099,0.0024672,0.00333368,0.00173021,0.0233303,0.0201138
56.351,0.0327297,0.0168368,0.0113915,0.634473,0.00243609,0.00299558,0.00174086,0.0240638,0.0242792
56.401,0.0327141,0.016894,0.011394,0.635137,0.00236611,0.00279741,0.00171563,0.0220324,0.0221722
56.451,0.0327302,0.0169649,0.0113963,0.63569,0.0023212,0.00345556,0.00169417,0.0217681,0.0207
56.501,0.0327466,0.0170744,0.0114055,0.636169,0.00234727,0.00359358,0.00173132,0.023988,0.0207173
56.551,0.0327697,0.0171718,0.0114121,0.636537,0.00243336,0.00319552,0.00174114,0.0251643,0.0244829
56.601,0.0327946,0.0172404,0.0114145,0.637325,0.00235275,0.00279062,0.00171416,0.0219179,0.0204124
56.651,0.0327804,0.0173019,0.0114166,0.637845,0.00239265,0.00317924,0.00169145,0.022063,0.0199256
56.701,0.0327456,0.0173967,0.0114258,0.638353,0.00247418,0.00327039,0.00172871,0.0233879,0.0201176
56.751,0.0327122,0.0174823,0.0114325,0.638727,0.00243869,0.00293723,0.00173949,0.0240944,0.0241322
56.801,0.0326974,0.0175381,0.011435,0.63937,0.00236447,0.0027503,0.00171447,0.0220866,0.0220841
56.851,0.0327151,0.0176077,0.0114373,0.639911,0.0023235,0.00337827,0.00169311,0.0218364,0.0205962
56.901,0.032733,0.0177161,0.0114465,0.640381,0.00235188,0.00352684,0.00173031,0.0241111,0.0208521
56.951,0.0327577,0.0178121,0.0114531,0.640746,0.00243847,0.00312286,0.00174023,0.0253049,0.0247268
57.001,0.0327836,0.0178781,0.0114554,0.641544,0.00235311,0.0027368,0.0017134,0.0219625,0.0204809
57.051,0.0327702,0.0179379,0.0114575,0.642067,0.00238258,0.00312288,0.00169077,0.0220582,0.0199753
57.101,0.0327371,0.0180318,0.0114667,0.642579,0.00246067,0.0032245,0.00172806,0.0233401,0.0201261
57.151,0.0327053,0.0181163,0.0114733,0.642957,0.00242679,0.00288775,0.00173873,0.0240224,0.0240955
57.201,0.032692,0.0181701,0.0114758,0.643598,0.00236798,0.00269948,0.00171346,0.0220975,0.0220531
57.251,0.0327113,0.0182374,0.011478,0.644143,0.00233222,0.00330136,0.00169191,0.021894,0.0205433
57.301,0.0327326,0.018344,0.0114871,0.644612,0.00236624,0.00345227,0.00172917,0.0241421,0.0209183
57.351,0.0327599,0.0184374,0.0114937,0.644976,0.00245271,0.00304068,0.00173899,0.0252976,0.0248127
57.401,0.0327861,0.0185001,0.0114959,0.645774,0.00235315,0.00268632,0.00171199,0.0219403,0.0204754
57.451,0.0327731,0.0185578,0.011498,0.64629,0.00236445,0.00307082,0.00168925,0.0219983,0.0199748
57.501,0.0327431,0.0186506,0.0115071,0.646802,0.00243586,0.00317526,0.0017266,0.0232744,0.0201598
57.551,0.0327139,0.0187336,0.0115137,0.647183,0.00240722,0.00284009,0.00173723,0.0239171,0.0241358
57.601,0.0327021,0.0187849,0.0115161,0.647821,0.00237174,0.00264891,0.00171183,0.0221315,0.0220878
57.651,0.0327227,0.0188491,0.0115183,0.648369,0.00234459,0.00321655,0.00169016,0.0219097,0.0205327
57.701,0.0327479,0.018953,0.0115273,0.648837,0.00238062,0.00336947,0.00172749,0.0241865,0.0209545
57.751,0.0327779,0.0190429,0.0115338,0.6492,0.00246716,0.00295041,0.00173726,0.0253312,0.0248297
57.801,0.0328049,0.0191011,0.011536,0.649995,0.00235224,0.00262974,0.00171017,0.0219431,0.0204708
57.851,0.0327922,0.0191564,0.0115381,0.650507,0.00235119,0.00301938,0.0016874,0.0219453,0.0199715
57.901,0.0327646,0.0192478,0.0115471,0.651018,0.0024187,0.00312922,0.00172483,0.023205,0.0201995
57.951,0.0327377,0.0193288,0.0115536,0.6514,0.00239575,0.00278696,0.0017356,0.0238279,0.0241822
58.001,0.0327279,0.019377,0.011556,0.652033,0.00237554,0.00259522,0.00171047,0.0221196,0.022021
58.051,0.0327507,0.0194376,0.0115582,0.652574,0.00235828,0.00312739,0.0016889,0.0218869,0.0204748
58.101,0.0327799,0.0195382,0.0115672,0.653042,0.00240346,0.00327936,0.00172628,0.0240982,0.0209961
58.151,0.0328132,0.0196244,0.0115736,0.65341,0.00248029,0.00287565,0.00173618,0.0252155,0.0248519
58.201,0.0328412,0.0196788,0.0115758,0.654201,0.00235338,0.00258631,0.00170928,0.021903,0.0205088
58.251,0.0328302,0.0197319,0.0115778,0.654718,0.00233958,0.00297622,0.00168661,0.0218369,0.0200135
58.301,0.0328055,0.0198221,0.0115868,0.655232,0.00240197,0.00309316,0.00172407,0.0231184,0.0201733
58.351,0.0327815,0.0199013,0.0115933,0.65562,0.00238785,0.0027444,0.00173474,0.0236941,0.0239822
58.401,0.0327732,0.0199465,0.0115956,0.656246,0.00237798,0.00255475,0.00170937,0.0220737,0.0218506
58.451,0.0327984,0.020003,0.0115978,0.656783,0.00237657,0.00304609,0.00168764,0.0218967,0.0203843
58.501,0.0328315,0.0200997,0.0116067,0.657246,0.00242682,0.00319718,0.00172506,0.0241349,0.0210423
58.551,0.0328675,0.0201816,0.011613,0.657609,0.00249034,0.00279865,0.00173487,0.0252351,0.0249762
58.601,0.0328959,0.0202306,0.0116152,0.658402,0.00235229,0.00254658,0.00170782,0.0218858,0.0205285
58.651,0.0328854,0.0202809,0.0116172,0.658917,0.00232736,0.0029302,0.00168503,0.0217526,0.0200266
58.701,0.032864,0.0203695,0.0116261,0.659431,0.00238094,0.00305235,0.00172255,0.0230076,0.0201923
58.751,0.0328427,0.0204467,0.0116325,0.659821,0.00237864,0.00270372,0.00173317,0.0235498,0.0239993
58.801,0.032835,0.0204887,0.0116348,0.660441,0.00238167,0.00250937,0.00170767,0.0220043,0.0218154
58.851,0.0328613,0.0205404,0.0116369,0.660969,0.00239773,0.00295038,0.00168585,0.0218687,0.0203504
58.901,0.032899,0.0206321,0.0116457,0.661432,0.00245607,0.00309652,0.00172335,0.0240748,0.0210683
58.951,0.0329382,0.0207088,0.011652,0.661792,0.00250648,0.00271676,0.00173312,0.0251642,0.0250657
59.001,0.0329667,0.0207524,0.0116541,0.662577,0.00235173,0.00250477,0.00170598,0.0218399,0.0205431
59.051,0.0329562,0.0208001,0.011656,0.663078,0.00231421,0.00289097,0.00168317,0.0216567,0.0200272
59.101,0.0329385,0.0208872,0.0116648,0.663588,0.00236205,0.00302209,0.00172076,0.0229802,0.020219
59.151,0.0329198,0.0209623,0.0116712,0.663982,0.00237225,0.00266544,0.00173137,0.0235477,0.023996
59.201,0.0329124,0.021001,0.0116734,0.664607,0.00238124,0.00246987,0.00170577,0.0220201,0.0217514
59.251,0.0329397,0.0210476,0.0116755,0.665136,0.00241587,0.00286428,0.00168388,0.0218873,0.0202985
59.301,0.0329813,0.0211343,0.0116842,0.665598,0.00248451,0.0030068,0.00172145,0.0241283,0.0210225
59.351,0.0330233,0.0212058,0.0116905,0.665958,0.0025162,0.00264872,0.00173141,0.0252227,0.0250462
59.401,0.0330516,0.0212443,0.0116926,0.666741,0.00235123,0.00247494,0.00170455,0.0218401,0.0205137
59.451,0.0330415,0.0212895,0.0116945,0.66724,0.0023057,0.00285711,0.0016819,0.0215876,0.0199936
59.501,0.0330272,0.0213754,0.0117033,0.667747,0.00234734,0.00299726,0.00171955,0.0229068,0.0202759
59.551,0.0330112,0.0214489,0.0117096,0.668135,0.00236929,0.00263911,0.00173007,0.0234936,0.0241231
59.601,0.0330038,0.021485,0.0117117,0.668761,0.00237927,0.0024411,0.0017043,0.0219747,0.021786
59.651,0.0330315,0.0215266,0.0117137,0.669288,0.00242783,0.00278058,0.00168226,0.0218815,0.0202938
59.701,0.0330759,0.021608,0.0117224,0.669754,0.00250632,0.00292371,0.00171991,0.0240868,0.0209472
59.751,0.03312,0.0216742,0.0117286,0.670115,0.00251365,0.00258996,0.00173002,0.0252277,0.025027
59.801,0.0331485,0.0217079,0.0117307,0.67091,0.00234821,0.002449,0.0017034,0.0218307,0.0204624
59.851,0.0331398,0.0217508,0.0117326,0.671427,0.00230303,0.00282319,0.0016809,0.0215461,0.0199814
59.901,0.0331282,0.0218352,0.0117413,0.671933,0.00233862,0.00297151,0.00171859,0.0229162,0.0203385
59.951,0.0331144,0.0219065,0.0117475,0.672319,0.00237271,0.00260935,0.00172921,0.0235208,0.024137
60.001,0.0331067,0.0219393,0.0117497,0.672935,0.00237058,0.00241425,0.00170356,0.0219866,0.021635
60.051,0.0331349,0.0219755,0.0117517,0.673442,0.0024329,0.00269911,0.00168157,0.021911,0.020215
60.101,0.0331813,0.0220508,0.0117603,0.673905,0.00252002,0.00283101,0.00171924,0.0241273,0.0209605
60.151,0.0332268,0.0221116,0.0117665,0.674263,0.00250449,0.0025353,0.00172943,0.0253048,0.0251979
60.201,0.0332552,0.0221409,0.0117685,0.675073,0.00234655,0.00242871,0.00170294,0.0218099,0.0204994
60.251,0.0332478,0.0221826,0.0117704,0.675601,0.00230002,0.00280079,0.0016805,0.0214319,0.0199878
60.301,0.0332392,0.0222662,0.0117791,0.676106,0.00233017,0.00295428,0.00171821,0.022811,0.0203587
60.351,0.0332271,0.0223362,0.0117853,0.676483,0.00237623,0.00259632,0.00172888,0.0234087,0.0241853
60.401,0.033218,0.0223671,0.0117874,0.677086,0.00236533,0.00239936,0.00170326,0.0218822,0.0215406
60.451,0.0332455,0.0223984,0.0117894,0.677572,0.00244446,0.00264165,0.00168128,0.0218642,0.0201577
60.501,0.0332942,0.0224689,0.011798,0.678034,0.00254066,0.00276713,0.00171896,0.024048,0.0209219
60.551,0.033341,0.0225249,0.0118041,0.678389,0.00250099,0.00250334,0.00172919,0.0252046,0.0253113
60.601,0.0333681,0.0225497,0.0118061,0.6792,0.0023469,0.00242159,0.00170276,0.0217279,0.0205219
60.651,0.0333614,0.0225901,0.011808,0.679736,0.00229721,0.00279827,0.00168035,0.0212892,0.0200049
60.701,0.0333563,0.0226739,0.0118166,0.68024,0.0023216,0.00295765,0.00171806,0.022719,0.0203655
60.751,0.033347,0.0227432,0.0118227,0.680626,0.00237572,0.00259252,0.00172854,0.0233259,0.0241184
60.801,0.0333374,0.0227724,0.0118248,0.681237,0.00236141,0.00238692,0.00170259,0.0218413,0.0214443
60.851,0.0333641,0.0227987,0.0118267,0.681729,0.00245355,0.00257648,0.00168039,0.0218317,0.0200809
60.901,0.0334153,0.022863,0.0118352,0.682189,0.00256321,0.00268442,0.0017181,0.0239875,0.0209123
60.951,0.0334635,0.022913,0.0118413,0.682539,0.00249931,0.00246204,0.00172843,0.0251629,0.0254794
61.001,0.033489,0.0229342,0.0118433,0.683354,0.00234682,0.00241342,0.00170215,0.0216649,0.0206114
61.051,0.0334823,0.0229744,0.0118451,0.68389,0.00229448,0.0027855,0.00167981,0.0211387,0.0200548
61.101,0.0334813,0.0230576,0.0118537,0.684397,0.00231463,0.00294779,0.00171754,0.0225996,0.0203001
61.151,0.0334741,0.0231265,0.0118598,0.684789,0.00237656,0.00259076,0.00172788,0.0231529,0.0239088
61.201,0.0334635,0.0231553,0.0118618,0.685391,0.00235794,0.0023774,0.00170164,0.0217441,0.0212524
61.251,0.0334897,0.0231774,0.0118636,0.685876,0.00246747,0.00252152,0.00167925,0.0217253,0.0199694
61.301,0.0335435,0.0232362,0.0118721,0.686334,0.00258616,0.0026189,0.00171699,0.023861,0.0209414
61.351,0.0335922,0.0232812,0.0118781,0.686675,0.00249313,0.00243376,0.00172722,0.025055,0.0257505
61.401,0.0336154,0.0232993,0.0118801,0.687492,0.00234526,0.00241041,0.00170077,0.0216067,0.0207551
61.451,0.0336087,0.0233397,0.0118819,0.688031,0.00229112,0.00278812,0.00167838,0.0210096,0.0201609
61.501,0.0336123,0.0234232,0.0118904,0.688544,0.00230866,0.00295146,0.00171616,0.0224606,0.0202177
61.551,0.0336082,0.0234921,0.0118964,0.688948,0.00237277,0.00259668,0.00172663,0.0230388,0.0235855
61.601,0.0335965,0.0235209,0.0118984,0.689549,0.00235384,0.00237304,0.00170057,0.021705,0.0210436
61.651,0.0336211,0.0235395,0.0119003,0.690034,0.00247823,0.00247592,0.00167831,0.0217458,0.0198651
61.701,0.0336773,0.0235929,0.0119087,0.690492,0.0026123,0.00256221,0.0017161,0.0238342,0.0209438
61.751,0.0337268,0.0236331,0.0119147,0.690822,0.00249493,0.00241364,0.00172642,0.0251198,0.0258928
61.801,0.0337473,0.0236483,0.0119166,0.691635,0.00234605,0.00241181,0.00170011,0.0216307,0.0208321
61.851,0.0337403,0.0236891,0.0119184,0.692167,0.00229308,0.00279048,0.00167782,0.0209474,0.020186
61.901,0.0337496,0.0237729,0.0119269,0.69268,0.00231004,0.0029585,0.00171563,0.0224259,0.0202044
61.951,0.0337498,0.023843,0.0119329,0.693097,0.00236707,0.00261407,0.00172615,0.022949,0.0234596
62.001,0.0337377,0.0238735,0.0119349,0.693705,0.00235391,0.00237292,0.00170016,0.0216648,0.0209475
62.051,0.0337605,0.0238895,0.0119367,0.694193,0.00249143,0.00244311,0.0016779,0.0217601,0.0197754
62.101,0.0338187,0.0239378,0.0119451,0.694647,0.00263484,0.00251405,0.00171569,0.0238384,0.020907
62.151,0.0338686,0.0239734,0.011951,0.694962,0.00249493,0.00239789,0.00172585,0.0252069,0.026007
62.201,0.0338858,0.023986,0.0119528,0.69576,0.0023463,0.00241752,0.00169926,0.0216935,0.0209294
62.251,0.0338786,0.0240277,0.0119546,0.696282,0.00229869,0.00279689,0.00167684,0.0209045,0.0202439
62.301,0.0338934,0.0241119,0.011963,0.696793,0.0023169,0.0029668,0.00171469,0.0224526,0.0201681
62.351,0.0338966,0.0241829,0.011969,0.697214,0.00236377,0.0026376,0.00172509,0.0229943,0.0233282
62.401,0.0338834,0.0242155,0.0119709,0.69782,0.00234918,0.00237283,0.00169886,0.0217419,0.0208278
62.451,0.0339036,0.0242292,0.0119727,0.698301,0.0024873,0.0024125,0.0016765,0.0218595,0.0196795
62.501,0.0339628,0.0242724,0.011981,0.698752,0.00264191,0.00246801,0.00171436,0.0239995,0.0208586
62.551,0.0340127,0.0243039,0.0119869,0.699065,0.00248339,0.00238278,0.00172486,0.0253761,0.0261567
62.601,0.0340289,0.0243161,0.0119888,0.699879,0.00234738,0.00242536,0.00169883,0.0217894,0.0210277
62.651,0.0340252,0.0243618,0.0119906,0.700415,0.00231171,0.00282089,0.00167687,0.0209259,0.0203064
62.701,0.0340468,0.0244474,0.011999,0.700934,0.00233654,0.00298132,0.00171504,0.0223906,0.0201234
62.751,0.0340554,0.02452,0.012005,0.701363,0.00235988,0.00266616,0.00172561,0.0228541,0.0230875
62.801,0.0340438,0.0245555,0.0120069,0.70196,0.00234986,0.00237735,0.00169927,0.0216658,0.0206931
62.851,0.0340637,0.0245691,0.0120086,0.70244,0.00249785,0.00239068,0.00167688,0.0218867,0.0195848
62.901,0.0341246,0.0246084,0.012017,0.702895,0.00265675,0.00243916,0.00171505,0.0239671,0.0208134
62.951,0.0341747,0.0246375,0.0120229,0.703208,0.00247667,0.00238015,0.00172571,0.025413,0.0261548
63.001,0.0341895,0.0246503,0.0120247,0.704022,0.00235025,0.00244077,0.00169956,0.0217575,0.0211231
63.051,0.034187,0.0246971,0.0120265,0.704557,0.00232582,0.00280645,0.00167727,0.0208175,0.020351
63.101,0.0342138,0.0247815,0.0120349,0.705072,0.00235451,0.00297032,0.0017151,0.0224849,0.0200769
63.151,0.0342258,0.024855,0.0120407,0.705493,0.00235889,0.00269861,0.00172527,0.0230124,0.0230978
63.201,0.0342146,0.0248941,0.0120426,0.70609,0.0023475,0.00238209,0.0016986,0.0217545,0.0205912
63.251,0.0342323,0.0249062,0.0120443,0.706563,0.00248909,0.00236355,0.00167596,0.0219236,0.0195096
63.301,0.0342935,0.0249397,0.0120526,0.707014,0.00266203,0.00239862,0.00171385,0.0240573,0.0208431
63.351,0.0343448,0.0249647,0.0120584,0.707309,0.00247515,0.00236723,0.00172463,0.0256687,0.0266385
63.401,0.0343599,0.0249773,0.0120603,0.708143,0.00235031,0.0024529,0.00169906,0.0218245,0.0213944
63.451,0.0343614,0.0250274,0.0120621,0.708671,0.00235388,0.00281434,0.00167723,0.020757,0.0204996
63.501,0.0343961,0.0251117,0.0120705,0.709192,0.00239625,0.00296953,0.00171506,0.0224275,0.0200263
63.551,0.0344152,0.0251873,0.0120763,0.709622,0.00235599,0.00274028,0.00172524,0.0229009,0.0228672
63.601,0.0344078,0.0252312,0.0120782,0.710217,0.00234913,0.00239423,0.00169856,0.0216724,0.0204227
63.651,0.0344276,0.0252448,0.0120799,0.71069,0.00251914,0.00235443,0.00167603,0.0219446,0.0194223
63.701,0.0344921,0.0252753,0.0120882,0.711143,0.00269123,0.00238395,0.00171424,0.0239706,0.0208092
63.751,0.0345444,0.0252987,0.012094,0.711429,0.00247965,0.00236788,0.0017252,0.0256371,0.0267434
63.801,0.0345591,0.0253122,0.0120959,0.712258,0.00235268,0.0024727,0.00169953,0.0217643,0.0215205
63.851,0.0345675,0.0253653,0.0120977,0.712796,0.00240865,0.00282988,0.00167772,0.0206881,0.0205898
63.901,0.0346126,0.0254495,0.0121061,0.713322,0.0024685,0.00296883,0.00171586,0.0223166,0.019966
63.951,0.0346405,0.0255264,0.012112,0.713755,0.00236297,0.00277845,0.00172638,0.022792,0.0227366
64.001,0.0346378,0.0255743,0.0121138,0.714347,0.00235453,0.00240907,0.00169987,0.0216276,0.0203736
64.051,0.0346563,0.0255876,0.0121155,0.714816,0.00253048,0.00234028,0.00167721,0.0219428,0.0194042
64.101,0.0347223,0.0256134,0.0121238,0.715264,0.00271253,0.00236164,0.00171504,0.0241442,0.0207556
64.151,0.0347762,0.0256333,0.0121296,0.715524,0.00248737,0.00236352,0.00172572,0.0260226,0.0271574
64.201,0.0347915,0.0256471,0.0121315,0.716366,0.00235785,0.00249701,0.00170002,0.0219247,0.0217058
64.251,0.0348043,0.0257022,0.0121332,0.716895,0.0024671,0.00281608,0.00167809,0.0206855,0.0206695
64.301,0.0348582,0.0257849,0.0121415,0.71742,0.00253871,0.002953,0.00171589,0.0224222,0.0199585
64.351,0.0348937,0.0258627,0.0121473,0.71785,0.00237477,0.00282014,0.00172599,0.0229356,0.022775
64.401,0.0348962,0.025915,0.0121492,0.718443,0.00235649,0.00242636,0.00169916,0.0217154,0.020301
64.451,0.0349162,0.0259288,0.0121509,0.718905,0.00254813,0.00232994,0.00167642,0.0220249,0.0193517
64.501,0.0349846,0.0259506,0.0121591,0.719354,0.00273816,0.0023438,0.00171429,0.0242099,0.0207051
64.551,0.035041,0.0259677,0.0121649,0.719609,0.00249634,0.00235921,0.00172503,0.0261168,0.0272875
64.601,0.0350587,0.0259824,0.0121667,0.720455,0.00236575,0.00251022,0.00169944,0.021931,0.0217976
64.651,0.0350811,0.0260392,0.0121685,0.720989,0.00256524,0.00280305,0.00167779,0.0206804,0.0207368
64.701,0.035147,0.0261194,0.0121768,0.721519,0.00266006,0.00291246,0.00171593,0.0223627,0.0199054
64.751,0.0351944,0.0261959,0.0121827,0.721956,0.00241719,0.00283078,0.00172644,0.0228491,0.0226129
64.801,0.0352059,0.02625,0.0121846,0.722546,0.00237104,0.00243624,0.00169989,0.0216413,0.0202068
64.851,0.0352306,0.0262638,0.0121863,0.723007,0.00260594,0.00231833,0.00167738,0.0220743,0.0192988
64.901,0.0353043,0.0262804,0.0121945,0.723456,0.00279693,0.0023329,0.00171555,0.0242214,0.0206158
64.951,0.0353641,0.0262943,0.0122003,0.723695,0.00252155,0.00236053,0.00172659,0.0262129,0.0274419
65.001,0.0353837,0.0263095,0.0122022,0.724538,0.00238623,0.00252491,0.00170113,0.0219684,0.0219107
65.051,0.0354121,0.0263659,0.012204,0.725065,0.00265724,0.00275569,0.00167927,0.0206639,0.0207573
65.101,0.0354876,0.0264412,0.0122123,0.725587,0.0027708,0.00284995,0.00171702,0.0225554,0.0199493
65.151,0.0355444,0.0265156,0.0122181,0.726011,0.00246549,0.00283612,0.00172724,0.0231857,0.0229321
65.201,0.0355634,0.0265724,0.0122199,0.726617,0.00238505,0.00244703,0.00170057,0.0218587,0.0202528
65.251,0.0355899,0.0265865,0.0122216,0.727082,0.002622,0.00230899,0.0016779,0.0221708,0.0192831
65.301,0.035665,0.0265977,0.0122298,0.727536,0.00280903,0.00232248,0.0017157,0.0243391,0.0205071
65.351,0.0357282,0.0266069,0.0122356,0.727769,0.00253899,0.00235603,0.00172653,0.0264477,0.0275858
65.401,0.0357525,0.0266214,0.0122375,0.728622,0.00241525,0.0025225,0.0017011,0.0221057,0.0220035
65.451,0.0357912,0.0266758,0.0122393,0.729144,0.00278412,0.00269158,0.00167937,0.020691,0.0208337
65.501,0.035878,0.0267444,0.0122475,0.729669,0.00291183,0.00276913,0.00171711,0.022591,0.0199106
65.551,0.0359466,0.0268146,0.0122534,0.730096,0.00254956,0.00281693,0.00172732,0.023185,0.0228155
65.601,0.0359767,0.0268714,0.0122552,0.730702,0.00241421,0.00244911,0.00170062,0.0218037,0.0201411
65.651,0.03601,0.0268836,0.0122569,0.731166,0.00268132,0.0022992,0.00167811,0.0222058,0.0192191
65.701,0.03609,0.0268883,0.0122651,0.73162,0.0028671,0.00232127,0.00171625,0.0243014,0.0204915
65.751,0.0361576,0.0268931,0.012271,0.731849,0.00256908,0.00235575,0.00172743,0.0263876,0.0277618
65.801,0.0361867,0.026907,0.0122729,0.732706,0.00245676,0.00252217,0.00170223,0.022043,0.022137
65.851,0.0362374,0.0269591,0.0122747,0.733246,0.00293896,0.00262947,0.0016807,0.0207041,0.0209603
65.901,0.0363367,0.0270207,0.012283,0.73378,0.00308422,0.0026856,0.00171871,0.0224866,0.0198745
65.951,0.0364176,0.0270852,0.0122888,0.734201,0.00266568,0.00278776,0.00172898,0.0231275,0.0228303
66.001,0.036458,0.02714,0.0122907,0.734796,0.00245527,0.00244961,0.00170199,0.0218058,0.0201321
66.051,0.0364937,0.0271497,0.0122923,0.735241,0.00271974,0.00229661,0.00167905,0.0222619,0.0192002
66.101,0.0365763,0.0271476,0.0123005,0.73569,0.00289681,0.00233011,0.00171682,0.0245561,0.0203743
66.151,0.0366474,0.0271458,0.0123063,0.735902,0.00260059,0.00235635,0.00172772,0.0268008,0.0280299
66.201,0.036681,0.0271572,0.0123082,0.736772,0.00251418,0.00250664,0.0017025,0.0222378,0.0223229
66.251,0.0367406,0.0272049,0.0123101,0.737314,0.00307675,0.00255186,0.00168091,0.0207246,0.0210625
66.301,0.0368498,0.0272574,0.0123183,0.737847,0.00322427,0.00259227,0.00171857,0.0226489,0.0198708
66.351,0.0369413,0.0273146,0.0123241,0.738265,0.00278678,0.00273876,0.00172865,0.0233799,0.0228531
66.401,0.0369924,0.0273658,0.0123259,0.738862,0.00250384,0.00243574,0.00170172,0.0219567,0.0200526
66.451,0.0370332,0.0273719,0.0123276,0.739304,0.00276212,0.00229792,0.00167891,0.0223752,0.0191454
66.501,0.0371186,0.027362,0.0123358,0.739756,0.0029253,0.00235179,0.00171669,0.0246012,0.0203503
66.551,0.0371937,0.0273531,0.0123416,0.739967,0.00263284,0.00236096,0.00172761,0.0268225,0.0281068
66.601,0.0372328,0.0273606,0.0123435,0.740833,0.00257706,0.00246827,0.00170239,0.0223139,0.0224295
66.651,0.0373019,0.0274005,0.0123453,0.741369,0.00321809,0.00245131,0.00168089,0.0207943,0.0211127
66.701,0.0374208,0.0274404,0.0123535,0.741901,0.00337734,0.00247788,0.00171856,0.022766,0.01986
66.751,0.0375236,0.027487,0.0123593,0.742318,0.00293246,0.00264621,0.00172885,0.023507,0.0229276
66.801,0.0375866,0.0275328,0.0123612,0.742929,0.00256318,0.00240766,0.00170225,0.0219749,0.0200266
66.851,0.0376348,0.0275333,0.012363,0.743384,0.00281613,0.00232156,0.00167981,0.0224817,0.0191259
66.901,0.0377237,0.0275125,0.0123711,0.743837,0.00296485,0.00240478,0.00171791,0.0246706,0.0203215
66.951,0.0378022,0.0274947,0.012377,0.744043,0.00266769,0.00238257,0.00172931,0.0268729,0.0281807
67.001,0.0378458,0.027498,0.012379,0.744902,0.00263924,0.00243752,0.00170456,0.0223423,0.022529
67.051,0.0379225,0.0275303,0.0123809,0.745426,0.00332818,0.00237726,0.00168323,0.0208479,0.0211739
67.101,0.0380483,0.0275571,0.0123891,0.745954,0.00348428,0.00239341,0.00172079,0.0229265,0.0198747
67.151,0.0381594,0.0275918,0.0123949,0.746355,0.00305099,0.00256038,0.00173088,0.023813,0.0230523
67.201,0.0382325,0.0276302,0.0123968,0.746964,0.0026158,0.00238597,0.00170398,0.0221451,0.0200288
67.251,0.0382845,0.0276255,0.0123985,0.747417,0.0028192,0.00236131,0.00168122,0.0225495,0.0191088
67.301,0.0383727,0.0275946,0.0124066,0.747872,0.00294378,0.00247526,0.00171892,0.024795,0.020276
67.351,0.0384518,0.0275666,0.0124125,0.748063,0.00267373,0.00241847,0.00173001,0.0270091,0.0282675
67.401,0.0384995,0.027563,0.0124145,0.748896,0.00269643,0.00239977,0.00170515,0.0224119,0.0226731
67.451,0.0385837,0.027584,0.0124163,0.749384,0.00342991,0.00231996,0.00168385,0.0208839,0.0212319
67.501,0.038716,0.0275953,0.0124245,0.74991,0.00359161,0.00233363,0.00172139,0.0229427,0.0198938
67.551,0.0388356,0.0276164,0.0124304,0.750298,0.00319162,0.00247072,0.00173143,0.023918,0.0231993
67.601,0.038919,0.0276455,0.0124322,0.750905,0.00268691,0.00236386,0.00170444,0.0221843,0.0200709
67.651,0.0389761,0.0276342,0.012434,0.751358,0.0028528,0.00241822,0.00168164,0.0226377,0.0191279
67.701,0.0390655,0.0275931,0.0124421,0.751814,0.00295103,0.00256031,0.00171932,0.0249314,0.0201423
67.751,0.0391462,0.0275555,0.0124479,0.752019,0.00269672,0.00246403,0.00173037,0.0271331,0.0280444
67.801,0.0391979,0.0275451,0.0124499,0.752861,0.00276771,0.00237372,0.00170544,0.022488,0.0226738
67.851,0.0392914,0.0275548,0.0124518,0.753389,0.00355323,0.00230523,0.0016843,0.0210109,0.0212882
67.901,0.0394305,0.0275506,0.0124601,0.753922,0.00369481,0.00232501,0.00172215,0.0230345,0.0198813
67.951,0.0395572,0.0275566,0.0124659,0.754311,0.00331948,0.0024012,0.00173253,0.0240882,0.0232427
68.001,0.0396486,0.0275732,0.0124678,0.754926,0.00274772,0.00235502,0.00170572,0.0222249,0.0200326
68.051,0.0397082,0.0275522,0.0124696,0.755374,0.00285548,0.00251236,0.00168295,0.0227605,0.0191127
68.101,0.0397961,0.0274988,0.0124777,0.755829,0.0029287,0.00268656,0.00172058,0.0250816,0.0200873
68.151,0.039876,0.0274498,0.0124836,0.756018,0.00269141,0.00253775,0.00173169,0.027412,0.0281688
68.201,0.0399294,0.0274311,0.0124856,0.75685,0.00281765,0.00236212,0.00170692,0.0226668,0.0227548
68.251,0.0400259,0.0274293,0.0124875,0.757346,0.00358996,0.00233969,0.00168574,0.0211283,0.0212737
68.301,0.0401666,0.0274094,0.0124957,0.757867,0.00372618,0.00236814,0.00172319,0.0233201,0.0199963
68.351,0.0402972,0.0274009,0.0125015,0.758235,0.00340981,0.0023645,0.00173327,0.0245339,0.0237273
68.401,0.0403952,0.0274064,0.0125035,0.758866,0.00279003,0.00236147,0.00170636,0.0224715,0.0201559
68.451,0.0404572,0.0273765,0.0125052,0.759318,0.00284442,0.0026251,0.00168362,0.0228938,0.0191806
68.501,0.040543,0.027312,0.0125133,0.759782,0.00289205,0.00281985,0.00172121,0.0251399,0.0199267
68.551,0.0406212,0.0272524,0.0125192,0.759983,0.0026803,0.00261939,0.00173244,0.0273668,0.0278783
68.601,0.0406768,0.0272251,0.0125213,0.760809,0.00285867,0.00236739,0.00170791,0.0226988,0.0226907
68.651,0.0407773,0.0272109,0.0125232,0.761323,0.00362578,0.00242043,0.00168693,0.0211776,0.0212214
68.701,0.0409197,0.0271748,0.0125314,0.761842,0.00375677,0.00246703,0.00172434,0.0234306,0.0200485
68.751,0.0410534,0.02715,0.0125373,0.7622,0.00350249,0.00236654,0.00173452,0.024712,0.0240016
68.801,0.0411561,0.027142,0.0125392,0.762836,0.00283819,0.00238727,0.00170779,0.0224492,0.0202352
68.851,0.0412184,0.0271003,0.012541,0.763279,0.0028348,0.00276857,0.00168529,0.0229458,0.0192101
68.901,0.0413017,0.0270235,0.0125492,0.763748,0.00286167,0.00298639,0.00172316,0.0250712,0.0198526
68.951,0.0413782,0.0269521,0.0125551,0.76396,0.00267928,0.00272919,0.00173463,0.0272439,0.027757
69.001,0.0414349,0.0269148,0.0125572,0.764784,0.00290207,0.00239903,0.00171013,0.0226155,0.0227072
69.051,0.0415377,0.0268874,0.0125592,0.765314,0.0036326,0.00255959,0.00168904,0.021198,0.0212089
69.101,0.0416794,0.0268349,0.0125674,0.765829,0.00375085,0.00261638,0.00172635,0.0235351,0.0201336
69.151,0.0418135,0.0267943,0.0125732,0.76617,0.00355522,0.00241529,0.00173636,0.0250142,0.0244215
69.201,0.0419184,0.026773,0.0125752,0.766818,0.00285474,0.00243881,0.00170933,0.0225868,0.0203612
69.251,0.041978,0.0267228,0.012577,0.767254,0.00278021,0.00290945,0.00168655,0.0230273,0.0192799
69.301,0.0420554,0.0266358,0.0125851,0.76773,0.00278908,0.0031342,0.00172402,0.0251584,0.0196931
69.351,0.042127,0.0265538,0.012591,0.767946,0.00263855,0.00284728,0.00173534,0.0272972,0.0275295
69.401,0.042182,0.0265069,0.0125932,0.768753,0.00290209,0.00245262,0.00171108,0.0226815,0.0225957
69.451,0.0422842,0.0264661,0.0125952,0.769275,0.00359566,0.00272921,0.00169025,0.0212943,0.0211357
69.501,0.0424229,0.0263981,0.0126034,0.769785,0.00370515,0.00279855,0.0017275,0.0236706,0.0201827
69.551,0.0425552,0.0263421,0.0126092,0.770116,0.00356381,0.00250959,0.00173741,0.0252173,0.024667
69.601,0.0426601,0.026307,0.0126112,0.770766,0.00285617,0.00250772,0.00171022,0.0225808,0.0204187
69.651,0.042717,0.026247,0.012613,0.77119,0.00273112,0.00305526,0.00168734,0.0230571,0.0193391
69.701,0.0427886,0.0261505,0.0126211,0.771667,0.00272282,0.00329103,0.00172478,0.0252203,0.0195991
69.751,0.0428549,0.0260587,0.012627,0.771893,0.0026038,0.00296269,0.00173602,0.0272656,0.0273518
69.801,0.0429073,0.0260021,0.0126292,0.772691,0.002898,0.00252412,0.00171165,0.0226711,0.0225269
69.851,0.0430079,0.0259467,0.0126312,0.77322,0.00354738,0.00294843,0.00169093,0.0214051,0.021075
69.901,0.0431427,0.0258622,0.0126394,0.773731,0.00364654,0.00303864,0.0017285,0.0236337,0.0202075
69.951,0.0432722,0.0257898,0.0126453,0.774063,0.00355799,0.00266686,0.00173874,0.025146,0.0247677
70.001,0.0433753,0.02574,0.0126473,0.774707,0.00285132,0.00261695,0.00171171,0.0224516,0.0204275
70.051,0.0434271,0.0256701,0.0126491,0.775108,0.0026759,0.00324192,0.00168884,0.0230269,0.0193232
70.101,0.0434917,0.0255628,0.0126573,0.775574,0.00264785,0.00348055,0.00172621,0.0253144,0.0196008
70.151,0.0435514,0.0254614,0.0126632,0.775805,0.00256093,0.00311256,0.00173748,0.0273442,0.0274053
70.201,0.0435998,0.0253966,0.0126654,0.77661,0.00287218,0.00263273,0.00171324,0.0227477,0.0226788
70.251,0.0436958,0.0253317,0.0126674,0.777144,0.00345558,0.0031538,0.00169245,0.0214468,0.0211797
70.301,0.043824,0.0252343,0.0126756,0.777648,0.00355711,0.00325629,0.00172963,0.0238828,0.0201869
70.351,0.0439484,0.0251492,0.0126815,0.777969,0.00351809,0.00283574,0.00173973,0.0255773,0.0249923
70.401,0.0440486,0.0250886,0.0126835,0.778627,0.00281843,0.00273442,0.00171293,0.0226376,0.0204293
70.451,0.0440938,0.0250104,0.0126854,0.779017,0.00259678,0.00343356,0.0016903,0.02312,0.0193073
70.501,0.0441493,0.0248941,0.0126935,0.77948,0.00256333,0.00365299,0.0017276,0.0253265,0.0196319
70.551,0.0442006,0.0247847,0.0126995,0.779714,0.00250359,0.00325207,0.00173874,0.0272306,0.0274207
70.601,0.0442441,0.0247126,0.0127017,0.78051,0.00282036,0.00273975,0.00171428,0.0227906,0.0227789
70.651,0.0443351,0.0246384,0.0127037,0.781048,0.00333435,0.00337084,0.00169336,0.0216142,0.0212724
70.701,0.0444547,0.024529,0.0127119,0.781555,0.0034191,0.00348584,0.0017305,0.0240754,0.020104
70.751,0.0445719,0.0244317,0.0127178,0.781876,0.00342239,0.00302133,0.00174052,0.0258056,0.025047
70.801,0.0446686,0.0243604,0.0127198,0.78256,0.00274967,0.00285442,0.0017136,0.022684,0.0204384
70.851,0.04471,0.0242742,0.0127216,0.782983,0.0025105,0.00362148,0.00169108,0.0232025,0.0192972
70.901,0.0447553,0.0241492,0.0127298,0.783447,0.00247984,0.00383162,0.00172869,0.0253275,0.0196937
70.951,0.0447972,0.024032,0.0127358,0.783685,0.0024515,0.00339218,0.00174015,0.0270662,0.0274029
71.001,0.0448346,0.0239518,0.0127381,0.784452,0.00275845,0.00286378,0.00171582,0.0227785,0.0229098
71.051,0.0449191,0.0238683,0.0127401,0.784976,0.00320145,0.00358529,0.00169489,0.0217449,0.021304
71.101,0.0450291,0.0237484,0.0127483,0.78547,0.00328291,0.00370172,0.00173196,0.0244383,0.0201139
71.151,0.0451395,0.0236418,0.0127542,0.785787,0.0033312,0.00320609,0.00174204,0.0263032,0.0253385
71.201,0.0452321,0.0235624,0.0127563,0.786504,0.00269129,0.00297587,0.00171527,0.0228401,0.0205205
71.251,0.045267,0.0234725,0.0127581,0.786936,0.0024363,0.00374549,0.00169265,0.0232966,0.0193681
71.301,0.0453013,0.0233433,0.0127663,0.787401,0.00240736,0.00395245,0.00172985,0.0254811,0.0196378
71.351,0.0453322,0.0232214,0.0127723,0.787636,0.00239961,0.003505,0.00174094,0.0272519,0.0272444
71.401,0.0453625,0.0231365,0.0127745,0.78839,0.00268739,0.00296178,0.00171647,0.0229409,0.0227835
71.451,0.0454405,0.0230466,0.0127765,0.788905,0.00306594,0.00375747,0.00169554,0.0219376,0.021144
71.501,0.0455405,0.0229198,0.0127848,0.789392,0.00314055,0.00387719,0.00173258,0.0246647,0.0201948
71.551,0.0456421,0.0228053,0.0127907,0.7897,0.00322294,0.00337258,0.0017428,0.0266008,0.0256289
71.601,0.0457289,0.0227182,0.0127928,0.790431,0.00263518,0.00307542,0.00171629,0.0229436,0.0206313
71.651,0.0457573,0.0226234,0.0127947,0.790869,0.00238318,0.00387254,0.00169388,0.0233414,0.0194711
71.701,0.0457824,0.0224909,0.0128028,0.791338,0.00236547,0.00406175,0.00173102,0.0255382,0.0195765
71.751,0.0458041,0.0223654,0.0128088,0.791585,0.00237165,0.00359906,0.001742,0.0272156,0.0269821
71.801,0.0458268,0.0222757,0.012811,0.792327,0.00262308,0.00306384,0.00171735,0.0229894,0.0227139
71.851,0.0458973,0.0221785,0.0128131,0.792844,0.00294393,0.00394652,0.00169646,0.0221767,0.0211072
71.901,0.0459874,0.0220446,0.0128213,0.793334,0.00300706,0.00407867,0.00173382,0.02479,0.020184
71.951,0.0460792,0.0219227,0.0128273,0.793637,0.00309764,0.00355024,0.00174434,0.0266851,0.0257407
72.001,0.0461578,0.0218287,0.0128294,0.79437,0.00256359,0.00318719,0.00171797,0.0229708,0.0206744
72.051,0.0461785,0.021731,0.0128313,0.794813,0.00233793,0.00398715,0.00169556,0.023396,0.0195369
72.101,0.0461921,0.0215966,0.0128395,0.795282,0.00233623,0.00416062,0.00173262,0.0256405,0.0195751
72.151,0.0462025,0.021469,0.0128455,0.795527,0.00235454,0.00369466,0.00174362,0.0271938,0.0269057
72.201,0.0462169,0.0213757,0.0128478,0.796237,0.00255777,0.00315554,0.00171906,0.0230632,0.0227497
72.251,0.0462789,0.0212754,0.0128498,0.796729,0.00281257,0.0040826,0.00169808,0.0222945,0.0210647
72.301,0.0463584,0.0211388,0.012858,0.797201,0.00287598,0.00421337,0.00173502,0.0251938,0.0202627
72.351,0.0464415,0.0210142,0.012864,0.797488,0.00298743,0.00368483,0.00174499,0.0272513,0.0262861
72.401,0.0465148,0.0209175,0.0128661,0.798262,0.00250454,0.0032745,0.00171816,0.0231432,0.0208451
72.451,0.0465287,0.0208182,0.0128679,0.798719,0.00231253,0.00409788,0.0016956,0.0234695,0.0196538
72.501,0.046531,0.0206828,0.0128761,0.799185,0.00232791,0.00425736,0.00173266,0.0256941,0.0195473
72.551,0.0465306,0.0205548,0.0128821,0.799427,0.0023526,0.00377254,0.00174364,0.027192,0.0265783
72.601,0.0465364,0.02046,0.0128844,0.800096,0.00249829,0.00323871,0.00171905,0.0231391,0.0226362
72.651,0.04659,0.0203581,0.0128864,0.800551,0.00270711,0.00419187,0.00169806,0.0225281,0.0209798
72.701,0.0466599,0.020221,0.0128946,0.801015,0.0027632,0.004319,0.00173499,0.0254845,0.0202799
72.751,0.0467343,0.020095,0.0129006,0.801294,0.00287878,0.00379942,0.00174516,0.0275527,0.0265997
72.801,0.0468002,0.0199964,0.0129027,0.802085,0.00245701,0.00333544,0.00171868,0.0232157,0.0209499
72.851,0.046807,0.0198957,0.0129046,0.802551,0.00231,0.00420338,0.00169653,0.023482,0.0197607
72.901,0.0467994,0.0197605,0.0129129,0.803027,0.00234257,0.00435196,0.00173389,0.0255178,0.0195461
72.951,0.0467898,0.0196327,0.0129189,0.803273,0.00236658,0.00385274,0.00174519,0.0268792,0.0262718
73.001,0.046788,0.0195365,0.0129212,0.803903,0.00246007,0.00331593,0.00172071,0.0230442,0.0225388
73.051,0.0468342,0.0194344,0.0129232,0.804343,0.00262122,0.00428931,0.00169967,0.0225694,0.0208169
73.101,0.0468956,0.0192982,0.0129315,0.804788,0.0026812,0.00442238,0.00173654,0.0257941,0.0203824
73.151,0.0469626,0.0191734,0.0129374,0.805052,0.00279742,0.0038892,0.00174672,0.02792,0.027097
73.201,0.0470229,0.019076,0.0129396,0.805868,0.00242652,0.00338588,0.00172039,0.0233437,0.0212073
73.251,0.0470239,0.0189787,0.0129415,0.806343,0.00232132,0.00422479,0.00169813,0.0235261,0.0199795
73.301,0.0470092,0.018849,0.0129497,0.806824,0.00236499,0.00436067,0.00173506,0.025714,0.0195025
73.351,0.0469921,0.0187262,0.0129557,0.80709,0.0023876,0.00387191,0.00174584,0.0270262,0.0261422
73.401,0.0469843,0.0186323,0.0129579,0.807743,0.00243029,0.00336015,0.00172089,0.0231882,0.0224904
73.451,0.0470251,0.0185317,0.01296,0.80821,0.00255564,0.00436736,0.00169964,0.0227425,0.0207431
73.501,0.0470797,0.018399,0.0129682,0.808657,0.00261874,0.00449646,0.00173651,0.0258749,0.0203836
73.551,0.0471404,0.0182773,0.0129741,0.808919,0.00273446,0.00395182,0.00174668,0.0279321,0.0272388
73.601,0.0471948,0.0181822,0.0129763,0.80974,0.00240511,0.00341862,0.00172036,0.0232539,0.0213112
73.651,0.0471902,0.0180877,0.0129782,0.810223,0.00233375,0.00427089,0.00169813,0.0233107,0.0200903
73.701,0.0471702,0.0179634,0.0129864,0.810709,0.0023846,0.00439595,0.00173505,0.025551,0.0194786
73.751,0.047148,0.0178462,0.0129924,0.810995,0.00240367,0.00389307,0.00174582,0.0268325,0.0259436
73.801,0.0471359,0.0177563,0.0129946,0.811653,0.0024128,0.00338134,0.00172086,0.0231783,0.0223995
73.851,0.0471724,0.0176584,0.0129967,0.812142,0.00251832,0.00443404,0.00169977,0.0227997,0.0205896
73.901,0.047223,0.0175308,0.0130049,0.812594,0.00257926,0.00457075,0.00173699,0.0257843,0.0204552
73.951,0.0472778,0.0174136,0.0130109,0.812849,0.0026791,0.00401848,0.00174754,0.0278401,0.0273851
74.001,0.0473245,0.0173219,0.0130131,0.813649,0.00238915,0.003457,0.00172147,0.0232814,0.0214241
74.051,0.0473129,0.0172319,0.0130151,0.814118,0.00235331,0.0043111,0.00169928,0.023305,0.0201914
74.101,0.0472872,0.0171142,0.0130232,0.814609,0.00241427,0.00443985,0.00173617,0.0254585,0.0194724
74.151,0.0472596,0.0170035,0.0130292,0.814901,0.00242753,0.00393102,0.00174683,0.0267188,0.0258211
74.201,0.0472434,0.0169182,0.0130315,0.815555,0.00239794,0.00342278,0.00172171,0.0231829,0.0222497
74.251,0.0472761,0.0168272,0.0130335,0.816037,0.00248343,0.00445261,0.00170033,0.0228278,0.0204399
74.301,0.0473224,0.0167085,0.0130417,0.816476,0.00254522,0.00458423,0.00173717,0.0259868,0.0205746
74.351,0.0473734,0.0165998,0.0130476,0.816713,0.0026458,0.00402879,0.00174726,0.028122,0.0279299
74.401,0.0474171,0.0165151,0.0130497,0.817537,0.00237795,0.00346277,0.00172087,0.0233055,0.0216679
74.451,0.0474011,0.0164311,0.0130517,0.818005,0.00236943,0.00433993,0.00169861,0.0232211,0.0203997
74.501,0.0473714,0.0163223,0.0130598,0.818501,0.00243298,0.00446103,0.00173552,0.0253532,0.0194536
74.551,0.0473403,0.0162205,0.0130658,0.818813,0.00244328,0.00394221,0.00174607,0.0265721,0.0256004
74.601,0.0473206,0.016142,0.013068,0.819477,0.00238468,0.00342694,0.00172068,0.0231953,0.0222084
74.651,0.0473498,0.0160587,0.01307,0.819973,0.00245849,0.00445618,0.00169916,0.0230021,0.0203985
74.701,0.0473932,0.0159508,0.0130782,0.82041,0.00251974,0.00458988,0.00173605,0.0262418,0.0205435
74.751,0.0474403,0.015852,0.0130841,0.820643,0.0026065,0.00402565,0.00174622,0.0283169,0.0279801
74.801,0.047479,0.0157755,0.0130862,0.821467,0.00236778,0.0034426,0.00171998,0.0233887,0.0217057
74.851,0.0474593,0.0156983,0.0130882,0.821951,0.00238895,0.00437307,0.00169804,0.0231906,0.0204316
74.901,0.047426,0.0155996,0.0130963,0.822459,0.00245795,0.00449806,0.00173533,0.0251028,0.0194923
74.951,0.0473909,0.0155071,0.0131023,0.822774,0.0024605,0.00397626,0.00174633,0.0261319,0.0254206
75.001,0.0473677,0.0154354,0.0131046,0.823398,0.00237749,0.00344276,0.00172126,0.0230814,0.0221396
75.051,0.0473939,0.0153609,0.0131066,0.823876,0.00244048,0.00445309,0.0016998,0.0230626,0.0203285
75.101,0.0474351,0.0152658,0.0131147,0.82431,0.00250198,0.00459172,0.00173666,0.0263122,0.0206361
75.151,0.0474798,0.015179,0.0131206,0.824535,0.00257891,0.00401527,0.00174677,0.0284332,0.0283503
75.201,0.0475163,0.0151119,0.0131228,0.82538,0.00236389,0.00344822,0.00172048,0.0232884,0.0218445
75.251,0.0474947,0.0150443,0.0131247,0.82587,0.00239741,0.00438635,0.00169833,0.0229605,0.0205576
75.301,0.0474598,0.0149586,0.0131328,0.826374,0.00247232,0.00450049,0.00173525,0.0249639,0.0195059
75.351,0.0474228,0.014879,0.0131388,0.826698,0.00247839,0.00397647,0.00174582,0.0260581,0.0254001
75.401,0.047398,0.0148174,0.013141,0.827338,0.00237185,0.00344735,0.00172045,0.023097,0.0221409
75.451,0.0474232,0.0147535,0.013143,0.827819,0.00243652,0.00445702,0.00169892,0.023156,0.0202673
75.501,0.0474641,0.0146728,0.0131511,0.828243,0.00249867,0.00458928,0.00173581,0.026461,0.0207308
75.551,0.0475084,0.0145998,0.013157,0.828458,0.00257219,0.0039876,0.00174598,0.0286267,0.028639
75.601,0.0475431,0.0145441,0.0131591,0.829312,0.00236183,0.0034328,0.00171982,0.0233601,0.0219594
75.651,0.0475195,0.0144873,0.0131611,0.829795,0.00239856,0.00438805,0.00169777,0.0229546,0.0206594
75.701,0.0474844,0.0144162,0.0131691,0.8303,0.00247414,0.00451502,0.00173472,0.0250098,0.0195268
75.751,0.0474471,0.0143504,0.013175,0.830634,0.0024838,0.00397435,0.00174517,0.0261028,0.0252602
75.801,0.0474207,0.0142995,0.0131772,0.831271,0.00236714,0.00343285,0.00171952,0.0231634,0.0220637
75.851,0.0474454,0.0142469,0.0131792,0.831751,0.0024388,0.00444256,0.00169796,0.0233162,0.020227
75.901,0.0474874,0.0141823,0.0131873,0.832179,0.00250137,0.00458056,0.00173525,0.0264957,0.0207568
75.951,0.0475313,0.0141242,0.0131932,0.83239,0.00255549,0.00397158,0.00174589,0.0286997,0.0287629
76.001,0.0475642,0.0140802,0.0131954,0.833251,0.00236109,0.00341411,0.00172013,0.023328,0.0220357
76.051,0.0475405,0.014035,0.0131974,0.833746,0.002401,0.00440341,0.00169824,0.0228634,0.0207243
76.101,0.0475058,0.0139799,0.0132054,0.83425,0.00247494,0.00453114,0.00173517,0.0249496,0.0195489
76.151,0.0474684,0.0139296,0.0132113,0.834581,0.00249295,0.00396961,0.00174557,0.0260763,0.0251751
76.201,0.0474414,0.0138904,0.0132135,0.835198,0.0023672,0.00341484,0.00171985,0.0232707,0.0219972
76.251,0.0474663,0.0138516,0.0132154,0.835657,0.00244994,0.00436531,0.00169805,0.0235026,0.0201408
76.301,0.0475107,0.0138056,0.0132235,0.836072,0.00252077,0.00450551,0.00173499,0.0269325,0.0208391
76.351,0.0475568,0.0137645,0.0132293,0.836263,0.00257248,0.0038877,0.00174521,0.0293088,0.0292447
76.401,0.0475907,0.0137334,0.0132315,0.837153,0.00236025,0.00336307,0.00171919,0.0235583,0.0221583
76.451,0.0475676,0.0137008,0.0132334,0.837653,0.00238184,0.00438104,0.00169724,0.022852,0.0208443
76.501,0.0475369,0.0136635,0.0132414,0.838167,0.00244741,0.00452002,0.00173422,0.0248897,0.0195674
76.551,0.047502,0.0136294,0.0132473,0.838507,0.0024793,0.00395784,0.00174454,0.0259974,0.0249994
76.601,0.0474752,0.0136026,0.0132494,0.839121,0.00236641,0.00338296,0.0017186,0.0233093,0.0219464
76.651,0.0475013,0.0135769,0.0132513,0.83959,0.00246964,0.00429253,0.00169666,0.023618,0.0201062
76.701,0.0475496,0.0135496,0.0132593,0.840011,0.00254945,0.00443289,0.00173367,0.0270193,0.0207776
76.751,0.047598,0.0135254,0.0132652,0.840188,0.00258769,0.00381222,0.00174401,0.0294411,0.0293685
76.801,0.0476317,0.0135067,0.0132673,0.841074,0.00235911,0.0033268,0.00171818,0.0235568,0.0221533
76.851,0.0476096,0.0134869,0.0132692,0.84157,0.00236483,0.00440502,0.00169654,0.0227838,0.0208931
76.901,0.0475832,0.0134676,0.0132773,0.842087,0.00241972,0.00455264,0.0017339,0.0247283,0.0196232
76.951,0.0475528,0.0134506,0.0132831,0.842429,0.00245782,0.00396835,0.00174467,0.0257788,0.0249179
77.001,0.0475284,0.0134367,0.0132853,0.843035,0.00237202,0.0033487,0.00171907,0.0232179,0.0218217
77.051,0.0475569,0.0134246,0.0132872,0.843497,0.00251224,0.00420576,0.0016972,0.0236824,0.0200014
77.101,0.0476107,0.0134158,0.0132952,0.843912,0.00260004,0.0043476,0.00173419,0.0271731,0.0208373
77.151,0.047663,0.0134085,0.013301,0.844074,0.0026144,0.00371854,0.00174447,0.0296314,0.0297362
77.201,0.0476968,0.013402,0.0133031,0.844963,0.00236193,0.00328713,0.00171861,0.0236044,0.0222997
77.251,0.0476742,0.0133957,0.013305,0.845443,0.00234956,0.00435589,0.00169673,0.0226826,0.020983
77.301,0.0476522,0.0133952,0.013313,0.845954,0.00239687,0.00451559,0.00173373,0.0248527,0.0197326
77.351,0.0476243,0.0133955,0.0133188,0.846283,0.00245543,0.00394473,0.00174393,0.0260156,0.0251941
77.401,0.047599,0.0133945,0.0133209,0.84688,0.00236741,0.0033109,0.0017177,0.0234417,0.0218667
77.451,0.0476271,0.0133949,0.0133227,0.847313,0.0025207,0.00411237,0.0016955,0.0239106,0.020006
77.501,0.0476838,0.0134038,0.0133307,0.847732,0.00261901,0.0042552,0.00173256,0.0272871,0.020765
77.551,0.0477395,0.0134122,0.0133364,0.847909,0.00260227,0.00364101,0.001743,0.0298006,0.0297263
77.601,0.0477765,0.0134168,0.0133385,0.848834,0.00235911,0.00325524,0.00171739,0.0236584,0.0223463
77.651,0.0477602,0.0134233,0.0133405,0.849357,0.00233743,0.00435015,0.00169569,0.0226137,0.0210162
77.701,0.0477431,0.0134411,0.0133484,0.849868,0.0023739,0.00451703,0.00173274,0.0247697,0.0198399
77.751,0.0477187,0.013458,0.0133541,0.850166,0.00244185,0.00392853,0.00174284,0.0259209,0.0251566
77.801,0.0476941,0.0134695,0.0133562,0.850689,0.00236699,0.00326073,0.00171638,0.0233253,0.0217411
77.851,0.0477245,0.0134815,0.013358,0.851059,0.00256738,0.00402363,0.00169415,0.0239242,0.0198708
77.901,0.0477876,0.0135064,0.0133659,0.851476,0.00267899,0.00416344,0.00173162,0.0271724,0.0208286
77.951,0.0478486,0.013529,0.0133717,0.851651,0.00263284,0.00354985,0.0017424,0.0297338,0.0298492
78.001,0.0478873,0.0135434,0.0133738,0.852573,0.00236039,0.00321678,0.0017169,0.0235452,0.022528
78.051,0.0478745,0.0135621,0.0133757,0.853095,0.0023209,0.00432604,0.00169516,0.0224412,0.0211781
78.101,0.0478649,0.013597,0.0133836,0.853606,0.00234484,0.00450413,0.00173223,0.0246889,0.0198305
78.151,0.0478471,0.0136298,0.0133893,0.853896,0.0024173,0.00391867,0.00174239,0.0259294,0.0250177
78.201,0.0478258,0.0136528,0.0133913,0.854413,0.00237439,0.00321945,0.00171599,0.023211,0.0214777
78.251,0.0478589,0.0136743,0.0133932,0.854765,0.00262989,0.00388394,0.00169362,0.0238198,0.0197146
78.301,0.0479293,0.0137127,0.013401,0.855172,0.00276179,0.00402463,0.00173078,0.0271439,0.0209274
78.351,0.0479967,0.013747,0.0134067,0.855329,0.00268582,0.00342547,0.00174137,0.029824,0.0303846
78.401,0.0480381,0.0137691,0.0134088,0.85627,0.00236421,0.00317958,0.00171605,0.0235431,0.0229206
78.451,0.04803,0.0137989,0.0134107,0.856803,0.00230744,0.00430768,0.00169453,0.0222703,0.0214575
78.501,0.0480302,0.0138496,0.0134185,0.857326,0.00232537,0.00449042,0.00173162,0.0244541,0.0197936
78.551,0.048021,0.0138967,0.0134242,0.857651,0.00238926,0.00390986,0.00174183,0.0255935,0.0247993
78.601,0.0480059,0.0139301,0.0134262,0.8582,0.00238663,0.003168,0.00171551,0.02309,0.0212673
78.651,0.0480433,0.0139593,0.013428,0.858577,0.00269818,0.00375064,0.00169316,0.0237902,0.0195694
78.701,0.0481213,0.0140084,0.0134359,0.858979,0.00285255,0.00388379,0.00173034,0.0271731,0.021028
78.751,0.0481944,0.014052,0.0134415,0.859116,0.00273632,0.00331207,0.00174081,0.0299475,0.0307922
78.801,0.0482374,0.0140798,0.0134435,0.860059,0.00237,0.00312978,0.00171522,0.0235894,0.0231675
78.851,0.0482348,0.0141196,0.0134454,0.860591,0.00231253,0.00429096,0.00169367,0.0222745,0.0216772
78.901,0.0482466,0.0141846,0.0134533,0.861122,0.00232546,0.00447736,0.00173115,0.0243517,0.0197584
78.951,0.0482482,0.0142445,0.0134589,0.86147,0.00236524,0.00388971,0.00174145,0.0254754,0.0244768
79.001,0.0482404,0.0142868,0.0134609,0.862047,0.00240867,0.00311087,0.00171481,0.0230657,0.0210234
79.051,0.0482827,0.0143216,0.0134626,0.862448,0.00279258,0.00359156,0.00169215,0.0238442,0.0194572
79.101,0.0483697,0.0143782,0.0134704,0.862843,0.00297376,0.00371146,0.00172938,0.0272701,0.0210472
79.151,0.0484484,0.0144283,0.013476,0.862957,0.00280534,0.0031845,0.00173977,0.0300714,0.0309057
79.201,0.0484901,0.0144603,0.013478,0.863865,0.00237783,0.00308862,0.00171398,0.0236162,0.0233046
79.251,0.0484871,0.0145079,0.0134798,0.864346,0.00233273,0.00421404,0.00169216,0.0221428,0.0217023
79.301,0.0485091,0.0145839,0.0134876,0.864866,0.0023445,0.00439803,0.00172935,0.0244893,0.0198583
79.351,0.0485194,0.0146537,0.0134932,0.865213,0.00235469,0.00383894,0.00173939,0.0256971,0.0247168
79.401,0.0485155,0.0147031,0.0134951,0.865809,0.00241753,0.00304224,0.00171269,0.0232203,0.0209971
79.451,0.0485602,0.0147415,0.0134968,0.866212,0.00285926,0.00343535,0.00169012,0.0239431,0.0193935
79.501,0.0486541,0.0148026,0.0135045,0.866608,0.003067,0.00353379,0.00172744,0.0272429,0.0209694
79.551,0.0487384,0.0148563,0.0135101,0.86672,0.00285093,0.00304736,0.00173801,0.0300568,0.030914
79.601,0.0487822,0.0148904,0.013512,0.867624,0.0023858,0.00303619,0.0017125,0.0236351,0.0234864
79.651,0.0487857,0.0149447,0.0135138,0.868105,0.00237828,0.0041318,0.00169088,0.0220169,0.0218464
79.701,0.04882,0.0150293,0.0135216,0.868626,0.00239566,0.00431615,0.00172812,0.02438,0.0198671
79.751,0.0488405,0.0151074,0.0135271,0.86898,0.00235654,0.00378755,0.00173827,0.0255701,0.0246876
79.801,0.0488423,0.0151631,0.013529,0.869591,0.00243591,0.0029788,0.00171175,0.0231156,0.0209071
79.851,0.0488907,0.0152041,0.0135308,0.870002,0.00294745,0.00328538,0.0016894,0.0238614,0.0193542
79.901,0.0489921,0.0152678,0.0135385,0.870405,0.00316954,0.00337853,0.0017271,0.0270212,0.0208767
79.951,0.0490808,0.0153236,0.0135441,0.870509,0.00288472,0.00294761,0.00173813,0.0298578,0.0308456
80.001,0.0491245,0.0153591,0.013546,0.871389,0.0024004,0.00300927,0.001713,0.0235649,0.0234689
80.051,0.0491333,0.0154187,0.0135478,0.871863,0.00244488,0.00406798,0.00169147,0.0219396,0.0217436
80.101,0.0491794,0.0155105,0.0135556,0.87237,0.00247695,0.00425716,0.0017287,0.0244721,0.0200398
80.151,0.0492099,0.015595,0.0135611,0.872725,0.00237371,0.0037591,0.00173859,0.025648,0.0249274
80.201,0.0492158,0.0156549,0.0135629,0.873335,0.00245068,0.00293112,0.00171165,0.0232961,0.0209583
80.251,0.0492625,0.0156954,0.0135646,0.873723,0.00298834,0.00311714,0.00168884,0.0240875,0.0193796
80.301,0.0493681,0.0157578,0.0135722,0.874131,0.0032325,0.00318451,0.00172621,0.0272209,0.0206521
80.351,0.0494613,0.0158125,0.0135777,0.874233,0.00290515,0.00282383,0.00173691,0.0301862,0.0309217
80.401,0.0495064,0.0158473,0.0135796,0.875136,0.00240678,0.00297172,0.00171163,0.0237656,0.0234749
80.451,0.0495221,0.0159109,0.0135814,0.87563,0.00251189,0.00397254,0.00169008,0.0219279,0.0217514
80.501,0.0495786,0.016007,0.0135891,0.876143,0.00255068,0.00415036,0.00172735,0.0244252,0.0200578
80.551,0.0496175,0.0160955,0.0135945,0.876498,0.002389,0.00370608,0.00173719,0.0255434,0.0246904
80.601,0.0496286,0.0161587,0.0135963,0.877082,0.00244889,0.00287655,0.00171008,0.0233178,0.0207284
80.651,0.049676,0.0161978,0.0135979,0.87745,0.00299495,0.00295145,0.00168711,0.0241344,0.0192947
80.701,0.049784,0.0162569,0.0136055,0.877866,0.00325161,0.00300024,0.00172455,0.0271587,0.020632
80.751,0.0498803,0.0163088,0.013611,0.87798,0.0028793,0.002709,0.00173524,0.0302343,0.0311478
80.801,0.049927,0.0163426,0.0136128,0.878917,0.00240272,0.00292138,0.00170987,0.0237747,0.0237294
80.851,0.0499526,0.0164096,0.0136146,0.879445,0.00258293,0.00386968,0.00168841,0.0219165,0.0219768
80.901,0.0500197,0.0165081,0.0136223,0.879976,0.0026431,0.00403686,0.0017261,0.0242323,0.0199453
80.951,0.0500666,0.0165986,0.0136277,0.880309,0.00241606,0.00363395,0.00173627,0.0252113,0.0241053
81.001,0.0500832,0.0166636,0.0136295,0.880823,0.0024513,0.00281499,0.00170929,0.0229884,0.0203982
81.051,0.0501318,0.0167008,0.0136311,0.88116,0.00300272,0.00279705,0.00168629,0.0238576,0.019162
81.101,0.0502422,0.0167549,0.0136386,0.881578,0.00328115,0.00282267,0.00172377,0.0269715,0.0207196
81.151,0.0503401,0.0168025,0.013644,0.88167,0.00287144,0.00260743,0.00173436,0.0301424,0.0317649
81.201,0.0503876,0.0168348,0.0136459,0.882616,0.00241754,0.00288592,0.00170878,0.0235755,0.0240902
81.251,0.0504176,0.0169034,0.0136476,0.883102,0.00268027,0.0037374,0.00168702,0.0215691,0.0221813
81.301,0.0504958,0.0170012,0.0136551,0.883636,0.0027575,0.00388619,0.0017244,0.0240167,0.019932
81.351,0.0505522,0.0170923,0.0136605,0.883988,0.00245424,0.0035725,0.00173412,0.024929,0.0239442
81.401,0.0505753,0.0171591,0.0136622,0.884527,0.00247061,0.00277612,0.00170673,0.0228469,0.0202787
81.451,0.0506262,0.0171945,0.0136638,0.884889,0.00305244,0.0026715,0.00168364,0.0237043,0.0190887
81.501,0.0507407,0.0172427,0.0136712,0.885301,0.00334882,0.0026724,0.00172123,0.0267726,0.0207392
81.551,0.0508401,0.017285,0.0136766,0.885384,0.00288487,0.00252812,0.00173205,0.0299543,0.0317432
81.601,0.0508839,0.0173152,0.0136784,0.886301,0.00243876,0.00284443,0.00170683,0.0235429,0.024073
81.651,0.0509185,0.017384,0.0136801,0.886772,0.00281398,0.00359284,0.00168531,0.021464,0.0220979
81.701,0.0510087,0.0174797,0.0136877,0.887296,0.00291091,0.00373151,0.00172277,0.0239753,0.0200154
81.751,0.0510767,0.0175702,0.013693,0.887672,0.00252257,0.00350006,0.00173264,0.0248667,0.0239459
81.801,0.0511068,0.0176382,0.0136947,0.888244,0.00248672,0.00273747,0.00170548,0.0229391,0.0202191
81.851,0.0511587,0.0176713,0.0136962,0.88862,0.00307956,0.00256856,0.00168265,0.0238529,0.0190635
81.901,0.0512749,0.0177133,0.0137037,0.889036,0.00336593,0.00255827,0.00172061,0.0267571,0.0206961
81.951,0.0513753,0.0177507,0.0137091,0.889126,0.00286982,0.00248378,0.00173174,0.0298765,0.0317697
82.001,0.05142,0.0177795,0.0137109,0.89005,0.00245657,0.00283619,0.00170659,0.0235114,0.0242837
82.051,0.051463,0.0178479,0.0137126,0.890552,0.00291683,0.00346504,0.00168497,0.0213606,0.0221658
82.101,0.0515627,0.0179405,0.0137201,0.89108,0.00303317,0.00359214,0.00172245,0.0239042,0.0199876
82.151,0.0516387,0.018029,0.0137254,0.891462,0.0025735,0.00343786,0.00173236,0.0246979,0.0237094
82.201,0.0516741,0.0180966,0.0137271,0.892017,0.00249126,0.00270442,0.00170524,0.0227784,0.0200824
82.251,0.0517234,0.0181266,0.0137286,0.89238,0.00303109,0.00248654,0.00168225,0.0237149,0.0189873
82.301,0.0518372,0.0181618,0.013736,0.892796,0.00333012,0.00246335,0.00171989,0.0267133,0.0206684
82.351,0.0519368,0.0181932,0.0137413,0.892891,0.00283635,0.00243532,0.00173068,0.0297947,0.0319565
82.401,0.0519817,0.0182199,0.0137431,0.893828,0.00248203,0.00281268,0.00170536,0.0234301,0.0243075
82.451,0.0520331,0.0182873,0.0137447,0.894329,0.00305108,0.00333888,0.00168374,0.0212059,0.0221465
82.501,0.0521437,0.0183757,0.0137522,0.894859,0.00318646,0.00344969,0.00172126,0.0236949,0.0199501
82.551,0.0522294,0.018461,0.0137574,0.895246,0.00266523,0.00337307,0.00173107,0.0244553,0.0234507
82.601,0.0522702,0.0185273,0.0137591,0.895783,0.00251105,0.00268306,0.00170377,0.0226884,0.019917
82.651,0.0523164,0.0185538,0.0137606,0.896109,0.00302966,0.00242008,0.00168066,0.0236673,0.0189094
82.701,0.0524298,0.0185822,0.013768,0.896518,0.00332457,0.00239504,0.00171837,0.0267076,0.020708
82.751,0.0525286,0.0186079,0.0137732,0.89661,0.00282152,0.00240737,0.0017293,0.0298116,0.0320483
82.801,0.0525719,0.018633,0.013775,0.897533,0.00251744,0.0027986,0.00170422,0.0234824,0.0244105
82.851,0.0526332,0.0186978,0.0137767,0.89806,0.00320999,0.00319684,0.0016829,0.0211911,0.0223389
82.901,0.0527551,0.0187799,0.0137841,0.898601,0.00335263,0.003283,0.00172078,0.0235871,0.0197557
82.951,0.0528509,0.0188603,0.0137894,0.899001,0.00277401,0.00328453,0.00173085,0.024068,0.0228471
83.001,0.052898,0.0189239,0.013791,0.899506,0.00253257,0.00265432,0.00170356,0.0224434,0.0196627
83.051,0.0529418,0.0189469,0.0137925,0.899805,0.00300173,0.00236374,0.00168035,0.0236172,0.0188066
83.101,0.0530523,0.0189671,0.0137999,0.900203,0.00327494,0.00234134,0.00171805,0.0268597,0.0208429
83.151,0.0531482,0.0189856,0.0138051,0.900286,0.00277285,0.00237553,0.00172884,0.0299038,0.0324943
83.201,0.0531909,0.0190084,0.0138068,0.901226,0.00253232,0.00273771,0.00170346,0.0235864,0.0247175
83.251,0.0532543,0.0190695,0.0138084,0.901712,0.00326764,0.0030018,0.00168179,0.0211695,0.0223843
83.301,0.0533815,0.0191426,0.0138158,0.902249,0.00344066,0.00307274,0.00171938,0.0237533,0.0197868
83.351,0.0534843,0.0192173,0.013821,0.902656,0.00284002,0.00317493,0.00172919,0.024309,0.0229007
83.401,0.0535396,0.0192804,0.0138226,0.903201,0.00254511,0.00261048,0.0017018,0.0226216,0.0195775
83.451,0.0535861,0.0193018,0.0138241,0.90354,0.00297,0.0023195,0.00167866,0.0237466,0.0187527
83.501,0.0536942,0.0193143,0.0138314,0.903947,0.0032194,0.00231438,0.00171642,0.0268001,0.0208567
83.551,0.0537879,0.0193268,0.0138366,0.904039,0.00273886,0.00235738,0.00172737,0.0297948,0.0323772
83.601,0.0538304,0.0193483,0.0138383,0.904971,0.00256356,0.0027001,0.00170223,0.0234742,0.0247163
83.651,0.0539002,0.019405,0.01384,0.905442,0.00336259,0.00284338,0.00168065,0.0210618,0.0224424
83.701,0.054034,0.019469,0.0138473,0.905981,0.00354669,0.00289929,0.0017183,0.0237075,0.0197219
83.751,0.0541445,0.0195366,0.0138525,0.90639,0.00293635,0.00306744,0.00172821,0.0242039,0.0226904
83.801,0.0542064,0.0195961,0.0138541,0.906928,0.00256919,0.0025742,0.00170098,0.0225103,0.0194977
83.851,0.0542551,0.0196139,0.0138556,0.907274,0.0029612,0.00229482,0.00167805,0.0237067,0.0187166
83.901,0.0543612,0.0196182,0.0138629,0.907679,0.00319199,0.00231448,0.00171618,0.0266709,0.0209063
83.951,0.0544529,0.0196239,0.0138681,0.907771,0.00272761,0.00234934,0.00172758,0.0296072,0.0323618
84.001,0.0544956,0.0196435,0.0138699,0.908692,0.00260441,0.00265673,0.00170277,0.0234402,0.0248116
84.051,0.0545706,0.0196954,0.0138715,0.90917,0.00345105,0.0026937,0.00168127,0.0210043,0.022452
84.101,0.0547098,0.0197491,0.0138788,0.909706,0.00363908,0.00272602,0.00171888,0.0237491,0.0197224
84.151,0.0548259,0.0198085,0.013884,0.910112,0.00301417,0.00295082,0.00172875,0.0242594,0.0227012
84.201,0.0548935,0.0198643,0.0138856,0.910658,0.002579,0.00253686,0.00170145,0.0225317,0.0194516
84.251,0.0549418,0.0198798,0.0138871,0.911023,0.00290335,0.00228697,0.00167832,0.0236073,0.0186933
84.301,0.055043,0.0198767,0.0138943,0.91143,0.0031088,0.00233487,0.0017161,0.0266843,0.0209062
84.351,0.0551304,0.019876,0.0138995,0.911518,0.00267977,0.0023445,0.00172709,0.02967,0.0324719
84.401,0.0551726,0.0198935,0.0139012,0.912438,0.00263909,0.0026106,0.00170201,0.0234858,0.024789
84.451,0.0552525,0.0199391,0.0139028,0.912895,0.00351895,0.00255201,0.00168042,0.0209959,0.0223741
84.501,0.0553963,0.0199817,0.0139101,0.913426,0.00372787,0.00256938,0.00171808,0.0237259,0.0197296
84.551,0.0555188,0.020032,0.0139152,0.913837,0.00311059,0.00282908,0.00172802,0.0241512,0.0226236
84.601,0.0555929,0.0200825,0.0139169,0.914383,0.00260434,0.00249739,0.00170084,0.022404,0.0193696
84.651,0.055641,0.0200943,0.0139184,0.914746,0.00286406,0.00229125,0.00167775,0.0235803,0.0186571
84.701,0.0557375,0.0200834,0.0139256,0.915149,0.00303886,0.00237228,0.00171554,0.0266815,0.0209561
84.751,0.0558211,0.0200767,0.0139307,0.915239,0.00265211,0.00234568,0.00172659,0.029531,0.0323755
84.801,0.0558636,0.0200924,0.0139324,0.916137,0.00267784,0.00256205,0.0017016,0.0234687,0.0248515
84.851,0.055951,0.0201309,0.0139341,0.916608,0.0035953,0.0024359,0.00168019,0.0210701,0.0225053
84.901,0.056099,0.020162,0.0139414,0.917147,0.00379796,0.00244687,0.00171819,0.023745,0.0196107
84.951,0.0562273,0.0202026,0.0139465,0.917566,0.00320975,0.00271637,0.00172833,0.0241061,0.0223468
85.001,0.0563068,0.0202465,0.0139481,0.918104,0.00263269,0.0024686,0.00170108,0.0224232,0.0192696
85.051,0.0563537,0.0202547,0.0139496,0.918455,0.00282203,0.0023038,0.00167781,0.0237013,0.0186207
85.101,0.0564454,0.0202376,0.0139568,0.918854,0.00296678,0.00241615,0.00171559,0.026928,0.0210349
85.151,0.0565255,0.020225,0.0139619,0.918944,0.00262771,0.0023504,0.00172665,0.0298845,0.0325852
85.201,0.0565695,0.020238,0.0139637,0.919863,0.00273101,0.00252985,0.00170167,0.0235889,0.025005
85.251,0.05666,0.02027,0.0139653,0.920322,0.00362974,0.00236281,0.0016801,0.0210906,0.0224849
85.301,0.0568099,0.0202911,0.0139725,0.920857,0.00384171,0.00237026,0.00171777,0.0239481,0.0196673
85.351,0.0569415,0.0203224,0.0139777,0.921265,0.00329393,0.00262586,0.00172776,0.0243878,0.0226346
85.401,0.057025,0.0203604,0.0139793,0.921807,0.00265355,0.00243648,0.00170061,0.0225594,0.0193175
85.451,0.0570708,0.020364,0.0139808,0.922153,0.00278226,0.00232946,0.00167749,0.0236443,0.0186085
85.501,0.0571575,0.02034,0.0139879,0.922555,0.00289397,0.00247327,0.00171528,0.0267034,0.0210604
85.551,0.0572336,0.0203212,0.013993,0.922661,0.00259839,0.0023611,0.00172617,0.0294179,0.0325397
85.601,0.0572775,0.02033,0.0139948,0.923568,0.00275223,0.00247102,0.00170087,0.0233148,0.0250873
85.651,0.0573693,0.0203527,0.0139964,0.924014,0.00362129,0.00230048,0.00167913,0.0208678,0.0225884
85.701,0.0575178,0.0203608,0.0140036,0.924553,0.00382379,0.00231313,0.00171684,0.0236964,0.0195919
85.751,0.0576507,0.020381,0.0140087,0.924958,0.00333683,0.00251927,0.00172692,0.0240591,0.0226154
85.801,0.0577392,0.0204117,0.0140103,0.925499,0.00266495,0.00239766,0.00169991,0.0221579,0.0192689
85.851,0.0577873,0.0204093,0.0140118,0.925863,0.0027342,0.00238227,0.00167705,0.0232677,0.0185935
85.901,0.057868,0.0203767,0.014019,0.926272,0.00281537,0.00257139,0.00171521,0.0261378,0.021096
85.951,0.0579392,0.0203508,0.0140241,0.926371,0.00257709,0.00238859,0.00172653,0.0289355,0.0324284
86.001,0.0579826,0.0203563,0.0140259,0.927243,0.00278566,0.00241666,0.00170152,0.0231006,0.0250328
86.051,0.0580763,0.0203716,0.0140275,0.927681,0.00362088,0.00228951,0.00167986,0.0208574,0.0224698
86.101,0.0582239,0.0203667,0.0140347,0.92821,0.00382226,0.00231437,0.00171754,0.0237727,0.0196445
86.151,0.0583588,0.0203754,0.0140398,0.928628,0.0033884,0.0024289,0.00172755,0.0242714,0.0227757
86.201,0.058451,0.0203994,0.0140414,0.929202,0.0026778,0.002368,0.00170046,0.0223433,0.0193
86.251,0.0584966,0.020395,0.0140429,0.929581,0.00266421,0.00242278,0.00167735,0.0233332,0.0185993
86.301,0.0585694,0.0203572,0.01405,0.92999,0.00271669,0.00264036,0.00171516,0.0263007,0.0210249
86.351,0.0586339,0.0203259,0.0140551,0.930088,0.00253234,0.0024085,0.00172606,0.0290619,0.0323645
86.401,0.0586763,0.0203273,0.0140569,0.930957,0.00279638,0.00237949,0.00170076,0.0231557,0.0249565
86.451,0.0587696,0.0203325,0.0140585,0.931375,0.00357071,0.00232145,0.00167902,0.0208484,0.0224595
86.501,0.0589136,0.0203153,0.0140657,0.931906,0.00377089,0.00236348,0.00171674,0.0237206,0.0196241
86.551,0.0590475,0.0203126,0.0140707,0.932319,0.0034092,0.00237029,0.00172682,0.0241963,0.022862
86.601,0.0591425,0.0203277,0.0140724,0.932893,0.00268502,0.00234501,0.00169985,0.0222886,0.0193492
86.651,0.0591878,0.0203182,0.0140739,0.933279,0.00261434,0.00249041,0.0016769,0.023314,0.0185995
86.701,0.0592536,0.0202737,0.014081,0.933687,0.00263341,0.00273707,0.00171473,0.0262816,0.0209589
86.751,0.0593118,0.0202363,0.0140861,0.933788,0.00250328,0.00244635,0.00172566,0.029004,0.0321783
86.801,0.0593532,0.0202333,0.0140878,0.934648,0.00280817,0.0023509,0.00170041,0.0231404,0.0247529
86.851,0.0594496,0.0202291,0.0140895,0.93511,0.00354611,0.00241057,0.00167888,0.0209089,0.0223308
86.901,0.0595909,0.0201984,0.0140967,0.935642,0.00374073,0.00248445,0.00171695,0.0235688,0.019632
86.951,0.0597239,0.0201824,0.0141017,0.936063,0.00344244,0.00234598,0.0017272,0.0239751,0.0228646
87.001,0.0598184,0.0201881,0.0141034,0.936627,0.00269965,0.00233563,0.00170014,0.0221026,0.0193832
87.051,0.0598589,0.0201739,0.0141049,0.93698,0.00257881,0.00256997,0.00167708,0.0232228,0.0186154
87.101,0.0599177,0.0201232,0.014112,0.937375,0.00256954,0.00283555,0.0017149,0.0263172,0.0209491
87.151,0.0599697,0.0200808,0.0141171,0.937488,0.00247621,0.00249063,0.00172581,0.0290517,0.0321531
87.201,0.0600086,0.0200736,0.0141188,0.938359,0.00281985,0.00234033,0.00170053,0.0231813,0.0246943
87.251,0.0601023,0.020062,0.0141205,0.938829,0.00347632,0.0025146,0.00167885,0.0209944,0.0221835
87.301,0.0602377,0.0200212,0.0141276,0.939346,0.00365337,0.00260865,0.00171658,0.0238557,0.0197937
87.351,0.0603666,0.0199959,0.0141327,0.939749,0.0034293,0.00235988,0.00172666,0.0244918,0.0234828
87.401,0.0604603,0.019994,0.0141343,0.940326,0.00268762,0.00234033,0.00169971,0.0224275,0.0195527
87.451,0.0604959,0.0199747,0.0141359,0.940673,0.00250613,0.00265619,0.00167686,0.0233943,0.0186611
87.501,0.0605454,0.0199186,0.0141429,0.941073,0.00248653,0.00293693,0.00171469,0.0263957,0.020823
87.551,0.0605888,0.0198711,0.014148,0.941194,0.00243471,0.00254513,0.00172562,0.0290732,0.0317385
87.601,0.0606242,0.0198593,0.0141498,0.942044,0.00278673,0.00234727,0.00170034,0.0232647,0.0243863
87.651,0.0607137,0.0198396,0.0141514,0.942507,0.00335489,0.00265193,0.00167868,0.0211344,0.0220373
87.701,0.0608405,0.0197886,0.0141585,0.943018,0.00352913,0.00277679,0.00171644,0.0240411,0.0198528
87.751,0.0609637,0.0197528,0.0141636,0.943414,0.00337485,0.00241278,0.00172652,0.0247473,0.0237865
87.801,0.0610543,0.0197428,0.0141653,0.944,0.00264897,0.00235781,0.00169959,0.0225295,0.0196166
87.851,0.0610849,0.0197177,0.0141668,0.944353,0.0024324,0.00276082,0.00167689,0.0234394,0.0186915
87.901,0.061124,0.0196562,0.0141739,0.944761,0.0024131,0.00304912,0.00171507,0.0262824,0.0208053
87.951,0.0611592,0.0196037,0.014179,0.94489,0.00240344,0.00260968,0.00172637,0.0288613,0.0314539
88.001,0.061191,0.0195867,0.0141808,0.945714,0.00275969,0.0023763,0.00170132,0.0232207,0.0242874
88.051,0.0612751,0.0195592,0.0141825,0.946168,0.00322438,0.00281879,0.0016797,0.0212973,0.0219239
88.101,0.0613916,0.019499,0.0141896,0.946662,0.00337822,0.00296204,0.00171741,0.0243563,0.019951
88.151,0.0615071,0.0194544,0.0141947,0.947047,0.00330408,0.00249294,0.0017274,0.0251833,0.0242195
88.201,0.0615944,0.0194375,0.0141963,0.947649,0.00260862,0.00238834,0.00170033,0.0227769,0.0197511
88.251,0.0616205,0.0194102,0.0141979,0.94801,0.00237906,0.00281837,0.00167743,0.0236686,0.0187175
88.301,0.0616494,0.019347,0.0142049,0.948414,0.00235663,0.00310456,0.00171525,0.0266409,0.0207923
88.351,0.0616752,0.0192923,0.01421,0.948554,0.00237025,0.00264997,0.00172632,0.0293184,0.0313414
88.401,0.0617026,0.0192721,0.0142118,0.949408,0.00269897,0.00240446,0.00170127,0.023559,0.0241836
88.451,0.0617818,0.0192384,0.0142135,0.949901,0.00308904,0.00295487,0.00167975,0.0216338,0.021949
88.501,0.0618877,0.0191715,0.0142206,0.950404,0.00321492,0.00312533,0.00171745,0.0247098,0.0198841
88.551,0.0619933,0.0191188,0.0142257,0.95078,0.00319968,0.00259149,0.00172743,0.0256229,0.0243451
88.601,0.0620755,0.0190938,0.0142273,0.951401,0.00255439,0.00242513,0.00170037,0.0230196,0.019766
88.651,0.0620963,0.0190623,0.0142289,0.951787,0.00232467,0.00290006,0.00167749,0.0238308,0.0187058
88.701,0.0621138,0.0189969,0.0142359,0.952192,0.00231381,0.00317827,0.00171531,0.0268074,0.0208761
88.751,0.0621286,0.0189397,0.014241,0.952345,0.00234213,0.00269909,0.00172637,0.0292658,0.0312518
88.801,0.0621498,0.0189153,0.0142428,0.953192,0.00262763,0.00244843,0.00170128,0.0235549,0.0241449
88.851,0.0622218,0.0188739,0.0142445,0.953685,0.00293167,0.00314802,0.00167993,0.0218631,0.0219111
88.901,0.062315,0.0187996,0.0142517,0.954192,0.00303992,0.00333483,0.00171796,0.0246532,0.0198623
88.951,0.0624098,0.0187394,0.0142568,0.954566,0.00307386,0.00272959,0.0017283,0.0256404,0.0244316
89.001,0.0624845,0.018708,0.0142585,0.955184,0.00250349,0.00247567,0.00170147,0.0229949,0.019785
89.051,0.0624977,0.0186741,0.01426,0.95556,0.00229234,0.00297671,0.00167863,0.0238516,0.0187133
89.101,0.0625037,0.0186077,0.0142671,0.95596,0.0023004,0.00323861,0.0017164,0.0269297,0.0210872
89.151,0.0625076,0.0185493,0.0142722,0.956119,0.00233428,0.00274289,0.00172735,0.0293924,0.0312753
89.201,0.0625223,0.0185222,0.014274,0.956969,0.00256608,0.00249076,0.0017021,0.0236639,0.024163
89.251,0.0625854,0.0184782,0.0142757,0.957453,0.00279593,0.00323213,0.00168052,0.0219752,0.0218647
89.301,0.0626675,0.0184022,0.0142828,0.957951,0.00290069,0.0034429,0.00171822,0.0251505,0.0199833
89.351,0.0627529,0.0183389,0.0142879,0.958302,0.00299375,0.00280841,0.00172854,0.0263679,0.0250582
89.401,0.0628204,0.0183033,0.0142896,0.958942,0.00245887,0.00250656,0.00170208,0.0233028,0.01995
89.451,0.0628249,0.0182665,0.0142912,0.959335,0.00227965,0.00302904,0.00167952,0.0238466,0.0187846
89.501,0.0628193,0.0182005,0.0142983,0.959744,0.00231248,0.00328139,0.00171726,0.0268469,0.02113
89.551,0.0628121,0.0181419,0.0143034,0.959921,0.00234073,0.00277796,0.00172813,0.029175,0.030978
89.601,0.0628188,0.018112,0.0143052,0.960762,0.00250661,0.00253877,0.00170274,0.023613,0.0240343
89.651,0.0628713,0.0180645,0.0143069,0.961242,0.0026453,0.00335905,0.00168107,0.0221595,0.0218452
89.701,0.0629387,0.0179866,0.014314,0.96174,0.00272193,0.00357514,0.00171873,0.0252848,0.0200047
89.751,0.0630103,0.0179202,0.0143191,0.96208,0.00283861,0.00292412,0.001729,0.0266424,0.0254063
89.801,0.0630697,0.0178807,0.0143208,0.962751,0.00240224,0.00255532,0.00170248,0.0233295,0.0200176
89.851,0.0630661,0.0178413,0.0143224,0.96318,0.00229837,0.00312557,0.00168007,0.0238936,0.0188122
89.901,0.0630443,0.0177749,0.0143295,0.963587,0.0023714,0.00336396,0.00171814,0.0267338,0.0212635
89.951,0.0630212,0.0177161,0.0143347,0.963753,0.00238181,0.0028335,0.00172934,0.0289164,0.0307656
90.001,0.0630161,0.0176842,0.0143365,0.964518,0.00243081,0.00259428,0.00170408,0.0235452,0.0239584
90.051,0.063055,0.0176346,0.0143382,0.964922,0.00249651,0.00348148,0.00168239,0.0223253,0.0216629
90.101,0.0631055,0.0175562,0.0143453,0.965394,0.00255606,0.00370835,0.00171999,0.0256195,0.0201676
90.151,0.0631643,0.0174888,0.0143504,0.965719,0.00269567,0.00303806,0.00173014,0.0271884,0.026136
90.201,0.0632169,0.0174475,0.0143521,0.966426,0.00235773,0.00260234,0.00170347,0.0234824,0.0203617
90.251,0.0632059,0.0174085,0.0143538,0.966863,0.00235269,0.0031577,0.00168088,0.0238757,0.0190125
90.301,0.0631694,0.0173451,0.0143608,0.967266,0.00246275,0.00337957,0.00171857,0.0268666,0.0210361
90.351,0.0631307,0.0172885,0.0143659,0.96739,0.00243857,0.00284521,0.00172929,0.0291254,0.0304351
90.401,0.0631136,0.0172562,0.0143677,0.96808,0.00238161,0.0026301,0.00170365,0.0237127,0.0236661
90.451,0.0631409,0.0172059,0.0143694,0.968433,0.00240709,0.00357534,0.00168186,0.0226308,0.0214493
90.501,0.0631791,0.0171292,0.0143765,0.968904,0.00245593,0.00380425,0.00171948,0.0257458,0.0202551
90.551,0.063226,0.0170623,0.0143816,0.969221,0.00259262,0.00313283,0.00172967,0.0273422,0.0265107
90.601,0.0632684,0.0170196,0.0143834,0.969937,0.002339,0.00263893,0.00170307,0.0234334,0.0205342
90.651,0.063248,0.0169804,0.014385,0.970377,0.00241288,0.00320527,0.00168058,0.0237943,0.0191566
90.701,0.0632008,0.0169202,0.014392,0.970793,0.00254626,0.00340909,0.00171829,0.0267878,0.0209613
90.751,0.0631533,0.0168664,0.0143971,0.970954,0.00248646,0.00287759,0.00172922,0.0289947,0.030257
90.801,0.0631307,0.0168342,0.014399,0.971697,0.00235656,0.00268072,0.00170395,0.0236666,0.0234386
90.851,0.063151,0.0167837,0.0144008,0.972131,0.00234029,0.00370109,0.00168254,0.0226851,0.0212405
90.901,0.0631767,0.0167088,0.0144079,0.972609,0.00237764,0.0039459,0.00172049,0.025543,0.0203009
90.951,0.06321,0.0166428,0.014413,0.972918,0.00249524,0.00326323,0.00173099,0.0271485,0.0267771
91.001,0.0632412,0.0165998,0.0144148,0.973635,0.0023348,0.00270478,0.00170456,0.0233122,0.0208013
91.051,0.0632113,0.0165617,0.0144164,0.974085,0.00251031,0.00328882,0.00168209,0.0236491,0.0193098
91.101,0.0631512,0.0165045,0.0144235,0.9745,0.00266883,0.0034729,0.00171973,0.0267355,0.0209077
91.151,0.0630923,0.016454,0.0144286,0.974673,0.0025749,0.00292122,0.00173052,0.0289825,0.0300006
91.201,0.0630602,0.0164233,0.0144305,0.975409,0.00233946,0.00273253,0.00170502,0.0238349,0.0232474
91.251,0.063071,0.0163764,0.0144322,0.975824,0.00230164,0.00376083,0.00168332,0.022962,0.0210217
91.301,0.0630853,0.016307,0.0144393,0.976283,0.0023314,0.00399916,0.00172089,0.0260749,0.0204283
91.351,0.0631087,0.0162453,0.0144444,0.976576,0.00243404,0.00333708,0.00173135,0.0278134,0.0275261
91.401,0.0631315,0.0162041,0.0144462,0.97732,0.00234375,0.00274213,0.00170527,0.0236208,0.0212229
91.451,0.0630914,0.0161676,0.0144479,0.97778,0.00262133,0.00334379,0.00168317,0.0237451,0.0195858
91.501,0.0630198,0.016115,0.014455,0.978207,0.00279785,0.00351877,0.00172078,0.0267653,0.0207401
91.551,0.0629493,0.0160685,0.0144601,0.978401,0.00268217,0.00296583,0.00173165,0.028911,0.0295881
91.601,0.0629067,0.0160389,0.014462,0.979134,0.00234023,0.00280023,0.00170633,0.0238115,0.0229504
91.651,0.0629075,0.0159947,0.0144637,0.979545,0.00228592,0.00385572,0.00168473,0.023125,0.020802
91.701,0.06291,0.015931,0.0144708,0.979992,0.00230755,0.00410649,0.00172224,0.026308,0.0204827
91.751,0.0629226,0.0158739,0.014476,0.980275,0.00238107,0.00344778,0.00173277,0.0280737,0.0279611
91.801,0.0629363,0.0158356,0.0144778,0.981037,0.002368,0.00279015,0.00170686,0.0237882,0.02158
91.851,0.0628869,0.0158018,0.0144795,0.981513,0.00275268,0.00341885,0.00168499,0.02392,0.0199124
91.901,0.0628038,0.0157545,0.0144866,0.981952,0.00293774,0.00358386,0.00172286,0.0268033,0.0205073
91.951,0.0627226,0.0157127,0.0144918,0.982154,0.00278001,0.00300803,0.00173395,0.0288862,0.028996
92.001,0.0626714,0.0156851,0.0144938,0.982868,0.00235437,0.002847,0.00170862,0.0239698,0.0226207
92.051,0.0626659,0.0156448,0.0144955,0.983301,0.00229184,0.00394481,0.00168689,0.0234197,0.0205302
92.101,0.0626607,0.0155883,0.0145026,0.983738,0.00230575,0.00420626,0.00172432,0.0267528,0.0207191
92.151,0.0626642,0.0155374,0.0145078,0.983989,0.00235998,0.00354942,0.00173485,0.0286641,0.0288205
92.201,0.062668,0.0155029,0.0145096,0.984747,0.00239109,0.00284302,0.00170899,0.0241133,0.0220939
92.251,0.0626077,0.0154733,0.0145114,0.985183,0.00283204,0.00348164,0.00168698,0.0240716,0.0203182
92.301,0.0625172,0.015433,0.0145185,0.985624,0.00302858,0.0036252,0.00172442,0.0272576,0.0203787
92.351,0.0624285,0.0153976,0.0145236,0.985867,0.00287661,0.0030477,0.00173495,0.0293307,0.0287916
92.401,0.0623702,0.0153738,0.0145255,0.986645,0.00237077,0.00289368,0.00170908,0.0242876,0.0225826
92.451,0.0623583,0.0153389,0.0145272,0.987128,0.00230308,0.00402404,0.00168715,0.0238794,0.0204977
92.501,0.0623456,0.0152915,0.0145343,0.987563,0.00231037,0.00427943,0.00172457,0.0272808,0.0206868
92.551,0.0623399,0.0152486,0.0145395,0.987784,0.00234381,0.0036269,0.00173507,0.0292641,0.0290012
92.601,0.0623324,0.0152191,0.0145413,0.988509,0.00242476,0.00287625,0.00170917,0.0244688,0.0223153
92.651,0.06226,0.0151941,0.0145431,0.988917,0.0029491,0.00352628,0.00168721,0.0242503,0.0204708
92.701,0.0621607,0.0151619,0.0145502,0.989362,0.00314888,0.00365945,0.00172464,0.027468,0.0203656
92.751,0.0620627,0.0151333,0.0145553,0.989601,0.00298305,0.00307243,0.00173533,0.0294343,0.0287446
92.801,0.0619936,0.0151131,0.0145572,0.990353,0.00240084,0.00291968,0.00170975,0.0243579,0.0225218
92.851,0.0619721,0.0150838,0.014559,0.990817,0.00232805,0.00410949,0.00168813,0.0240983,0.020408
92.901,0.0619515,0.0150466,0.0145661,0.991259,0.00233072,0.00437289,0.00172585,0.0272174,0.0207581
92.951,0.0619358,0.015013,0.0145713,0.991458,0.00233908,0.0037078,0.00173666,0.0291424,0.0292535
93.001,0.0619182,0.0149894,0.0145732,0.992155,0.00246781,0.00292788,0.00171089,0.0242838,0.0225812
93.051,0.0618374,0.0149694,0.014575,0.992544,0.00304808,0.00362191,0.00168892,0.0241411,0.0207122
93.101,0.061731,0.0149458,0.0145821,0.992987,0.00325135,0.00375246,0.00172627,0.0275298,0.0203462
93.151,0.0616256,0.014925,0.0145873,0.993226,0.00309175,0.00316331,0.00173701,0.0296026,0.0288889
93.201,0.0615479,0.0149096,0.0145892,0.993996,0.00243925,0.0030028,0.00171153,0.0245012,0.0225439
93.251,0.0615205,0.0148884,0.014591,0.994465,0.00235496,0.00419383,0.00168986,0.0243456,0.0204245
93.301,0.0614942,0.0148633,0.0145981,0.994896,0.00235161,0.00446534,0.00172717,0.0277691,0.0207396
93.351,0.061473,0.0148409,0.0146033,0.995072,0.00234175,0.00380917,0.0017378,0.0299454,0.0297411
93.401,0.0614508,0.014825,0.0146052,0.9958,0.00251118,0.00298915,0.00171224,0.0245642,0.0228137
93.451,0.0613631,0.0148116,0.0146069,0.99619,0.0031438,0.00373581,0.00169051,0.024139,0.020983
93.501,0.0612503,0.0147981,0.0146141,0.996644,0.00334964,0.00386413,0.0017278,0.0274195,0.0202669
93.551,0.0611384,0.0147861,0.0146192,0.996874,0.00318637,0.00326159,0.0017384,0.0296417,0.0288345
93.601,0.0610537,0.0147766,0.0146212,0.997636,0.00247809,0.00307899,0.00171268,0.0246023,0.0224408
93.651,0.0610215,0.0147643,0.0146229,0.998102,0.00237901,0.00429819,0.00169087,0.0246022,0.0203152
93.701,0.0609912,0.0147531,0.01463,0.998517,0.00236625,0.00454708,0.00172812,0.0281677,0.0207853
93.751,0.060964,0.0147435,0.0146352,0.99865,0.00234685,0.00388919,0.00173866,0.0304246,0.0301734
93.801,0.0609324,0.0147361,0.0146371,0.999324,0.00254447,0.00304945,0.00171297,0.0247321,0.0230165
93.851,0.0608335,0.0147303,0.0146389,0.999656,0.00323051,0.00385477,0.00169133,0.0242365,0.0211242
93.901,0.0607157,0.0147286,0.0146461,1.00012,0.00341861,0.00397964,0.00172892,0.0273502,0.0202598
93.951,0.060598,0.0147274,0.0146513,1.00034,0.00325877,0.00335527,0.00173984,0.0294599,0.0288042
94.001,0.060504,0.0147251,0.0146532,1.00105,0.00252031,0.00313789,0.00171426,0.0245525,0.0224539
94.051,0.0604643,0.0147228,0.014655,1.00147,0.00240298,0.00435192,0.00169239,0.0246397,0.0203403
94.101,0.060431,0.0147271,0.0146621,1.0019,0.00238891,0.00460025,0.00172957,0.0283061,0.0206801
94.151,0.0604009,0.0147318,0.0146673,1.00202,0.00235732,0.00395149,0.00174017,0.0308197,0.0305329
94.201,0.0603681,0.0147342,0.0146692,1.00275,0.00259609,0.00310084,0.00171464,0.0247102,0.0232303
94.251,0.060268,0.0147378,0.0146712,1.00312,0.00329866,0.00395148,0.00169514,0.0239924,0.0213597
94.301,0.0601469,0.0147498,0.0146783,1.00358,0.00348792,0.00408285,0.00173222,0.0274308,0.0202904
94.351,0.0600232,0.0147607,0.0146836,1.00378,0.00338042,0.00344768,0.00174262,0.0295906,0.0291388
94.401,0.0599215,0.0147672,0.0146855,1.00448,0.00258086,0.00321022,0.0017166,0.0246551,0.0225648
94.451,0.0598784,0.0147763,0.0146872,1.00489,0.00242592,0.00446037,0.00169449,0.0247936,0.0202925
94.501,0.0598435,0.0147975,0.0146944,1.00531,0.00240404,0.0047207,0.00173159,0.0284238,0.0206886
94.551,0.0598132,0.0148179,0.0146996,1.00545,0.00236769,0.00406668,0.00174219,0.0310061,0.0310497
94.601,0.0597812,0.0148314,0.0147015,1.00623,0.00263598,0.00320551,0.00171672,0.0246746,0.0235856
94.651,0.059679,0.0148453,0.0147033,1.00662,0.00333933,0.00414115,0.00169507,0.0238307,0.0216351
94.701,0.0595558,0.0148729,0.0147104,1.00708,0.00351244,0.0042715,0.00173214,0.0272516,0.0202669
94.751,0.0594313,0.0148981,0.0147156,1.0073,0.00343434,0.00361674,0.00174255,0.0294367,0.0290321
94.801,0.0593277,0.014915,0.0147175,1.00803,0.00261004,0.00333377,0.00171652,0.0246547,0.0225497
94.851,0.0592838,0.014937,0.0147193,1.00847,0.00243068,0.00464195,0.00169459,0.0249467,0.0202765
94.901,0.0592482,0.0149771,0.0147265,1.00888,0.00241019,0.00489518,0.00173204,0.0284367,0.0205713
94.951,0.0592158,0.0150152,0.0147317,1.00901,0.00238039,0.00421511,0.00174301,0.0310422,0.0310252
95.001,0.0591813,0.015041,0.0147337,1.0098,0.00268671,0.00332993,0.00171779,0.0246676,0.0236572
95.051,0.0590786,0.0150668,0.0147354,1.01022,0.00337884,0.00432501,0.00169622,0.0238069,0.0217213
95.101,0.0589538,0.0151122,0.0147426,1.01067,0.00354346,0.00446386,0.00173325,0.0273457,0.0203299
95.151,0.0588277,0.0151536,0.0147478,1.01088,0.00349614,0.00379429,0.00174373,0.0296211,0.0291638
95.201,0.0587204,0.0151828,0.0147497,1.01158,0.00264658,0.00346326,0.00171787,0.0248614,0.0226576
95.251,0.0586749,0.0152183,0.0147517,1.01196,0.0024331,0.00473949,0.00169812,0.0252663,0.0202623
95.301,0.058641,0.015278,0.0147588,1.01235,0.00240339,0.00499169,0.00173506,0.0290094,0.0204806
95.351,0.0586122,0.0153341,0.0147641,1.01247,0.00237891,0.00431097,0.0017455,0.0316876,0.0312465
95.401,0.0585791,0.0153725,0.014766,1.01329,0.00270525,0.00343646,0.00171993,0.0250283,0.023838
95.451,0.0584761,0.0154118,0.0147677,1.01371,0.0033641,0.00452623,0.00169822,0.0238625,0.021867
95.501,0.0583533,0.0154764,0.0147749,1.01416,0.00349992,0.00465067,0.00173513,0.0274426,0.0204465
95.551,0.0582291,0.0155355,0.0147801,1.01436,0.00350056,0.00395779,0.00174528,0.0297555,0.0291732
95.601,0.0581205,0.0155784,0.014782,1.01504,0.0026605,0.003557,0.0017188,0.0250603,0.0227394
95.651,0.0580754,0.0156276,0.0147837,1.0154,0.00240707,0.00480891,0.0016964,0.0254686,0.0202754
95.701,0.0580468,0.0157068,0.0147908,1.0158,0.00237932,0.00504736,0.00173342,0.0292994,0.0202297
95.751,0.0580225,0.0157813,0.014796,1.01595,0.00236582,0.00437846,0.00174418,0.0318794,0.0308174
95.801,0.0579928,0.0158337,0.014798,1.01677,0.00270498,0.00352098,0.00171917,0.0250876,0.0237093
95.851,0.0578932,0.0158892,0.0147998,1.01723,0.0033192,0.00473897,0.00169803,0.0239057,0.0218029
95.901,0.0577758,0.0159751,0.014807,1.01768,0.00342888,0.0048783,0.0017353,0.0272057,0.0205807
95.951,0.0576541,0.0160542,0.0148122,1.01784,0.00346606,0.00416355,0.00174587,0.0293782,0.0291715
96.001,0.057543,0.0161133,0.0148141,1.01841,0.00264504,0.00368456,0.00171965,0.0248023,0.0227439
96.051,0.0574993,0.0161777,0.0148158,1.01868,0.00237082,0.00492102,0.00169733,0.0255327,0.0202601
96.101,0.0574787,0.0162769,0.0148229,1.01907,0.00235127,0.00515291,0.0017343,0.0294808,0.0201648
96.151,0.0574619,0.0163703,0.0148281,1.01919,0.00235563,0.00448118,0.00174499,0.032121,0.0314482
96.201,0.0574366,0.0164368,0.0148301,1.02001,0.00267956,0.00365159,0.00171986,0.0251315,0.024221
96.251,0.0573411,0.0165074,0.014832,1.02046,0.00321641,0.00492404,0.00170075,0.023739,0.0221709
96.301,0.0572319,0.0166146,0.0148392,1.02091,0.00330406,0.00507264,0.00173755,0.0272836,0.020506
96.351,0.057118,0.0167134,0.0148444,1.02109,0.00340236,0.00436154,0.00174768,0.0296562,0.0289899
96.401,0.0570116,0.016788,0.0148463,1.02167,0.00262018,0.00380814,0.00172118,0.0251781,0.0225912
96.451,0.056973,0.0168662,0.0148479,1.02194,0.00233885,0.00502169,0.00169873,0.0259125,0.0201044
96.501,0.056962,0.0169845,0.0148551,1.02232,0.00233515,0.00523533,0.00173563,0.0298251,0.0201616
96.551,0.0569527,0.0170958,0.0148603,1.02241,0.00235314,0.00455934,0.00174636,0.0325562,0.0317996
96.601,0.0569312,0.0171759,0.0148622,1.02322,0.00264711,0.00377626,0.00172141,0.0254218,0.0245262
96.651,0.0568398,0.0172628,0.014864,1.02364,0.00308426,0.0051279,0.00170019,0.023812,0.022467
96.701,0.0567411,0.0173916,0.0148711,1.0241,0.00315966,0.00526313,0.001737,0.0273415,0.0203407
96.751,0.0566356,0.0175108,0.0148763,1.02427,0.00328524,0.00456588,0.00174718,0.0296138,0.0285451
96.801,0.0565345,0.0176026,0.0148782,1.0248,0.00256348,0.00392923,0.00172074,0.025341,0.0224141
96.851,0.0565045,0.0176958,0.0148799,1.02506,0.00231342,0.00512527,0.00169848,0.0261523,0.0199454
96.901,0.0565077,0.0178331,0.014887,1.02545,0.00233839,0.0053393,0.00173577,0.0298403,0.0202674
96.951,0.0565092,0.0179619,0.0148923,1.02551,0.00236336,0.00464066,0.00174691,0.0324311,0.0323168
97.001,0.0564923,0.0180558,0.0148942,1.02627,0.00257681,0.00391625,0.00172225,0.0251975,0.0249042
97.051,0.0564065,0.0181596,0.014896,1.02664,0.00290138,0.00535665,0.00170113,0.0235407,0.0227015
97.101,0.0563216,0.0183106,0.0149031,1.02709,0.00297281,0.0055028,0.00173791,0.0271679,0.0203133
97.151,0.0562298,0.0184506,0.0149083,1.02729,0.00314546,0.00480737,0.00174784,0.0294795,0.0283748
97.201,0.0561379,0.0185587,0.0149101,1.02786,0.00250823,0.00407232,0.00172091,0.0254047,0.0223778
97.251,0.0561141,0.0186619,0.0149119,1.02809,0.00232369,0.00514961,0.00170043,0.0263282,0.0199491
97.301,0.05613,0.0188131,0.014919,1.02843,0.00237976,0.00534185,0.00173727,0.0304467,0.0201327
97.351,0.056144,0.0189551,0.0149242,1.02845,0.00239964,0.0046612,0.00174786,0.0332147,0.0327414
97.401,0.0561357,0.019059,0.0149261,1.02922,0.00251615,0.00401699,0.0017227,0.0257998,0.0250945
97.451,0.0560597,0.0191776,0.0149278,1.02958,0.00272615,0.00553138,0.00170136,0.0238106,0.0229379
97.501,0.0559916,0.0193484,0.014935,1.03004,0.0027731,0.00567304,0.00173811,0.0273446,0.0201911
97.551,0.0559152,0.0195069,0.0149401,1.03025,0.00295738,0.00497211,0.00174801,0.029617,0.027649
97.601,0.0558349,0.0196307,0.0149419,1.03078,0.0024441,0.00413941,0.00172105,0.0257205,0.0220989
97.651,0.0558226,0.0197438,0.0149435,1.03101,0.00236873,0.00512498,0.0016983,0.0266385,0.0198268
97.701,0.0558564,0.0199062,0.0149506,1.03137,0.00246403,0.00529577,0.00173523,0.0307825,0.0201409
97.751,0.0558843,0.0200591,0.0149558,1.03135,0.00246602,0.00462815,0.001746,0.0335502,0.0332242
97.801,0.0558819,0.0201728,0.0149576,1.03203,0.00244539,0.00408238,0.00172113,0.0257881,0.0254054
97.851,0.0558177,0.0203081,0.0149594,1.03234,0.00253328,0.0056964,0.00170016,0.0237213,0.0232856
97.901,0.0557704,0.0204976,0.0149665,1.03282,0.00256263,0.00584174,0.00173731,0.0268247,0.0200498
97.951,0.0557127,0.0206743,0.0149717,1.03305,0.0027526,0.00516698,0.00174754,0.0288953,0.0271342
98.001,0.0556459,0.0208146,0.0149735,1.03354,0.00239082,0.00423195,0.00172064,0.0254117,0.0219081
98.051,0.0556453,0.0209364,0.014975,1.03375,0.00248116,0.00509388,0.00169784,0.0265186,0.0197946
98.101,0.055698,0.0211071,0.0149821,1.0341,0.00262012,0.00522827,0.00173478,0.0306855,0.0201025
98.151,0.0557417,0.0212671,0.0149873,1.03404,0.00258133,0.00455923,0.00174574,0.0335027,0.0336166
98.201,0.0557465,0.0213866,0.0149891,1.03464,0.00239707,0.00412951,0.00172128,0.0256286,0.0255929
98.251,0.0556924,0.0215323,0.0149911,1.03488,0.00240436,0.00574361,0.00170261,0.0233699,0.0232317
98.301,0.0556661,0.0217349,0.0149982,1.03536,0.00242542,0.00590777,0.00173932,0.0267052,0.0202427
98.351,0.0556273,0.021925,0.0150033,1.03558,0.0025948,0.00526435,0.00174894,0.0289155,0.0273692
98.401,0.0555752,0.0220768,0.015005,1.03607,0.00237037,0.00425574,0.00172146,0.0254954,0.0220643
98.451,0.0555879,0.0222039,0.0150065,1.03627,0.002646,0.00501547,0.00169834,0.026585,0.0198949
98.501,0.0556596,0.0223791,0.0150136,1.03663,0.00282174,0.00514294,0.00173527,0.0306423,0.0199751
98.551,0.0557199,0.0225439,0.0150187,1.03654,0.00272594,0.0044941,0.00174619,0.0336206,0.0336665
98.601,0.0557364,0.0226678,0.0150206,1.0371,0.00237489,0.00418612,0.00172168,0.0256652,0.0256352
98.651,0.0556969,0.0228229,0.0150223,1.03729,0.00232818,0.00582319,0.00170077,0.0233663,0.0233438
98.701,0.0556937,0.0230371,0.0150294,1.03776,0.00234306,0.00597941,0.00173755,0.0267234,0.0201908
98.751,0.0556772,0.0232388,0.0150345,1.038,0.00245196,0.00538195,0.00174734,0.0288763,0.0270298
98.801,0.0556425,0.0234,0.0150362,1.03847,0.00237615,0.00428552,0.00172009,0.0256249,0.0218463
98.851,0.0556695,0.0235294,0.0150377,1.03862,0.00286949,0.00490353,0.00169727,0.0268456,0.0197368
98.901,0.0557622,0.0237057,0.0150448,1.03896,0.00309039,0.00500907,0.00173461,0.0307029,0.0201401
98.951,0.0558414,0.0238712,0.0150499,1.03885,0.00291507,0.00436742,0.00174585,0.0335284,0.0340658
99.001,0.055869,0.0239959,0.0150518,1.03934,0.00238703,0.0041853,0.0017214,0.0255704,0.0259231
99.051,0.055845,0.0241575,0.0150534,1.03946,0.0023554,0.00581524,0.00170043,0.0232396,0.0234899
99.101,0.0558675,0.0243785,0.0150605,1.03992,0.00237263,0.00595827,0.00173721,0.0266965,0.0201034
99.151,0.0558753,0.0245873,0.0150656,1.04017,0.00237499,0.00541613,0.00174704,0.0288675,0.02681
99.201,0.0558598,0.0247558,0.0150673,1.04065,0.00242724,0.00425148,0.00171984,0.0256781,0.0217289
99.251,0.0559,0.0248842,0.015069,1.04082,0.00310872,0.00471221,0.00169915,0.0268457,0.0197257
99.301,0.0560111,0.0250559,0.015076,1.04116,0.00335755,0.0047879,0.00173605,0.0308425,0.0200428
99.351,0.0561078,0.0252171,0.0150811,1.04103,0.003118,0.00419442,0.00174675,0.0338791,0.0342077
99.401,0.0561505,0.0253393,0.0150829,1.04158,0.00243743,0.00416085,0.00172181,0.0256849,0.0259094
99.451,0.0561461,0.0255048,0.0150845,1.04172,0.00248778,0.00578263,0.0017006,0.0232052,0.0234485
99.501,0.0561941,0.0257297,0.0150916,1.04218,0.0025216,0.00591699,0.00173737,0.0265334,0.0201859
99.551,0.0562261,0.0259425,0.0150966,1.04242,0.00238627,0.00543047,0.001747,0.0286694,0.0267026
99.601,0.0562285,0.0261137,0.0150982,1.04284,0.0025219,0.00420893,0.00171943,0.0255664,0.0217714
99.651,0.0562786,0.0262367,0.0150997,1.04292,0.00337148,0.00450342,0.00169627,0.0267947,0.0197139
99.701,0.0564077,0.0264011,0.0151067,1.04324,0.00364992,0.00454734,0.0017333,0.0308063,0.0199355
99.751,0.0565235,0.0265554,0.0151117,1.04313,0.00332779,0.00401215,0.00174424,0.0339159,0.0341347
99.801,0.0565836,0.0266738,0.0151135,1.04377,0.00252362,0.00410925,0.00171967,0.0257661,0.0257619
99.851,0.056605,0.0268413,0.0151152,1.044,0.00273594,0.0057033,0.00169888,0.0232206,0.0234228
99.901,0.0566809,0.0270672,0.0151222,1.04447,0.00278039,0.00583778,0.00173608,0.0262441,0.0201751
99.951,0.0567379,0.0272805,0.0151273,1.0447,0.002493,0.00539275,0.00174605,0.0282167,0.0264686
100.001,0.0567586,0.0274507,0.0151289,1.04504,0.0026457,0.00411915,0.0017186,0.0253603,0.0216864
100.051,0.0568172,0.0275634,0.0151303,1.04501,0.00360872,0.00422552,0.00169537,0.0267442,0.0196402
100.101,0.0569624,0.0277156,0.0151373,1.04532,0.0039139,0.00424451,0.00173245,0.0309012,0.0199711
100.151,0.0570964,0.0278588,0.0151423,1.04525,0.00350869,0.00375753,0.00174345,0.0341775,0.034437
100.201,0.0571727,0.0279695,0.0151441,1.04598,0.0026339,0.00399905,0.00171903,0.0257786,0.0258987
100.251,0.0572146,0.028133,0.0151459,1.04626,0.00301441,0.005472,0.00170033,0.0230603,0.0234871
100.301,0.0573151,0.0283513,0.0151529,1.04673,0.00307552,0.00558705,0.0017371,0.0263679,0.0202551
100.351,0.0573942,0.0285584,0.0151579,1.04695,0.00265995,0.00522883,0.00174655,0.0284208,0.026638
100.401,0.0574337,0.0287243,0.0151595,1.04731,0.00277697,0.00394173,0.00171867,0.0255192,0.0216744
100.451,0.0575069,0.0288286,0.0151609,1.04733,0.00383021,0.003896,0.00169521,0.0268315,0.0196053
100.501,0.0576675,0.0289646,0.0151678,1.04767,0.00415032,0.00387913,0.00173228,0.0307998,0.0200011
100.551,0.0578156,0.0290923,0.0151728,1.0476,0.00367207,0.00346542,0.00174316,0.0340784,0.0345672
100.601,0.0579032,0.0291916,0.0151745,1.04832,0.00276599,0.00382464,0.00171842,0.0257897,0.0258604
100.651,0.0579631,0.0293469,0.0151761,1.04857,0.00334394,0.00516098,0.00169729,0.0230048,0.0234863
100.701,0.0580897,0.0295532,0.0151831,1.04906,0.00342677,0.00526673,0.0017342,0.0262427,0.0202541
100.751,0.0581928,0.0297503,0.015188,1.04928,0.00290331,0.00499429,0.00174391,0.0283489,0.0264517
100.801,0.0582531,0.0299097,0.0151896,1.04966,0.00294509,0.00371892,0.00171644,0.0255348,0.021524
100.851,0.0583445,0.0300039,0.015191,1.04976,0.00411205,0.00352597,0.00169346,0.0268638,0.0194656
100.901,0.0585225,0.0301205,0.0151979,1.05011,0.00443628,0.00348994,0.00173096,0.0306645,0.0201192
100.951,0.0586832,0.0302303,0.015203,1.05,0.00386591,0.00317921,0.00174238,0.0338752,0.034673
101.001,0.0587774,0.0303182,0.0152047,1.05069,0.00292879,0.00364848,0.00171813,0.0256016,0.0259199
101.051,0.0588528,0.030465,0.0152063,1.05092,0.00370804,0.00484821,0.00169721,0.0228876,0.0234083
101.101,0.0590018,0.0306572,0.0152133,1.05139,0.00380707,0.00495726,0.00173413,0.0263171,0.0202695
101.151,0.0591278,0.0308425,0.0152182,1.05163,0.00316853,0.00476258,0.00174383,0.0283475,0.0265738
101.201,0.0592051,0.0309922,0.0152197,1.05205,0.00308489,0.003518,0.00171637,0.0255143,0.0214922
101.251,0.0593007,0.031072,0.0152213,1.05216,0.00421849,0.00319909,0.00169543,0.0268313,0.0194469
101.301,0.0594854,0.031168,0.0152282,1.0525,0.00455157,0.00313668,0.0017325,0.0307886,0.0201242
101.351,0.0596557,0.0312584,0.0152332,1.05243,0.00394051,0.00291996,0.00174337,0.0343461,0.0349714
101.401,0.0597612,0.0313326,0.0152349,1.05325,0.00306487,0.0034597,0.00171863,0.025795,0.0260056
101.451,0.0598565,0.0314668,0.0152364,1.05355,0.00402405,0.00448136,0.0016974,0.0229821,0.023648
101.501,0.0600265,0.031641,0.0152434,1.05404,0.00413924,0.00457123,0.0017343,0.0262977,0.0201458
101.551,0.0601709,0.0318095,0.0152483,1.05428,0.00342639,0.00446452,0.00174379,0.028341,0.0261595
101.601,0.0602631,0.0319457,0.0152498,1.05469,0.00320943,0.00327528,0.00171597,0.0255112,0.0212552
101.651,0.060366,0.0320099,0.0152511,1.05481,0.0043194,0.00286134,0.00169255,0.0267675,0.019288
101.701,0.0605576,0.0320822,0.015258,1.05515,0.00466059,0.00278848,0.00172975,0.0307488,0.0202904
101.751,0.0607335,0.0321499,0.0152629,1.05507,0.00399039,0.00265725,0.00174069,0.0343368,0.0353027
101.801,0.0608423,0.0322089,0.0152646,1.05592,0.00316897,0.0032282,0.00171598,0.025709,0.0259894
101.851,0.0609541,0.0323296,0.0152661,1.05625,0.0043372,0.00406608,0.00169498,0.0228997,0.0236364
101.901,0.0611437,0.0324824,0.015273,1.05676,0.00448655,0.00413861,0.00173234,0.0259228,0.0200914
101.951,0.0613068,0.0326314,0.0152779,1.05699,0.00369926,0.00411429,0.00174221,0.0278724,0.0259947
102.001,0.0614137,0.0327528,0.0152795,1.05741,0.00332374,0.00303236,0.00171463,0.0251576,0.0212083
102.051,0.061521,0.0328013,0.0152808,1.05755,0.00437553,0.00258187,0.00169129,0.0265221,0.019277
102.101,0.0617154,0.0328488,0.0152876,1.0579,0.00470609,0.0025172,0.00172855,0.0306055,0.0203092
102.151,0.0618928,0.0328934,0.0152925,1.05781,0.00398936,0.00247873,0.00173943,0.0343861,0.035403
102.201,0.0620028,0.0329374,0.0152941,1.05868,0.00325385,0.00302158,0.00171454,0.0256291,0.0259725
102.251,0.0621219,0.033042,0.0152959,1.05902,0.00451299,0.00364459,0.00169547,0.0227832,0.0235536
102.301,0.0623225,0.033171,0.0153027,1.05951,0.00467927,0.00370935,0.00173246,0.026207,0.0202462
102.351,0.0624969,0.0332998,0.0153075,1.05976,0.00387087,0.00378633,0.0017419,0.0282082,0.0264477
102.401,0.0626132,0.0334074,0.015309,1.06023,0.00336415,0.00283623,0.00171401,0.025321,0.0213318
102.451,0.062723,0.0334407,0.0153104,1.06041,0.00434168,0.00239906,0.00169055,0.0265068,0.0192758
102.501,0.0629162,0.0334646,0.0153171,1.06077,0.00466145,0.00236402,0.00172784,0.030309,0.0203069
102.551,0.063093,0.0334869,0.015322,1.06071,0.00393095,0.0023818,0.0017388,0.0341208,0.035159
102.601,0.0632033,0.0335166,0.0153236,1.06161,0.00332008,0.00283361,0.00171401,0.0254492,0.0257221
102.651,0.0633307,0.033603,0.0153252,1.06194,0.00468751,0.00323487,0.00169277,0.0226754,0.0233748
102.701,0.0635418,0.0337065,0.015332,1.06243,0.00486464,0.00327913,0.00172989,0.0261091,0.0202414
102.751,0.0637263,0.0338122,0.0153368,1.06268,0.00402104,0.00344601,0.00173954,0.0279916,0.0265584
102.801,0.063851,0.0339025,0.0153383,1.06317,0.00338168,0.00264485,0.00171202,0.0250877,0.0212829
102.851,0.0639607,0.0339202,0.0153396,1.06339,0.00426556,0.00230939,0.00168884,0.0261551,0.0192652
102.901,0.0641494,0.0339201,0.0153464,1.06376,0.00456787,0.00233319,0.00172621,0.0299897,0.0204078
102.951,0.064321,0.0339199,0.0153512,1.0637,0.00382957,0.00235748,0.00173714,0.0338115,0.0352957
103.001,0.0644275,0.0339351,0.0153528,1.06462,0.00335225,0.00266408,0.00171223,0.0251989,0.0256474
103.051,0.0645612,0.0340044,0.0153545,1.06499,0.00479332,0.00287171,0.00169314,0.0225723,0.0232871
103.101,0.0647779,0.0340814,0.0153613,1.06546,0.00498476,0.00289799,0.00173024,0.0260163,0.0202214
103.151,0.0649696,0.0341638,0.0153661,1.06573,0.00414231,0.00312522,0.00173986,0.0279535,0.0265601
103.201,0.0650987,0.0342375,0.0153676,1.06625,0.00337648,0.00250114,0.00171231,0.0250425,0.0212456
103.251,0.0652041,0.0342398,0.0153691,1.06649,0.00414745,0.00233626,0.0016913,0.026028,0.0191988
103.301,0.0653841,0.0342154,0.0153759,1.06684,0.00441572,0.00243642,0.00172856,0.0298365,0.0205674
103.351,0.0655447,0.0341935,0.0153806,1.06675,0.0036895,0.00241321,0.00173911,0.0337679,0.0353225
103.401,0.0656414,0.0341952,0.0153822,1.06762,0.00335468,0.00252724,0.00171354,0.0252375,0.0255863
103.451,0.0657713,0.0342454,0.0153837,1.06789,0.00481315,0.00258027,0.00169172,0.0226231,0.0231998
103.501,0.0659891,0.0342964,0.0153905,1.06836,0.00502494,0.00259767,0.00172889,0.026175,0.0202666
103.551,0.0661834,0.0343568,0.0153952,1.06862,0.0041894,0.00285195,0.00173863,0.0280627,0.0268183
103.601,0.0663145,0.0344156,0.0153967,1.06916,0.00332544,0.00241937,0.00171129,0.025043,0.0213514
103.651,0.0664131,0.0344047,0.0153981,1.0694,0.00397641,0.00241598,0.00168814,0.0258661,0.0192186
103.701,0.0665826,0.0343613,0.0154048,1.06975,0.00422068,0.00258219,0.00172555,0.0296625,0.0206341
103.751,0.066734,0.0343221,0.0154095,1.0697,0.003521,0.00248756,0.00173636,0.0336316,0.0351914
103.801,0.0668245,0.034313,0.0154111,1.07061,0.0033163,0.00244577,0.0017112,0.025195,0.0253476
103.851,0.0669569,0.0343481,0.0154126,1.07097,0.00476496,0.00239853,0.00168968,0.0227017,0.0230374
103.901,0.067173,0.034376,0.0154193,1.07144,0.00498888,0.00241339,0.00172695,0.0263806,0.0202256
103.951,0.0673659,0.0344149,0.0154241,1.07171,0.00417638,0.00265122,0.00173686,0.0282221,0.0268787
104.001,0.0674945,0.0344573,0.0154256,1.07226,0.00321001,0.00237083,0.00170979,0.0252159,0.0213345
104.051,0.0675845,0.0344342,0.0154272,1.07253,0.00371392,0.00255395,0.00168902,0.0261751,0.0191739
104.101,0.0677376,0.0343731,0.0154338,1.0729,0.00392044,0.00278446,0.00172638,0.0299472,0.0206938
104.151,0.0678744,0.0343184,0.0154386,1.07287,0.00329253,0.00258901,0.00173695,0.0337951,0.0349478
104.201,0.0679584,0.0343009,0.0154401,1.0738,0.00322819,0.00239284,0.00171134,0.0253307,0.0251033
104.251,0.0680902,0.0343212,0.0154418,1.07419,0.00462769,0.00231901,0.00169161,0.0228327,0.0228579
104.301,0.0683,0.0343263,0.0154485,1.07466,0.0048801,0.00233194,0.0017288,0.0264976,0.0202859
104.351,0.0684876,0.0343442,0.0154532,1.07491,0.00411947,0.00250068,0.00173835,0.0283056,0.0270988
104.401,0.0686124,0.034372,0.0154547,1.07545,0.00309861,0.00235706,0.00171069,0.0251951,0.0214407
104.451,0.0686928,0.0343384,0.015456,1.07573,0.00347451,0.00269534,0.00168727,0.025939,0.0192436
104.501,0.0688304,0.0342626,0.0154626,1.07611,0.00364063,0.00297621,0.0017247,0.029605,0.0206293
104.551,0.0689515,0.0341946,0.0154674,1.07611,0.00307728,0.00269025,0.00173524,0.0333701,0.0344832
104.601,0.069025,0.0341691,0.0154689,1.07703,0.00312548,0.00236243,0.00170951,0.0252125,0.0246079
104.651,0.069148,0.0341741,0.0154704,1.07737,0.00445244,0.00231578,0.00168751,0.0228209,0.0224319
104.701,0.0693476,0.0341584,0.015477,1.07783,0.00469285,0.00233971,0.00172487,0.0265687,0.0204115
104.751,0.0695264,0.0341571,0.0154817,1.07806,0.00399235,0.00239866,0.00173477,0.0282353,0.0274088
104.801,0.0696453,0.0341716,0.0154832,1.0786,0.0029608,0.00235555,0.00170769,0.0250811,0.0215936
104.851,0.0697156,0.03413,0.0154846,1.07889,0.00322001,0.00281442,0.0016847,0.0257035,0.0192911
104.901,0.0698354,0.0340437,0.0154912,1.07928,0.00334725,0.0031263,0.00172224,0.0293398,0.0206093
104.951,0.0699406,0.0339665,0.0154959,1.07931,0.00287018,0.00275598,0.001733,0.0329474,0.0339928
105.001,0.0700059,0.0339354,0.0154974,1.08025,0.0030282,0.00235355,0.00170761,0.0249292,0.0242717
105.051,0.0701266,0.0339296,0.0154991,1.08066,0.0042756,0.00238241,0.00168805,0.0226699,0.0222098
105.101,0.0703167,0.0338967,0.0155057,1.08112,0.00453195,0.00242461,0.00172539,0.0264712,0.0204203
105.151,0.0704857,0.0338783,0.0155104,1.08134,0.00387957,0.00236207,0.00173503,0.0281575,0.0274812
105.201,0.0705953,0.0338811,0.0155119,1.08188,0.00283402,0.00236723,0.00170755,0.0248793,0.0215971
105.251,0.0706524,0.0338336,0.0155134,1.08218,0.00296813,0.00291944,0.0016865,0.025452,0.0192478
105.301,0.0707518,0.033739,0.01552,1.08258,0.00304486,0.00325426,0.00172394,0.0291391,0.0207974
105.351,0.0708376,0.0336548,0.0155246,1.08262,0.00268368,0.0028026,0.00173418,0.032638,0.0337993
105.401,0.0708913,0.0336182,0.0155261,1.08352,0.00291702,0.00236122,0.00170787,0.0247066,0.0241181
105.451,0.0709994,0.0335979,0.0155275,1.08385,0.00404464,0.00248574,0.00168546,0.0225725,0.0220045
105.501,0.0711759,0.033549,0.0155342,1.0843,0.00431278,0.0025483,0.00172293,0.0263539,0.0203978
105.551,0.0713354,0.0335171,0.0155388,1.08454,0.00375102,0.00235456,0.0017328,0.0279815,0.0274977
105.601,0.0714381,0.0335111,0.0155403,1.08508,0.00273751,0.00238334,0.00170568,0.0247891,0.0216287
105.651,0.0714828,0.0334581,0.0155417,1.08538,0.00277895,0.00301035,0.00168269,0.0251836,0.0192189
105.701,0.0715651,0.0333561,0.0155482,1.08577,0.00282031,0.0033706,0.00172029,0.0287918,0.0208999
105.751,0.0716351,0.0332666,0.0155528,1.08585,0.0025607,0.00284469,0.00173086,0.0320798,0.0333776
105.801,0.0716793,0.0332283,0.0155544,1.08675,0.00282967,0.00237049,0.00170505,0.0244847,0.023752
105.851,0.0717806,0.0332014,0.0155558,1.08714,0.00383399,0.0026126,0.00168302,0.0225523,0.0217502
105.901,0.0719437,0.0331381,0.0155624,1.0876,0.00409272,0.00269541,0.00172059,0.0262679,0.0204306
105.951,0.0720919,0.0330943,0.015567,1.08784,0.00360135,0.00237499,0.00173068,0.0277567,0.0277758
106.001,0.0721864,0.0330816,0.0155685,1.08841,0.00262707,0.0023947,0.0017039,0.0245011,0.0217658
106.051,0.0722196,0.0330278,0.0155701,1.08874,0.00260023,0.00305748,0.00168337,0.0249025,0.0192645
106.101,0.0722831,0.0329232,0.0155766,1.08913,0.00261106,0.00340916,0.00172092,0.0284737,0.021058
106.151,0.0723356,0.0328324,0.0155812,1.08924,0.00245587,0.00283729,0.00173125,0.0315492,0.0328926
106.201,0.0723703,0.0327937,0.0155827,1.09014,0.00273875,0.00238064,0.00170501,0.0241455,0.0233813
106.251,0.0724641,0.0327606,0.0155843,1.09056,0.00361265,0.00271517,0.00168488,0.0223553,0.0213833
106.301,0.072613,0.0326878,0.0155909,1.09101,0.00386361,0.00282912,0.00172236,0.0259584,0.0204906
106.351,0.0727476,0.0326342,0.0155955,1.09126,0.00345453,0.00241773,0.00173231,0.0273907,0.0278112
106.401,0.0728314,0.0326147,0.015597,1.09181,0.00255299,0.002408,0.00170531,0.0241925,0.0218456
106.451,0.0728504,0.0325587,0.0155984,1.09211,0.00246221,0.00308454,0.00168233,0.0244485,0.0192711
106.501,0.0728973,0.0324522,0.0156049,1.0925,0.00246843,0.00343599,0.00171992,0.0281207,0.0211608
106.551,0.0729344,0.0323615,0.0156095,1.09263,0.00239223,0.00282156,0.00173014,0.0309821,0.0325839
106.601,0.0729597,0.0323227,0.015611,1.09353,0.00265631,0.00239575,0.00170369,0.023991,0.0231108
106.651,0.0730431,0.0322836,0.0156124,1.09396,0.00339987,0.00283544,0.00168122,0.0222648,0.0211586
106.701,0.0731771,0.0322007,0.0156189,1.09441,0.00363753,0.00296994,0.00171885,0.0257536,0.0204566
106.751,0.0732994,0.0321391,0.0156235,1.09467,0.00329355,0.00245796,0.00172889,0.0271404,0.0276616
106.801,0.0733744,0.032117,0.015625,1.09525,0.00247124,0.00241276,0.00170205,0.0239933,0.0217959
106.851,0.0733829,0.0320624,0.0156264,1.09558,0.00235706,0.00310682,0.00167926,0.0242816,0.0192531
106.901,0.0734119,0.0319548,0.0156329,1.09596,0.00235717,0.00345671,0.00171699,0.0278626,0.0213482
106.951,0.0734325,0.0318641,0.0156374,1.09609,0.0023483,0.00282087,0.00172747,0.0305396,0.0324144
107.001,0.0734472,0.031826,0.015639,1.09695,0.00257051,0.00240939,0.00170142,0.0238119,0.0228729
107.051,0.0735193,0.0317844,0.0156406,1.09738,0.00317269,0.00293953,0.00168142,0.0222963,0.0209774
107.101,0.0736368,0.0316936,0.0156471,1.09782,0.00339781,0.00311024,0.00171905,0.0256946,0.0203792
107.151,0.0737454,0.0316254,0.0156516,1.09809,0.00314382,0.00251523,0.00172886,0.0270367,0.0274483
107.201,0.0738111,0.0316008,0.0156531,1.09867,0.00241096,0.00242263,0.00170166,0.02387,0.0217526
107.251,0.0738095,0.0315491,0.0156547,1.09902,0.00230148,0.00311326,0.00168084,0.0240921,0.0192327
107.301,0.0738215,0.0314423,0.0156611,1.09938,0.00230928,0.00344757,0.00171848,0.0276516,0.0216309
107.351,0.0738252,0.0313535,0.0156657,1.09951,0.00234051,0.00279665,0.00172841,0.0301994,0.0321898
107.401,0.0738272,0.0313166,0.0156671,1.1003,0.00248326,0.00241708,0.00170144,0.0237326,0.0225856
107.451,0.0738828,0.0312712,0.0156685,1.10063,0.00295067,0.00299737,0.00167866,0.0223916,0.0206866
107.501,0.0739839,0.0311761,0.015675,1.10105,0.00316119,0.00318575,0.0017164,0.0257411,0.0204595
107.551,0.0740799,0.0311043,0.0156795,1.10133,0.00298357,0.00254724,0.00172646,0.0271845,0.0276842
107.601,0.0741379,0.0310785,0.015681,1.10193,0.00236639,0.00241424,0.00169966,0.0240318,0.0219898
107.651,0.0741262,0.0310292,0.0156824,1.10227,0.00227266,0.00307904,0.00167691,0.0242003,0.0193779
107.701,0.0741229,0.0309249,0.0156888,1.10264,0.00230117,0.00340753,0.00171473,0.0279706,0.0215045
107.751,0.074113,0.0308395,0.0156934,1.10279,0.00234891,0.00274155,0.00172499,0.0301832,0.0315637
107.801,0.0741079,0.0308051,0.0156949,1.10358,0.0024211,0.0024108,0.00169853,0.0238107,0.0221248
107.851,0.0741554,0.0307584,0.0156963,1.10394,0.00276809,0.00303589,0.00167617,0.022684,0.0203024
107.901,0.0742406,0.0306607,0.0157027,1.10435,0.00294074,0.00324471,0.00171401,0.0260806,0.0206513
107.951,0.0743216,0.0305862,0.0157073,1.10463,0.00281395,0.00257272,0.00172429,0.0274284,0.0281207
108.001,0.0743709,0.0305595,0.0157088,1.10526,0.0023315,0.0024042,0.00169785,0.0241117,0.0223433
108.051,0.074353,0.0305129,0.0157104,1.10566,0.00229538,0.00305056,0.00167759,0.0241111,0.019582
108.101,0.0743342,0.0304117,0.0157167,1.10604,0.00234926,0.00334948,0.00171537,0.0277274,0.0214459
108.151,0.0743102,0.0303298,0.0157213,1.1062,0.0023918,0.00269768,0.00172558,0.0297783,0.0311025
108.201,0.0742956,0.0302971,0.0157228,1.10696,0.00237551,0.00240995,0.00169902,0.0237062,0.0218399
108.251,0.0743321,0.03025,0.0157244,1.1073,0.00260898,0.00306033,0.00167872,0.0227737,0.0200638
108.301,0.0744012,0.0301511,0.0157308,1.1077,0.00274689,0.00328658,0.00171644,0.0261687,0.0207675
108.351,0.0744689,0.0300752,0.0157354,1.10798,0.00268296,0.00259122,0.00172651,0.0275464,0.0284016
108.401,0.0745099,0.0300492,0.0157369,1.10861,0.0023281,0.00239108,0.00169976,0.0242399,0.022594
108.451,0.0744827,0.0300053,0.0157383,1.10901,0.00234708,0.00299617,0.00167701,0.0240129,0.0197839
108.501,0.0744495,0.0299086,0.0157446,1.1094,0.00243229,0.00327525,0.00171482,0.0276208,0.0213197
108.551,0.0744121,0.0298308,0.0157492,1.10956,0.00244692,0.00263513,0.00172508,0.0295633,0.0305141
108.601,0.0743882,0.0297997,0.0157507,1.11027,0.00234376,0.00239167,0.00169859,0.0237147,0.0214073
108.651,0.0744133,0.0297517,0.0157521,1.11055,0.00249065,0.00303684,0.00167607,0.0229786,0.0197153
108.701,0.0744708,0.0296538,0.0157585,1.11095,0.00262036,0.00328071,0.00171391,0.0263376,0.0210109
108.751,0.0745282,0.0295776,0.0157631,1.11121,0.00260023,0.00258685,0.00172422,0.0277719,0.0291308
108.801,0.0745621,0.0295504,0.0157646,1.11187,0.00232548,0.00237632,0.00169784,0.0242232,0.0231203
108.851,0.0745275,0.0295075,0.015766,1.11228,0.00239198,0.00295107,0.00167542,0.0239319,0.020201
108.901,0.0744852,0.0294148,0.0157724,1.11269,0.00249785,0.00321268,0.00171329,0.027545,0.0209597
108.951,0.074441,0.0293416,0.0157769,1.11292,0.00248568,0.00259387,0.00172369,0.029374,0.0295744
109.001,0.0744153,0.029314,0.0157784,1.11371,0.00233211,0.00238686,0.00169741,0.0237373,0.0209459
109.051,0.0744409,0.0292691,0.0157801,1.11414,0.00242575,0.00304684,0.00167726,0.0232004,0.0194224
109.101,0.0744895,0.0291713,0.0157864,1.11454,0.00253876,0.0033028,0.00171505,0.0265437,0.0211726
109.151,0.0745356,0.0290938,0.015791,1.11478,0.00253193,0.00260944,0.00172526,0.0279695,0.0295781
109.201,0.0745579,0.0290663,0.0157925,1.11542,0.00233816,0.00237207,0.00169873,0.0245215,0.0234779
109.251,0.0745136,0.029026,0.0157941,1.11584,0.0024735,0.00294377,0.00167845,0.0240338,0.0204601
109.301,0.0744607,0.0289355,0.0158005,1.11626,0.00258879,0.00318573,0.00171617,0.0275926,0.0209459
109.351,0.0744077,0.0288653,0.015805,1.11651,0.00254522,0.00257182,0.00172608,0.0292564,0.0293263
109.401,0.0743752,0.0288404,0.0158065,1.1173,0.00232668,0.00238485,0.00169905,0.0238455,0.0210104
109.451,0.0743931,0.0287962,0.0158079,1.11775,0.00236983,0.00303867,0.00167616,0.0234119,0.0194338
109.501,0.074433,0.0286988,0.0158143,1.11815,0.0024714,0.00330878,0.001714,0.0266575,0.0210135
109.551,0.0744698,0.0286206,0.0158188,1.11837,0.00247861,0.00261131,0.00172431,0.0281817,0.0295707
109.601,0.0744823,0.0285935,0.0158203,1.11897,0.00234994,0.00235609,0.00169794,0.0246551,0.023631
109.651,0.0744252,0.0285537,0.0158218,1.11933,0.00254252,0.00289222,0.00167557,0.0240015,0.0205752
109.701,0.0743625,0.0284669,0.0158281,1.11974,0.00268706,0.00312056,0.00171342,0.027672,0.0211574
109.751,0.0742992,0.0284,0.0158326,1.12,0.00261753,0.00253331,0.00172358,0.029218,0.0294199
109.801,0.0742578,0.0283754,0.0158341,1.12079,0.00231893,0.00237467,0.00169692,0.0238667,0.0210065
109.851,0.0742666,0.0283304,0.0158356,1.12121,0.00231534,0.00303184,0.00167434,0.0235499,0.0193825
109.901,0.0742961,0.0282341,0.0158419,1.12162,0.00238942,0.00330717,0.00171226,0.026784,0.0209881
109.951,0.0743229,0.0281559,0.0158464,1.12184,0.0024145,0.00261289,0.00172273,0.0282192,0.0297572
110.001,0.0743269,0.0281274,0.015848,1.12243,0.0023798,0.0023483,0.00169661,0.0244681,0.0237542
110.051,0.0742618,0.0280886,0.0158496,1.12279,0.00265565,0.00286658,0.00167666,0.023795,0.0207125
110.101,0.0741884,0.0280049,0.0158559,1.12321,0.00281932,0.00307588,0.00171447,0.0274307,0.0211997
110.151,0.0741138,0.0279405,0.0158604,1.12346,0.00273236,0.00250825,0.00172454,0.0289381,0.0293022
110.201,0.0740601,0.027915,0.015862,1.12418,0.00233493,0.00237197,0.00169771,0.0236789,0.0208847
110.251,0.0740561,0.0278684,0.0158636,1.12453,0.00228274,0.00303237,0.00167721,0.0235293,0.019266
110.301,0.0740738,0.0277726,0.0158699,1.12493,0.00233507,0.00332854,0.001715,0.026837,0.021121
110.351,0.0740921,0.0276942,0.0158744,1.12515,0.00237034,0.00263695,0.00172523,0.0283832,0.0302926
110.401,0.0740927,0.0276658,0.015876,1.12579,0.0024231,0.0023552,0.00169875,0.0245272,0.0241635
110.451,0.0740237,0.0276271,0.0158775,1.12619,0.00275223,0.00287478,0.0016763,0.0236316,0.0210468
110.501,0.0739423,0.0275431,0.0158838,1.12662,0.00291527,0.00309842,0.00171413,0.0273326,0.0210259
110.551,0.0738609,0.0274787,0.0158883,1.12688,0.00280242,0.00251534,0.00172422,0.0289378,0.0289926
110.601,0.073803,0.0274539,0.0158898,1.12762,0.00234534,0.00238265,0.00169742,0.0237884,0.0206651
110.651,0.0737959,0.0274082,0.0158913,1.12803,0.0022669,0.00305812,0.00167476,0.0237811,0.0191361
110.701,0.0738064,0.0273118,0.0158976,1.12843,0.00230448,0.00335172,0.00171266,0.027039,0.0212055
110.751,0.073816,0.0272322,0.0159021,1.12863,0.00234334,0.0026603,0.00172332,0.0286807,0.030853
110.801,0.0738086,0.0272027,0.0159037,1.12927,0.00245145,0.00235656,0.00169751,0.0244965,0.0244234
110.851,0.0737307,0.0271625,0.0159052,1.12964,0.00282939,0.00290488,0.00167554,0.0235557,0.0213302
110.901,0.073642,0.0270783,0.0159115,1.13007,0.00300922,0.00311254,0.00171342,0.0272798,0.0209355
110.951,0.0735534,0.0270135,0.015916,1.13034,0.00289082,0.00251999,0.00172379,0.0288023,0.0288023
111.001,0.0734875,0.0269874,0.0159176,1.13108,0.00237201,0.00238893,0.00169742,0.0236761,0.0204903
111.051,0.0734745,0.026941,0.0159192,1.13149,0.00227075,0.00309797,0.00167723,0.023972,0.0190416
111.101,0.0734779,0.0268434,0.0159255,1.13188,0.00229542,0.00340682,0.00171503,0.0272958,0.021346
111.151,0.0734799,0.0267619,0.0159301,1.13205,0.00233565,0.0027078,0.00172569,0.0289836,0.0312602
111.201,0.073465,0.0267308,0.0159317,1.13269,0.00248882,0.00237118,0.00169991,0.0245236,0.0247265
111.251,0.0733806,0.0266902,0.0159334,1.13306,0.00290659,0.00294831,0.00168007,0.0235158,0.0216132
111.301,0.0732862,0.0266044,0.0159397,1.13349,0.00309429,0.0031686,0.00171775,0.0273968,0.0209466
111.351,0.0731908,0.026538,0.0159442,1.13375,0.00298856,0.00255139,0.00172773,0.029116,0.0287759
111.401,0.0731166,0.0265102,0.0159458,1.1345,0.00241346,0.00240961,0.00170075,0.0238919,0.0204588
111.451,0.0730955,0.0264626,0.0159473,1.1349,0.0022769,0.00313384,0.00167785,0.024293,0.0189913
111.501,0.0730926,0.0263641,0.0159536,1.13528,0.00228919,0.00345344,0.00171563,0.0277298,0.0214509
111.551,0.0730896,0.026281,0.0159581,1.13544,0.00232716,0.00275083,0.00172623,0.0295765,0.0319415
111.601,0.0730708,0.0262472,0.0159597,1.1361,0.00252994,0.00238727,0.00170037,0.0247113,0.0251953
111.651,0.0729774,0.0262015,0.0159612,1.13643,0.00299064,0.00303342,0.00167831,0.0235396,0.0219613
111.701,0.0728766,0.0261117,0.0159675,1.13686,0.00317432,0.00325201,0.00171607,0.0275049,0.0209765
111.751,0.0727748,0.0260423,0.0159721,1.13712,0.00308591,0.00259042,0.00172619,0.029229,0.0288191
111.801,0.0726931,0.0260117,0.0159736,1.13788,0.00245188,0.00243118,0.00169942,0.0239368,0.0203173
111.851,0.0726668,0.0259622,0.0159751,1.13827,0.00228583,0.00318909,0.00167673,0.0244652,0.0188857
111.901,0.0726591,0.0258616,0.0159814,1.13865,0.00228673,0.00351687,0.00171456,0.0279136,0.0215402
111.951,0.0726509,0.0257755,0.0159859,1.13879,0.0023221,0.00281783,0.00172547,0.029814,0.0323194
112.001,0.0726276,0.0257388,0.0159876,1.13947,0.00257113,0.00241324,0.0017001,0.0247829,0.0255557
112.051,0.0725332,0.025691,0.0159893,1.13984,0.0030434,0.00312708,0.0016806,0.0235522,0.0223029
112.101,0.0724296,0.0255974,0.0159956,1.14028,0.00320966,0.00334542,0.00171826,0.0276432,0.0210905
112.151,0.0723236,0.0255243,0.0160001,1.14053,0.00315957,0.00264342,0.00172818,0.0296497,0.028877
112.201,0.0722348,0.0254898,0.0160017,1.14129,0.00248727,0.00246119,0.00170109,0.0241775,0.0203144
112.251,0.0722033,0.0254384,0.0160033,1.14169,0.00230366,0.0032505,0.00168037,0.0248823,0.0189031
112.301,0.0721924,0.0253368,0.0160096,1.14207,0.00229663,0.00357493,0.00171805,0.0284393,0.0214607
112.351,0.0721789,0.0252476,0.0160142,1.14217,0.00232853,0.0028863,0.00172885,0.030517,0.0323993
112.401,0.072148,0.0252054,0.0160159,1.1428,0.00261191,0.0024545,0.00170335,0.0249558,0.0255547
112.451,0.0720414,0.0251505,0.0160175,1.14306,0.00308831,0.00323577,0.00168151,0.0236084,0.0223714
112.501,0.0719356,0.0250525,0.0160238,1.14348,0.00323228,0.00346271,0.00171913,0.0278382,0.0213493
112.551,0.071826,0.0249735,0.0160283,1.14373,0.00323804,0.00272755,0.00172941,0.0298403,0.0292868
112.601,0.0717298,0.0249321,0.0160299,1.14448,0.00253383,0.00251378,0.00170288,0.024265,0.0203209
112.651,0.071693,0.0248755,0.0160314,1.14485,0.0023101,0.00334818,0.00168027,0.0249885,0.0189094
112.701,0.0716806,0.0247706,0.0160377,1.14522,0.00229701,0.00367795,0.00171796,0.0285644,0.0214466
112.751,0.0716663,0.0246773,0.0160423,1.14531,0.00232727,0.00298688,0.00172896,0.0307926,0.0330818
112.801,0.0716337,0.0246304,0.016044,1.14596,0.0026476,0.00251633,0.00170381,0.0248232,0.0258403
112.851,0.0715229,0.0245689,0.0160456,1.14623,0.00313969,0.00342801,0.00168224,0.0233086,0.0226829
112.901,0.071414,0.0244631,0.0160519,1.14666,0.00328192,0.00366474,0.00171984,0.0275622,0.0212881
112.951,0.071301,0.0243769,0.0160565,1.14691,0.00331433,0.00287268,0.00173004,0.0295845,0.0292515
113.001,0.0712009,0.0243288,0.0160581,1.14766,0.00257505,0.00259998,0.00170338,0.0241381,0.0203726
113.051,0.0711624,0.0242693,0.0160597,1.14804,0.00232148,0.00348141,0.00168297,0.0251321,0.0189089
113.101,0.0711489,0.0241603,0.0160661,1.1484,0.00230475,0.00383437,0.00172056,0.0288476,0.0213677
113.151,0.0711333,0.0240623,0.0160707,1.14847,0.00233422,0.00313166,0.00173151,0.0312289,0.0336139
113.201,0.0711014,0.0240118,0.0160724,1.14919,0.00269436,0.00261355,0.00170635,0.0249152,0.0261908
113.251,0.0709945,0.0239457,0.0160741,1.14955,0.00315627,0.00364319,0.00168692,0.0232926,0.0229864
113.301,0.0708853,0.0238327,0.0160805,1.14997,0.00329271,0.0038889,0.00172432,0.0275775,0.021252
113.351,0.07077,0.0237392,0.016085,1.15021,0.00337846,0.00304557,0.00173411,0.0296249,0.0291297
113.401,0.0706651,0.023684,0.0160866,1.15094,0.00261613,0.00270105,0.00170681,0.0242659,0.0204504
113.451,0.070623,0.0236201,0.0160881,1.15128,0.00232174,0.00361936,0.00168369,0.025282,0.0189257
113.501,0.0706103,0.0235078,0.0160944,1.15163,0.00230395,0.0039708,0.00172125,0.0290396,0.0212889
113.551,0.0705967,0.0234067,0.016099,1.1517,0.0023341,0.00324974,0.00173214,0.0317044,0.0342195
113.601,0.0705663,0.0233526,0.0161007,1.15247,0.00272178,0.0027107,0.00170687,0.0250668,0.0264562
113.651,0.0704589,0.0232797,0.0161023,1.15284,0.00315328,0.00385185,0.00168523,0.0231752,0.0231674
113.701,0.0703513,0.0231599,0.0161086,1.15327,0.00327434,0.00411542,0.00172272,0.0274928,0.0212097
113.751,0.0702359,0.0230586,0.0161132,1.15351,0.00341476,0.00324557,0.00173286,0.0296084,0.0291198
113.801,0.0701274,0.0229947,0.0161148,1.1542,0.0026423,0.00283049,0.0017061,0.0243727,0.0205041
113.851,0.0700835,0.0229252,0.0161163,1.15449,0.00231542,0.0037796,0.00168338,0.0255352,0.0189413
113.901,0.0700737,0.02281,0.0161226,1.15483,0.00230096,0.00411347,0.00172096,0.0294134,0.0212186
113.951,0.070064,0.022706,0.0161272,1.15488,0.0023321,0.0033804,0.00173223,0.0324049,0.0347716
114.001,0.0700358,0.0226477,0.016129,1.15569,0.00273324,0.00284284,0.0017077,0.0253519,0.0267558
114.051,0.069932,0.0225683,0.0161308,1.1561,0.00310831,0.00412498,0.00168878,0.0232956,0.0234085
114.101,0.0698289,0.0224421,0.0161371,1.15652,0.00321444,0.00438278,0.00172611,0.0276617,0.0212821
114.151,0.0697168,0.0223336,0.0161417,1.15675,0.00340109,0.00349391,0.00173594,0.029844,0.0292147
114.201,0.0696078,0.0222618,0.0161433,1.15743,0.00264659,0.00298133,0.0017087,0.0247472,0.0206461
114.251,0.0695642,0.0221887,0.0161449,1.15768,0.00230915,0.00393458,0.00168783,0.0260801,0.0190006
114.301,0.0695603,0.0220723,0.0161513,1.15801,0.00231039,0.0042648,0.00172522,0.0301587,0.0210538
114.351,0.0695563,0.0219664,0.0161559,1.15804,0.00233878,0.00351832,0.00173611,0.0333072,0.0352592
114.401,0.0695321,0.0219043,0.0161576,1.15889,0.00272672,0.00300258,0.001711,0.0258297,0.0269731
114.451,0.0694312,0.0218183,0.0161592,1.1593,0.00303587,0.00437576,0.00168946,0.0235271,0.0236501
114.501,0.0693356,0.021688,0.0161656,1.15973,0.00311518,0.00463163,0.00172676,0.027918,0.0211267
114.551,0.0692287,0.0215736,0.0161702,1.15994,0.003348,0.00374279,0.00173674,0.0301263,0.0290941
114.601,0.0691222,0.0214934,0.0161718,1.16058,0.00261739,0.00313953,0.00170973,0.0250999,0.0207237
114.651,0.0690837,0.0214162,0.0161732,1.1608,0.0022897,0.00408544,0.00168678,0.0264937,0.0190617
114.701,0.0690903,0.0213002,0.0161796,1.16114,0.00232222,0.00439868,0.00172423,0.0306212,0.0208774
114.751,0.0690949,0.0211936,0.0161843,1.16113,0.00234248,0.00364691,0.00173537,0.0340644,0.0357389
114.801,0.0690741,0.021128,0.016186,1.16199,0.00268792,0.00316851,0.00171074,0.0261214,0.0271527
114.851,0.068977,0.0210361,0.0161876,1.16237,0.00290847,0.00466991,0.00168958,0.023609,0.0237993
114.901,0.0688922,0.0209025,0.016194,1.16281,0.00297364,0.00491296,0.00172686,0.0279912,0.021147
114.951,0.0687935,0.0207839,0.0161985,1.16301,0.0032602,0.00403717,0.00173683,0.030233,0.0290225
115.001,0.0686908,0.0206974,0.0162001,1.16358,0.00257421,0.00331889,0.00170978,0.02527,0.0208623
115.051,0.0686577,0.0206188,0.0162018,1.16376,0.00229744,0.00423125,0.00168907,0.0266005,0.0191451
115.101,0.0686767,0.0205055,0.0162081,1.16411,0.00236544,0.00451896,0.00172641,0.0307926,0.0208084
115.151,0.0686928,0.0204009,0.0162128,1.16409,0.00236611,0.00376432,0.00173753,0.0344833,0.0363935
115.201,0.0686805,0.0203336,0.0162145,1.16497,0.00263444,0.003346,0.00171295,0.026218,0.0275573
115.251,0.0685959,0.020239,0.0162163,1.16539,0.00275791,0.00494757,0.00169398,0.0235066,0.0241514
115.301,0.0685265,0.020106,0.0162227,1.16585,0.00279039,0.00519365,0.00173107,0.0278258,0.0210217
115.351,0.0684415,0.0199863,0.0162273,1.16603,0.00309447,0.00434328,0.00174066,0.0301213,0.0287668
115.401,0.0683491,0.0198964,0.0162289,1.16658,0.00250441,0.0035058,0.00171302,0.0254625,0.0208781
115.451,0.0683265,0.0198184,0.0162303,1.16674,0.00233952,0.0043574,0.00168962,0.0269584,0.0191715
115.501,0.0683626,0.0197108,0.0162367,1.16709,0.0024655,0.00462351,0.00172695,0.0311815,0.0207919
115.551,0.0683923,0.0196105,0.0162413,1.16701,0.0024287,0.00387996,0.00173801,0.0350765,0.0369406
115.601,0.0683865,0.0195433,0.016243,1.16787,0.00253851,0.00353142,0.00171335,0.026483,0.0278586
115.651,0.0683089,0.019448,0.0162446,1.1682,0.00256374,0.00521544,0.00169218,0.0236022,0.0244192
115.701,0.0682592,0.0193193,0.016251,1.16866,0.00258266,0.00545118,0.00172934,0.0278859,0.0208973
115.751,0.0681927,0.0192027,0.0162556,1.16886,0.00289245,0.00462584,0.00173908,0.0302335,0.0285723
115.801,0.0681139,0.0191128,0.0162572,1.16942,0.0024295,0.00369135,0.00171167,0.0257628,0.0209662
115.851,0.0681043,0.0190384,0.0162586,1.1696,0.0024308,0.00445212,0.00168853,0.0273342,0.0192108
115.901,0.068158,0.0189404,0.0162649,1.16994,0.00261247,0.00467135,0.00172591,0.0317249,0.0207411
115.951,0.0682036,0.0188488,0.0162696,1.16982,0.00252178,0.00393292,0.00173705,0.0358053,0.0373872
116.001,0.0682077,0.0187847,0.0162713,1.17066,0.00245078,0.00369047,0.00171252,0.0268331,0.0280218
116.051,0.068146,0.0186933,0.016273,1.17098,0.00240668,0.00543722,0.0016937,0.0237653,0.0245556
116.101,0.0681196,0.0185744,0.0162795,1.17145,0.00241355,0.00566603,0.0017308,0.0279813,0.0208309
116.151,0.0680744,0.0184655,0.016284,1.17164,0.00267162,0.00490744,0.00174041,0.0304781,0.0283603
116.201,0.0680121,0.0183798,0.0162856,1.17217,0.00237007,0.00385708,0.00171279,0.0262085,0.0209897
116.251,0.0680173,0.0183123,0.0162872,1.17234,0.00261157,0.00451454,0.00169178,0.0278436,0.0191988
116.301,0.0680923,0.0182273,0.0162935,1.17267,0.00285035,0.00470069,0.00172902,0.0323186,0.0208292
116.351,0.0681555,0.0181475,0.0162982,1.17249,0.00268935,0.00398077,0.00174005,0.0364267,0.0379848
116.401,0.0681707,0.0180893,0.0162999,1.17328,0.00238413,0.0038458,0.00171543,0.0271062,0.0283222
116.451,0.0681213,0.0180058,0.0163015,1.17346,0.00231218,0.00562473,0.00169431,0.0238275,0.0248436
116.501,0.068122,0.017902,0.0163079,1.17394,0.00232445,0.0058353,0.00173138,0.0280175,0.0205829
116.551,0.0681024,0.0178065,0.0163125,1.17414,0.00248022,0.00514711,0.00174114,0.0304239,0.0279436
116.601,0.0680612,0.0177297,0.016314,1.17468,0.00235339,0.00398978,0.00171378,0.0262707,0.0210664
116.651,0.068085,0.0176719,0.0163154,1.17487,0.00286081,0.0045193,0.0016907,0.0279313,0.0192207
116.701,0.0681833,0.0176035,0.0163218,1.1752,0.0031478,0.00465778,0.00172798,0.0325027,0.0207902
116.751,0.0682655,0.0175389,0.0163265,1.17495,0.00291016,0.00397866,0.00173926,0.0366926,0.0383307
116.801,0.0682915,0.0174898,0.0163282,1.17563,0.00236107,0.00398016,0.00171511,0.0271111,0.0284554
116.851,0.0682595,0.0174191,0.0163298,1.17573,0.00235575,0.00577702,0.00169437,0.023688,0.0249259
116.901,0.0682893,0.0173352,0.0163362,1.17619,0.00238042,0.00597634,0.00173143,0.0277184,0.0205361
116.951,0.0682985,0.0172583,0.0163408,1.17641,0.00236611,0.00536757,0.00174139,0.0300881,0.0277783
117.001,0.0682805,0.0171958,0.0163424,1.17691,0.00240507,0.00411005,0.00171436,0.0262582,0.0212003
117.051,0.0683204,0.0171517,0.016344,1.17705,0.00317948,0.00447998,0.00169372,0.0280481,0.0192703
117.101,0.0684413,0.0171025,0.0163504,1.17736,0.00349438,0.00458325,0.00173086,0.0327236,0.0207357
117.151,0.0685453,0.0170559,0.016355,1.17709,0.00317739,0.00394906,0.0017419,0.0369445,0.0384725
117.201,0.0685886,0.0170192,0.0163567,1.17774,0.00241755,0.00409225,0.00171736,0.0272312,0.0284865
117.251,0.068586,0.0169667,0.0163585,1.17791,0.002569,0.00586043,0.00169852,0.0237978,0.0249531
117.301,0.0686472,0.0169075,0.0163649,1.17836,0.00261824,0.00604979,0.0017354,0.0278332,0.0205074
117.351,0.0686878,0.0168536,0.0163695,1.17858,0.00239783,0.00553441,0.00174502,0.0302309,0.0277966
117.401,0.0686949,0.0168097,0.0163711,1.17904,0.00254839,0.00418979,0.00171744,0.0265682,0.0214474
117.451,0.0687482,0.0167807,0.0163724,1.17906,0.0035556,0.00439859,0.00169414,0.0283928,0.0193502
117.501,0.068892,0.016752,0.0163788,1.17931,0.00388826,0.00444298,0.00173126,0.0332521,0.0206309
117.551,0.069021,0.0167251,0.0163835,1.17905,0.00349102,0.00385248,0.00174225,0.0374711,0.0385646
117.601,0.0690849,0.0167029,0.0163852,1.17971,0.00255534,0.00413263,0.00171765,0.027431,0.0284042
117.651,0.0691051,0.0166707,0.0163867,1.17979,0.00291671,0.00585996,0.00169665,0.0239548,0.0249763
117.701,0.0691988,0.0166388,0.0163932,1.18023,0.0029854,0.00602913,0.00173361,0.0280187,0.0203511
117.751,0.0692702,0.0166109,0.0163978,1.18042,0.00257551,0.00558134,0.00174337,0.030405,0.0274538
117.801,0.0693005,0.0165885,0.0163993,1.18077,0.00274923,0.00415367,0.00171601,0.0269711,0.0214491
117.851,0.0693693,0.0165755,0.0164007,1.18069,0.00394185,0.00418396,0.00169295,0.0288159,0.0193097
117.901,0.0695385,0.0165667,0.0164071,1.18096,0.00429475,0.00419042,0.00173012,0.0336508,0.0207163
117.951,0.0696907,0.0165584,0.0164117,1.18066,0.00380353,0.00367766,0.00174136,0.0378935,0.0392275
118.001,0.06977,0.0165506,0.0164134,1.18123,0.00276801,0.00406494,0.00171725,0.0275872,0.0287052
118.051,0.0698192,0.0165401,0.0164152,1.1813,0.00340899,0.00567944,0.00169879,0.0239115,0.0252186
118.101,0.0699485,0.0165355,0.0164216,1.18176,0.00348651,0.00584798,0.00173565,0.0277975,0.0201001
118.151,0.0700541,0.0165334,0.0164262,1.18196,0.00292299,0.00550182,0.00174524,0.0300863,0.0271158
118.201,0.0701144,0.016532,0.0164277,1.18231,0.00303829,0.00404468,0.0017176,0.0268649,0.0214788
118.251,0.0702075,0.0165332,0.0164292,1.18228,0.00436695,0.00390345,0.00169656,0.0287958,0.0193474
118.301,0.0704006,0.0165412,0.0164356,1.18254,0.00471123,0.00387751,0.00173357,0.0338229,0.0207339
118.351,0.0705733,0.0165485,0.0164403,1.18219,0.00414109,0.00343744,0.0017445,0.0381377,0.0395188
118.401,0.0706676,0.0165531,0.016442,1.18269,0.00304381,0.00394649,0.00171992,0.0277487,0.0286757
118.451,0.0707384,0.0165617,0.0164435,1.18265,0.00393607,0.00545589,0.00169891,0.0240458,0.0252218
118.501,0.0709017,0.016581,0.01645,1.18311,0.00402585,0.00558441,0.00173575,0.0278445,0.0199885
118.551,0.0710401,0.0166015,0.0164545,1.1833,0.00336452,0.00532541,0.00174533,0.03006,0.0269046
118.601,0.0711282,0.0166188,0.016456,1.18359,0.00334898,0.00387129,0.00171767,0.0270013,0.0215592
118.651,0.0712388,0.0166307,0.0164574,1.18354,0.0047319,0.00356034,0.00169439,0.0288501,0.0193697
118.701,0.0714531,0.0166501,0.0164638,1.1838,0.00507995,0.00349352,0.0017315,0.0339972,0.0207068
118.751,0.0716463,0.016668,0.0164684,1.18342,0.00445429,0.0031564,0.00174262,0.0382935,0.0399136
118.801,0.071754,0.0166814,0.0164701,1.18384,0.00334147,0.0037516,0.0017183,0.027633,0.02862
118.851,0.0718481,0.0167054,0.0164716,1.18371,0.00446919,0.00509052,0.00169755,0.0238498,0.0253372
118.901,0.0720446,0.0167427,0.0164781,1.1842,0.00457772,0.00523189,0.00173447,0.027401,0.0197427
118.951,0.0722129,0.0167804,0.0164826,1.18433,0.0038654,0.00507192,0.00174436,0.0296468,0.0265987
119.001,0.0723268,0.0168118,0.0164842,1.18453,0.00370537,0.00362582,0.00171722,0.0268338,0.0215805
119.051,0.0724562,0.01683,0.0164857,1.18447,0.00512694,0.0031659,0.00169654,0.0287598,0.0193902
119.101,0.0726909,0.0168544,0.0164921,1.18471,0.00547,0.00308123,0.00173357,0.0341255,0.0207563
119.151,0.0728997,0.0168768,0.0164967,1.18424,0.00477507,0.00284089,0.0017445,0.0385486,0.0403255
119.201,0.0730204,0.0168944,0.0164984,1.18462,0.00370875,0.00349863,0.00171989,0.0275473,0.0286577
119.251,0.0731408,0.0169285,0.0165001,1.18451,0.00506905,0.0046401,0.00170113,0.0238483,0.0253758
119.301,0.0733676,0.0169764,0.0165065,1.18496,0.00519532,0.00475561,0.00173788,0.0273987,0.0196835
119.351,0.0735714,0.0170241,0.0165111,1.18516,0.00442852,0.00467936,0.00174746,0.0296283,0.0265514
119.401,0.073715,0.0170636,0.0165126,1.18544,0.00405764,0.00332355,0.00171986,0.0268837,0.0216254
119.451,0.0738542,0.0170826,0.016514,1.18532,0.00544391,0.00277922,0.00169659,0.0287994,0.0193486
119.501,0.0741034,0.0171056,0.0165203,1.18553,0.00575214,0.00270058,0.0017336,0.0340689,0.0209264
119.551,0.0743253,0.0171266,0.016525,1.18503,0.00498985,0.00257308,0.00174467,0.0385119,0.0408168
119.601,0.0744563,0.0171436,0.0165267,1.18538,0.00400487,0.00320004,0.00172038,0.0272859,0.0287928
119.651,0.0745938,0.0171811,0.0165282,1.18516,0.00556385,0.00410145,0.00169964,0.023583,0.0254657
119.701,0.0748468,0.0172317,0.0165346,1.18561,0.00568995,0.00420517,0.00173645,0.0271248,0.0195157
119.751,0.0750783,0.0172821,0.0165392,1.18583,0.00490535,0.00422237,0.00174615,0.0293324,0.0264374
119.801,0.0752456,0.0173238,0.0165407,1.18612,0.00432149,0.00299882,0.00171874,0.0266939,0.0218312
119.851,0.0753973,0.0173394,0.0165421,1.18602,0.00565098,0.00245704,0.00169569,0.0286631,0.0194701
119.901,0.0756559,0.0173553,0.0165484,1.18622,0.00593809,0.00241724,0.00173275,0.0340743,0.0208058
119.951,0.0758839,0.0173695,0.016553,1.18566,0.00515113,0.00238839,0.0017439,0.0386153,0.0405532
120.001,0.07602,0.0173818,0.0165547,1.18594,0.00426396,0.00289254,0.0017197,0.0271734,0.0282768
120.051,0.0761771,0.0174176,0.0165564,1.18576,0.00597301,0.00354897,0.00170125,0.0235966,0.0250672
120.101,0.0764514,0.0174642,0.0165629,1.18617,0.00612336,0.00364196,0.001738,0.0270975,0.0196001
120.151,0.0767056,0.0175107,0.0165674,1.18639,0.00533353,0.00372687,0.00174774,0.0292749,0.0268212
120.201,0.0768905,0.0175486,0.016569,1.18666,0.004541,0.00270368,0.00172048,0.0268177,0.0222747
120.251,0.0770459,0.0175573,0.0165705,1.18653,0.00577285,0.00232683,0.00169972,0.0286093,0.0196861
120.301,0.0773098,0.0175625,0.0165769,1.18673,0.00603639,0.00235098,0.00173661,0.0341141,0.0206707
120.351,0.0775451,0.0175663,0.0165815,1.18622,0.00521861,0.00237783,0.00174727,0.0387099,0.0402422
120.401,0.0776925,0.0175708,0.0165831,1.18663,0.00447524,0.00264565,0.00172221,0.0271032,0.0277799
120.451,0.0778625,0.0175997,0.0165846,1.18643,0.00630128,0.00301078,0.00170092,0.0235467,0.0246832
120.501,0.0781534,0.0176367,0.016591,1.18682,0.00645671,0.00308444,0.00173768,0.0270837,0.0196099
120.551,0.0784239,0.0176738,0.0165956,1.18701,0.00567159,0.00322337,0.00174744,0.0291963,0.0271777
120.601,0.0786192,0.0177034,0.0165971,1.18724,0.00468665,0.00247749,0.00172023,0.0267725,0.0225853
120.651,0.078769,0.0177021,0.0165985,1.18699,0.00578709,0.00239731,0.00169727,0.0285094,0.0197802
120.701,0.0790302,0.0176944,0.0166048,1.18716,0.00601473,0.00250616,0.00173426,0.0341039,0.0206492
120.751,0.0792653,0.0176859,0.0166094,1.18668,0.00517506,0.00252715,0.00174512,0.0388394,0.0401714
120.801,0.0794196,0.017681,0.016611,1.18724,0.0045844,0.00244577,0.00172036,0.0272722,0.0274679
120.851,0.0796003,0.0177001,0.0166125,1.18709,0.0064984,0.00256408,0.00169934,0.0239209,0.0246074
120.901,0.0798999,0.0177238,0.0166189,1.18746,0.00667441,0.00261036,0.00173618,0.0275108,0.0195609
120.951,0.0801814,0.0177484,0.0166235,1.18765,0.00589025,0.00277215,0.00174606,0.029701,0.0272918
121.001,0.0803834,0.0177677,0.016625,1.18787,0.00471853,0.00237261,0.00171905,0.0272616,0.0227879
121.051,0.0805277,0.0177571,0.0166266,1.18761,0.00568393,0.00267125,0.00169851,0.0289521,0.0197683
121.101,0.0807826,0.0177369,0.0166329,1.18777,0.00587187,0.0028584,0.00173545,0.0346526,0.0208131
121.151,0.0810154,0.0177166,0.0166375,1.18738,0.00501339,0.00280945,0.00174619,0.0394341,0.0401823
121.201,0.081175,0.0177026,0.0166391,1.18816,0.00459164,0.0023773,0.00172127,0.0274867,0.0273172
121.251,0.0813709,0.0177107,0.0166408,1.18822,0.0065595,0.00234654,0.00170231,0.0240872,0.0245074
121.301,0.0816753,0.0177203,0.0166472,1.18861,0.00673525,0.00236739,0.00173901,0.0277043,0.0194945
121.351,0.0819595,0.0177311,0.0166518,1.18878,0.0059837,0.00247358,0.00174864,0.0297731,0.0272376
121.401,0.0821631,0.0177385,0.0166532,1.189,0.00464017,0.00241832,0.00172124,0.0272551,0.0229947
121.451,0.0823016,0.0177185,0.0166546,1.18879,0.00543019,0.00308184,0.00169814,0.0289917,0.0196946
121.501,0.0825434,0.0176874,0.0166609,1.18897,0.00558172,0.00332014,0.00173509,0.0348001,0.0209845
121.551,0.0827634,0.0176574,0.0166655,1.1886,0.00475705,0.00317591,0.00174587,0.0396291,0.0402388
121.601,0.0829163,0.017636,0.0166671,1.18945,0.00449931,0.00242583,0.00172098,0.0274872,0.0271266
121.651,0.0831124,0.0176334,0.0166686,1.18955,0.00645938,0.00239108,0.00169983,0.0241339,0.0243852
121.701,0.0834142,0.0176298,0.016675,1.18997,0.0066472,0.00239551,0.00173664,0.027751,0.0194626
121.751,0.0836961,0.0176281,0.0166795,1.19015,0.00592501,0.00236814,0.00174647,0.0298474,0.0274009
121.801,0.0839,0.0176253,0.016681,1.19042,0.00444565,0.00256961,0.00171939,0.0273222,0.023173
121.851,0.0840351,0.0175988,0.0166824,1.19036,0.00505953,0.00354352,0.00169657,0.0289147,0.0197882
121.901,0.0842585,0.0175606,0.0166887,1.19058,0.00518072,0.00383732,0.00173359,0.0348072,0.0211271
121.951,0.0844587,0.017524,0.0166932,1.19021,0.00438844,0.00356968,0.00174434,0.0397348,0.0401596
122.001,0.0845976,0.0174979,0.0166948,1.19109,0.00431294,0.00258313,0.0017193,0.0276003,0.0267951
122.051,0.0847884,0.0174874,0.0166965,1.19124,0.00622934,0.00268898,0.00170028,0.0242688,0.0241381
122.101,0.0850802,0.0174738,0.0167029,1.19168,0.00642989,0.00267932,0.00173707,0.0279498,0.0194803
122.151,0.0853521,0.0174624,0.0167074,1.19185,0.00573998,0.00247548,0.00174702,0.0299885,0.0276054
122.201,0.0855495,0.017452,0.0167089,1.19215,0.00419606,0.00279673,0.00172026,0.0273969,0.0234658
122.251,0.0856792,0.017423,0.0167105,1.19225,0.00462909,0.00399797,0.00169977,0.0287864,0.019951
122.301,0.0858799,0.0173831,0.0167168,1.1925,0.00470657,0.0043058,0.00173665,0.0345667,0.0212576
122.351,0.086057,0.0173456,0.0167213,1.19217,0.00397829,0.00392805,0.00174713,0.0396187,0.0399701
122.401,0.0861796,0.0173186,0.0167229,1.19307,0.00409585,0.00279952,0.00172169,0.0274449,0.0263718
122.451,0.0863602,0.017303,0.0167244,1.19321,0.00595704,0.0031066,0.00170009,0.0242914,0.0238177
122.501,0.0866379,0.0172841,0.0167307,1.19363,0.0061809,0.00311201,0.0017369,0.0279731,0.0195286
122.551,0.0868973,0.0172673,0.0167353,1.19381,0.0055575,0.00274461,0.00174687,0.030031,0.0278103
122.601,0.0870817,0.0172527,0.0167368,1.19412,0.00393365,0.00306385,0.00172013,0.027315,0.023655
122.651,0.0871878,0.0172248,0.0167382,1.19419,0.00419148,0.00441996,0.00169745,0.0285455,0.0200307
122.701,0.0873608,0.0171891,0.0167445,1.19442,0.00424402,0.00473672,0.00173443,0.0345036,0.0214194
122.751,0.0875128,0.0171565,0.016749,1.19411,0.00358231,0.00422744,0.00174508,0.0396958,0.0398288
122.801,0.0876195,0.0171333,0.0167506,1.19511,0.00384395,0.0030223,0.00171994,0.0274598,0.0261041
122.851,0.0877888,0.0171175,0.0167521,1.19534,0.00558536,0.00355655,0.00169856,0.0245014,0.0236536
122.901,0.0880472,0.0170993,0.0167584,1.19576,0.00582842,0.00358339,0.00173545,0.0282656,0.019529
122.951,0.0882882,0.0170832,0.0167629,1.19593,0.00524403,0.00306128,0.00174533,0.0303455,0.0280335
123.001,0.0884546,0.0170695,0.0167644,1.19625,0.00361348,0.00327499,0.00171847,0.0276051,0.0239224
123.051,0.0885398,0.0170482,0.0167659,1.19636,0.00371259,0.00472655,0.00169796,0.0289093,0.0201789
123.101,0.0886836,0.0170232,0.0167722,1.19661,0.00374377,0.00506597,0.00173493,0.0348254,0.0216316
123.151,0.08881,0.0170011,0.0167767,1.19637,0.00319391,0.00443945,0.00174538,0.0399862,0.0398091
123.201,0.0888984,0.0169853,0.0167783,1.19745,0.00355414,0.00322486,0.00171981,0.0278113,0.0258723
123.251,0.0890543,0.0169738,0.0167799,1.19778,0.00514767,0.00398402,0.00170032,0.0249385,0.0235474
123.301,0.0892888,0.0169629,0.0167863,1.19823,0.00537745,0.00403359,0.00173712,0.0284716,0.0194496
123.351,0.0895041,0.0169533,0.0167908,1.19837,0.0048511,0.00339268,0.00174685,0.0306052,0.0281766
123.401,0.0896486,0.0169448,0.0167923,1.19868,0.00327257,0.00345564,0.00171978,0.0276329,0.0239888
123.451,0.0897117,0.0169335,0.0167936,1.19882,0.00322393,0.00497488,0.00169684,0.0286528,0.0201687
123.501,0.0898237,0.0169246,0.0167999,1.19909,0.00322941,0.00530153,0.00173384,0.0344457,0.0218708
123.551,0.0899186,0.0169179,0.0168044,1.19887,0.00281965,0.00453777,0.0017442,0.0395489,0.0396885
123.601,0.0899849,0.0169131,0.0168059,1.19997,0.00323547,0.00335613,0.00171844,0.0275679,0.0255103
123.651,0.0901194,0.01691,0.0168073,1.2003,0.00463834,0.00430465,0.00169657,0.0248074,0.0233257
123.701,0.0903273,0.0169122,0.0168136,1.20076,0.0048874,0.00437909,0.00173355,0.0283756,0.0194085
123.751,0.0905129,0.0169148,0.0168181,1.20084,0.00442223,0.00366407,0.00174358,0.0303957,0.0282912
123.801,0.0906298,0.0169156,0.0168196,1.2011,0.00294491,0.00356077,0.00171702,0.0273065,0.0239878
123.851,0.0906677,0.0169179,0.016821,1.20127,0.00277702,0.00512959,0.0016945,0.0282457,0.0201909
123.901,0.0907449,0.016929,0.0168272,1.20155,0.00276282,0.00547706,0.00173161,0.0339161,0.0221935
123.951,0.0908041,0.016941,0.0168317,1.20131,0.00252213,0.00462532,0.00174199,0.0389886,0.0395441
124.001,0.0908425,0.016949,0.0168332,1.20234,0.00293696,0.00350274,0.00171618,0.0271371,0.0251958
124.051,0.090951,0.0169582,0.0168348,1.2026,0.00411449,0.00464393,0.00169653,0.0246931,0.0229439
124.101,0.0911266,0.0169783,0.0168411,1.20304,0.00435099,0.00476013,0.00173352,0.0281635,0.0194711
124.151,0.0912901,0.0169972,0.0168456,1.2032,0.00399187,0.00395446,0.00174355,0.0300951,0.0286415
124.201,0.0913947,0.0170104,0.0168471,1.2036,0.00269133,0.00368495,0.00171703,0.0269457,0.0241235
124.251,0.0914139,0.0170279,0.0168486,1.20385,0.00249019,0.00522708,0.00169671,0.0277916,0.0202916
124.301,0.0914576,0.0170614,0.0168549,1.20411,0.00247595,0.00557027,0.00173373,0.0334892,0.0223091
124.351,0.0914856,0.0170934,0.0168593,1.20388,0.002388,0.00462499,0.00174374,0.0384578,0.0392111
124.401,0.0914999,0.0171147,0.0168608,1.20489,0.00270715,0.0035731,0.00171729,0.0269877,0.0246774
124.451,0.0915815,0.0171371,0.0168622,1.20512,0.00362816,0.00482661,0.00169491,0.0248106,0.0224882
124.501,0.0917269,0.0171776,0.0168684,1.20554,0.00385581,0.00497711,0.00173197,0.0283848,0.0195488
124.551,0.0918628,0.0172151,0.0168729,1.2057,0.00358416,0.00410947,0.00174215,0.0303039,0.02908
124.601,0.0919445,0.0172415,0.0168744,1.20612,0.00250124,0.00366911,0.00171586,0.0270559,0.0245499
124.651,0.0919397,0.0172736,0.0168758,1.20637,0.00232438,0.00518454,0.00169347,0.0277075,0.0205934
124.701,0.091953,0.0173285,0.016882,1.20665,0.00233345,0.00550582,0.00173062,0.0333752,0.0222629
124.751,0.0919534,0.0173794,0.0168864,1.20648,0.00236049,0.00450453,0.0017409,0.0382085,0.0385242
124.801,0.0919491,0.0174131,0.016888,1.20753,0.00252465,0.00356731,0.00171489,0.0269214,0.0241007
124.851,0.0920123,0.0174497,0.0168894,1.20781,0.00320098,0.00492598,0.00169281,0.024981,0.0220501
124.901,0.0921293,0.0175107,0.0168956,1.20823,0.00340541,0.00510778,0.00172996,0.0284306,0.0196525
124.951,0.0922371,0.0175669,0.0169,1.20838,0.00321794,0.00418471,0.00174031,0.0302915,0.0293517
125.001,0.0922953,0.0176059,0.0169016,1.2088,0.00239412,0.00360655,0.00171433,0.0269171,0.0245596
125.051,0.0922681,0.0176509,0.0169031,1.20906,0.00231958,0.00505953,0.00169435,0.0275415,0.0206765
125.101,0.0922525,0.0177247,0.0169093,1.20935,0.00236628,0.00539336,0.00173147,0.0332094,0.0224121
125.151,0.0922262,0.0177918,0.0169137,1.20922,0.00244578,0.00435642,0.0017415,0.0378187,0.0380953
125.201,0.0922022,0.0178357,0.0169152,1.21025,0.00241367,0.00351982,0.00171502,0.0266824,0.0236231
125.251,0.0922464,0.0178848,0.0169168,1.21057,0.00284271,0.00494985,0.00169481,0.0249537,0.0216765
125.301,0.0923357,0.0179648,0.016923,1.21099,0.00302755,0.00516349,0.00173187,0.0283557,0.019709
125.351,0.0924153,0.0180379,0.0169275,1.21112,0.00291377,0.00420452,0.00174206,0.0301445,0.0296846
125.401,0.0924492,0.0180876,0.016929,1.21151,0.00235989,0.00350341,0.00171584,0.0266516,0.0247596
125.451,0.0923997,0.0181422,0.0169304,1.21175,0.00242733,0.00489102,0.0016934,0.0271227,0.0208857
125.501,0.092358,0.0182309,0.0169365,1.21205,0.00251261,0.00519912,0.00173054,0.0328167,0.0224562
125.551,0.092309,0.01831,0.0169409,1.21196,0.00258739,0.00414067,0.00174047,0.0373315,0.0374529
125.601,0.0922691,0.0183609,0.0169424,1.21301,0.00236015,0.00341146,0.00171377,0.0265277,0.0231399
125.651,0.0922942,0.0184197,0.0169438,1.21334,0.00257139,0.00488545,0.00169119,0.0251339,0.0211674
125.701,0.0923578,0.0185154,0.0169499,1.21376,0.00271488,0.00514457,0.00172842,0.0285746,0.0198484
125.751,0.092411,0.0186025,0.0169544,1.21386,0.00267526,0.00415871,0.00173873,0.0303438,0.0300008
125.801,0.0924223,0.0186598,0.0169559,1.21422,0.00236887,0.00336997,0.00171266,0.0267417,0.0247831
125.851,0.0923505,0.0187205,0.0169573,1.21442,0.00259194,0.00467745,0.00169039,0.0271765,0.0208415
125.901,0.0922862,0.0188196,0.0169634,1.21471,0.0027106,0.00496959,0.00172766,0.0328936,0.0226246
125.951,0.0922171,0.0189064,0.0169678,1.21467,0.00275569,0.00390518,0.00173786,0.0370976,0.0369816
126.001,0.0921609,0.0189617,0.0169693,1.21571,0.00235377,0.00329459,0.00171156,0.0264509,0.0228326
126.051,0.0921676,0.0190282,0.0169707,1.21605,0.00239764,0.0047836,0.00168925,0.0252681,0.0209091
126.101,0.0922083,0.019136,0.0169768,1.21647,0.00250171,0.00507078,0.00172656,0.0286218,0.0198948
126.151,0.0922389,0.0192334,0.0169812,1.21657,0.00250117,0.00406818,0.00173704,0.0301996,0.0300973
126.201,0.092232,0.0192954,0.0169828,1.21692,0.0024175,0.00322608,0.00171125,0.0265546,0.0248507
126.251,0.0921476,0.0193608,0.0169844,1.21716,0.00279319,0.00450512,0.00169153,0.0269012,0.0209316
126.301,0.0920629,0.0194678,0.0169905,1.21746,0.00294888,0.00479046,0.0017291,0.0322979,0.0226516
126.351,0.0919758,0.0195598,0.0169949,1.21748,0.00292705,0.00372632,0.00173921,0.0360852,0.0359663
126.401,0.0919083,0.0196162,0.0169963,1.21848,0.0023824,0.00319146,0.00171231,0.0261718,0.0226072
126.451,0.0919031,0.019686,0.0169977,1.21886,0.00231553,0.00465402,0.00168944,0.0252485,0.0206958
126.501,0.0919239,0.0198023,0.0170038,1.21927,0.00237805,0.00495674,0.00172674,0.0286936,0.0198495
126.551,0.091936,0.0199065,0.0170082,1.21936,0.00240616,0.00395836,0.00173703,0.0302389,0.0302296
126.601,0.0919143,0.0199699,0.0170097,1.21972,0.00249577,0.00305554,0.00171089,0.0264921,0.0249691
126.651,0.0918153,0.0200345,0.0170113,1.21995,0.00301224,0.00422849,0.00169092,0.0265647,0.0209608
126.701,0.0917121,0.0201432,0.0170174,1.22027,0.00320186,0.00449537,0.00172851,0.0319082,0.0227206
126.751,0.0916078,0.0202351,0.0170218,1.2203,0.00311211,0.0034714,0.00173869,0.0353724,0.0355705
126.801,0.0915275,0.0202901,0.0170233,1.22127,0.00242879,0.00304354,0.00171187,0.0258252,0.0223261
126.851,0.0915068,0.0203614,0.0170246,1.2216,0.00229467,0.00446954,0.00168898,0.0251396,0.0204414
126.901,0.0915089,0.0204823,0.0170307,1.22201,0.00231804,0.00479846,0.00172629,0.028583,0.0198029
126.951,0.0915023,0.0205895,0.0170351,1.2221,0.00235253,0.00378852,0.00173663,0.0300619,0.0301432
127.001,0.0914663,0.0206516,0.0170367,1.22243,0.00257798,0.00288714,0.00171059,0.0262324,0.024905
127.051,0.0913513,0.020712,0.017038,1.2226,0.0031966,0.00393363,0.00168828,0.0261746,0.0208614
127.101,0.0912333,0.0208186,0.0170441,1.22291,0.00342816,0.00418044,0.00172564,0.0317513,0.022879
127.151,0.0911139,0.020907,0.0170484,1.22295,0.00328321,0.0032155,0.00173566,0.035077,0.0353753
127.201,0.0910211,0.0209576,0.0170499,1.22387,0.00249092,0.0028965,0.00170893,0.0257246,0.022257
127.251,0.0909878,0.0210301,0.0170515,1.22421,0.00232684,0.00433127,0.00168862,0.025178,0.0202331
127.301,0.0909731,0.0211543,0.0170575,1.22463,0.00231556,0.00468064,0.00172629,0.0280263,0.0199482
127.351,0.0909528,0.0212637,0.0170619,1.22475,0.00234744,0.00365878,0.00173687,0.0293785,0.0301815
127.401,0.0909076,0.021324,0.0170635,1.22512,0.0026679,0.00276884,0.00171081,0.0255807,0.0249946
127.451,0.0907855,0.0213805,0.0170649,1.22531,0.00337375,0.00371099,0.00168836,0.0254906,0.0209413
127.501,0.0906545,0.0214841,0.0170709,1.22562,0.00362274,0.00392985,0.0017257,0.0311295,0.0227887
127.551,0.0905236,0.0215679,0.0170752,1.22568,0.00342536,0.0030245,0.00173554,0.0341212,0.0346827
127.601,0.0904227,0.0216133,0.0170767,1.22659,0.00255924,0.0027856,0.00170845,0.0252507,0.0218717
127.651,0.0903799,0.0216829,0.0170782,1.22693,0.00239268,0.00415221,0.00168786,0.0249474,0.0199789
127.701,0.0903491,0.021807,0.0170843,1.22733,0.00236082,0.00451531,0.00172556,0.0278158,0.0200798
127.751,0.0903176,0.0219152,0.0170886,1.22749,0.00237551,0.00351555,0.00173602,0.0290995,0.0305121
127.801,0.0902725,0.021971,0.0170902,1.22799,0.00275032,0.00264803,0.00170974,0.0252506,0.0250482
127.851,0.0901528,0.0220217,0.0170915,1.2283,0.00352122,0.00350011,0.00168715,0.0250958,0.0211067
127.901,0.0900111,0.0221212,0.0170975,1.22861,0.00378963,0.00371148,0.00172455,0.0306441,0.022614
127.951,0.0898702,0.0221993,0.0171018,1.22867,0.0035444,0.00285272,0.00173429,0.0334012,0.034018
128.001,0.0897617,0.0222382,0.0171033,1.22952,0.0026221,0.00268428,0.001707,0.0250063,0.0215413
128.051,0.0897071,0.0223013,0.0171046,1.22979,0.00246048,0.00393204,0.00168391,0.024803,0.0196365
128.101,0.0896648,0.0224221,0.0171106,1.23017,0.0024041,0.00431985,0.00172144,0.0279995,0.0203062
128.151,0.0896263,0.022527,0.0171149,1.23033,0.00238981,0.00337284,0.00173206,0.029396,0.0311778
128.201,0.089579,0.0225776,0.0171165,1.23087,0.00277669,0.00256668,0.0017064,0.0252233,0.025379
128.251,0.0894548,0.0226243,0.0171181,1.23119,0.00363687,0.00338039,0.0016867,0.0249055,0.0213663
128.301,0.0893046,0.0227213,0.0171241,1.23151,0.00390492,0.00358675,0.00172446,0.0300007,0.0222798
128.351,0.0891585,0.0227955,0.0171284,1.23162,0.00360717,0.00276018,0.00173463,0.032532,0.0329219
128.401,0.0890454,0.0228283,0.0171299,1.23243,0.00266343,0.00260893,0.00170765,0.0246138,0.021094
128.451,0.0889862,0.022885,0.0171312,1.23272,0.00252999,0.00374945,0.00168461,0.0248879,0.0193393
128.501,0.0889335,0.0230024,0.0171372,1.23308,0.00247745,0.00415663,0.00172211,0.0282966,0.0204236
128.551,0.0888834,0.023103,0.0171415,1.2332,0.00243182,0.00323614,0.00173268,0.0296643,0.031387
128.601,0.0888289,0.0231468,0.0171431,1.23373,0.0028437,0.00248372,0.00170695,0.0253241,0.0254459
128.651,0.0887008,0.0231863,0.0171446,1.23406,0.00374735,0.0031866,0.00168715,0.0247736,0.021524
128.701,0.0885439,0.0232769,0.0171506,1.23439,0.00402714,0.00337429,0.00172488,0.0297965,0.0223114
128.751,0.0883916,0.0233438,0.0171549,1.23451,0.00369208,0.00261872,0.00173481,0.0321841,0.0326246
128.801,0.088275,0.0233701,0.0171564,1.2353,0.00270289,0.00251047,0.00170742,0.0245021,0.0210927
128.851,0.0882119,0.0234217,0.0171577,1.23558,0.00258021,0.0035573,0.0016841,0.0248751,0.0193252
128.901,0.088154,0.023534,0.0171637,1.23595,0.00252519,0.00395983,0.00172161,0.0282907,0.020506
128.951,0.0881009,0.02363,0.017168,1.2361,0.00245568,0.00308329,0.00173225,0.0296884,0.0313547
129.001,0.0880476,0.0236691,0.0171695,1.2367,0.00287761,0.00241398,0.00170661,0.0250661,0.0252329
129.051,0.0879173,0.0237014,0.0171709,1.23702,0.00377529,0.00299889,0.00168448,0.0244326,0.0214793
129.101,0.0877589,0.0237851,0.0171769,1.23735,0.00405983,0.00318583,0.00172199,0.0298004,0.0225738
129.151,0.0876037,0.0238454,0.0171811,1.23745,0.00375067,0.00250747,0.001732,0.0322022,0.0330077
129.201,0.0874826,0.0238653,0.0171826,1.23824,0.00274392,0.00244506,0.00170505,0.0245071,0.0211592
129.251,0.0874155,0.0239143,0.0171841,1.23853,0.00262968,0.00344811,0.00168448,0.0250778,0.0192993
129.301,0.0873528,0.0240242,0.0171901,1.2389,0.00257167,0.00386117,0.00172232,0.0280929,0.0205263
129.351,0.087295,0.0241171,0.0171944,1.23906,0.00248354,0.00300103,0.00173312,0.0294608,0.0312522
129.401,0.0872404,0.0241524,0.017196,1.23966,0.00288985,0.00238515,0.00170735,0.0247729,0.0252265
129.451,0.0871107,0.0241797,0.0171974,1.23999,0.00379318,0.00289267,0.001685,0.0241305,0.021645
129.501,0.0869515,0.0242591,0.0172033,1.24032,0.00408377,0.00307807,0.00172248,0.0296811,0.0226854
129.551,0.0867951,0.0243147,0.0172076,1.24045,0.00377582,0.00245155,0.00173225,0.0320115,0.0328539
129.601,0.0866727,0.0243295,0.017209,1.24125,0.00276488,0.00240421,0.00170489,0.0245306,0.0210052
129.651,0.0866046,0.0243738,0.0172105,1.24156,0.00265262,0.00332799,0.00168401,0.0251581,0.0191449
129.701,0.0865392,0.0244798,0.0172165,1.24192,0.00259849,0.00372599,0.00172186,0.0283414,0.0207178
129.751,0.086479,0.0245683,0.0172208,1.24207,0.00250076,0.00290497,0.00173272,0.0298133,0.0318281
129.801,0.0864239,0.0245988,0.0172223,1.2427,0.00291484,0.00235894,0.00170703,0.0247798,0.0253918
129.851,0.0862921,0.0246219,0.0172237,1.24303,0.00383963,0.00281167,0.00168472,0.0240425,0.0218669
129.901,0.0861311,0.0246979,0.0172296,1.24336,0.00411136,0.00299038,0.0017222,0.0295505,0.022616
129.951,0.0859723,0.0247491,0.0172339,1.2435,0.00381952,0.00240866,0.00173201,0.0318363,0.0323457
130.001,0.0858461,0.0247596,0.0172353,1.24426,0.00279633,0.00237057,0.00170468,0.0244015,0.0207998
130.051,0.085772,0.0247971,0.0172366,1.24449,0.00266612,0.00316442,0.00168142,0.025107,0.0190045
130.101,0.0857058,0.0248976,0.0172425,1.24484,0.00259938,0.00358165,0.00171905,0.0284982,0.0208455
130.151,0.0856461,0.024982,0.0172468,1.24499,0.00249455,0.00281611,0.00172975,0.029971,0.0324425
130.201,0.0855916,0.0250091,0.0172483,1.24565,0.00291772,0.0023419,0.00170416,0.0246238,0.0256295
130.251,0.0854616,0.0250332,0.0172499,1.24604,0.00385064,0.00280926,0.00168444,0.0238274,0.0222387
130.301,0.0852999,0.0251096,0.0172558,1.24639,0.00410349,0.0029797,0.00172226,0.0288567,0.0223077
130.351,0.0851414,0.02516,0.0172601,1.24655,0.00381401,0.0024061,0.00173228,0.0308478,0.0312797
130.401,0.0850152,0.0251689,0.0172615,1.24729,0.0028104,0.00236163,0.00170489,0.0240788,0.0204822
130.451,0.0849427,0.0252025,0.0172628,1.24756,0.0026784,0.0030899,0.00168149,0.0251159,0.0188245
130.501,0.0848758,0.0253005,0.0172687,1.24791,0.00260989,0.00351792,0.00171912,0.0287716,0.0211515
130.551,0.0848141,0.0253827,0.0172729,1.24802,0.00250755,0.00278285,0.00172983,0.0304321,0.0332369
130.601,0.0847571,0.0254064,0.0172745,1.24869,0.00294546,0.00233979,0.00170423,0.0247477,0.0259264
130.651,0.0846234,0.0254281,0.017276,1.24904,0.00388381,0.00280218,0.00168452,0.0236631,0.0225472
130.701,0.0844592,0.0255051,0.017282,1.24939,0.00414028,0.00298737,0.00172234,0.0286741,0.0221523
130.751,0.0842984,0.0255556,0.0172862,1.24956,0.0038543,0.00240477,0.00173235,0.0305912,0.0307482
130.801,0.0841696,0.0255618,0.0172876,1.25025,0.00282378,0.00235294,0.00170494,0.024198,0.0203974
130.851,0.0840959,0.0255916,0.0172889,1.25048,0.00266297,0.0030433,0.00168152,0.0253295,0.0187923
130.901,0.0840299,0.0256879,0.0172948,1.2508,0.00259513,0.00346482,0.00171914,0.0290544,0.0212795
130.951,0.0839678,0.0257676,0.017299,1.2509,0.0025092,0.00273849,0.00172985,0.0308383,0.0335924
131.001,0.0839103,0.0257882,0.0173006,1.25158,0.00295866,0.00233572,0.00170426,0.0249743,0.0259978
131.051,0.0837732,0.0258062,0.017302,1.25188,0.00384721,0.00276721,0.00168218,0.0237272,0.0227041
131.101,0.083612,0.0258824,0.0173078,1.25224,0.00410686,0.00296181,0.00171978,0.0290698,0.0220793
131.151,0.0834518,0.0259322,0.017312,1.25242,0.00386612,0.00238796,0.00172959,0.0310421,0.0308778
131.201,0.0833217,0.0259371,0.0173134,1.25313,0.00283538,0.00234137,0.00170224,0.0247523,0.0205181
131.251,0.08325,0.025968,0.0173149,1.25341,0.00263598,0.00303272,0.0016814,0.0258961,0.0188283
131.301,0.0831874,0.0260646,0.0173208,1.25375,0.00256776,0.00343673,0.00171936,0.029442,0.0212633
131.351,0.0831256,0.0261431,0.017325,1.25382,0.00250552,0.00271296,0.00173029,0.0312933,0.0336533
131.401,0.0830665,0.0261632,0.0173265,1.2545,0.00297592,0.00233762,0.00170463,0.0252494,0.0260008
131.451,0.0829264,0.0261824,0.0173279,1.25478,0.00383073,0.00277919,0.0016824,0.0237938,0.0227712
131.501,0.0827677,0.0262604,0.0173338,1.25514,0.00407449,0.00297432,0.00171998,0.0292232,0.0220659
131.551,0.0826089,0.0263118,0.017338,1.25534,0.00387853,0.00239057,0.00172979,0.0310904,0.0306084
131.601,0.0824779,0.0263178,0.0173394,1.25605,0.00284512,0.0023365,0.00170241,0.0249441,0.0204642
131.651,0.082407,0.0263482,0.0173408,1.25633,0.00261393,0.00297718,0.00168148,0.0259968,0.018795
131.701,0.0823489,0.0264432,0.0173467,1.25669,0.00254622,0.00337916,0.00171943,0.0294711,0.0214545
131.751,0.0822916,0.0265216,0.0173509,1.25678,0.00249912,0.00267892,0.00173036,0.0314081,0.0342927
131.801,0.0822337,0.026543,0.0173524,1.25747,0.00299586,0.00233832,0.00170471,0.0250789,0.0262809
131.851,0.0820912,0.0265664,0.0173538,1.25772,0.00381825,0.00282345,0.00168247,0.0234431,0.023062
131.901,0.0819346,0.0266479,0.0173597,1.2581,0.0040481,0.00303,0.00172004,0.0288036,0.0218981
131.951,0.081776,0.0267035,0.0173638,1.2583,0.00389161,0.00241076,0.00172985,0.0306319,0.0303536
132.001,0.0816431,0.0267128,0.0173652,1.25897,0.00284838,0.00234185,0.00170246,0.0248196,0.0204638
132.051,0.0815707,0.0267419,0.0173665,1.25918,0.00256443,0.00296878,0.00167919,0.0259855,0.0188046
132.101,0.0815181,0.0268377,0.0173724,1.25952,0.00248688,0.00339667,0.00171691,0.0297932,0.0214999
132.151,0.0814669,0.0269177,0.0173766,1.25959,0.00245427,0.00270648,0.00172785,0.0320076,0.0348924
132.201,0.0814133,0.0269401,0.0173781,1.26033,0.00297512,0.00234903,0.00170258,0.0253643,0.02659
132.251,0.0812777,0.0269713,0.0173796,1.26066,0.00375221,0.00298415,0.00168311,0.0236177,0.023442
132.301,0.0811254,0.0270625,0.0173855,1.26105,0.00395827,0.00319493,0.00172099,0.0283668,0.0213854
132.351,0.080972,0.0271268,0.0173897,1.26129,0.00384104,0.00248188,0.00173112,0.0299613,0.0292983
132.401,0.0808419,0.0271424,0.0173911,1.26196,0.00283134,0.00236463,0.0017039,0.0246834,0.02031
132.451,0.0807739,0.0271737,0.0173924,1.26222,0.00251622,0.00301739,0.0016806,0.025921,0.0187897
132.501,0.0807275,0.0272726,0.0173982,1.26255,0.00243944,0.00344275,0.00171826,0.0299725,0.0216076
132.551,0.0806794,0.0273548,0.0174024,1.26256,0.00243588,0.00273347,0.00172908,0.0324916,0.0356697
132.601,0.080625,0.0273778,0.0174039,1.26329,0.00297872,0.00236558,0.00170363,0.0254689,0.026835
132.651,0.0804874,0.0274133,0.0174054,1.26358,0.00368283,0.00309971,0.00168401,0.0234823,0.0237196
132.701,0.0803405,0.0275126,0.0174113,1.26398,0.00387169,0.00332977,0.00172185,0.0282648,0.0212793
132.751,0.0801901,0.0275842,0.0174155,1.26421,0.00382179,0.00254109,0.0017319,0.0299555,0.0292811
132.801,0.0800595,0.0276052,0.0174169,1.26487,0.00281974,0.0023793,0.00170455,0.0248572,0.0204798
132.851,0.079994,0.027639,0.0174182,1.26513,0.0024579,0.00303794,0.00168115,0.0261214,0.0188386
132.901,0.079957,0.0277399,0.017424,1.26546,0.00238494,0.00344919,0.00171878,0.0301665,0.0217041
132.951,0.079917,0.0278245,0.0174282,1.26547,0.00240288,0.00274069,0.00172956,0.0328524,0.0360661
133.001,0.0798634,0.0278514,0.0174296,1.2662,0.00297364,0.00239312,0.00170404,0.0255712,0.0269151
133.051,0.0797178,0.0278915,0.017431,1.26636,0.00359756,0.00319612,0.00168203,0.0233029,0.0236649
133.101,0.0795776,0.0279977,0.0174368,1.26675,0.00378423,0.00344444,0.00171962,0.0284226,0.0213827
133.151,0.0794305,0.0280769,0.017441,1.26696,0.00381494,0.00260546,0.00172945,0.030249,0.0296027
133.201,0.0792995,0.0281041,0.0174423,1.26761,0.00281596,0.00239105,0.0017021,0.025195,0.020644
133.251,0.079238,0.0281436,0.0174438,1.26786,0.00241121,0.00310415,0.00168125,0.0263963,0.018908
133.301,0.0792097,0.0282491,0.0174496,1.2682,0.00234801,0.00351052,0.00171923,0.0302595,0.0216939
133.351,0.079178,0.0283383,0.0174538,1.26822,0.00238729,0.00278484,0.00173018,0.0331433,0.036187
133.401,0.0791299,0.0283699,0.0174553,1.269,0.00295822,0.00243342,0.00170456,0.0256018,0.0268549
133.451,0.0789908,0.0284195,0.0174566,1.26918,0.00347987,0.00335696,0.00168238,0.02328,0.0237604
133.501,0.0788612,0.0285364,0.0174624,1.26958,0.00362434,0.00362971,0.00171995,0.0285034,0.0213099
133.551,0.078721,0.0286264,0.0174666,1.26978,0.0037306,0.00272759,0.00172975,0.0303924,0.0296147
133.601,0.0785925,0.0286629,0.0174679,1.27039,0.00276038,0.00243378,0.00170235,0.0254959,0.0208476
133.651,0.0785372,0.0287081,0.0174694,1.27065,0.00234578,0.00317936,0.00168148,0.0265967,0.0189815
133.701,0.0785214,0.0288181,0.0174752,1.27098,0.00230954,0.00356898,0.00171945,0.0304762,0.0217445
133.751,0.0784977,0.0289112,0.0174794,1.27095,0.00235831,0.00283483,0.00173038,0.0335752,0.0365147
133.801,0.0784508,0.0289472,0.0174808,1.2717,0.00290623,0.00249387,0.00170472,0.025745,0.0269456
133.851,0.0783134,0.0290056,0.0174822,1.27181,0.0033151,0.00355678,0.00168253,0.0232647,0.0237574
133.901,0.0781948,0.0291345,0.017488,1.27221,0.00345223,0.00385472,0.00172011,0.0283843,0.0212662
133.951,0.0780637,0.0292373,0.0174921,1.2724,0.003637,0.00289754,0.00172988,0.0302104,0.0295895
134.001,0.0779395,0.0292848,0.0174934,1.273,0.00272498,0.00249123,0.00170246,0.025593,0.0210785
134.051,0.0778862,0.0293323,0.0174947,1.2732,0.00230534,0.00320827,0.00167921,0.0265144,0.0190242
134.101,0.0778813,0.0294448,0.0175005,1.27354,0.00229569,0.00358467,0.00171694,0.0306765,0.0217897
134.151,0.0778709,0.0295414,0.0175046,1.27352,0.00233527,0.00286324,0.00172787,0.0341252,0.0370026
134.201,0.0778341,0.0295833,0.0175061,1.27435,0.00284572,0.00258804,0.0017026,0.0258626,0.0269048
134.251,0.0777174,0.0296593,0.0175076,1.27462,0.00311858,0.00386609,0.0016832,0.0232378,0.0238639
134.301,0.077615,0.0298048,0.0175134,1.27505,0.0032119,0.00416996,0.00172108,0.0276785,0.0210481
134.351,0.0774983,0.0299237,0.0175176,1.27526,0.00346764,0.00315153,0.00173117,0.0292361,0.0290079
134.401,0.0773834,0.0299842,0.0175189,1.27582,0.00264929,0.00259285,0.0017039,0.0251639,0.0211494
134.451,0.077339,0.0300366,0.0175202,1.27602,0.00228163,0.00330006,0.00168064,0.0263224,0.0190436
134.501,0.0773482,0.0301541,0.0175259,1.27633,0.00232222,0.00366155,0.00171832,0.0308467,0.0219295
134.551,0.0773504,0.0302552,0.0175301,1.27628,0.00233527,0.00293263,0.00172912,0.034536,0.0376807
134.601,0.0773208,0.0303018,0.0175315,1.27714,0.00277119,0.00269147,0.00170365,0.0259664,0.0269383
134.651,0.0772132,0.0303875,0.017533,1.27742,0.00293134,0.00408736,0.00168411,0.0232547,0.0239285
134.701,0.0771259,0.0305454,0.0175389,1.27784,0.00300962,0.00441379,0.00172196,0.0277728,0.0210901
134.751,0.0770211,0.0306776,0.017543,1.27802,0.00333383,0.00338327,0.00173197,0.0294795,0.029094
134.801,0.0769128,0.0307487,0.0175444,1.27851,0.00258641,0.00268477,0.00170457,0.0255921,0.021429
134.851,0.076875,0.0308045,0.0175456,1.27862,0.0022887,0.00336182,0.00168121,0.026663,0.0190751
134.901,0.0769003,0.0309248,0.0175513,1.27892,0.00239371,0.00368619,0.00171887,0.0313697,0.0220887
134.951,0.0769189,0.0310295,0.0175555,1.27886,0.00235601,0.00297314,0.00172962,0.0353868,0.0384045
135.001,0.0769009,0.0310818,0.0175569,1.27978,0.00266189,0.00281569,0.00170406,0.0263646,0.0270866
135.051,0.0768037,0.0311765,0.0175582,1.27999,0.00269271,0.00427261,0.00168214,0.0233082,0.0239631
135.101,0.0767388,0.0313456,0.017564,1.28041,0.00273394,0.00460692,0.00171975,0.028148,0.0209807
135.151,0.0766547,0.0314903,0.0175681,1.28061,0.00310504,0.00359918,0.00172995,0.02996,0.0293267
135.201,0.0765602,0.0315751,0.0175695,1.28115,0.00248891,0.00277785,0.00170325,0.0260179,0.0216964
135.251,0.0765388,0.031639,0.0175709,1.28135,0.00235457,0.00342414,0.0016827,0.0270604,0.0191635
135.301,0.0765834,0.0317625,0.0175767,1.28165,0.00254727,0.00371712,0.00172031,0.0317291,0.0220387
135.351,0.0766175,0.0318696,0.0175808,1.28153,0.00242223,0.00302161,0.00173092,0.035999,0.0388641
135.401,0.0766082,0.0319259,0.0175822,1.28244,0.00253187,0.00294199,0.00170514,0.0266353,0.0269322
135.451,0.0765232,0.032029,0.0175835,1.28256,0.00246509,0.00446108,0.00168311,0.0236123,0.0238731
135.501,0.0764825,0.0322082,0.0175893,1.28296,0.00249046,0.00480157,0.00172067,0.0284157,0.0209792
135.551,0.0764215,0.0323663,0.0175935,1.28316,0.00284951,0.00384477,0.00173079,0.0302271,0.0294957
135.601,0.0763428,0.0324642,0.0175948,1.2837,0.00240805,0.00285992,0.00170396,0.0264606,0.0220587
135.651,0.0763375,0.0325339,0.0175962,1.28392,0.00249139,0.00343912,0.00168348,0.0274431,0.0193173
135.701,0.0764046,0.0326579,0.017602,1.28423,0.00275893,0.00368318,0.0017214,0.0319828,0.0220178
135.751,0.0764592,0.0327663,0.0176062,1.28411,0.00253564,0.00301092,0.00173232,0.0365337,0.0390002
135.801,0.0764636,0.0328275,0.0176076,1.28505,0.00243777,0.00303829,0.00170668,0.0267054,0.0266074
135.851,0.0763952,0.0329404,0.0176089,1.28513,0.00232953,0.0046074,0.00168463,0.0235979,0.023739
135.901,0.076382,0.0331284,0.0176147,1.28553,0.00234191,0.00494945,0.00172212,0.0284841,0.0210524
135.951,0.076344,0.0332963,0.0176188,1.28568,0.00263318,0.00404089,0.0017321,0.0306218,0.0300807
136.001,0.076282,0.033404,0.0176202,1.28617,0.00235338,0.0029254,0.00170507,0.0267373,0.022565
136.051,0.0762897,0.0334734,0.0176214,1.28633,0.00268889,0.00337292,0.00168217,0.0274899,0.0195487
136.101,0.0763784,0.0335935,0.0176272,1.28664,0.00303173,0.00357462,0.00171981,0.0324123,0.0218191
136.151,0.0764522,0.0336985,0.0176313,1.28647,0.00270486,0.00296658,0.00173064,0.0373726,0.0393233
136.201,0.0764704,0.0337606,0.0176327,1.28741,0.00236142,0.00312878,0.00170525,0.026977,0.0264815
136.251,0.0764286,0.0338819,0.0176342,1.28756,0.00230657,0.00472316,0.00168576,0.023897,0.0237176
136.301,0.0764466,0.0340763,0.01764,1.28795,0.00232785,0.00506092,0.00172322,0.0286531,0.021004
136.351,0.0764396,0.0342532,0.0176441,1.28811,0.00243626,0.00422325,0.00173328,0.0306982,0.0303334
136.401,0.0763996,0.0343711,0.0176455,1.28861,0.00234814,0.00298764,0.00170645,0.0270625,0.023008
136.451,0.0764231,0.0344412,0.0176467,1.28878,0.00293839,0.00331595,0.00168364,0.0279888,0.0197229
136.501,0.076534,0.0345564,0.0176525,1.28907,0.00334262,0.00347484,0.00172124,0.0330272,0.0218812
136.551,0.07663,0.0346578,0.0176566,1.28892,0.00290177,0.00291868,0.00173212,0.0381589,0.0395596
136.601,0.0766664,0.0347209,0.017658,1.28993,0.00235158,0.0031928,0.00170686,0.0272808,0.0261221
136.651,0.0766586,0.0348512,0.0176595,1.29021,0.00245937,0.00480678,0.00168759,0.0241756,0.0236412
136.701,0.0767112,0.0350499,0.0176654,1.29062,0.0025096,0.00512479,0.00172531,0.0284991,0.0208433
136.751,0.0767351,0.0352311,0.0176695,1.29074,0.00235553,0.00435287,0.00173559,0.0306789,0.0301069
136.801,0.0767182,0.035353,0.0176709,1.29116,0.00240523,0.00300612,0.00170876,0.0270885,0.0232577
136.851,0.0767593,0.0354188,0.0176721,1.29128,0.00325725,0.00317788,0.00168583,0.0281097,0.0197975
136.901,0.0768937,0.0355241,0.0176779,1.29157,0.00369982,0.0032781,0.00172333,0.0335265,0.022061
136.951,0.0770108,0.0356161,0.017682,1.29137,0.00313978,0.00280945,0.00173401,0.0390811,0.0402256
137.001,0.0770624,0.0356762,0.0176834,1.29241,0.00240344,0.00320323,0.00170846,0.0275455,0.0261016
137.051,0.0770682,0.0358046,0.0176847,1.29254,0.00271645,0.0047228,0.00168662,0.0242502,0.0235209
137.101,0.0771509,0.0360001,0.0176905,1.29295,0.00280001,0.005038,0.00172404,0.0289613,0.0209093
137.151,0.0772023,0.0361809,0.0176947,1.29301,0.00240292,0.0044269,0.00173423,0.0313702,0.0307225
137.201,0.0772047,0.036305,0.0176961,1.29335,0.00249714,0.00298779,0.00170761,0.0277079,0.0238737
137.251,0.0772631,0.0363643,0.0176975,1.29346,0.00357386,0.00301139,0.00168718,0.028674,0.0199962
137.301,0.0774184,0.0364568,0.0177032,1.29375,0.00402763,0.0030641,0.00172462,0.0341082,0.0221489
137.351,0.0775559,0.0365374,0.0177074,1.29357,0.00337245,0.00268994,0.00173519,0.0396004,0.0403499
137.401,0.0776271,0.0365929,0.0177087,1.29466,0.00252445,0.003162,0.00170944,0.0275777,0.0258497
137.451,0.0776643,0.0367187,0.01771,1.29483,0.00313619,0.00456412,0.00168748,0.024344,0.0234593
137.501,0.0777826,0.0369059,0.0177158,1.29524,0.00327427,0.00484403,0.00172486,0.0290064,0.0208166
137.551,0.0778684,0.0370801,0.01772,1.29527,0.00263562,0.00435716,0.00173497,0.0314719,0.0310198
137.601,0.0778974,0.037202,0.0177213,1.29558,0.00267913,0.00289755,0.00170823,0.0278333,0.0244968
137.651,0.0779793,0.0372537,0.0177227,1.29573,0.00398296,0.0027947,0.00168792,0.0287064,0.0202022
137.701,0.0781599,0.0373286,0.0177286,1.29602,0.00445151,0.00280381,0.00172568,0.034054,0.0221713
137.751,0.078318,0.0373925,0.0177327,1.2958,0.00367587,0.00255126,0.00173657,0.0397876,0.0403822
137.801,0.0784037,0.0374393,0.0177341,1.29686,0.00274262,0.00308973,0.00171095,0.0274978,0.0254126
137.851,0.0784646,0.0375592,0.0177354,1.29699,0.0036519,0.0043604,0.00168899,0.0243727,0.0231458
137.901,0.0786168,0.0377349,0.0177412,1.29738,0.00382368,0.00462091,0.00172632,0.0290644,0.0208834
137.951,0.0787374,0.0379004,0.0177454,1.29741,0.00299827,0.00426933,0.00173667,0.0318367,0.0318254
138.001,0.0787926,0.0380156,0.0177468,1.29774,0.00288972,0.00280686,0.00171042,0.0283345,0.0252181
138.051,0.078882,0.0380499,0.0177481,1.2978,0.00426114,0.00257909,0.001688,0.0291007,0.0205317
138.101,0.0790779,0.0381036,0.0177538,1.29807,0.00472052,0.00256264,0.00172541,0.0349011,0.022023
138.151,0.0792538,0.0381478,0.017758,1.29787,0.0038951,0.00242702,0.00173607,0.0407214,0.0404105
138.201,0.0793581,0.0381824,0.0177594,1.29901,0.00297365,0.00294788,0.00171052,0.0280031,0.0250864
138.251,0.0794549,0.0382926,0.0177608,1.29929,0.00417233,0.00403689,0.00169098,0.0248039,0.0230626
138.301,0.0796399,0.0384499,0.0177667,1.2997,0.00437574,0.00426643,0.00172822,0.0292478,0.0206902
138.351,0.0797911,0.0385976,0.0177708,1.29969,0.00344305,0.00402097,0.0017384,0.0319525,0.0317391
138.401,0.0798697,0.0386996,0.0177722,1.29995,0.0031092,0.00267035,0.00171188,0.0284683,0.0256185
138.451,0.0799728,0.0387166,0.0177735,1.29999,0.00453443,0.00239389,0.00168934,0.0290872,0.0206853
138.501,0.0801843,0.0387453,0.0177792,1.30026,0.00498027,0.00237976,0.0017267,0.0351546,0.0222841
138.551,0.080376,0.0387657,0.0177834,1.30006,0.0040837,0.00235845,0.00173742,0.0411343,0.040987
138.601,0.0804945,0.0387844,0.0177848,1.30123,0.0032265,0.00277416,0.00171203,0.0281075,0.0251159
138.651,0.0806214,0.0388795,0.0177863,1.30156,0.00472206,0.00364239,0.00169272,0.0250598,0.0232005
138.701,0.0808379,0.0390136,0.0177922,1.30198,0.00494002,0.0038414,0.00173023,0.0290119,0.0203004
138.751,0.0810176,0.0391385,0.0177964,1.30193,0.00392935,0.00370785,0.00174064,0.0316836,0.0312654
138.801,0.0811159,0.0392208,0.0177978,1.30205,0.00334258,0.00252445,0.00171415,0.0285552,0.0257977
138.851,0.0812281,0.0392153,0.017799,1.30204,0.0047611,0.00230764,0.0016915,0.0292886,0.0207249
138.901,0.0814516,0.0392146,0.0178048,1.3023,0.00516057,0.00233733,0.00172875,0.0355864,0.022549
138.951,0.0816519,0.0392076,0.017809,1.30206,0.00420546,0.00239135,0.00173928,0.0417199,0.0416269
139.001,0.0817796,0.0392072,0.0178104,1.30324,0.00343733,0.00258569,0.00171359,0.0283928,0.0252978
139.051,0.0819164,0.0392776,0.0178117,1.30343,0.00508685,0.00316109,0.00169173,0.025128,0.0233846
139.101,0.0821543,0.0393813,0.0178175,1.30386,0.00532985,0.00332044,0.00172892,0.0292698,0.0200059
139.151,0.0823539,0.0394777,0.0178217,1.30375,0.00430426,0.00331435,0.00173922,0.0320232,0.0314818
139.201,0.082468,0.0395388,0.0178231,1.3038,0.00350628,0.00240176,0.00171296,0.0287963,0.026023
139.251,0.0825925,0.0395126,0.0178245,1.30382,0.00491902,0.0023932,0.00169285,0.0292601,0.0208649
139.301,0.0828239,0.0394803,0.0178303,1.30408,0.00528432,0.00249514,0.00173005,0.0356879,0.0227524
139.351,0.0830289,0.0394437,0.0178345,1.30381,0.00429948,0.00254582,0.00174045,0.0417868,0.0417864
139.401,0.0831625,0.0394231,0.0178358,1.30498,0.00365735,0.00244043,0.00171456,0.0282776,0.0249726
139.451,0.0833145,0.0394707,0.0178371,1.30514,0.0054698,0.00274262,0.00169258,0.0253075,0.0232051
139.501,0.0835731,0.0395421,0.017843,1.30556,0.00574488,0.00285892,0.00172975,0.0293761,0.0198652
139.551,0.0837965,0.039609,0.0178472,1.30547,0.00471734,0.00294123,0.00174015,0.0321528,0.0315735
139.601,0.0839298,0.0396475,0.0178486,1.30555,0.00366587,0.00236317,0.00171412,0.0290382,0.0264087
139.651,0.0840624,0.0395961,0.01785,1.30562,0.00502463,0.00268164,0.00169431,0.0295999,0.0210787
139.701,0.0842976,0.0395296,0.0178559,1.30587,0.00534624,0.00284589,0.00173179,0.0359466,0.0229588
139.751,0.0845047,0.0394634,0.0178601,1.30558,0.00433552,0.00279753,0.00174245,0.0419843,0.0420229
139.801,0.084643,0.0394215,0.0178615,1.30675,0.00382607,0.00237361,0.00171662,0.0282955,0.0249076
139.851,0.0848107,0.0394433,0.0178628,1.30695,0.00574542,0.00242727,0.00169453,0.0254517,0.0231937
139.901,0.0850839,0.0394791,0.0178686,1.30738,0.00602088,0.00249143,0.00173161,0.0294595,0.0196329
139.951,0.0853207,0.0395111,0.0178728,1.30726,0.00502525,0.00259994,0.00174203,0.0322528,0.0316284
140.001,0.0854637,0.0395225,0.0178743,1.30728,0.00375202,0.00241793,0.0017161,0.0291929,0.0269363
140.051,0.0855891,0.0394464,0.0178756,1.30728,0.00495035,0.00305652,0.00169397,0.0293909,0.0212975
140.101,0.0858191,0.0393489,0.0178814,1.30753,0.0052143,0.00329435,0.00173111,0.0359862,0.0229364
140.151,0.0860211,0.0392529,0.0178855,1.30725,0.00422712,0.00315306,0.00174139,0.0420608,0.0422595
140.201,0.0861597,0.0391858,0.0178869,1.30845,0.00391069,0.00240839,0.00171534,0.0282442,0.0246905
140.251,0.08634,0.039179,0.0178884,1.30871,0.00594268,0.00232188,0.00169551,0.0254635,0.0230167
140.301,0.0866235,0.039176,0.0178942,1.30913,0.00623939,0.00233332,0.00173255,0.0291647,0.0195536
140.351,0.0868737,0.0391724,0.0178985,1.30906,0.00527297,0.00238693,0.00174287,0.0316897,0.0314573
140.401,0.0870263,0.0391548,0.0178999,1.3091,0.00381106,0.00258766,0.00171682,0.0287454,0.0271017
140.451,0.0871487,0.039053,0.0179012,1.30911,0.00485279,0.00358703,0.00169467,0.0290483,0.0214443
140.501,0.0873703,0.0389212,0.017907,1.30934,0.005098,0.00386398,0.00173179,0.0357117,0.023056
140.551,0.0875631,0.0387942,0.0179111,1.30902,0.00414121,0.00360485,0.00174201,0.0418399,0.0422921
140.601,0.0876924,0.0387029,0.0179125,1.31017,0.00396171,0.00258553,0.00171583,0.0280247,0.024572
140.651,0.087876,0.0386654,0.017914,1.31041,0.0060795,0.00253343,0.00169612,0.0255515,0.0229542
140.701,0.0881636,0.0386204,0.0179199,1.31081,0.00636696,0.00250913,0.00173347,0.028862,0.0193429
140.751,0.0884213,0.0385783,0.0179241,1.3108,0.00541234,0.00242065,0.00174413,0.0313209,0.0310317
140.801,0.0885789,0.038532,0.0179256,1.31086,0.00379505,0.00286765,0.00171827,0.0287325,0.0271663
140.851,0.0886897,0.0384068,0.0179269,1.31085,0.00466357,0.00415035,0.00169614,0.0291054,0.021482
140.901,0.0888956,0.0382428,0.0179327,1.31101,0.00485581,0.00445938,0.00173319,0.0361248,0.0230889
140.951,0.0890713,0.0380873,0.0179369,1.31065,0.00394359,0.00404916,0.00174344,0.0422617,0.042289
141.001,0.0891872,0.0379733,0.0179383,1.31174,0.00391689,0.00286538,0.00171742,0.0283856,0.0243093
141.051,0.0893577,0.0379064,0.0179396,1.31187,0.00595043,0.00295487,0.00169538,0.025884,0.0227408
141.101,0.0896375,0.0378247,0.0179455,1.31226,0.00624022,0.00291421,0.0017324,0.0293458,0.0192811
141.151,0.0898906,0.0377485,0.0179497,1.31223,0.0053686,0.00266254,0.00174291,0.0319671,0.0316522
141.201,0.0900471,0.0376775,0.0179511,1.31235,0.00365151,0.00317392,0.00171723,0.0292074,0.0277818
141.251,0.0901497,0.0375335,0.0179526,1.31243,0.00434213,0.00470082,0.0016976,0.0294129,0.0218334
141.301,0.0903364,0.037342,0.0179584,1.31261,0.00447779,0.00502,0.00173458,0.0363348,0.0230559
141.351,0.0904938,0.0371613,0.0179626,1.31228,0.0036541,0.00451167,0.00174472,0.0422681,0.0418837
141.401,0.0905978,0.0370261,0.017964,1.31338,0.0037603,0.00321639,0.00171848,0.0283892,0.0239245
141.451,0.0907604,0.0369323,0.0179653,1.31351,0.00573637,0.00351557,0.00169629,0.0261331,0.0224443
141.501,0.0910284,0.0368148,0.0179712,1.31388,0.00604636,0.00348915,0.00173328,0.0296072,0.0192337
141.551,0.0912712,0.0367034,0.0179754,1.31384,0.00524702,0.00309226,0.00174388,0.0320539,0.0317634
141.601,0.0914175,0.0366052,0.0179769,1.31392,0.00348837,0.00350157,0.00171843,0.0292839,0.0280515
141.651,0.0915049,0.0364399,0.0179784,1.31398,0.00399629,0.00525186,0.0016991,0.0295604,0.0219674
141.701,0.091669,0.0362223,0.0179843,1.31417,0.00409092,0.00558349,0.00173636,0.0364096,0.0230298
141.751,0.0918036,0.036019,0.0179885,1.31383,0.00334779,0.00493685,0.00174676,0.0421447,0.0413593
141.801,0.0918896,0.0358654,0.0179899,1.31488,0.00357468,0.00356867,0.00172058,0.0282126,0.0235459
141.851,0.0920392,0.0357481,0.0179912,1.31498,0.0054488,0.00408772,0.00169826,0.0263742,0.0221361
141.901,0.0922911,0.0355994,0.0179971,1.31534,0.00576049,0.00407738,0.00173516,0.0299549,0.0192323
141.951,0.092515,0.035457,0.0180014,1.31524,0.00503173,0.00356521,0.00174576,0.032324,0.0320719
142.001,0.0926397,0.0353327,0.0180029,1.31521,0.00325525,0.00382201,0.00172041,0.0294098,0.0283808
142.051,0.092699,0.035152,0.0180042,1.3152,0.00356499,0.00565711,0.00169874,0.0294732,0.0221478
142.101,0.0928343,0.0349174,0.0180101,1.31537,0.00361256,0.00600086,0.00173567,0.0367942,0.0229029
142.151,0.0929398,0.0346978,0.0180142,1.31502,0.00299937,0.00527955,0.0017457,0.0426061,0.0409677
142.201,0.0930037,0.0345305,0.0180156,1.31604,0.00333248,0.00390717,0.00171929,0.0286643,0.0233113
142.251,0.0931398,0.0343935,0.0180171,1.31619,0.0050893,0.00466521,0.00169922,0.0269058,0.0220371
142.301,0.0933718,0.0342175,0.018023,1.31656,0.00539831,0.00467255,0.00173607,0.0302872,0.0191559
142.351,0.0935741,0.034048,0.0180272,1.31643,0.00474968,0.00404797,0.00174659,0.0324002,0.0320382
142.401,0.0936779,0.0339037,0.0180288,1.31632,0.00303577,0.00408682,0.00172111,0.0293736,0.0284698
142.451,0.0937113,0.0337121,0.0180301,1.31627,0.00316763,0.00599156,0.00169935,0.0293752,0.0221522
142.501,0.093818,0.0334664,0.0180359,1.31645,0.00317671,0.0063175,0.00173624,0.036798,0.0229769
142.551,0.093899,0.0332375,0.0180401,1.31617,0.00269456,0.00552939,0.00174623,0.0423639,0.0407344
142.601,0.0939458,0.0330612,0.0180415,1.31729,0.00305589,0.00417371,0.00171972,0.0284938,0.0231489
142.651,0.094072,0.0329075,0.018043,1.31756,0.00466968,0.005176,0.00169974,0.0271205,0.021969
142.701,0.0942813,0.0327096,0.0180489,1.31795,0.00497032,0.00520812,0.00173691,0.0300655,0.0190052
142.751,0.094449,0.0325157,0.0180532,1.31769,0.00436978,0.00450897,0.00174778,0.0319803,0.0313776
142.801,0.094513,0.032349,0.0180547,1.31729,0.00278824,0.00432645,0.00172251,0.0289799,0.0280278
142.851,0.0945151,0.0321483,0.0180561,1.31714,0.00276782,0.00626021,0.00170074,0.0289955,0.0217829
142.901,0.094591,0.0318958,0.0180619,1.31734,0.0027569,0.0065829,0.00173756,0.0364329,0.0234407
142.951,0.0946417,0.031661,0.0180661,1.31708,0.0024623,0.00572561,0.00174744,0.0417484,0.0410641
143.001,0.094665,0.0314789,0.0180675,1.31819,0.00278223,0.0044096,0.00172075,0.0282841,0.0235039
143.051,0.0947615,0.0313143,0.0180688,1.31839,0.00409995,0.00556823,0.00169822,0.0270554,0.0222204
143.101,0.0949392,0.0311029,0.0180747,1.3188,0.00440599,0.00562276,0.00173511,0.0303307,0.0188382
143.151,0.0950866,0.0308987,0.0180789,1.31865,0.00391632,0.00486473,0.00174571,0.0321676,0.0313177
143.201,0.0951404,0.0307281,0.0180805,1.31842,0.00255064,0.00449461,0.00172039,0.0288392,0.027946
143.251,0.0951275,0.0305286,0.018082,1.31841,0.00245587,0.0064957,0.00170099,0.02878,0.0219053
143.301,0.0951683,0.030273,0.0180878,1.3186,0.00245488,0.00681222,0.0017378,0.0363108,0.0235142
143.351,0.0951829,0.030037,0.018092,1.3183,0.00236508,0.00585886,0.00174765,0.041388,0.040572
143.401,0.0951778,0.0298543,0.0180934,1.31931,0.00256484,0.00460042,0.00172091,0.0281027,0.023258
143.451,0.095246,0.029682,0.0180947,1.3194,0.00362951,0.00594802,0.00169837,0.0270494,0.0218827
143.501,0.0953928,0.0294605,0.0181006,1.31977,0.00392328,0.00602538,0.00173525,0.0303476,0.0188623
143.551,0.0955223,0.0292498,0.0181049,1.31975,0.00351392,0.00522513,0.001746,0.032182,0.0316582
143.601,0.0955732,0.0290803,0.0181064,1.31981,0.00241827,0.00465492,0.00172101,0.0288987,0.0283727
143.651,0.0955464,0.0288844,0.018108,1.31995,0.0023264,0.00670171,0.00170197,0.0286531,0.0221947
143.701,0.0955537,0.0286297,0.0181138,1.32014,0.00234266,0.00699169,0.00173909,0.0358139,0.0233801
143.751,0.0955353,0.028396,0.0181181,1.31983,0.00241913,0.00597356,0.00174927,0.0405266,0.0396367
143.801,0.0955004,0.0282147,0.0181195,1.32069,0.00243283,0.00476103,0.00172264,0.027548,0.0229164
143.851,0.0955363,0.0280399,0.0181208,1.32061,0.00321519,0.00622795,0.00170002,0.0267911,0.0215324
143.901,0.0956527,0.0278151,0.0181267,1.32094,0.00348904,0.00632648,0.00173682,0.0303156,0.0188928
143.951,0.0957601,0.0276039,0.018131,1.32097,0.00317799,0.00547348,0.00174744,0.0320937,0.031952
144.001,0.0957975,0.0274376,0.0181325,1.32114,0.00237162,0.00473325,0.00172225,0.0287532,0.0288224
144.051,0.0957451,0.0272513,0.0181339,1.32126,0.00234959,0.00672626,0.00170069,0.0283548,0.0225131
144.101,0.0957214,0.0270075,0.0181397,1.32143,0.00239579,0.00699128,0.00173751,0.0357234,0.0232771
144.151,0.0956766,0.0267866,0.0181439,1.32117,0.0025734,0.00591399,0.00174737,0.0405108,0.0392875
144.201,0.0956226,0.0266164,0.0181453,1.3221,0.00236935,0.00480871,0.00172066,0.0277226,0.0227595
144.251,0.0956471,0.0264483,0.0181468,1.3222,0.00286276,0.00639633,0.00170036,0.02723,0.0213752
144.301,0.0957367,0.0262278,0.0181527,1.32254,0.0030999,0.00652156,0.00173715,0.0306626,0.0188612
144.351,0.0958119,0.0260197,0.0181569,1.32252,0.00286819,0.00563643,0.00174773,0.0321574,0.0318334
144.401,0.0958194,0.0258577,0.0181585,1.32259,0.00238825,0.00473522,0.00172251,0.028701,0.0286989
144.451,0.0957418,0.0256826,0.0181599,1.32268,0.0025043,0.006686,0.00170091,0.0282895,0.0225619
144.501,0.0956897,0.0254536,0.0181657,1.32286,0.00258219,0.00696209,0.00173773,0.0356066,0.0232659
144.551,0.0956199,0.0252472,0.0181699,1.32263,0.00280123,0.00586058,0.0017474,0.0402045,0.0388445
144.601,0.0955434,0.0250888,0.0181713,1.32354,0.00237831,0.00482464,0.0017203,0.02779,0.0225549
144.651,0.095546,0.0249277,0.0181728,1.32363,0.00258488,0.00654393,0.00169989,0.0276036,0.0211489
144.701,0.0956082,0.0247155,0.0181786,1.32398,0.00276919,0.00670397,0.00173706,0.0305449,0.0189085
144.751,0.0956552,0.0245161,0.0181829,1.32394,0.00261807,0.00575931,0.00174792,0.0320685,0.0318165
144.801,0.0956381,0.0243633,0.0181845,1.32398,0.00247281,0.00471934,0.00172268,0.0285972,0.0286623
144.851,0.095537,0.0242039,0.0181859,1.32405,0.00275712,0.00660322,0.00170096,0.0281278,0.0225231
144.901,0.0954568,0.023995,0.0181917,1.32423,0.00288338,0.00684218,0.00173776,0.0355289,0.0233571
144.951,0.0953602,0.0238081,0.0181959,1.32401,0.0031033,0.00571821,0.00174744,0.0400228,0.0384448
145.001,0.0952596,0.0236649,0.0181973,1.32483,0.00246506,0.00477693,0.00172033,0.0279115,0.0224128
145.051,0.095231,0.0235176,0.0181986,1.32476,0.00237966,0.00650698,0.00169749,0.0278835,0.0209639
145.101,0.0952642,0.0233234,0.0182044,1.32507,0.00250626,0.00667746,0.00173441,0.0313571,0.0189701
145.151,0.0952912,0.0231425,0.0182087,1.32508,0.00244928,0.00572268,0.00174523,0.0328829,0.03214
145.201,0.0952648,0.0230066,0.0182103,1.32526,0.00258229,0.00458415,0.00172039,0.0289118,0.0286568
145.251,0.0951535,0.0228663,0.0182118,1.32542,0.00303213,0.0064518,0.0017013,0.0283059,0.0226905
145.301,0.0950516,0.0226813,0.0182176,1.32562,0.00316918,0.0066872,0.00173809,0.0355566,0.0231993
145.351,0.0949367,0.0225169,0.0182218,1.32544,0.00334911,0.00554366,0.00174774,0.0398391,0.0378726
145.401,0.0948251,0.0223916,0.0182232,1.32633,0.00256801,0.00466827,0.00172058,0.0279257,0.0222587
145.451,0.09479,0.022262,0.0182245,1.32643,0.00231387,0.00641484,0.00169766,0.0280614,0.0208285
145.501,0.0948038,0.0220897,0.0182304,1.32678,0.0023707,0.00663259,0.00173458,0.0315318,0.0190108
145.551,0.0948049,0.0219288,0.0182346,1.32674,0.00237017,0.00565634,0.00174539,0.0330346,0.0320585
145.601,0.0947562,0.0218092,0.0182362,1.32684,0.00271361,0.00444413,0.00172054,0.0287577,0.0284366
145.651,0.0946282,0.0216877,0.0182378,1.32698,0.00328586,0.00627579,0.00170155,0.0282727,0.0225744
145.701,0.0945095,0.0215289,0.0182436,1.3272,0.00342292,0.00650373,0.00173867,0.0353528,0.0233457
145.751,0.0943808,0.0213888,0.0182478,1.32707,0.0035644,0.00534967,0.00174871,0.0395819,0.0378163
145.801,0.0942598,0.0212827,0.0182493,1.32801,0.00267431,0.0045257,0.00172178,0.0279216,0.022243
145.851,0.0942164,0.021172,0.0182506,1.3282,0.0023199,0.00629268,0.00169883,0.0282577,0.020695
145.901,0.094214,0.0210249,0.0182564,1.32857,0.0023296,0.00653677,0.0017357,0.0318477,0.0190638
145.951,0.0941936,0.0208877,0.0182606,1.32845,0.00235253,0.00555295,0.00174642,0.0335286,0.0322486
146.001,0.0941225,0.0207863,0.0182622,1.32843,0.002827,0.00430592,0.00172144,0.0287821,0.0283601
146.051,0.0939726,0.020686,0.0182636,1.32843,0.00351025,0.00606184,0.00169996,0.0281018,0.0226844
146.101,0.0938371,0.020556,0.0182694,1.32865,0.00367793,0.00629248,0.0017368,0.0353478,0.0232958
146.151,0.093693,0.0204423,0.0182736,1.32854,0.00380195,0.00512432,0.00174657,0.0395461,0.0378017
146.201,0.093559,0.0203569,0.018275,1.32948,0.00279458,0.00439713,0.00171959,0.0279184,0.0222532
146.251,0.0935035,0.0202661,0.0182765,1.32968,0.0023712,0.00620309,0.001699,0.0283546,0.0205996
146.301,0.093483,0.0201454,0.0182823,1.33002,0.00233675,0.00646613,0.00173586,0.0319696,0.0191865
146.351,0.0934525,0.0200343,0.0182866,1.32996,0.00236225,0.00545953,0.0017464,0.0336713,0.0325408
146.401,0.0933821,0.0199545,0.0182881,1.33011,0.00293667,0.00416799,0.00172107,0.0285951,0.0283829
146.451,0.093227,0.0198766,0.0182895,1.33017,0.0037125,0.00586306,0.00169934,0.027769,0.022811
146.501,0.0930782,0.0197751,0.0182953,1.3304,0.00389614,0.00609679,0.00173622,0.0350609,0.0232011
146.551,0.092921,0.0196873,0.0182995,1.33029,0.00399037,0.00494439,0.00174605,0.0392145,0.0373326
146.601,0.0927758,0.0196225,0.0183009,1.33118,0.00290043,0.00424851,0.00171914,0.0279517,0.0220443
146.651,0.0927084,0.019552,0.0183024,1.33133,0.00244499,0.00609582,0.00169873,0.0286208,0.0203366
146.701,0.0926752,0.0194592,0.0183082,1.33168,0.00238003,0.00638483,0.00173596,0.0319258,0.0193339
146.751,0.092632,0.0193748,0.0183125,1.33162,0.00239659,0.00533496,0.00174691,0.0336035,0.0328664
146.801,0.0925542,0.0193157,0.0183141,1.33179,0.00303705,0.00401065,0.00172189,0.0282016,0.0284031
146.851,0.0923911,0.0192593,0.0183155,1.33186,0.00387918,0.00563631,0.00170019,0.0274646,0.0229464
146.901,0.0922326,0.019187,0.0183213,1.3321,0.00407236,0.00585312,0.00173703,0.0346656,0.0230439
146.951,0.0920648,0.0191253,0.0183254,1.332,0.0041457,0.00470339,0.00174681,0.0385566,0.0369
147.001,0.0919106,0.0190798,0.0183269,1.33283,0.00299612,0.00408377,0.00171978,0.0276336,0.0220288
147.051,0.0918301,0.0190306,0.0183282,1.33291,0.00252511,0.00585375,0.00169684,0.0282975,0.0202617
147.101,0.0917857,0.0189677,0.018334,1.33325,0.0024376,0.00615909,0.0017338,0.0319806,0.0194731
147.151,0.0917382,0.0189114,0.0183382,1.33324,0.00243715,0.00514101,0.00174453,0.0340279,0.0337126
147.201,0.0916659,0.0188728,0.0183397,1.33359,0.00312452,0.00383003,0.0017195,0.0280067,0.028433
147.251,0.0915057,0.0188364,0.0183413,1.33375,0.00402688,0.00545135,0.00170017,0.0271021,0.0231421
147.301,0.0913377,0.0187911,0.0183471,1.334,0.00423631,0.00569144,0.00173702,0.0341056,0.0228203
147.351,0.0911594,0.0187533,0.0183512,1.33386,0.00427048,0.00455204,0.00174681,0.0377463,0.0360536
147.401,0.0909936,0.0187257,0.0183527,1.33453,0.00306776,0.00396378,0.00171977,0.0273274,0.0217821
147.451,0.090901,0.0186964,0.018354,1.33446,0.00258172,0.00569434,0.00169677,0.0283478,0.0199722
147.501,0.0908485,0.0186612,0.0183598,1.33476,0.00248393,0.00601694,0.00173373,0.0320911,0.0197524
147.551,0.0907966,0.0186309,0.018364,1.33476,0.00246556,0.00498142,0.00174446,0.0342052,0.0344756
147.601,0.0907249,0.0186108,0.0183655,1.3352,0.00315896,0.00368491,0.00171946,0.0278393,0.0286511
147.651,0.0905677,0.0185923,0.0183671,1.33544,0.00407725,0.00531398,0.00170025,0.0268444,0.0234331
147.701,0.0903974,0.0185723,0.0183729,1.33573,0.00428133,0.00554983,0.00173744,0.0332444,0.0225713
147.751,0.0902188,0.0185567,0.0183771,1.33566,0.00428284,0.0044143,0.00174725,0.0365917,0.035063
147.801,0.0900568,0.0185453,0.0183785,1.33637,0.00307777,0.00383672,0.00171977,0.0268126,0.0215187
147.851,0.0899683,0.018534,0.0183798,1.33641,0.00260958,0.00554972,0.00169634,0.0280067,0.019723
147.901,0.0899134,0.0185249,0.0183855,1.3367,0.00249499,0.0059046,0.00173333,0.0320635,0.0199722
147.951,0.0898578,0.0185186,0.0183897,1.33665,0.00247071,0.00486104,0.00174394,0.0344272,0.035141
148.001,0.0897867,0.0185148,0.0183913,1.33715,0.00315728,0.00358195,0.00171865,0.0276961,0.0286994
148.051,0.0896269,0.0185125,0.0183926,1.33737,0.00408121,0.00513357,0.0016969,0.0265484,0.0236366
148.101,0.0894547,0.0185159,0.0183984,1.33764,0.00429243,0.00535784,0.00173388,0.0332547,0.0225067
148.151,0.0892757,0.0185205,0.0184025,1.33759,0.00429607,0.00422092,0.00174358,0.036619,0.034816
148.201,0.0891135,0.0185234,0.0184039,1.33828,0.0030658,0.00369911,0.00171628,0.0271201,0.0214844
148.251,0.0890273,0.0185281,0.0184054,1.33834,0.00259765,0.00536005,0.00169538,0.0283394,0.0195911
148.301,0.0889726,0.0185427,0.0184111,1.33863,0.002502,0.00573104,0.00173242,0.0323231,0.0203394
148.351,0.0889183,0.0185579,0.0184153,1.33859,0.00247238,0.00468184,0.00174294,0.0347705,0.0358661
148.401,0.088853,0.0185678,0.0184168,1.33918,0.00313898,0.00345271,0.00171745,0.0277286,0.0287789
148.451,0.0886986,0.0185791,0.0184181,1.33944,0.00404574,0.00498916,0.00169557,0.0263745,0.0238852
148.501,0.0885304,0.0186032,0.0184239,1.33974,0.00423836,0.00523343,0.00173261,0.032748,0.0222666
148.551,0.0883557,0.0186254,0.018428,1.33974,0.00424193,0.00408229,0.00174241,0.035895,0.0340637
148.601,0.0881993,0.0186403,0.0184294,1.34046,0.00301057,0.00356192,0.0017153,0.0267899,0.0213155
148.651,0.0881226,0.0186589,0.0184308,1.34062,0.00254942,0.00522159,0.00169465,0.0281503,0.0193775
148.701,0.0880744,0.0186946,0.0184366,1.34092,0.00245786,0.00560475,0.00173207,0.0319362,0.0207041
148.751,0.0880187,0.0187289,0.0184408,1.34079,0.00243709,0.00452966,0.00174306,0.0344036,0.0362404
148.801,0.0879446,0.0187502,0.0184423,1.34122,0.00307168,0.00336924,0.00171794,0.0271819,0.0288885
148.851,0.0877817,0.0187733,0.0184437,1.34132,0.00394405,0.00487456,0.00169613,0.0258382,0.0241465
148.901,0.0876187,0.0188159,0.0184494,1.34162,0.00412564,0.00513278,0.00173314,0.0321503,0.0222934
148.951,0.0874521,0.0188536,0.0184535,1.34168,0.00414129,0.0039855,0.0017429,0.035292,0.0339233
149.001,0.0873037,0.0188785,0.0184549,1.34246,0.00295052,0.00345361,0.00171573,0.0267039,0.0213666
149.051,0.087232,0.0189076,0.0184562,1.34267,0.00250709,0.00499836,0.00169259,0.0280037,0.0193785
149.101,0.0871886,0.0189607,0.0184619,1.34297,0.00242138,0.00541191,0.00172977,0.0321749,0.0208606
149.151,0.0871415,0.0190104,0.018466,1.34286,0.00240735,0.00435503,0.00174036,0.0348394,0.0368286
149.201,0.0870797,0.0190404,0.0184675,1.34342,0.00301802,0.00326579,0.00171491,0.0274003,0.0288867
149.251,0.0869286,0.0190734,0.018469,1.34362,0.00383863,0.00479324,0.00169526,0.0257006,0.0242721
149.301,0.0867724,0.0191322,0.0184747,1.34393,0.0040104,0.0050645,0.00173231,0.0316608,0.0221907
149.351,0.0866124,0.0191835,0.0184788,1.34401,0.00404813,0.00391319,0.00174195,0.0346816,0.0333486
149.401,0.0864683,0.0192167,0.0184802,1.34476,0.00289531,0.00337979,0.00171456,0.0264742,0.021337
149.451,0.0864002,0.0192549,0.0184814,1.34495,0.0024539,0.00488486,0.0016913,0.0278558,0.0193026
149.501,0.0863627,0.0193235,0.0184871,1.34521,0.00237743,0.00530162,0.00172854,0.0320886,0.0210572
149.551,0.0863205,0.0193866,0.0184912,1.34507,0.00237889,0.0042503,0.00173925,0.0348715,0.0369055
149.601,0.0862621,0.0194231,0.0184927,1.34563,0.00297151,0.00322134,0.00171397,0.0270777,0.0284811
149.651,0.0861184,0.0194651,0.0184942,1.34585,0.00372253,0.00480016,0.00169458,0.0255621,0.0242405
149.701,0.0859687,0.0195394,0.0184999,1.34615,0.00388754,0.00506847,0.001732,0.0309419,0.0221408
149.751,0.0858149,0.0196033,0.018504,1.34623,0.00392831,0.00390081,0.00174189,0.0336687,0.0327253
149.801,0.0856761,0.0196438,0.0185054,1.34688,0.0028187,0.00332197,0.0017145,0.0261946,0.0212299
149.851,0.0856116,0.0196885,0.0185067,1.34698,0.00239198,0.00473337,0.00169106,0.0276886,0.0191805
149.901,0.0855831,0.0197694,0.0185123,1.34722,0.00233668,0.00514533,0.0017283,0.0321449,0.0214264
149.951,0.0855484,0.0198425,0.0185164,1.34703,0.00235563,0.00408156,0.00173886,0.0352228,0.0375304
150.001,0.085493,0.019883,0.0185179,1.34757,0.00289595,0.00313158,0.00171328,0.0272082,0.0284898
150.051,0.0853449,0.0199301,0.0185192,1.3476,0.00355845,0.00466583,0.00169132,0.0253757,0.0242931
150.101,0.0852051,0.0200156,0.0185248,1.34789,0.00371565,0.0049509,0.00172853,0.0310515,0.0222
150.151,0.0850611,0.0200887,0.0185289,1.34799,0.00380676,0.0037764,0.00173831,0.0338263,0.0329988
150.201,0.0849296,0.0201339,0.0185302,1.34868,0.00273515,0.00319542,0.0017111,0.0266239,0.0215735
150.251,0.0848752,0.0201836,0.0185316,1.34883,0.00233886,0.00453493,0.00169018,0.0279577,0.0193177
150.301,0.0848587,0.0202734,0.0185372,1.34909,0.00231269,0.00494995,0.00172746,0.0325129,0.0214689
150.351,0.0848369,0.0203537,0.0185413,1.34895,0.00234156,0.00389956,0.00173793,0.0356725,0.0374091
150.401,0.084795,0.0203973,0.0185427,1.3496,0.00282223,0.00305364,0.00171212,0.0273753,0.0280147
150.451,0.0846599,0.0204504,0.0185441,1.34972,0.0034145,0.00457664,0.00169003,0.0254051,0.0240418
150.501,0.0845322,0.0205463,0.0185497,1.35004,0.00355604,0.00488155,0.00172729,0.0310632,0.0221535
150.551,0.0843983,0.0206279,0.0185537,1.35013,0.0036497,0.0037097,0.00173697,0.0335738,0.0326499
150.601,0.084277,0.0206777,0.018555,1.35079,0.00264771,0.00309,0.0017096,0.0267911,0.0216331
150.651,0.0842356,0.020732,0.0185564,1.351,0.00229824,0.00438584,0.00168875,0.0281719,0.0192698
150.701,0.0842329,0.020829,0.018562,1.35126,0.00231088,0.00476882,0.00172642,0.0325643,0.0218859
150.751,0.0842234,0.0209144,0.0185661,1.35113,0.00234171,0.0037235,0.00173724,0.0357395,0.0374787
150.801,0.0841867,0.0209599,0.0185675,1.35177,0.00274688,0.00297759,0.00171154,0.0272903,0.0278419
150.851,0.0840557,0.0210181,0.0185688,1.35183,0.00322259,0.00451717,0.00168934,0.0251907,0.0239998
150.901,0.0839422,0.021123,0.0185744,1.35216,0.00336031,0.00482588,0.00172663,0.0308469,0.0220887
150.951,0.0838197,0.0212119,0.0185784,1.35227,0.00349931,0.00364837,0.00173617,0.0332655,0.0324609
151.001,0.0837077,0.0212648,0.0185797,1.35293,0.00257146,0.00298804,0.00170855,0.0269934,0.0218703
151.051,0.0836735,0.0213191,0.0185809,1.35314,0.00227977,0.00415151,0.00168517,0.0282621,0.0193581
151.101,0.0836843,0.0214191,0.0185865,1.35341,0.00233294,0.00454713,0.00172267,0.0329744,0.0219535
151.151,0.0836885,0.0215066,0.0185905,1.35332,0.00234754,0.00353242,0.0017332,0.0362364,0.0377324
151.201,0.0836641,0.0215525,0.0185919,1.35405,0.00267611,0.00291648,0.00170738,0.0275673,0.0274274
151.251,0.08355,0.0216152,0.0185933,1.35421,0.00302872,0.00446106,0.00168751,0.0252776,0.0237003
151.301,0.083451,0.0217277,0.0185989,1.35455,0.00315169,0.00478771,0.00172488,0.0308063,0.0219585
151.351,0.0833412,0.0218228,0.0186028,1.35468,0.00333841,0.00360085,0.00173458,0.0328111,0.031926
151.401,0.0832382,0.021879,0.0186041,1.3553,0.00250787,0.00289839,0.00170721,0.0270864,0.0220247
151.451,0.083212,0.0219338,0.0186054,1.35549,0.00229006,0.00396004,0.00168401,0.028249,0.019314
151.501,0.0832355,0.0220352,0.0186109,1.35578,0.00238231,0.00432711,0.00172154,0.0330263,0.022211
151.551,0.0832524,0.022123,0.0186148,1.3557,0.00237001,0.00333545,0.00173199,0.0365029,0.0379837
151.601,0.0832368,0.0221679,0.0186162,1.3565,0.00262939,0.00284925,0.00170599,0.0275046,0.0272487
151.651,0.083139,0.0222363,0.0186176,1.35675,0.00287222,0.00445459,0.00168619,0.0251426,0.023741
151.701,0.0830552,0.0223567,0.0186232,1.35713,0.00297064,0.00477988,0.00172395,0.0299657,0.0216252
151.751,0.0829558,0.0224583,0.0186271,1.35724,0.00319005,0.00358905,0.00173416,0.0317255,0.0308587
151.801,0.0828579,0.0225167,0.0186285,1.35771,0.00246939,0.00281225,0.00170723,0.0267451,0.0219704
151.851,0.0828346,0.022569,0.0186297,1.35779,0.00232018,0.0037219,0.00168412,0.028021,0.0192386
151.901,0.0828706,0.0226688,0.0186352,1.35807,0.00244896,0.00407424,0.00172163,0.0331034,0.0225898
151.951,0.0828991,0.0227542,0.0186391,1.35798,0.00239353,0.00313018,0.00173189,0.0370224,0.0391985
152.001,0.0828903,0.0227966,0.0186405,1.3588,0.00259033,0.00278784,0.00170556,0.0276441,0.0274471
152.051,0.0827929,0.0228662,0.0186417,1.35888,0.0027148,0.00433218,0.00168312,0.024794,0.0239058
152.101,0.0827234,0.02299,0.0186472,1.35926,0.00280539,0.0046854,0.00172067,0.0297677,0.0212215
152.151,0.0826312,0.0230949,0.0186511,1.3593,0.00306129,0.00352756,0.00173055,0.0312604,0.0299682
152.201,0.0825352,0.0231542,0.0186524,1.35958,0.00241119,0.00273173,0.00170343,0.0265901,0.0217977
152.251,0.0825196,0.0232048,0.0186538,1.35961,0.00238805,0.00354342,0.00168261,0.0276678,0.0190877
152.301,0.0825714,0.0233022,0.0186592,1.35988,0.00257603,0.00386227,0.00172018,0.03265,0.0230303
152.351,0.0826103,0.0233846,0.0186631,1.35975,0.00244921,0.00298833,0.00173037,0.0367236,0.0398076
152.401,0.0826067,0.0234251,0.0186644,1.36058,0.00250459,0.0027728,0.00170389,0.0271059,0.0275031
152.451,0.0825187,0.0234972,0.0186656,1.36062,0.00252688,0.00429864,0.0016814,0.0243074,0.0240776
152.501,0.0824688,0.0236258,0.0186711,1.36103,0.00258915,0.00467363,0.00171903,0.0291656,0.0207681
152.551,0.0823978,0.0237349,0.018675,1.36116,0.00286654,0.00351924,0.00172906,0.0304909,0.0292853
152.601,0.0823192,0.023796,0.0186763,1.36157,0.00236616,0.00266796,0.00170218,0.026388,0.0216002
152.651,0.0823204,0.0238452,0.0186776,1.36171,0.00250488,0.00339613,0.00168168,0.0275219,0.018942
152.701,0.0823884,0.0239396,0.0186831,1.36197,0.00275608,0.00366613,0.00171964,0.0323061,0.0235617
152.751,0.0824386,0.0240178,0.018687,1.36181,0.00253392,0.00285598,0.00173031,0.0363467,0.0400994
152.801,0.0824366,0.0240549,0.0186883,1.36257,0.00243432,0.00274005,0.00170419,0.0267268,0.0271795
152.851,0.0823465,0.0241266,0.0186896,1.36239,0.00237781,0.00422698,0.0016818,0.023871,0.0237225
152.901,0.0823153,0.0242574,0.018695,1.36276,0.00242017,0.00461353,0.0017194,0.0287662,0.0208042
152.951,0.0822633,0.0243691,0.0186989,1.36293,0.00268032,0.00349152,0.00172918,0.0300173,0.0293895
153.001,0.0821961,0.0244311,0.0187001,1.36336,0.00233712,0.00260349,0.00170194,0.0262023,0.0219416
153.051,0.0821998,0.0244741,0.0187013,1.36345,0.00262504,0.00315307,0.00167883,0.027212,0.0190879
153.101,0.0822811,0.0245604,0.0187067,1.36369,0.00293605,0.00339697,0.00171658,0.0324231,0.0235501
153.151,0.0823391,0.0246306,0.0187106,1.36343,0.00262219,0.00270806,0.00172711,0.0366394,0.0402972
153.201,0.0823345,0.0246627,0.0187119,1.36408,0.00238138,0.00271653,0.00170111,0.026525,0.0267339
153.251,0.0822502,0.0247353,0.0187133,1.3638,0.00229964,0.00419499,0.0016812,0.0235771,0.0233864
153.301,0.0822371,0.0248685,0.0187187,1.36414,0.00232265,0.0045891,0.00171882,0.0279942,0.0208227
153.351,0.0822028,0.0249836,0.0187225,1.36433,0.00255152,0.00352158,0.00172866,0.0289426,0.029183
153.401,0.0821469,0.0250473,0.0187238,1.36476,0.00233106,0.00258141,0.0017015,0.0256385,0.0222897
153.451,0.0821576,0.0250855,0.0187249,1.36488,0.00273057,0.00301541,0.00167845,0.0267689,0.0192262
153.501,0.0822499,0.0251661,0.0187303,1.36511,0.00307474,0.00322146,0.00171622,0.0321826,0.0234208
153.551,0.08232,0.0252303,0.0187342,1.36492,0.00267182,0.00261698,0.00172679,0.0364594,0.039939
153.601,0.0823281,0.0252588,0.0187355,1.36572,0.00235477,0.00271091,0.00170084,0.0261853,0.0257624
153.651,0.0822746,0.0253348,0.0187368,1.36573,0.00228449,0.004203,0.00168107,0.0233094,0.0227546
153.701,0.082283,0.0254712,0.0187423,1.36608,0.00230204,0.00459513,0.00171904,0.0272449,0.020823
153.751,0.0822686,0.0255888,0.0187461,1.36629,0.00244841,0.00356515,0.00172928,0.0279614,0.0288082
153.801,0.0822255,0.0256517,0.0187474,1.36668,0.00233533,0.00255232,0.00170239,0.0251903,0.0225348
153.851,0.082242,0.0256822,0.0187486,1.36677,0.00284509,0.00286666,0.00167939,0.0264442,0.0193462
153.901,0.0823437,0.0257546,0.018754,1.36698,0.00321417,0.00301956,0.00171709,0.0321918,0.0233542
153.951,0.0824229,0.0258104,0.0187578,1.36681,0.00272007,0.00252902,0.00172738,0.0365277,0.0399283
154.001,0.0824397,0.0258342,0.018759,1.36769,0.00234303,0.00269975,0.00170097,0.0260625,0.0252096
154.051,0.0823969,0.025908,0.0187602,1.36771,0.00231133,0.0040796,0.00167855,0.0230515,0.0222059
154.101,0.0824227,0.0260426,0.0187656,1.36805,0.00233272,0.00449749,0.0017163,0.0274084,0.0210559
154.151,0.0824211,0.0261588,0.0187694,1.3682,0.00238861,0.00353173,0.00172636,0.028405,0.0297648
154.201,0.0823823,0.0262185,0.0187707,1.36852,0.00233494,0.00250311,0.00169956,0.0256484,0.023273
154.251,0.0824009,0.0262412,0.018772,1.36853,0.0029503,0.0027122,0.00167902,0.0266128,0.0196156
154.301,0.0825119,0.0263036,0.0187773,1.36873,0.00335661,0.00282374,0.00171673,0.0322865,0.0232628
154.351,0.082602,0.0263496,0.0187811,1.3686,0.0027665,0.00244918,0.00172683,0.0367184,0.0395833
154.401,0.082627,0.0263669,0.0187823,1.36952,0.00233281,0.00267068,0.00170012,0.0261104,0.0246803
154.451,0.0826078,0.0264385,0.0187835,1.36968,0.00240755,0.00394321,0.00167755,0.0231913,0.0219929
154.501,0.0826555,0.026569,0.0187889,1.37003,0.00245731,0.00435182,0.00171534,0.0275604,0.0209087
154.551,0.0826721,0.0266811,0.0187927,1.37013,0.00234142,0.00345181,0.00172548,0.0285946,0.0296589
154.601,0.082642,0.0267365,0.0187939,1.37039,0.00234845,0.00244624,0.00169883,0.0259937,0.0233544
154.651,0.0826687,0.0267516,0.0187953,1.3704,0.00309479,0.00254953,0.00167855,0.0269752,0.0196812
154.701,0.0827913,0.026802,0.0188006,1.3706,0.00351868,0.00262454,0.00171663,0.0326386,0.0234182
154.751,0.0828898,0.0268373,0.0188044,1.37049,0.00282145,0.00238989,0.00172716,0.0369092,0.0393729
154.801,0.0829203,0.0268499,0.0188057,1.37143,0.0023397,0.00262477,0.00170075,0.026147,0.0242603
154.851,0.082919,0.0269181,0.0188068,1.37167,0.00256163,0.00374859,0.00167824,0.0233565,0.0217333
154.901,0.0829883,0.0270414,0.0188122,1.37203,0.00264398,0.00415445,0.00171601,0.0277982,0.020796
154.951,0.0830242,0.0271488,0.018816,1.37212,0.00234651,0.00337794,0.00172632,0.028858,0.0299637
155.001,0.0830037,0.0272009,0.0188173,1.37235,0.00236753,0.00240259,0.00169993,0.0262975,0.0235945
155.051,0.0830258,0.0272042,0.0188184,1.37226,0.00315514,0.00239234,0.00167739,0.0270641,0.0197802
155.101,0.0831548,0.0272385,0.0188237,1.37246,0.00360925,0.00242887,0.00171518,0.0331906,0.0235396
155.151,0.0832606,0.0272595,0.0188275,1.37236,0.00284694,0.00233962,0.00172542,0.0376793,0.039805
155.201,0.0832975,0.0272652,0.0188287,1.37338,0.00235093,0.00255751,0.00169891,0.0265482,0.0239178
155.251,0.0833113,0.0273294,0.01883,1.37364,0.00274421,0.00355732,0.00167871,0.0237245,0.0215954
155.301,0.0834001,0.0274444,0.0188354,1.37399,0.00287401,0.00394027,0.00171646,0.0281138,0.0206724
155.351,0.0834502,0.0275438,0.0188392,1.37402,0.00238769,0.00326994,0.00172672,0.0290827,0.029971
155.401,0.0834337,0.0275893,0.0188404,1.37412,0.00237782,0.00236817,0.00170028,0.0266208,0.0238498
155.451,0.0834558,0.0275834,0.0188416,1.37396,0.00321272,0.00231146,0.00167768,0.0274691,0.0199787
155.501,0.0835896,0.0276032,0.0188469,1.37417,0.00366905,0.0023285,0.00171546,0.033739,0.0234809
155.551,0.0836998,0.0276107,0.0188506,1.37408,0.00285103,0.00234213,0.00172568,0.0380704,0.0396977
155.601,0.0837406,0.0276087,0.0188519,1.37511,0.00236848,0.00249861,0.00169913,0.0267103,0.0234194
155.651,0.0837723,0.0276665,0.0188532,1.37539,0.00296095,0.00333001,0.00167899,0.0240247,0.0214655
155.701,0.0838816,0.0277696,0.0188585,1.37576,0.00315159,0.00366841,0.00171706,0.0279,0.0204135
155.751,0.0839491,0.0278581,0.0188624,1.37573,0.00247828,0.00310859,0.00172768,0.0289221,0.0296679
155.801,0.0839425,0.0278966,0.0188636,1.37578,0.00239363,0.00234545,0.00170147,0.0265563,0.02369
155.851,0.0839659,0.0278808,0.0188648,1.3756,0.0032463,0.00228099,0.00167888,0.0273387,0.0197493
155.901,0.084104,0.0278843,0.0188701,1.37579,0.00371414,0.00230868,0.00171661,0.0340226,0.0242035
155.951,0.0842174,0.027877,0.0188738,1.37569,0.00285478,0.00238793,0.00172673,0.0382904,0.0405331
156.001,0.0842607,0.0278665,0.018875,1.37673,0.00240432,0.00243804,0.00170001,0.026649,0.0236472
156.051,0.0842951,0.0279134,0.0188762,1.37686,0.00315501,0.00303862,0.0016774,0.023948,0.02161
156.101,0.0844209,0.0280006,0.0188815,1.37723,0.00340231,0.00333085,0.00171521,0.0282878,0.0202351
156.151,0.0845072,0.0280767,0.0188853,1.37725,0.0025803,0.00292936,0.00172579,0.0294225,0.030052
156.201,0.0845158,0.0281099,0.0188866,1.37742,0.00241206,0.00233787,0.0016999,0.0267866,0.0238438
156.251,0.0845542,0.0280862,0.0188879,1.37746,0.00331873,0.00233793,0.00167986,0.0273561,0.0197566
156.301,0.0846975,0.0280702,0.0188932,1.37767,0.00378599,0.00241017,0.00171756,0.0341226,0.0245064
156.351,0.0848122,0.0280457,0.0188969,1.37753,0.00290412,0.0025125,0.00172759,0.0383698,0.0407321
156.401,0.0848574,0.0280276,0.0188981,1.37858,0.00246911,0.00237806,0.00170071,0.0265248,0.023333
156.451,0.0848948,0.0280656,0.0188993,1.37859,0.00341957,0.00276349,0.001678,0.0241265,0.0213446
156.501,0.0850378,0.0281354,0.0189046,1.37895,0.00372516,0.00299753,0.00171579,0.0283836,0.0201818
156.551,0.0851476,0.0281981,0.0189084,1.37906,0.00274344,0.00274802,0.0017263,0.0295742,0.0304774
156.601,0.0851736,0.0282251,0.0189097,1.37938,0.0024383,0.00236524,0.00170035,0.0269512,0.0242479
156.651,0.0852191,0.028192,0.018911,1.37952,0.0033815,0.00248554,0.00168042,0.027569,0.0198738
156.701,0.0853642,0.0281569,0.0189163,1.3797,0.00380967,0.00260351,0.00171843,0.0342534,0.0244401
156.751,0.0854741,0.0281166,0.0189201,1.37951,0.00288372,0.00265241,0.00172879,0.0385688,0.0404094
156.801,0.0855149,0.0280898,0.0189213,1.3805,0.0025071,0.00234893,0.00170207,0.026536,0.0229029
156.851,0.0855529,0.0281155,0.0189224,1.38037,0.00358863,0.00252513,0.00167933,0.0242474,0.0210685
156.901,0.0857071,0.028166,0.0189277,1.3807,0.0039528,0.00269843,0.00171706,0.0284858,0.0201771
156.951,0.0858301,0.0282134,0.0189315,1.38079,0.00288799,0.00260569,0.00172768,0.0298113,0.0311937
157.001,0.0858634,0.0282329,0.0189328,1.38111,0.00244846,0.0023995,0.00170191,0.0269573,0.0247017
157.051,0.0859008,0.02819,0.018934,1.38116,0.00332459,0.00264604,0.00167967,0.0274138,0.0200405
157.101,0.086042,0.0281385,0.0189393,1.38134,0.00374576,0.00284561,0.0017174,0.0347367,0.0247321
157.151,0.0861502,0.0280827,0.018943,1.38115,0.00283607,0.00282442,0.00172764,0.0393882,0.0413441
157.201,0.0861926,0.0280455,0.0189442,1.38223,0.00254665,0.00233995,0.0017011,0.0267542,0.0229351
157.251,0.0862514,0.0280614,0.0189456,1.38233,0.0037832,0.00238132,0.00168083,0.0243677,0.0211263
157.301,0.0864193,0.0280943,0.0189509,1.38269,0.00417404,0.00248601,0.0017185,0.0283853,0.0200004
157.351,0.0865538,0.0281247,0.0189547,1.38276,0.00305408,0.00248444,0.00172918,0.0296835,0.0311737
157.401,0.0865934,0.0281337,0.018956,1.38305,0.00245698,0.00245858,0.00170355,0.0271412,0.0250774
157.451,0.0866267,0.0280801,0.0189572,1.38311,0.00325285,0.00289425,0.00168136,0.027605,0.0202556
157.501,0.086762,0.028011,0.0189625,1.38329,0.00361679,0.00315804,0.00171902,0.0350312,0.0247183
157.551,0.0868628,0.02794,0.0189662,1.38309,0.00275594,0.00304421,0.00172912,0.039737,0.0410502
157.601,0.0869005,0.0278934,0.0189674,1.38414,0.00256561,0.00236289,0.00170233,0.0267805,0.0224623
157.651,0.086966,0.0278965,0.0189687,1.38419,0.00393605,0.00229702,0.00168203,0.0248391,0.0208472
157.701,0.087143,0.0279078,0.0189741,1.38453,0.00434595,0.00233519,0.00171999,0.0285755,0.0200464
157.751,0.0872864,0.027919,0.0189779,1.3846,0.0031687,0.00238334,0.00173095,0.0298858,0.0313914
157.801,0.0873288,0.0279157,0.0189793,1.38486,0.00244263,0.00254121,0.00170543,0.027346,0.0253747
157.851,0.0873539,0.0278512,0.0189804,1.38487,0.00313634,0.00316409,0.00168316,0.0279147,0.0203484
157.901,0.08748,0.0277657,0.0189857,1.38504,0.00344281,0.00349406,0.00172074,0.0357166,0.0249473
157.951,0.0875726,0.0276808,0.0189895,1.38486,0.00265169,0.00325285,0.00173089,0.0405396,0.0415189
158.001,0.0876075,0.027625,0.0189907,1.38596,0.00256532,0.00241456,0.00170421,0.0272383,0.022527
158.051,0.0876657,0.0276137,0.0189919,1.38585,0.00391768,0.00232249,0.00168153,0.0250873,0.0208944
158.101,0.0878432,0.0276048,0.0189972,1.38621,0.00436209,0.00231671,0.00171917,0.0289661,0.0198288
158.151,0.0879879,0.0275973,0.019001,1.38623,0.0032308,0.00234691,0.00172998,0.0303869,0.031577
158.201,0.0880328,0.0275838,0.0190024,1.38645,0.00242811,0.00262569,0.00170463,0.0276207,0.0256452
158.251,0.0880569,0.0275113,0.0190037,1.38652,0.00302576,0.00346548,0.00168488,0.0280425,0.0205705
158.301,0.0881725,0.0274106,0.019009,1.38668,0.00328035,0.00383976,0.00172239,0.0358061,0.0250144
158.351,0.0882533,0.027313,0.0190128,1.38646,0.00257339,0.00348812,0.00173239,0.0407623,0.0414542
158.401,0.0882806,0.0272477,0.019014,1.38754,0.00256511,0.00251442,0.00170545,0.0272638,0.0223762
158.451,0.0883376,0.0272219,0.0190152,1.3874,0.003927,0.00248384,0.0016826,0.0252329,0.02082
158.501,0.0885149,0.0271912,0.0190205,1.38774,0.00438807,0.00246008,0.0017202,0.0291282,0.0197311
158.551,0.0886644,0.0271638,0.0190243,1.38779,0.00330209,0.00239566,0.00173111,0.0305391,0.0317738
158.601,0.0887147,0.0271392,0.0190257,1.38807,0.00241317,0.00275695,0.00170596,0.0277109,0.025943
158.651,0.0887358,0.027058,0.019027,1.38817,0.00290626,0.00381641,0.00168647,0.0281902,0.0207577
158.701,0.08884,0.0269418,0.0190324,1.38833,0.00310578,0.00422537,0.00172426,0.0357941,0.0250526
158.751,0.0889071,0.0268325,0.0190362,1.38809,0.00249474,0.00370751,0.00173449,0.0407484,0.0411469
158.801,0.0889249,0.0267601,0.0190374,1.38912,0.00254898,0.00263343,0.00170759,0.0271233,0.0220858
158.851,0.0889776,0.026722,0.0190386,1.38891,0.00388633,0.00272298,0.00168461,0.0253194,0.0205096
158.901,0.0891509,0.0266724,0.0190439,1.38923,0.00433091,0.00271011,0.00172211,0.0293101,0.0197695
158.951,0.0892952,0.0266274,0.0190478,1.38923,0.00330885,0.00250567,0.00173285,0.0308621,0.0323878
159.001,0.0893374,0.0265912,0.0190491,1.38939,0.00239036,0.00284917,0.00170744,0.0278119,0.0264652
159.051,0.089339,0.0265021,0.0190503,1.38936,0.00271895,0.00407106,0.00168542,0.0281754,0.0211304
159.101,0.0894261,0.0263767,0.0190556,1.38952,0.00286133,0.00450912,0.00172291,0.0363366,0.0251033
159.151,0.0894781,0.026259,0.0190594,1.38928,0.00240218,0.00390647,0.00173284,0.0415233,0.0415611
159.201,0.0894881,0.0261797,0.0190606,1.39038,0.00250872,0.0027656,0.00170581,0.0276375,0.0220523
159.251,0.0895467,0.0261299,0.0190619,1.39032,0.00380642,0.00305215,0.0016852,0.0257795,0.0206023
159.301,0.0897161,0.0260617,0.0190673,1.39067,0.00427028,0.00306105,0.00172269,0.0293994,0.0196628
159.351,0.0898576,0.0259994,0.0190711,1.39066,0.00331469,0.00270285,0.00173355,0.0308163,0.0323235
159.401,0.0899008,0.0259528,0.0190725,1.39085,0.00237875,0.00298036,0.0017084,0.027944,0.0267088
159.451,0.0898948,0.0258588,0.0190737,1.39087,0.00258324,0.00435988,0.00168655,0.0282073,0.0212514
159.501,0.0899667,0.0257248,0.019079,1.39102,0.00268536,0.00482743,0.001724,0.036367,0.0252991
159.551,0.0900046,0.0256003,0.0190828,1.3908,0.00236279,0.00410647,0.00173382,0.0415608,0.0415587
159.601,0.0900052,0.0255157,0.019084,1.39191,0.00248522,0.00293541,0.00170662,0.0275024,0.0220854
159.651,0.0900693,0.0254549,0.0190854,1.39198,0.00375506,0.00344057,0.00168608,0.0259245,0.0206116
159.701,0.0902334,0.0253698,0.0190907,1.39233,0.00418499,0.00349708,0.00172388,0.029095,0.0195517
159.751,0.0903689,0.0252911,0.0190946,1.39232,0.00329745,0.00298305,0.00173505,0.0306615,0.0322085
159.801,0.090407,0.0252346,0.019096,1.39247,0.00236731,0.00312805,0.00171003,0.0279773,0.0270826
159.851,0.0903877,0.025137,0.0190972,1.39251,0.00244351,0.00465112,0.00168822,0.0283903,0.0214669
159.901,0.0904382,0.0249966,0.0191026,1.39264,0.00249822,0.0051351,0.00172561,0.0369151,0.0253351
159.951,0.0904562,0.0248684,0.0191064,1.39239,0.00235451,0.00429001,0.00173548,0.0421999,0.0417564
160.001,0.0904434,0.0247818,0.0191076,1.39349,0.00244527,0.00308856,0.0017084,0.0278953,0.0223019
160.051,0.0904899,0.0247134,0.0191088,1.3934,0.00356198,0.00376203,0.00168554,0.0262104,0.0207408
160.101,0.0906404,0.0246179,0.0191141,1.39374,0.00397517,0.00383997,0.00172301,0.0297697,0.0194577
160.151,0.0907659,0.02453,0.019118,1.39371,0.00321449,0.0032122,0.00173402,0.0314107,0.0325407
160.201,0.0907962,0.0244669,0.0191194,1.39382,0.00235415,0.00323332,0.00170915,0.0284495,0.0275178
160.251,0.090767,0.0243679,0.0191208,1.39388,0.00235031,0.00488896,0.0016898,0.0285399,0.0217808
160.301,0.090799,0.0242264,0.0191262,1.39403,0.00238244,0.00535096,0.00172712,0.0370506,0.0252151
160.351,0.0908011,0.0240986,0.01913,1.39382,0.00239015,0.00441088,0.00173705,0.0423741,0.0414184
160.401,0.0907796,0.0240115,0.0191312,1.39497,0.00241204,0.00323885,0.0017101,0.0279136,0.0222699
160.451,0.0908294,0.0239373,0.0191324,1.3951,0.0033707,0.0041413,0.00168729,0.0264513,0.0208093
160.501,0.090967,0.0238325,0.0191378,1.39545,0.0037714,0.00426176,0.00172469,0.0299791,0.0193193
160.551,0.0910774,0.0237352,0.0191417,1.39537,0.00311795,0.00351904,0.00173573,0.031646,0.0325282
160.601,0.0910952,0.0236662,0.0191431,1.3954,0.00235719,0.0033506,0.00171095,0.0287767,0.0275902
160.651,0.0910507,0.023567,0.0191445,1.39545,0.00230559,0.00513172,0.0016918,0.0289183,0.021781
160.701,0.0910605,0.0234268,0.0191499,1.3956,0.00232868,0.00556388,0.00172936,0.0370978,0.0254949
160.751,0.091043,0.0233016,0.0191538,1.3954,0.00248454,0.00452923,0.00173952,0.0423605,0.0415917
160.801,0.0910084,0.0232152,0.019155,1.39656,0.0023734,0.00338611,0.00171255,0.0279584,0.0223552
160.851,0.0910444,0.023137,0.0191562,1.39663,0.00312476,0.004465,0.00168957,0.0266414,0.0208411
160.901,0.0911642,0.0230284,0.0191616,1.397,0.00347863,0.00462989,0.00172686,0.030152,0.0192135
160.951,0.0912524,0.0229261,0.0191655,1.39682,0.00295805,0.00380837,0.00173789,0.0317336,0.0326144
161.001,0.0912504,0.0228531,0.019167,1.39668,0.00237941,0.00345926,0.00171316,0.0287985,0.0278864
161.051,0.0911803,0.0227571,0.0191682,1.39657,0.00233369,0.00527245,0.00169166,0.0287739,0.0220341
161.101,0.091167,0.022624,0.0191736,1.39672,0.00236592,0.00570964,0.00172889,0.0374219,0.0254561
161.151,0.0911273,0.0225057,0.0191774,1.39648,0.00262385,0.00462631,0.00173865,0.0429277,0.0420827
161.201,0.091076,0.0224234,0.0191787,1.39766,0.00235396,0.00355294,0.00171143,0.0283414,0.0226012
161.251,0.0911052,0.0223453,0.01918,1.39786,0.00290442,0.00482579,0.00169073,0.0269813,0.0210527
161.301,0.0912071,0.0222358,0.0191854,1.39824,0.00323016,0.00504349,0.00172799,0.0302887,0.0190769
161.351,0.0912793,0.0221332,0.0191893,1.39807,0.00281936,0.00413498,0.0017389,0.0318514,0.0321015
161.401,0.0912649,0.0220607,0.0191908,1.39791,0.00241926,0.00359132,0.00171401,0.0289467,0.0278195
161.451,0.0911789,0.0219721,0.019192,1.39782,0.00245374,0.00542285,0.00169242,0.0289917,0.0220046
161.501,0.0911398,0.0218495,0.0191974,1.39796,0.00251736,0.00584503,0.00172962,0.03768,0.0256372
161.551,0.091077,0.0217412,0.0192013,1.39771,0.00283286,0.00471244,0.00173952,0.0432458,0.0422762
161.601,0.0910083,0.0216653,0.0192026,1.39885,0.00236989,0.00371765,0.00171253,0.0286425,0.0228326
161.651,0.0910215,0.0215885,0.0192039,1.39901,0.00266413,0.00520299,0.00169209,0.0275451,0.0212623
161.701,0.0911004,0.0214832,0.0192093,1.3994,0.00291214,0.005425,0.00172961,0.0304344,0.0189554
161.751,0.0911536,0.0213856,0.0192133,1.39928,0.00261917,0.00445435,0.00174082,0.031791,0.0318277
161.801,0.0911279,0.0213164,0.0192148,1.39913,0.00249985,0.00370375,0.001716,0.0287709,0.0279268
161.851,0.0910244,0.0212371,0.019216,1.39898,0.00265077,0.00553568,0.00169437,0.0288012,0.0220955
161.901,0.0909621,0.0211294,0.0192214,1.39913,0.00274387,0.00593264,0.00173149,0.0375665,0.0255612
161.951,0.0908779,0.0210352,0.0192253,1.39887,0.00307227,0.00474932,0.00174121,0.0431255,0.0421916
162.001,0.0907924,0.0209687,0.0192266,1.39998,0.00241637,0.0038523,0.00171397,0.0285832,0.0228006
162.051,0.0907818,0.020899,0.0192278,1.39999,0.00247288,0.00544732,0.00169102,0.0274365,0.0211546
162.101,0.0908373,0.0208055,0.0192332,1.40035,0.00266874,0.00569671,0.00172825,0.0306572,0.0189868
162.151,0.090875,0.0207196,0.0192371,1.40027,0.00250599,0.00470083,0.00173931,0.0322314,0.032242
162.201,0.0908456,0.0206596,0.0192386,1.40027,0.00256083,0.00380265,0.0017147,0.0290368,0.0282275
162.251,0.0907372,0.0205943,0.01924,1.40029,0.002873,0.00563244,0.00169562,0.0289935,0.022278
162.301,0.0906523,0.0205054,0.0192454,1.40044,0.00299201,0.00599234,0.00173267,0.0376396,0.0253412
162.351,0.0905503,0.0204289,0.0192493,1.4002,0.00327565,0.00477175,0.00174247,0.0431764,0.0420103
162.401,0.0904519,0.020375,0.0192506,1.40134,0.00248776,0.00392505,0.0017154,0.028934,0.0228064
162.451,0.0904317,0.0203174,0.0192518,1.40147,0.00235772,0.0056458,0.00169254,0.0278852,0.0211344
162.501,0.0904672,0.020241,0.0192572,1.40184,0.00248497,0.00590994,0.0017297,0.0309806,0.0189729
162.551,0.0904755,0.0201706,0.0192612,1.40163,0.00240883,0.00491461,0.00174064,0.0323524,0.0322248
162.601,0.0904152,0.020121,0.0192627,1.40137,0.00267569,0.00388508,0.00171583,0.0288919,0.028006
162.651,0.0902838,0.0200692,0.0192641,1.40129,0.00315875,0.00573337,0.00169678,0.028826,0.02212
162.701,0.0901758,0.0200023,0.0192696,1.40145,0.00332417,0.00605964,0.00173413,0.0370257,0.025389
162.751,0.0900507,0.0199454,0.0192735,1.40117,0.00355441,0.00483389,0.00174423,0.0422565,0.0421975
162.801,0.0899338,0.0199049,0.0192748,1.40223,0.00260498,0.00404447,0.00171725,0.0283166,0.0231723
162.851,0.0898932,0.0198616,0.019276,1.40225,0.00230768,0.00586115,0.00169433,0.0276286,0.0213272
162.901,0.0899051,0.0198066,0.0192815,1.4026,0.00236282,0.00614287,0.0017314,0.0309546,0.0189453
162.951,0.0899001,0.0197574,0.0192854,1.40247,0.0023596,0.00511488,0.00174236,0.0326051,0.0325187
163.001,0.0898393,0.0197233,0.0192869,1.40241,0.00279604,0.00395142,0.00171765,0.0288337,0.0281328
163.051,0.0896955,0.0196896,0.0192882,1.40236,0.00342912,0.00574741,0.00169631,0.0286513,0.022163
163.101,0.0895659,0.0196486,0.0192937,1.40248,0.00361805,0.00603461,0.00173333,0.0371965,0.0254197
163.151,0.0894247,0.0196147,0.0192975,1.40222,0.00380872,0.00481929,0.00174326,0.0425522,0.0425516
163.201,0.0892951,0.0195907,0.0192989,1.40332,0.00272446,0.00411227,0.00171642,0.0284445,0.0236531
163.251,0.0892449,0.0195651,0.0193003,1.40345,0.00233212,0.00602136,0.00169597,0.0277152,0.0217074
163.301,0.0892359,0.0195357,0.0193057,1.40381,0.00232408,0.0063171,0.00173297,0.0309039,0.0188794
163.351,0.0892121,0.0195109,0.0193097,1.4037,0.00235653,0.00529274,0.00174379,0.0323576,0.0320938
163.401,0.0891412,0.019494,0.0193112,1.40367,0.00292767,0.00400893,0.00171886,0.0285198,0.0278906
163.451,0.0889864,0.0194791,0.0193125,1.40363,0.00371274,0.0057446,0.00169737,0.0283638,0.0222025
163.501,0.0888381,0.0194652,0.0193179,1.40376,0.00392037,0.00602902,0.00173435,0.0367616,0.025155
163.551,0.0886788,0.0194553,0.0193218,1.40348,0.00406039,0.00481014,0.00174437,0.0420014,0.0423415
163.601,0.0885345,0.0194483,0.0193232,1.40452,0.00286449,0.00418064,0.00171774,0.0283105,0.0238529
163.651,0.0884709,0.0194422,0.0193246,1.40464,0.0024248,0.00623771,0.00169757,0.027811,0.0218376
163.701,0.0884393,0.0194415,0.0193301,1.40497,0.00236584,0.00656716,0.00173486,0.0308299,0.0188739
163.751,0.088399,0.0194439,0.0193341,1.40492,0.00240656,0.00553804,0.00174595,0.0322552,0.031777
163.801,0.0883219,0.0194465,0.0193356,1.40501,0.00309598,0.00415616,0.00172106,0.0282171,0.0277954
163.851,0.0881582,0.019451,0.019337,1.40503,0.00404115,0.00583264,0.0016995,0.028097,0.0222377
163.901,0.0879858,0.0194653,0.0193424,1.40509,0.00425936,0.00605763,0.00173637,0.0364544,0.0249287
163.951,0.0878033,0.0194802,0.0193463,1.40469,0.0043179,0.004852,0.0017462,0.0417191,0.0422028
164.001,0.0876364,0.0194908,0.0193477,1.40548,0.00301728,0.00426781,0.00171928,0.0282875,0.0240135
164.051,0.0875424,0.0195054,0.0193489,1.40526,0.00255831,0.00630952,0.00169653,0.0277524,0.021835
164.101,0.0874892,0.0195354,0.0193544,1.40553,0.00246142,0.00660516,0.00173349,0.0311432,0.0189786
164.151,0.0874389,0.0195664,0.0193584,1.40554,0.00247607,0.00558633,0.00174426,0.0328626,0.0326264
164.201,0.0873638,0.0195892,0.0193599,1.40582,0.00322495,0.0041513,0.00171925,0.0283931,0.0281896
164.251,0.0871974,0.019613,0.0193613,1.40593,0.00429635,0.00579362,0.0017,0.0282328,0.0224996
164.301,0.0870097,0.019655,0.0193668,1.40602,0.00452568,0.00601427,0.00173685,0.0363266,0.0242866
164.351,0.086812,0.0196939,0.0193707,1.40558,0.0045404,0.00482253,0.00174665,0.0413998,0.0415365
164.401,0.0866318,0.0197216,0.0193721,1.40629,0.00315708,0.00429019,0.00171964,0.0284231,0.023948
164.451,0.0865219,0.019757,0.0193733,1.40596,0.00269628,0.00635939,0.00169685,0.0280182,0.0217184
164.501,0.0864533,0.0198174,0.0193788,1.4062,0.00257861,0.00666646,0.0017338,0.0315651,0.0190729
164.551,0.086389,0.0198769,0.0193828,1.40618,0.00255218,0.00567522,0.00174455,0.033385,0.0329527
164.601,0.0863037,0.0199201,0.0193843,1.40644,0.00332302,0.00420747,0.00171949,0.0286534,0.0283224
164.651,0.0861274,0.0199632,0.0193858,1.40655,0.00452735,0.00584382,0.0017004,0.0284174,0.0227032
164.701,0.0859254,0.0200323,0.0193913,1.40664,0.00477192,0.00603143,0.00173759,0.0360674,0.0239061
164.751,0.0857163,0.0200948,0.0193952,1.40623,0.00471462,0.00485555,0.00174793,0.0410248,0.040827
164.801,0.0855257,0.0201396,0.0193967,1.40684,0.00329215,0.00435841,0.00172147,0.0284995,0.0239615
164.851,0.0854045,0.0201952,0.0193979,1.40645,0.0028349,0.00643198,0.00169889,0.0283352,0.0215949
164.901,0.0853224,0.0202854,0.0194034,1.40665,0.00270528,0.00674233,0.00173576,0.032151,0.019209
164.951,0.0852477,0.0203726,0.0194074,1.40663,0.00262624,0.00574995,0.00174648,0.0340757,0.0335496
165.001,0.0851575,0.0204353,0.0194089,1.40694,0.00339738,0.00422163,0.00172149,0.0287769,0.0284699
165.051,0.0849746,0.0204947,0.0194103,1.40702,0.00464213,0.00578818,0.00170005,0.0283519,0.0229327
165.101,0.0847655,0.0205879,0.0194157,1.40713,0.00490471,0.00596487,0.0017369,0.0362858,0.0232838
165.151,0.0845518,0.0206715,0.0194197,1.40676,0.00481778,0.0048418,0.00174705,0.0413845,0.0404081
165.201,0.0843602,0.0207314,0.0194211,1.40744,0.00333772,0.0043958,0.00172072,0.0291448,0.0241212
165.251,0.0842443,0.0208063,0.0194226,1.40726,0.00292648,0.0064955,0.0017006,0.0289728,0.0216576
165.301,0.0841548,0.0209246,0.019428,1.40747,0.00278758,0.00683146,0.0017374,0.032859,0.0193471
165.351,0.0840674,0.0210377,0.019432,1.40734,0.00267946,0.00584559,0.00174798,0.0348246,0.0339667
165.401,0.0839661,0.0211184,0.0194335,1.40757,0.00343801,0.00426281,0.00172275,0.0291302,0.0284955
165.451,0.0837759,0.021193,0.0194349,1.4076,0.00474027,0.00579121,0.00170114,0.0287226,0.0231381
165.501,0.0835611,0.0213084,0.0194404,1.4077,0.00498869,0.00594299,0.00173793,0.0364062,0.0230067
165.551,0.0833465,0.0214111,0.0194443,1.40743,0.00488567,0.0048052,0.00174798,0.0412554,0.0400529
165.601,0.0831591,0.0214852,0.0194457,1.40825,0.0033643,0.00438022,0.0017215,0.0294203,0.0244086
165.651,0.0830506,0.0215793,0.0194472,1.40829,0.00298771,0.00655386,0.00170144,0.0294983,0.0218417
165.701,0.0829583,0.0217239,0.0194527,1.40856,0.00285282,0.00687694,0.00173855,0.0332018,0.0193819
165.751,0.0828598,0.0218604,0.0194567,1.40835,0.00272677,0.00587546,0.0017493,0.0352119,0.0337652
165.801,0.0827424,0.0219581,0.0194582,1.40838,0.00345776,0.0042663,0.00172387,0.0291521,0.0280146
165.851,0.0825434,0.0220468,0.0194596,1.4083,0.00481085,0.00576106,0.001702,0.0287577,0.0228828
165.901,0.0823271,0.0221818,0.019465,1.40844,0.00504227,0.00592045,0.00173875,0.0363397,0.0231223
165.951,0.0821133,0.0223025,0.019469,1.40823,0.00492464,0.00481832,0.00174874,0.0411777,0.040301
166.001,0.0819268,0.0223903,0.0194704,1.40912,0.00338971,0.00439961,0.00172215,0.0297037,0.0250415
166.051,0.081818,0.022499,0.0194717,1.4092,0.00302214,0.00651695,0.00169962,0.0296573,0.0221449
166.101,0.0817228,0.0226646,0.0194772,1.40946,0.00288808,0.00684198,0.00173646,0.033939,0.019374
166.151,0.081625,0.0228212,0.0194812,1.40927,0.00274173,0.00587937,0.00174712,0.0362253,0.0342369
166.201,0.0815162,0.0229333,0.0194827,1.40948,0.00348127,0.0042782,0.001722,0.0295311,0.0278063
166.251,0.0813255,0.0230356,0.0194842,1.40955,0.0048668,0.00577861,0.00170273,0.0289164,0.0230792
166.301,0.0811066,0.0231887,0.0194897,1.40971,0.00511277,0.0059219,0.00173944,0.0361009,0.0228329
166.351,0.0808882,0.0233254,0.0194937,1.40947,0.00496876,0.00483336,0.00174937,0.040772,0.039561
166.401,0.0806981,0.023425,0.0194951,1.41023,0.00341277,0.00442155,0.00172269,0.0298207,0.0249967
166.451,0.0805858,0.0235473,0.0194964,1.41022,0.0030454,0.00651514,0.00170007,0.0299912,0.0219802
166.501,0.0804894,0.0237322,0.0195018,1.41046,0.00291177,0.00683703,0.00173689,0.03453,0.0196597
166.551,0.0803946,0.0239069,0.0195058,1.4103,0.00273958,0.00589587,0.00174752,0.0370324,0.0350097
166.601,0.0802913,0.0240322,0.0195073,1.4106,0.00345167,0.00427392,0.00172233,0.0297451,0.0278805
166.651,0.0801044,0.0241478,0.0195088,1.41072,0.00487318,0.00581483,0.00170316,0.0290939,0.0233447
166.701,0.0798874,0.0243181,0.0195144,1.41092,0.00509611,0.00596129,0.0017402,0.0356546,0.0224042
166.751,0.0796721,0.0244707,0.0195184,1.41074,0.00492041,0.00488543,0.00175049,0.0400622,0.0385763
166.801,0.0794857,0.0245826,0.0195198,1.41147,0.00336644,0.00442658,0.00172401,0.029895,0.0250533
166.851,0.0793798,0.0247173,0.0195211,1.41154,0.00301158,0.006493,0.00170137,0.0301988,0.021979
166.901,0.0792876,0.0249188,0.0195266,1.41181,0.0028893,0.00680799,0.00173813,0.0351444,0.0198262
166.951,0.0791962,0.0251081,0.0195306,1.41165,0.00270707,0.00585127,0.00174865,0.0377943,0.0356526
167.001,0.0790973,0.0252444,0.0195321,1.41198,0.00340952,0.0042685,0.0017233,0.0299719,0.0277051
167.051,0.0789126,0.025369,0.0195334,1.41204,0.00480831,0.00577066,0.00170162,0.0292337,0.02356
167.101,0.0786998,0.0255515,0.0195389,1.41227,0.0050525,0.005915,0.00173838,0.0359572,0.0221267
167.151,0.0784836,0.0257155,0.0195428,1.41202,0.00489275,0.00486675,0.00174841,0.0401888,0.0382992
167.201,0.0782948,0.0258366,0.0195443,1.4126,0.00330064,0.00442031,0.00172185,0.0302044,0.0251669
167.251,0.078192,0.025983,0.0195457,1.41262,0.00294561,0.00651537,0.00170158,0.0303685,0.021807
167.301,0.0781056,0.0262002,0.0195512,1.41288,0.0028262,0.00684177,0.00173834,0.0352992,0.0202227
167.351,0.0780229,0.0264041,0.0195552,1.41274,0.00264606,0.00586894,0.00174868,0.0381794,0.0363863
167.401,0.0779364,0.0265509,0.0195566,1.41321,0.00331989,0.00431297,0.00172295,0.029806,0.0278042
167.451,0.0777619,0.0266857,0.019558,1.41332,0.00467077,0.00586152,0.00170104,0.0289806,0.0238059
167.501,0.0775565,0.0268829,0.0195634,1.41356,0.00491882,0.00599807,0.00173783,0.035576,0.0216736
167.551,0.0773496,0.0270596,0.0195674,1.41336,0.0047555,0.00493623,0.00174789,0.0396346,0.03763
167.601,0.07717,0.0271896,0.0195688,1.41396,0.00319848,0.00443723,0.00172141,0.0303417,0.0253237
167.651,0.0770788,0.0273478,0.0195703,1.41406,0.00281398,0.00657687,0.00170135,0.0306356,0.0218502
167.701,0.077003,0.0275796,0.0195757,1.41433,0.00271626,0.0068811,0.00173847,0.0353931,0.0204311
167.751,0.0769255,0.0277949,0.0195798,1.41412,0.00256955,0.00587939,0.00174923,0.0383554,0.0364084
167.801,0.0768405,0.0279493,0.0195812,1.4145,0.00321011,0.00433712,0.00172379,0.0296579,0.0272954
167.851,0.0766696,0.0280927,0.0195826,1.41453,0.00449598,0.00592754,0.00170192,0.0289867,0.0235914
167.901,0.0764738,0.028303,0.019588,1.41475,0.00474855,0.00609896,0.00173869,0.0355809,0.0215925
167.951,0.0762771,0.0284923,0.019592,1.41458,0.00460624,0.00501951,0.00174867,0.0395112,0.0375351
168.001,0.0761083,0.0286303,0.0195934,1.41518,0.00306002,0.00445381,0.00172207,0.0306275,0.0256521
168.051,0.0760255,0.0287918,0.0195947,1.41521,0.00267035,0.00649973,0.00169951,0.0309351,0.0218885
168.101,0.0759633,0.0290322,0.0196001,1.41546,0.00257671,0.00683579,0.00173638,0.0363466,0.0207198
168.151,0.0759024,0.0292551,0.0196041,1.41526,0.00246204,0.00579248,0.00174686,0.0396372,0.0373015
168.201,0.0758318,0.0294141,0.0196056,1.41572,0.00305441,0.00432683,0.00172141,0.0301369,0.0270585
168.251,0.0756709,0.0295651,0.019607,1.41576,0.00426024,0.0059642,0.00170188,0.0289199,0.0234825
168.301,0.0754911,0.0297863,0.0196125,1.41603,0.0044929,0.00611551,0.00173862,0.035061,0.0215553
168.351,0.0753062,0.0299857,0.0196165,1.41587,0.00437185,0.00504842,0.00174862,0.0385718,0.0369286
168.401,0.0751445,0.0301319,0.0196179,1.41635,0.00289787,0.0044272,0.00172204,0.0303679,0.0259475
168.451,0.0750737,0.0303005,0.0196191,1.4164,0.0025214,0.00643306,0.00169947,0.0306961,0.021926
168.501,0.0750278,0.0305478,0.0196246,1.41668,0.00246137,0.00674135,0.00173632,0.0361907,0.0209514
168.551,0.0749782,0.0307758,0.0196285,1.41641,0.00239564,0.00569582,0.00174666,0.0397089,0.0376884
168.601,0.0749164,0.0309377,0.01963,1.41684,0.00292185,0.00429473,0.00172087,0.0297463,0.0267409
168.651,0.0747682,0.0310984,0.0196314,1.41687,0.00402297,0.00604653,0.00170128,0.0286468,0.023452
168.701,0.0746033,0.0313321,0.0196369,1.41718,0.00424418,0.00624442,0.00173841,0.0341051,0.0213583
168.751,0.0744299,0.0315428,0.0196408,1.41699,0.00413134,0.00514589,0.00174867,0.0373297,0.0361712
168.801,0.0742751,0.0316967,0.0196423,1.41729,0.0027546,0.0044527,0.0017221,0.0297138,0.0261376
168.851,0.0742152,0.0318702,0.0196435,1.41728,0.00240669,0.00641681,0.00169941,0.0303151,0.0217303
168.901,0.074186,0.032125,0.019649,1.41754,0.00237031,0.00672623,0.00173627,0.036114,0.0213401
168.951,0.0741552,0.0323585,0.0196529,1.41729,0.00235572,0.0056369,0.0017466,0.03996,0.0388949
169.001,0.074114,0.0325238,0.0196543,1.41791,0.00278842,0.00431088,0.00172083,0.0293021,0.0265443
169.051,0.0739795,0.0326882,0.0196556,1.41795,0.00376061,0.00609575,0.00169886,0.0279986,0.023524
169.101,0.0738302,0.0329303,0.019661,1.41825,0.00398399,0.00628068,0.00173574,0.0337296,0.0211658
169.151,0.0736724,0.0331477,0.019665,1.41808,0.00392687,0.00516799,0.00174597,0.0370199,0.0359193
169.201,0.0735321,0.0333046,0.0196664,1.41837,0.00262414,0.00440504,0.0017198,0.0296726,0.0263289
169.251,0.0734881,0.0334789,0.0196678,1.41835,0.00232883,0.00633457,0.00169975,0.0301839,0.0216582
169.301,0.0734779,0.0337371,0.0196732,1.41859,0.00232646,0.00666371,0.0017366,0.0360901,0.021713
169.351,0.0734669,0.0339728,0.0196771,1.41835,0.00235628,0.00552337,0.00174673,0.0402788,0.0397797
169.401,0.0734442,0.0341387,0.0196785,1.41907,0.00265195,0.00431533,0.00172058,0.029014,0.0263625
169.451,0.0733274,0.0343092,0.0196798,1.41915,0.00345354,0.00617087,0.00169835,0.0276236,0.0234534
169.501,0.0731972,0.0345612,0.0196852,1.41944,0.00365547,0.00640679,0.00173526,0.0332195,0.0210112
169.551,0.0730599,0.0347891,0.0196891,1.41932,0.00364582,0.00528757,0.00174536,0.0362354,0.0353505
169.601,0.0729408,0.0349526,0.0196905,1.41967,0.00248999,0.00442922,0.00171892,0.029491,0.0265643
169.651,0.0729203,0.0351317,0.0196919,1.41977,0.0023124,0.00636137,0.00169885,0.0301069,0.0216246
169.701,0.0729314,0.0353958,0.0196973,1.41997,0.00236447,0.00669119,0.00173611,0.0359002,0.0220965
169.751,0.0729379,0.0356327,0.0197013,1.41964,0.0024269,0.00549768,0.0017467,0.0402656,0.0399808
169.801,0.0729259,0.035795,0.0197027,1.42031,0.00250561,0.00435334,0.00172091,0.0285634,0.0259102
169.851,0.072816,0.0359631,0.0197039,1.42018,0.00310709,0.00625056,0.00169879,0.0272357,0.0232114
169.901,0.0727065,0.0362225,0.0197093,1.42042,0.00329523,0.00650749,0.00173568,0.0325693,0.0210396
169.951,0.0725944,0.0364585,0.0197132,1.42038,0.00332586,0.00535292,0.00174573,0.0356282,0.0353879
170.001,0.0724978,0.036625,0.0197146,1.42084,0.00239624,0.0043699,0.00171925,0.029463,0.0271803
170.051,0.0724916,0.0367963,0.0197159,1.42091,0.00238854,0.00616825,0.00169676,0.02996,0.0219768
170.101,0.0725249,0.0370559,0.0197212,1.42108,0.00249015,0.00649394,0.00173377,0.0362131,0.0222016
170.151,0.0725521,0.0372869,0.0197251,1.42072,0.00253096,0.0052832,0.00174395,0.0409349,0.0405857
170.201,0.0725593,0.0374426,0.0197265,1.4215,0.00242624,0.00426737,0.00171783,0.0288497,0.0253854
170.251,0.0724751,0.0376143,0.0197278,1.42156,0.00285307,0.0062377,0.00169789,0.0272071,0.0229086
170.301,0.0723877,0.0378781,0.0197332,1.42182,0.00300431,0.00650844,0.00173482,0.0321805,0.02102
170.351,0.072293,0.0381161,0.0197371,1.42169,0.00306835,0.00534768,0.00174476,0.0351797,0.035042
170.401,0.0722088,0.0382798,0.0197385,1.42196,0.00235845,0.00424785,0.00171806,0.0294463,0.0274536
170.451,0.0722175,0.0384428,0.0197397,1.42191,0.00254254,0.00593441,0.00169543,0.0298863,0.0220148
170.501,0.0722742,0.0386957,0.019745,1.42208,0.00269385,0.006254,0.00173249,0.0363917,0.0225493
170.551,0.0723277,0.0389201,0.0197488,1.42181,0.00269007,0.00502303,0.00174261,0.0411704,0.0409769
170.601,0.0723589,0.0390713,0.0197502,1.42274,0.00236859,0.00416824,0.00171634,0.0287854,0.0250541
170.651,0.0723037,0.0392493,0.0197516,1.42297,0.00258821,0.00622729,0.00169645,0.0271716,0.0227958
170.701,0.0722424,0.0395175,0.0197569,1.42326,0.00270474,0.00652966,0.0017338,0.0316411,0.0206957
170.751,0.0721691,0.0397564,0.0197608,1.42307,0.00280017,0.00531761,0.00174425,0.0343866,0.0342531
170.801,0.0720982,0.0399154,0.0197622,1.42313,0.00236606,0.00408409,0.001718,0.0292321,0.0274265
170.851,0.0721216,0.040067,0.0197634,1.42296,0.0027811,0.00562991,0.00169547,0.0298419,0.0219519
170.901,0.0722041,0.0403092,0.0197687,1.42314,0.00299143,0.00593611,0.00173253,0.0365471,0.0229417
170.951,0.0722833,0.0405225,0.0197726,1.42291,0.00291273,0.00469125,0.00174264,0.0415935,0.041287
171.001,0.0723341,0.0406647,0.0197739,1.42394,0.00235558,0.00399372,0.00171638,0.028697,0.0246954
171.051,0.0722963,0.0408361,0.0197751,1.42413,0.00239041,0.00603301,0.00169406,0.0270115,0.0225114
171.101,0.0722625,0.0411002,0.0197804,1.42444,0.00246755,0.00637443,0.00173117,0.0318396,0.0207498
171.151,0.0722144,0.0413364,0.0197843,1.42426,0.00257347,0.00519039,0.00174142,0.0346093,0.0346942
171.201,0.0721641,0.0414888,0.0197856,1.42434,0.00242055,0.00384257,0.00171525,0.0295469,0.0277437
171.251,0.0722097,0.0416288,0.019787,1.42426,0.00310352,0.0052664,0.00169516,0.0298641,0.0220665
171.301,0.0723194,0.0418567,0.0197923,1.42446,0.00335898,0.00555907,0.00173224,0.036591,0.0234459
171.351,0.0724225,0.0420555,0.0197961,1.42423,0.00318007,0.00436025,0.00174221,0.041794,0.041772
171.401,0.0724896,0.0421859,0.0197973,1.42527,0.00239521,0.00383545,0.00171564,0.0286564,0.024478
171.451,0.07247,0.042352,0.0197985,1.42541,0.00230244,0.00588925,0.00169311,0.0268951,0.0223937
171.501,0.0724654,0.0426122,0.0198038,1.42573,0.00232863,0.00625627,0.00173026,0.0314522,0.0204597
171.551,0.0724459,0.0428452,0.0198077,1.4256,0.00240811,0.0050739,0.00174059,0.0338659,0.0342453
171.601,0.072418,0.0429924,0.019809,1.42572,0.00252859,0.00363356,0.00171456,0.0293305,0.0277374
171.651,0.0724868,0.0431229,0.0198103,1.42574,0.00348003,0.00495546,0.00169469,0.0296643,0.0219509
171.701,0.0726221,0.0433363,0.0198157,1.42591,0.00377793,0.00522875,0.00173214,0.036207,0.023949
171.751,0.0727456,0.0435179,0.0198195,1.42565,0.00345476,0.00405619,0.00174235,0.0414792,0.0418892
171.801,0.0728248,0.0436318,0.0198207,1.42665,0.00249046,0.00366862,0.00171575,0.0283916,0.0241563
171.851,0.0728199,0.0437853,0.0198219,1.42669,0.00236543,0.00568477,0.00169307,0.0267521,0.0221298
171.901,0.0728437,0.0440374,0.0198272,1.42698,0.00235155,0.00608069,0.00173022,0.0314318,0.0203855
171.951,0.0728545,0.0442637,0.019831,1.42692,0.00235133,0.00487692,0.00174054,0.0340917,0.0344651
172.001,0.0728509,0.0444029,0.0198323,1.42721,0.00267693,0.00338443,0.00171456,0.0297514,0.0281334
172.051,0.0729332,0.0445126,0.0198335,1.42724,0.00381239,0.00446011,0.00169229,0.0297811,0.0220496
172.101,0.0730912,0.0447016,0.0198388,1.42742,0.00416007,0.00470864,0.00172949,0.0366904,0.0239642
172.151,0.0732328,0.0448591,0.0198425,1.42714,0.00370259,0.00361944,0.00173932,0.0418011,0.0417318
172.201,0.0733241,0.0449553,0.0198437,1.42815,0.00259079,0.00342181,0.00171243,0.0282483,0.0235637
172.251,0.0733384,0.0450995,0.019845,1.4282,0.00253813,0.00540269,0.00169194,0.0265768,0.0217911
172.301,0.0733893,0.0453404,0.0198503,1.42851,0.00250372,0.00583596,0.00172914,0.0308974,0.0203354
172.351,0.0734235,0.0455549,0.019854,1.4284,0.00239671,0.00465543,0.00173938,0.0332528,0.0342943
172.401,0.0734347,0.0456786,0.0198553,1.42856,0.00282249,0.00311346,0.00171322,0.0292419,0.0280307
172.451,0.0735302,0.0457667,0.0198565,1.42857,0.00411102,0.00399,0.00169084,0.0293743,0.0217722
172.501,0.0737075,0.0459306,0.0198617,1.42872,0.00449945,0.00419843,0.0017281,0.0365734,0.0242433
172.551,0.0738641,0.0460632,0.0198654,1.42844,0.00390066,0.00324336,0.00173787,0.0415736,0.0413854
172.601,0.0739632,0.0461404,0.0198666,1.42941,0.00270184,0.00320336,0.00171082,0.0280755,0.0230413
172.651,0.0739989,0.0462755,0.0198679,1.42952,0.00280504,0.00512865,0.00169038,0.0266608,0.021456
172.701,0.0740784,0.0465037,0.0198732,1.42984,0.00278601,0.00555124,0.00172798,0.0304208,0.020295
172.751,0.0741376,0.0467029,0.0198769,1.4297,0.00253124,0.00436957,0.00173856,0.0326807,0.0342217
172.801,0.0741617,0.0468095,0.0198782,1.42977,0.00293884,0.0028477,0.00171254,0.0289135,0.0281672
172.851,0.0742629,0.0468734,0.0198794,1.42969,0.00433198,0.00350424,0.00169013,0.0291624,0.021783
172.901,0.0744555,0.0470089,0.0198846,1.42985,0.00477019,0.00366694,0.00172743,0.036566,0.024285
172.951,0.0746275,0.0471147,0.0198882,1.42963,0.00405637,0.002868,0.00173727,0.0413636,0.0409869
173.001,0.0747388,0.0471732,0.0198894,1.43066,0.00281167,0.00297658,0.00171032,0.0276989,0.0225378
173.051,0.0747832,0.0472889,0.0198906,1.43066,0.0030551,0.00470428,0.00168752,0.0262836,0.0210124
173.101,0.0748846,0.0474967,0.0198958,1.43096,0.0030606,0.00514488,0.00172491,0.0304139,0.020433
173.151,0.0749636,0.0476778,0.0198995,1.43082,0.00266191,0.00407306,0.00173553,0.0326291,0.0349855
173.201,0.0749994,0.0477684,0.0199008,1.43092,0.00300177,0.00263674,0.00170999,0.0287966,0.0287287
173.251,0.0751112,0.0478116,0.0199021,1.43094,0.00452038,0.00307717,0.00169024,0.0287355,0.0221022
173.301,0.0753162,0.0479185,0.0199073,1.43111,0.00498222,0.00319775,0.00172753,0.0363155,0.0243078
173.351,0.0754976,0.0479963,0.0199109,1.43091,0.00412379,0.00259243,0.00173716,0.0411806,0.040609
173.401,0.0756145,0.0480326,0.0199121,1.43197,0.0028843,0.00277108,0.00170985,0.0275576,0.0219529
173.451,0.0756785,0.0481333,0.0199132,1.43211,0.00332371,0.00430895,0.00168681,0.0262449,0.0206428
173.501,0.0758023,0.0483206,0.0199184,1.43243,0.0033757,0.00475239,0.00172423,0.0303886,0.0204206
173.551,0.0758982,0.0484796,0.0199221,1.43222,0.00282744,0.00374445,0.00173491,0.0324048,0.0350081
173.601,0.0759404,0.0485487,0.0199234,1.43224,0.0030395,0.0024668,0.00170949,0.0287208,0.0288025
173.651,0.0760562,0.0485684,0.0199247,1.43224,0.00466056,0.00270356,0.00168987,0.0287374,0.0221819
173.701,0.0762709,0.0486452,0.0199298,1.43241,0.00514415,0.00277917,0.00172752,0.0359828,0.0242789
173.751,0.0764578,0.0486943,0.0199335,1.43222,0.00417071,0.00241472,0.00173738,0.0406348,0.0400859
173.801,0.0765761,0.0487095,0.0199347,1.43325,0.00295588,0.00259612,0.00171002,0.0271722,0.0215103
173.851,0.0766502,0.0487914,0.0199357,1.43339,0.00358398,0.00388832,0.00168679,0.0259706,0.0202638
173.901,0.0767929,0.0489557,0.0199409,1.43369,0.00369877,0.00433823,0.00172422,0.0302383,0.0203852
173.951,0.0769054,0.0490928,0.0199446,1.43347,0.00299613,0.00345604,0.00173491,0.0321612,0.0352256
174.001,0.0769514,0.0491415,0.0199459,1.43345,0.00304783,0.00237544,0.00170951,0.0285802,0.028787
174.051,0.0770571,0.0491299,0.019947,1.43331,0.00468539,0.00241388,0.00168758,0.0284097,0.0221971
174.101,0.0772727,0.0491728,0.0199522,1.43344,0.00516799,0.00245026,0.00172497,0.036277,0.0245377
174.151,0.0774581,0.0491899,0.0199558,1.43322,0.00411535,0.00235144,0.00173465,0.0409595,0.0402277
174.201,0.0775718,0.0491809,0.0199569,1.43423,0.00297402,0.00245474,0.00170735,0.0273654,0.0214059
174.251,0.0776542,0.0492445,0.0199581,1.43441,0.00379901,0.00348835,0.00168653,0.0262389,0.0202452
174.301,0.0778114,0.0493831,0.0199633,1.43471,0.00396031,0.00389082,0.00172396,0.030276,0.0202228
174.351,0.0779344,0.049494,0.0199669,1.43446,0.00312113,0.00312948,0.00173449,0.0321649,0.0347142
174.401,0.0779805,0.0495207,0.0199682,1.43437,0.00301086,0.00235316,0.00170881,0.0286157,0.0283962
174.451,0.0780799,0.0494844,0.0199693,1.43419,0.0046304,0.00229399,0.00168661,0.0284355,0.0219448
174.501,0.0782945,0.0494956,0.0199744,1.43431,0.00513567,0.00231863,0.00172405,0.0363175,0.0248383
174.551,0.0784762,0.0494838,0.019978,1.43411,0.00400382,0.00243078,0.00173383,0.0408648,0.0400329
174.601,0.078583,0.0494543,0.0199791,1.4351,0.00297669,0.00237209,0.00170665,0.0273184,0.0211364
174.651,0.078672,0.0495008,0.0199804,1.43529,0.00399183,0.00311208,0.00168602,0.026428,0.0201133
174.701,0.0788425,0.049614,0.0199855,1.43559,0.0042014,0.00347531,0.00172381,0.0301134,0.0201017
174.751,0.0789755,0.0497008,0.0199892,1.43534,0.0032321,0.00287852,0.0017348,0.0316846,0.0342454
174.801,0.0790172,0.0497066,0.0199905,1.43513,0.00292957,0.00239487,0.00170945,0.0283663,0.027972
174.851,0.0790998,0.0496426,0.0199916,1.43479,0.00448033,0.00234983,0.0016873,0.0283326,0.021647
174.901,0.0793057,0.0496222,0.0199967,1.43488,0.0049684,0.00239473,0.00172469,0.0364884,0.0253059
174.951,0.0794788,0.0495818,0.0200003,1.43472,0.00379236,0.0026255,0.00173422,0.0407862,0.0402258
175.001,0.0795804,0.0495336,0.0200014,1.43577,0.00290409,0.0023473,0.00170661,0.0272998,0.0211428
175.051,0.0796668,0.0495591,0.0200024,1.43595,0.00399557,0.00273045,0.00168329,0.0263053,0.0200944
175.101,0.0798421,0.0496433,0.0200075,1.43626,0.00427552,0.00302676,0.00172085,0.0304343,0.0198788
175.151,0.079979,0.0497042,0.0200112,1.43603,0.00322473,0.00261638,0.00173169,0.032047,0.0341135
175.201,0.0800207,0.0496955,0.0200124,1.43595,0.00278628,0.0025009,0.00170647,0.0284975,0.027712
175.251,0.080101,0.0496176,0.0200137,1.43579,0.00428028,0.00257312,0.00168676,0.0282443,0.0214055
175.301,0.080299,0.0495661,0.0200188,1.43592,0.00475942,0.00266461,0.00172416,0.0362276,0.0256864
175.351,0.0804601,0.0494983,0.0200223,1.43577,0.00357258,0.0029054,0.00173354,0.0403281,0.0401271
175.401,0.0805499,0.0494344,0.0200234,1.43681,0.00282259,0.00238482,0.00170564,0.0268953,0.0210679
175.451,0.0806256,0.0494383,0.0200244,1.43682,0.0040283,0.00244923,0.00168217,0.0258881,0.0200093
175.501,0.0808048,0.0494933,0.0200295,1.43713,0.00436725,0.00265081,0.00171978,0.0298694,0.019755
175.551,0.080951,0.0495319,0.0200331,1.43703,0.00324181,0.00243689,0.00173072,0.0314126,0.0338626
175.601,0.080999,0.0495154,0.0200344,1.43715,0.00268502,0.00264102,0.00170567,0.0279625,0.0275711
175.651,0.0810769,0.0494273,0.0200356,1.43718,0.00409397,0.00287794,0.00168621,0.0278086,0.0214672
175.701,0.0812636,0.0493477,0.0200407,1.4373,0.00455921,0.00301292,0.00172399,0.0354727,0.0254488
175.751,0.0814082,0.049256,0.0200443,1.43712,0.00336896,0.00316292,0.00173381,0.0392135,0.0392032
175.801,0.0814797,0.0491763,0.0200454,1.43802,0.00277289,0.0024563,0.00170624,0.0262747,0.0207049
175.851,0.0815429,0.049161,0.0200464,1.43789,0.00401667,0.00231491,0.00168283,0.025765,0.0196896
175.901,0.0817208,0.0491875,0.0200515,1.43815,0.00442568,0.00241306,0.00172041,0.0300411,0.0198469
175.951,0.0818702,0.0492041,0.0200551,1.43811,0.00324281,0.00235903,0.00173131,0.0314661,0.0342463
176.001,0.0819154,0.0491769,0.0200564,1.43835,0.00258421,0.00278435,0.00170619,0.0280904,0.0277093
176.051,0.081969,0.0490716,0.0200575,1.43829,0.003802,0.00320239,0.00168431,0.0277848,0.0215734
176.101,0.082136,0.0489649,0.0200625,1.43836,0.00424072,0.00342236,0.00172183,0.0359643,0.0255988
176.151,0.0822558,0.0488471,0.0200661,1.43806,0.00310486,0.00347151,0.00173143,0.0398573,0.0393544
176.201,0.0822968,0.0487494,0.0200671,1.43875,0.00265796,0.00253948,0.00170384,0.0266375,0.0207165
176.251,0.0823388,0.0487158,0.0200683,1.43837,0.00392985,0.00229801,0.00168282,0.0259031,0.0197014
176.301,0.0825115,0.0487189,0.0200734,1.43861,0.0043529,0.00231767,0.00172039,0.0299199,0.0197951
176.351,0.0826562,0.0487167,0.020077,1.4386,0.003141,0.00234979,0.0017313,0.0313124,0.0341022
176.401,0.0826927,0.0486808,0.0200782,1.43881,0.00246896,0.00286877,0.0017062,0.0280687,0.0277087
176.451,0.0827296,0.0485651,0.0200794,1.43874,0.0034664,0.00346644,0.00168429,0.0275913,0.021708
176.501,0.0828763,0.0484402,0.0200844,1.43884,0.00385506,0.00373728,0.00172181,0.0357127,0.0252658
176.551,0.0829782,0.0483095,0.0200879,1.43862,0.00283001,0.00363888,0.00173142,0.0392175,0.0384587
176.601,0.0830106,0.048208,0.020089,1.4394,0.00255861,0.00260325,0.00170384,0.0263774,0.020396
176.651,0.0830626,0.0481697,0.0200902,1.43927,0.00385089,0.002362,0.00168292,0.0258497,0.0194721
176.701,0.0832338,0.0481515,0.0200952,1.43955,0.00431135,0.00232904,0.00172083,0.0294817,0.0199456
176.751,0.0833726,0.0481276,0.0200989,1.4395,0.00309116,0.00238482,0.00173214,0.0308575,0.0342663
176.801,0.0833979,0.0480806,0.0201002,1.43965,0.00239668,0.00293405,0.00170728,0.0277788,0.0280437
176.851,0.0834148,0.0479571,0.0201013,1.43957,0.00314809,0.00370636,0.00168538,0.0273885,0.0220273
176.901,0.0835388,0.0478156,0.0201063,1.43968,0.0034605,0.00403951,0.00172283,0.0355475,0.0248844
176.951,0.0836189,0.0476721,0.0201098,1.43951,0.00259801,0.00379485,0.00173214,0.0390773,0.0377753
177.001,0.0836387,0.0475658,0.0201109,1.44035,0.00247226,0.00266675,0.00170407,0.026284,0.0202371
177.051,0.0836759,0.0475153,0.0201119,1.44014,0.00364313,0.00247995,0.00168045,0.0257579,0.0192311
177.101,0.0838359,0.0474772,0.0201169,1.44039,0.00414541,0.00241368,0.00171813,0.0298622,0.0200652
177.151,0.0839658,0.047438,0.0201205,1.44035,0.00296091,0.00242541,0.00172925,0.0311197,0.0346218
177.201,0.0839822,0.0473868,0.0201218,1.44055,0.00234949,0.00295936,0.00170447,0.0278392,0.0280856
177.251,0.0839853,0.047261,0.020123,1.44056,0.00285197,0.00389518,0.00168499,0.02726,0.0219869
177.301,0.0840879,0.0471076,0.020128,1.4407,0.00310843,0.00427017,0.00172245,0.0352888,0.0250765
177.351,0.0841482,0.0469562,0.0201315,1.44058,0.00243705,0.00388487,0.00173181,0.0386218,0.0378841
177.401,0.0841551,0.0468478,0.0201326,1.44147,0.00240506,0.00271567,0.00170379,0.0260835,0.0202184
177.451,0.0841861,0.0467903,0.0201336,1.4413,0.00347407,0.00262345,0.0016802,0.0256963,0.0192487
177.501,0.0843359,0.0467344,0.0201386,1.44156,0.00396562,0.00257072,0.00171788,0.0297933,0.0199718
177.551,0.0844552,0.0466793,0.0201422,1.44151,0.00285119,0.00249113,0.00172904,0.0308913,0.0343416
177.601,0.0844617,0.0466223,0.0201435,1.44168,0.00235032,0.00297669,0.0017043,0.0275619,0.0278302
177.651,0.0844528,0.0464919,0.0201447,1.44171,0.00263205,0.00409084,0.00168491,0.0270427,0.0218051
177.701,0.0845339,0.0463264,0.0201498,1.44185,0.00283358,0.00448613,0.00172271,0.0347541,0.0250324
177.751,0.0845717,0.0461673,0.0201533,1.44169,0.00236798,0.00393561,0.00173224,0.0378261,0.0373407
177.801,0.0845592,0.0460571,0.0201543,1.44248,0.00236658,0.00276255,0.00170413,0.0256317,0.0200121
177.851,0.0845758,0.0459908,0.0201553,1.44222,0.0032975,0.00281271,0.00168035,0.0255268,0.0190806
177.901,0.0847129,0.0459166,0.0201604,1.44246,0.00379642,0.00277965,0.00171803,0.0297097,0.0200475
177.951,0.0848237,0.0458477,0.020164,1.44242,0.00276056,0.0025879,0.00172918,0.0310329,0.0348011
178.001,0.0848239,0.0457898,0.0201652,1.44265,0.00237829,0.00298324,0.00170443,0.0276206,0.0280937
178.051,0.0847891,0.0456586,0.0201663,1.44258,0.00242949,0.00420585,0.00168276,0.0270099,0.022104
178.101,0.0848446,0.0454849,0.0201713,1.44269,0.00255441,0.00466729,0.00172034,0.0351899,0.0249082
178.151,0.0848565,0.0453197,0.0201748,1.44247,0.00235371,0.00400017,0.00172988,0.0386327,0.0376475
178.201,0.0848211,0.0452071,0.0201759,1.44315,0.00234278,0.00279368,0.00170215,0.0260805,0.0200566
178.251,0.0848222,0.0451337,0.0201771,1.44272,0.00315323,0.00296219,0.00168099,0.025805,0.0190868
178.301,0.0849488,0.0450461,0.0201821,1.44295,0.00364743,0.00297082,0.00171864,0.0299146,0.0201009
178.351,0.0850503,0.0449661,0.0201857,1.44292,0.00270112,0.00265635,0.00172974,0.0310323,0.0347306
178.401,0.0850445,0.0449068,0.0201869,1.44315,0.00241747,0.00294395,0.00170489,0.0277354,0.0282225
178.451,0.0849984,0.0447796,0.0201881,1.44313,0.00232751,0.00423522,0.00168316,0.0270911,0.0220936
178.501,0.0850336,0.0446036,0.020193,1.44325,0.0024014,0.00470336,0.0017207,0.0352049,0.024802
178.551,0.0850302,0.0444404,0.0201965,1.44311,0.00240258,0.00392676,0.00173022,0.0382848,0.0370561
178.601,0.0849897,0.0443342,0.0201976,1.44389,0.00233894,0.00276997,0.00170244,0.0259771,0.0198817
178.651,0.0850037,0.0442626,0.0201988,1.4438,0.00303648,0.00312221,0.00168139,0.0257928,0.0189629
178.701,0.0851227,0.0441622,0.0202038,1.44407,0.00349569,0.0031856,0.00171937,0.0293704,0.020293
178.751,0.0852122,0.04407,0.0202074,1.444,0.00263893,0.00273074,0.00173063,0.0305149,0.0348057
178.801,0.0851975,0.0440069,0.0202087,1.44417,0.00246475,0.0028946,0.00170564,0.0271732,0.0282483
178.851,0.0851368,0.0438813,0.0202098,1.44413,0.00228986,0.00424927,0.0016837,0.0266696,0.0221914
178.901,0.0851521,0.0437035,0.0202148,1.44425,0.00232345,0.00476048,0.00172123,0.0348551,0.0247639
178.951,0.0851302,0.0435414,0.0202183,1.44411,0.00249026,0.00387005,0.00173069,0.0382061,0.037369
179.001,0.0850784,0.0434393,0.0202194,1.44493,0.00234558,0.00276756,0.00170285,0.0262158,0.0201488
179.051,0.0850824,0.0433659,0.0202204,1.44486,0.00286128,0.00324214,0.00167936,0.0259117,0.019095
179.101,0.0851875,0.0432561,0.0202254,1.44512,0.00329345,0.00334967,0.00171708,0.0300858,0.0200876
179.151,0.0852673,0.0431569,0.020229,1.44507,0.00258015,0.0027888,0.00172832,0.0312999,0.034504
179.201,0.0852509,0.0430962,0.0202302,1.44532,0.00250612,0.00284677,0.00170367,0.0276344,0.0277756
179.251,0.0851837,0.0429775,0.0202315,1.44535,0.0023057,0.00426192,0.00168432,0.026986,0.0218633
179.301,0.0851805,0.0428,0.0202365,1.44548,0.00232218,0.00475836,0.00172182,0.0350523,0.0249841
179.351,0.0851451,0.0426416,0.02024,1.44537,0.00260001,0.00379507,0.00173145,0.0384119,0.0375284
179.401,0.0850874,0.0425449,0.0202411,1.44624,0.00235857,0.00275952,0.00170388,0.0263972,0.0203118
179.451,0.0850898,0.04247,0.0202422,1.44622,0.0027455,0.00336991,0.00168055,0.026207,0.0192226
179.501,0.0851838,0.0423508,0.0202472,1.44649,0.00314507,0.00353199,0.00171823,0.0304458,0.0200067
179.551,0.0852541,0.0422444,0.0202508,1.44643,0.00253766,0.00285054,0.00172936,0.0316418,0.0344236
179.601,0.0852356,0.042184,0.020252,1.4467,0.00254283,0.00279852,0.00170455,0.0280117,0.027713
179.651,0.0851646,0.0420689,0.0202533,1.4468,0.00235328,0.00429321,0.00168515,0.0275864,0.0219034
179.701,0.0851461,0.0418904,0.0202583,1.44692,0.00236829,0.00477491,0.00172295,0.0353931,0.0248375
179.751,0.0850967,0.041733,0.0202619,1.4468,0.00268685,0.0037524,0.00173267,0.0385257,0.0370735
179.801,0.0850308,0.0416391,0.020263,1.44764,0.0023764,0.00276578,0.00170489,0.0266335,0.0202483
179.851,0.0850271,0.0415623,0.020264,1.44764,0.00261928,0.00349218,0.00168132,0.0266683,0.0192069
179.901,0.0851092,0.0414353,0.020269,1.44791,0.00296681,0.00370122,0.00171897,0.0310083,0.0201151
179.951,0.0851696,0.0413221,0.0202726,1.44785,0.00248368,0.00291972,0.00173003,0.0323573,0.0346921
180.001,0.0851478,0.0412608,0.0202739,1.44813,0.00259959,0.00276099,0.00170512,0.0283458,0.0276405
180.051,0.0850616,0.0411491,0.020275,1.44815,0.00246492,0.00423656,0.00168338,0.0275997,0.0217962
180.101,0.0850238,0.0409739,0.02028,1.44829,0.00249594,0.00473534,0.00172093,0.0356274,0.0249944
180.151,0.0849591,0.0408201,0.0202835,1.44815,0.00284909,0.00367754,0.00173064,0.0389429,0.0380234
180.201,0.084885,0.0407287,0.0202846,1.44898,0.0023933,0.00276119,0.00170318,0.0269754,0.020678
180.251,0.0848746,0.0406463,0.0202858,1.44887,0.00254876,0.00362278,0.00168221,0.0268688,0.0193885
180.301,0.0849465,0.0405117,0.0202908,1.44914,0.00284625,0.00386282,0.00171981,0.0309273,0.0200942
180.351,0.0850014,0.0403927,0.0202944,1.44911,0.00247101,0.00299431,0.0017308,0.032195,0.0345276
180.401,0.0849817,0.04033,0.0202957,1.44941,0.00260518,0.00273852,0.00170576,0.0281691,0.0277348
180.451,0.0848919,0.0402213,0.0202969,1.44943,0.00254559,0.00421833,0.00168393,0.0274803,0.0218618
180.501,0.0848418,0.0400482,0.0203019,1.44958,0.00260953,0.00471424,0.00172146,0.0353012,0.024718
180.551,0.0847669,0.0398978,0.0203054,1.44946,0.00295193,0.00361343,0.00173111,0.0386404,0.0376324
180.601,0.0846877,0.0398105,0.0203065,1.45028,0.0024114,0.00275997,0.00170358,0.026985,0.0207303
180.651,0.0846783,0.0397247,0.0203077,1.45027,0.00247588,0.00377591,0.00168271,0.0270311,0.0194473
180.701,0.0847415,0.0395814,0.0203127,1.45056,0.00273298,0.00405395,0.00172064,0.0307902,0.0202087
180.751,0.0847882,0.0394542,0.0203164,1.45052,0.00244259,0.0031047,0.00173197,0.0321117,0.0346558
180.801,0.0847666,0.0393868,0.0203177,1.45078,0.00261765,0.00274286,0.00170711,0.0280578,0.0278745
180.851,0.0846714,0.0392808,0.0203188,1.4508,0.0026482,0.00421166,0.00168528,0.027402,0.0219949
180.901,0.0846092,0.0391094,0.0203238,1.45096,0.00273813,0.00469028,0.00172276,0.0352523,0.0246343
180.951,0.0845265,0.0389622,0.0203274,1.45085,0.00302313,0.00356459,0.0017325,0.0388002,0.0378789
181.001,0.084446,0.0388779,0.0203285,1.45172,0.00241481,0.00278954,0.00170515,0.0271628,0.0210237
181.051,0.0844331,0.0387904,0.0203296,1.45171,0.00242509,0.00386167,0.00168199,0.0268852,0.0195328
181.101,0.084488,0.0386427,0.0203346,1.45198,0.00264418,0.00418171,0.00171961,0.0309031,0.0203609
181.151,0.0845283,0.0385112,0.0203382,1.45193,0.00243023,0.00318538,0.00173061,0.0325699,0.0351266
181.201,0.0845096,0.0384427,0.0203395,1.45227,0.00260813,0.00275341,0.00170557,0.0281997,0.0279189
181.251,0.0844154,0.03834,0.0203408,1.45237,0.00274559,0.00424528,0.00168601,0.0275478,0.0221146
181.301,0.0843414,0.038169,0.0203458,1.45252,0.00287544,0.00470237,0.00172346,0.0352013,0.0244033
181.351,0.0842486,0.0380227,0.0203493,1.4524,0.00311544,0.00356658,0.00173335,0.0386569,0.037708
181.401,0.0841613,0.0379389,0.0203505,1.45317,0.00243055,0.00281066,0.00170624,0.0273189,0.0211511
181.451,0.0841402,0.0378468,0.0203516,1.45305,0.00237782,0.00400404,0.00168321,0.0271889,0.019547
181.501,0.0841845,0.0376933,0.0203566,1.4533,0.00255264,0.00432535,0.00172077,0.0313409,0.0205786
181.551,0.0842199,0.0375579,0.0203602,1.45326,0.00241624,0.00327771,0.00173166,0.0330856,0.0355019
181.601,0.0842029,0.0374864,0.0203615,1.45361,0.00260384,0.00274508,0.00170645,0.0284005,0.028112
181.651,0.0841092,0.037383,0.0203628,1.45375,0.00281657,0.00426241,0.00168692,0.0278805,0.0222521
181.701,0.0840293,0.0372135,0.0203679,1.45395,0.00295075,0.00469589,0.00172467,0.0350221,0.0240143
181.751,0.0839359,0.0370695,0.0203715,1.45389,0.00310605,0.00353358,0.00173486,0.0383943,0.0372165
181.801,0.0838554,0.0369869,0.0203727,1.45478,0.00241773,0.00282264,0.00170789,0.0273092,0.0212307
181.851,0.083847,0.0368951,0.0203738,1.45493,0.00236616,0.00407969,0.00168482,0.0272916,0.0195899
181.901,0.0838887,0.0367387,0.0203788,1.45522,0.00252597,0.00443654,0.00172232,0.0316878,0.0206721
181.951,0.0839107,0.0365956,0.0203824,1.45499,0.00242602,0.00336455,0.00173307,0.033511,0.0357054
182.001,0.0838763,0.0365126,0.0203837,1.45507,0.00257986,0.00277233,0.00170763,0.0284094,0.0279085
182.051,0.0837625,0.0364046,0.0203849,1.45492,0.00287843,0.00425707,0.00168563,0.0277055,0.0221634
182.101,0.0836745,0.0362377,0.0203899,1.45511,0.00306311,0.00467446,0.0017231,0.035041,0.0240953
182.151,0.0835734,0.036095,0.0203934,1.45504,0.00320183,0.00353144,0.00173301,0.0386347,0.0380619
182.201,0.083487,0.0360109,0.0203946,1.45592,0.00242418,0.00288432,0.00170595,0.0276008,0.0218044
182.251,0.083476,0.0359131,0.0203959,1.45605,0.00234112,0.00424483,0.00168524,0.0273266,0.0199106
182.301,0.0835112,0.0357503,0.0204009,1.45634,0.00246733,0.00461655,0.00172272,0.031634,0.0207577
182.351,0.0835335,0.0356029,0.0204045,1.4562,0.0024166,0.00352107,0.00173344,0.0336652,0.0357541
182.401,0.08351,0.0355179,0.0204058,1.45644,0.00257698,0.00283208,0.00170792,0.0283864,0.0281079
182.451,0.0834026,0.0354112,0.020407,1.45642,0.00295438,0.00432729,0.00168594,0.0276599,0.0222925
182.501,0.083308,0.0352439,0.020412,1.45662,0.00314977,0.00472337,0.0017234,0.0348811,0.0236837
182.551,0.0832023,0.0351007,0.0204156,1.45653,0.00322663,0.00357469,0.00173347,0.0385063,0.0376766
182.601,0.0831141,0.0350148,0.0204168,1.45737,0.00242627,0.00295007,0.00170672,0.0276917,0.0219984
182.651,0.0831037,0.0349094,0.0204181,1.45754,0.00232935,0.00447395,0.00168636,0.027568,0.0200172
182.701,0.0831337,0.0347382,0.0204231,1.45783,0.00243107,0.00485456,0.00172414,0.0315232,0.0209302
182.751,0.0831497,0.0345836,0.0204268,1.45766,0.00240607,0.00370291,0.00173514,0.0337768,0.0357179
182.801,0.0831243,0.034493,0.0204281,1.4579,0.00257582,0.00291406,0.00170971,0.0284004,0.0278518
182.851,0.0830155,0.0343861,0.0204293,1.45788,0.0030227,0.00440515,0.00168767,0.0279524,0.0222391
182.901,0.0829139,0.0342185,0.0204343,1.45807,0.00324572,0.00478347,0.00172506,0.0352931,0.0237084
182.951,0.0828036,0.0340756,0.0204379,1.45798,0.0032821,0.00361506,0.00173518,0.0391027,0.0381584
183.001,0.0827137,0.0339882,0.0204392,1.45882,0.00243165,0.00302991,0.00170855,0.0283408,0.022666
183.051,0.0826957,0.033878,0.0204403,1.45887,0.00231176,0.00458842,0.00168591,0.0279136,0.0204235
183.101,0.0827211,0.0337043,0.0204453,1.45915,0.00240527,0.00498839,0.00172337,0.0321821,0.0209441
183.151,0.0827389,0.0335469,0.020449,1.45902,0.0024143,0.00385119,0.00173401,0.0345788,0.0361696
183.201,0.0827209,0.0334518,0.0204503,1.45934,0.00255136,0.00300526,0.00170837,0.0286046,0.027846
183.251,0.082615,0.0333421,0.0204516,1.45937,0.00306093,0.00457244,0.0016886,0.0279909,0.0224558
183.301,0.0825097,0.0331712,0.0204566,1.45957,0.00328988,0.00492033,0.00172595,0.0348379,0.0233901
183.351,0.0823975,0.0330244,0.0204602,1.45948,0.00329177,0.0037646,0.00173598,0.038522,0.0380336
183.401,0.0823077,0.0329342,0.0204615,1.46032,0.00243214,0.0031471,0.00170921,0.0281712,0.0230395
183.451,0.0822921,0.032822,0.0204626,1.46044,0.0023033,0.00478013,0.00168651,0.0280053,0.0205885
183.501,0.0823122,0.0326437,0.0204677,1.4607,0.00237626,0.00517612,0.00172395,0.0325912,0.0211318
183.551,0.0823289,0.0324825,0.0204713,1.46059,0.00240721,0.00404182,0.00173472,0.0351583,0.0365327
183.601,0.0823178,0.0323838,0.0204727,1.46103,0.00254581,0.00311495,0.00170933,0.0287018,0.0278414
183.651,0.0822179,0.0322708,0.020474,1.46117,0.00313036,0.00474762,0.00168987,0.0282226,0.022698
183.701,0.082108,0.0320964,0.0204791,1.46139,0.00335321,0.00508826,0.00172751,0.0345816,0.0230659
183.751,0.0819929,0.0319467,0.0204827,1.46127,0.00330021,0.00388257,0.0017378,0.0382467,0.0378128
183.801,0.0819029,0.0318519,0.020484,1.46206,0.00242437,0.00326628,0.00171112,0.0281325,0.0233968
183.851,0.0818883,0.0317341,0.0204851,1.46217,0.00230591,0.00498728,0.00168837,0.0279327,0.0207617
183.901,0.0819072,0.0315518,0.0204902,1.46241,0.00237852,0.0053744,0.00172573,0.032803,0.0214169
183.951,0.0819239,0.0313874,0.0204938,1.46227,0.00242332,0.00423087,0.00173634,0.0358236,0.0370451
184.001,0.0819147,0.0312847,0.0204952,1.46273,0.00252164,0.00323816,0.00171068,0.0289917,0.0279971
184.051,0.08181,0.0311711,0.0204964,1.46277,0.00313268,0.00483522,0.00168869,0.0283334,0.0229725
184.101,0.0816975,0.0309985,0.0205014,1.46298,0.0033829,0.00515242,0.00172604,0.0346536,0.0228731
184.151,0.0815811,0.0308491,0.020505,1.46287,0.00332293,0.00396836,0.00173623,0.0385532,0.0382332
184.201,0.0814894,0.0307515,0.0205063,1.46364,0.00242072,0.00337137,0.0017098,0.0286637,0.0240162
184.251,0.0814761,0.0306306,0.0205076,1.46377,0.00230699,0.00515942,0.00168959,0.028348,0.0212002
184.301,0.0814937,0.0304467,0.0205127,1.46402,0.00237093,0.00553356,0.00172689,0.0332882,0.0214803
184.351,0.081511,0.0302805,0.0205164,1.46391,0.00242657,0.00439794,0.0017374,0.0362598,0.0368382
184.401,0.0815058,0.0301726,0.0205177,1.46441,0.00251462,0.00337874,0.00171157,0.0289673,0.0276281
184.451,0.0814054,0.0300552,0.0205189,1.4645,0.00314846,0.00501425,0.00168952,0.0282,0.022954
184.501,0.0812931,0.0298814,0.0205239,1.46473,0.00339289,0.00531187,0.00172682,0.0343944,0.0225972
184.551,0.0811758,0.029729,0.0205276,1.4646,0.00331807,0.00415294,0.00173714,0.0382255,0.0379351
184.601,0.0810844,0.0296273,0.0205289,1.46529,0.00241112,0.00352603,0.00171094,0.0287981,0.0243524
184.651,0.0810739,0.0295013,0.0205302,1.46543,0.00231308,0.00542495,0.00169103,0.0286158,0.0213107
184.701,0.0810921,0.0293137,0.0205353,1.46567,0.00237783,0.0057938,0.00172861,0.0334447,0.0217927
184.751,0.0811107,0.0291447,0.020539,1.46553,0.0024512,0.00462378,0.0017392,0.0367323,0.0372069
184.801,0.0811091,0.0290338,0.0205403,1.46604,0.00247823,0.0035293,0.00171306,0.0291667,0.0274718
184.851,0.0810076,0.0289157,0.0205415,1.46605,0.00310174,0.00517866,0.00169074,0.0285403,0.022986
184.901,0.0808978,0.028743,0.0205466,1.46628,0.00334205,0.00546095,0.00172799,0.0347853,0.0222633
184.951,0.0807842,0.028591,0.0205502,1.46618,0.0032735,0.00429407,0.0017382,0.038569,0.0377899
185.001,0.0806953,0.0284874,0.0205515,1.4669,0.00239278,0.00362517,0.00171183,0.0292669,0.0248205
185.051,0.0806846,0.0283616,0.0205527,1.46699,0.00232146,0.00550026,0.00168947,0.0289299,0.0215644
185.101,0.0807084,0.0281796,0.0205578,1.46724,0.00239935,0.00585776,0.00172678,0.0343056,0.0219716
185.151,0.0807265,0.0280123,0.0205615,1.467,0.00248215,0.00474628,0.00173749,0.0376374,0.0378422
185.201,0.0807178,0.0278965,0.0205628,1.46734,0.0024493,0.00366224,0.00171198,0.0292039,0.0273071
185.251,0.0806142,0.0277745,0.0205642,1.46726,0.00306764,0.00539253,0.00169243,0.0284843,0.0230173
185.301,0.080507,0.0276031,0.0205692,1.4675,0.0033043,0.0056543,0.0017296,0.0343871,0.0219597
185.351,0.080396,0.0274501,0.0205729,1.46741,0.00321699,0.00451909,0.00173985,0.0376745,0.0372999
185.401,0.0803083,0.0273421,0.0205742,1.46803,0.00237747,0.0038247,0.00171362,0.0290902,0.0253027
185.451,0.0803024,0.0272153,0.0205754,1.46813,0.00234701,0.00573782,0.00169132,0.0289375,0.021754
185.501,0.0803306,0.0270349,0.0205805,1.46836,0.00243496,0.00610782,0.00172857,0.0343998,0.0223025
185.551,0.0803543,0.0268699,0.0205842,1.46809,0.00253164,0.00498651,0.0017391,0.0381954,0.0386703
185.601,0.0803526,0.0267554,0.0205855,1.46851,0.00241721,0.00386759,0.00171332,0.0290354,0.0271176
185.651,0.0802544,0.026633,0.0205869,1.46845,0.00300691,0.00572192,0.00169379,0.0283099,0.0231033
185.701,0.0801499,0.0264608,0.020592,1.46869,0.00324784,0.00600278,0.00173126,0.0335079,0.021599
185.751,0.0800428,0.0263067,0.0205957,1.46864,0.00319964,0.00487431,0.00174199,0.036679,0.0363263
185.801,0.0799605,0.0261973,0.0205971,1.46928,0.00237601,0.00407754,0.00171615,0.0287612,0.0255291
185.851,0.0799608,0.0260745,0.0205983,1.4694,0.0023666,0.00600542,0.00169399,0.0290126,0.0217762
185.901,0.0799894,0.0258986,0.0206034,1.46956,0.00245878,0.00633776,0.0017311,0.0353586,0.0224912
185.951,0.080018,0.0257396,0.0206071,1.46926,0.00256248,0.00520282,0.00174159,0.0395891,0.0401618
186.001,0.0800283,0.0256296,0.0206085,1.46988,0.00241007,0.00407508,0.0017158,0.0293232,0.0270693
186.051,0.0799362,0.0255125,0.0206097,1.46985,0.00295741,0.0059368,0.00169387,0.0282384,0.0232946
186.101,0.0798342,0.0253472,0.0206148,1.47005,0.00319296,0.00621908,0.00173099,0.0337213,0.0211844
186.151,0.0797284,0.0251983,0.0206185,1.46993,0.00316422,0.00511803,0.00174149,0.0370249,0.0361189
186.201,0.079645,0.0250919,0.0206199,1.47044,0.00236194,0.00425509,0.00171571,0.0293587,0.0262027
186.251,0.0796473,0.0249745,0.0206213,1.47047,0.00240779,0.00621089,0.00169599,0.0297715,0.0218769
186.301,0.0796808,0.0248082,0.0206263,1.47058,0.00250709,0.0065437,0.00173302,0.0362424,0.0227493
186.351,0.0797154,0.0246585,0.0206301,1.47024,0.00261695,0.00537448,0.00174332,0.0408,0.0410916
186.401,0.0797325,0.0245542,0.0206314,1.47091,0.00238764,0.00425545,0.00171726,0.0297965,0.0269253
186.451,0.0796472,0.0244432,0.0206326,1.47086,0.00286659,0.00616387,0.00169515,0.0287692,0.0232891
186.501,0.0795518,0.0242881,0.0206377,1.47105,0.00308432,0.00644178,0.00173222,0.0340721,0.0207118
186.551,0.0794523,0.0241478,0.0206414,1.47092,0.003074,0.0053403,0.0017426,0.0369569,0.0352633
186.601,0.0793743,0.024046,0.0206428,1.47133,0.00235148,0.00439966,0.00171664,0.0298986,0.026526
186.651,0.0793881,0.0239352,0.0206442,1.47139,0.00249538,0.00642462,0.00169696,0.0302505,0.0218704
186.701,0.079434,0.0237823,0.0206493,1.4715,0.00260565,0.00673763,0.0017343,0.0366676,0.0231001
186.751,0.079478,0.023646,0.020653,1.47112,0.00271067,0.00552262,0.0017449,0.0414162,0.0418834
186.801,0.0795045,0.0235506,0.0206544,1.47185,0.00236674,0.00440845,0.00171896,0.0299145,0.0266927
186.851,0.0794301,0.0234491,0.0206556,1.47182,0.0027299,0.00636608,0.0016968,0.0287841,0.0232837
186.901,0.0793482,0.0233094,0.0206608,1.47204,0.00293411,0.00664813,0.0017338,0.0340484,0.0203599
186.951,0.0792604,0.0231829,0.0206645,1.4719,0.00293103,0.00554188,0.0017442,0.036993,0.0350922
187.001,0.0791912,0.0230902,0.0206659,1.47226,0.00235862,0.00450483,0.00171838,0.0303536,0.0271234
187.051,0.0792143,0.0229937,0.0206671,1.47227,0.00263094,0.00645126,0.00169641,0.0306542,0.0221826
187.101,0.0792773,0.0228637,0.0206722,1.47239,0.00278378,0.00673667,0.00173342,0.0375718,0.0233601
187.151,0.0793389,0.0227478,0.0206759,1.472,0.00289953,0.00554593,0.00174384,0.0427245,0.0427867
187.201,0.0793771,0.0226647,0.0206773,1.47274,0.0023544,0.0045288,0.00171806,0.0303244,0.0264672
187.251,0.0793109,0.0225753,0.0206787,1.47263,0.0025548,0.00657379,0.00169836,0.0290192,0.0232643
187.301,0.0792463,0.0224561,0.0206838,1.47286,0.00272262,0.0068463,0.00173528,0.0338224,0.0201616
187.351,0.079178,0.022348,0.0206875,1.4728,0.00273821,0.00577533,0.00174556,0.03664,0.0348094
187.401,0.0791243,0.0222686,0.0206889,1.4732,0.00239366,0.00461217,0.00171953,0.0305351,0.0275533
187.451,0.0791623,0.0221889,0.0206901,1.47328,0.00281924,0.00652286,0.00169742,0.0309738,0.0222908
187.501,0.0792424,0.0220844,0.0206952,1.47339,0.00298074,0.00678598,0.00173438,0.0382404,0.0236658
187.551,0.0793201,0.0219923,0.0206989,1.47299,0.00308745,0.00556117,0.00174471,0.043429,0.0435449
187.601,0.0793765,0.021926,0.0207003,1.47385,0.00237724,0.00462482,0.00171879,0.0302813,0.0265024
187.651,0.0793341,0.0218526,0.0207017,1.47391,0.00242757,0.0068365,0.00169919,0.0289203,0.0234948
187.701,0.0792888,0.0217579,0.0207068,1.4742,0.00255455,0.007116,0.00173642,0.0330229,0.0198098
187.751,0.0792363,0.0216731,0.0207106,1.47411,0.0025738,0.00602152,0.00174702,0.0354014,0.0339071
187.801,0.0791936,0.0216106,0.020712,1.47433,0.00246627,0.00474612,0.00172114,0.0300434,0.0276451
187.851,0.0792466,0.0215514,0.0207132,1.47436,0.00308197,0.00657242,0.001699,0.0307229,0.0222671
187.901,0.0793462,0.0214766,0.0207183,1.47442,0.00325867,0.00684161,0.0017359,0.03862,0.0242034
187.951,0.0794428,0.0214121,0.020722,1.47398,0.00332943,0.00560957,0.00174609,0.0442086,0.044511
188.001,0.0795162,0.0213661,0.0207234,1.47492,0.00244134,0.00473357,0.00171996,0.0304857,0.02645
188.051,0.0794844,0.0213157,0.0207246,1.47486,0.00232731,0.00694937,0.00169783,0.028798,0.0236941
188.101,0.0794594,0.0212532,0.0207297,1.47512,0.00240168,0.00722564,0.00173476,0.0333616,0.0195
188.151,0.0794268,0.0211986,0.0207334,1.47501,0.00244056,0.00616575,0.00174525,0.0358228,0.0336561
188.201,0.0794001,0.0211592,0.0207348,1.47521,0.00257204,0.00477246,0.00171962,0.0307434,0.0277939
188.251,0.0794711,0.0211239,0.0207362,1.47525,0.00340081,0.00656752,0.00170005,0.0312939,0.0223514
188.301,0.079593,0.0210824,0.0207413,1.4753,0.00361234,0.00680372,0.0017369,0.0392168,0.0245929
188.351,0.0797105,0.0210484,0.020745,1.47485,0.00362083,0.00555225,0.00174699,0.0450207,0.0449759
188.401,0.0798021,0.0210246,0.0207464,1.47583,0.00255782,0.00477278,0.00172072,0.0306788,0.0264318
188.451,0.0797925,0.0209991,0.0207476,1.47583,0.00231512,0.00705702,0.0016985,0.0291848,0.0238198
188.501,0.0797925,0.020972,0.0207527,1.47611,0.00232465,0.00736109,0.0017354,0.0334081,0.0192964
188.551,0.0797823,0.0209508,0.0207564,1.47595,0.00235488,0.0062908,0.00174598,0.0356073,0.0332269
188.601,0.0797723,0.0209366,0.0207578,1.47603,0.00276203,0.00475307,0.00172062,0.0310392,0.028073
188.651,0.0798649,0.020926,0.0207592,1.47607,0.00382733,0.00648946,0.00170134,0.0316307,0.0223374
188.701,0.0800141,0.0209194,0.0207644,1.47612,0.00405786,0.00670753,0.00173849,0.0396121,0.0248481
188.751,0.0801533,0.0209167,0.0207681,1.4756,0.00400653,0.0054362,0.00174887,0.0455448,0.0453388
188.801,0.0802603,0.0209154,0.0207695,1.47654,0.0027583,0.00476304,0.00172269,0.0306525,0.0261813
188.851,0.0802618,0.0209165,0.0207707,1.47635,0.00243492,0.00709241,0.00170036,0.0290882,0.0237216
188.901,0.0802893,0.020927,0.0207758,1.47661,0.00238007,0.00739657,0.00173717,0.0332704,0.0192147
188.951,0.0803073,0.0209412,0.0207796,1.4765,0.00238032,0.00634184,0.00174761,0.0353418,0.0332698
189.001,0.080318,0.0209533,0.0207809,1.47656,0.00300242,0.00465936,0.001722,0.031037,0.0285203
189.051,0.0804264,0.0209668,0.0207822,1.47655,0.00425092,0.00623278,0.00170017,0.0313582,0.0223995
189.101,0.0806033,0.0209933,0.0207873,1.47662,0.00450913,0.00643799,0.00173702,0.0398247,0.0248785
189.151,0.080766,0.0210197,0.020791,1.47606,0.00439344,0.00520681,0.00174711,0.0457199,0.0459971
189.201,0.0808918,0.0210396,0.0207923,1.477,0.0030018,0.00470016,0.00172081,0.0303283,0.0260063
189.251,0.0809151,0.021067,0.0207936,1.47678,0.0027009,0.00708275,0.00170081,0.0286148,0.023699
189.301,0.0809724,0.0211143,0.0207988,1.47703,0.00259413,0.00741165,0.0017376,0.032534,0.0191528
189.351,0.0810215,0.0211629,0.0208025,1.47697,0.00253719,0.00635207,0.00174799,0.034488,0.0330419
189.401,0.0810581,0.0212003,0.0208039,1.47705,0.00330287,0.00458804,0.00172234,0.0307059,0.0288209
189.451,0.0811885,0.0212349,0.0208051,1.47706,0.00474889,0.00603192,0.00170049,0.0310866,0.022525
189.501,0.0813905,0.0212903,0.0208102,1.47705,0.00504348,0.00617808,0.00173732,0.0398346,0.0247253
189.551,0.0815702,0.0213413,0.0208139,1.47635,0.00481642,0.00496644,0.00174738,0.0459685,0.0454178
189.601,0.0817004,0.0213783,0.0208152,1.47704,0.0032953,0.00459751,0.00172103,0.030356,0.0252605
189.651,0.0817356,0.0214297,0.0208165,1.47661,0.00309656,0.00705633,0.00170116,0.0285908,0.0231731
189.701,0.0818247,0.0215109,0.0208217,1.47684,0.0029732,0.00737335,0.00173828,0.0317917,0.0192341
189.751,0.0819059,0.0215908,0.0208255,1.47677,0.0028374,0.00629437,0.00174902,0.0336074,0.0331169
189.801,0.0819655,0.0216501,0.0208269,1.47677,0.00361122,0.00441169,0.0017236,0.030454,0.0294274
189.851,0.0821111,0.0217004,0.0208281,1.4767,0.0052071,0.00568153,0.00170175,0.031214,0.02282
189.901,0.0823398,0.021778,0.0208332,1.47671,0.00550075,0.00582559,0.00173852,0.0401759,0.0245815
189.951,0.0825469,0.0218471,0.0208369,1.47609,0.00516101,0.00463938,0.00174847,0.0463382,0.0452223
190.001,0.0827071,0.0218959,0.0208382,1.47698,0.00356948,0.0044184,0.00172196,0.0304034,0.024887
190.051,0.0827681,0.0219648,0.0208393,1.47661,0.00350754,0.00679943,0.00169956,0.0288233,0.0230293
190.101,0.0828872,0.0220724,0.0208445,1.47684,0.00337209,0.00714381,0.0017364,0.0325575,0.0191341
190.151,0.0829923,0.022176,0.0208482,1.47666,0.00315169,0.0060947,0.00174687,0.0343889,0.0332368
190.201,0.0830644,0.0222506,0.0208495,1.47646,0.00386289,0.00413834,0.00172139,0.0313041,0.0297092
190.251,0.083229,0.0223103,0.0208509,1.47638,0.0056412,0.00524306,0.00170189,0.03179,0.0229808
190.301,0.083484,0.0224012,0.020856,1.4764,0.00596184,0.00536263,0.00173867,0.0410067,0.0248946
190.351,0.0837173,0.0224803,0.0208597,1.47583,0.00552384,0.00423864,0.00174844,0.0471831,0.0453168
190.401,0.0838989,0.022535,0.0208609,1.47683,0.00385531,0.00418113,0.00172155,0.0308446,0.0245918
190.451,0.08399,0.0226169,0.0208621,1.4766,0.00399398,0.00651703,0.00169895,0.0291513,0.0229197
190.501,0.0841423,0.0227436,0.0208672,1.47686,0.00386881,0.00686995,0.00173581,0.0326987,0.0190812
190.551,0.0842733,0.0228645,0.0208709,1.47659,0.00354011,0.00586529,0.00174649,0.0343179,0.0332077
190.601,0.0843592,0.0229487,0.0208723,1.47623,0.00410121,0.00384037,0.00172142,0.0311529,0.0297921
190.651,0.0845414,0.0230119,0.0208736,1.47611,0.00603503,0.00476971,0.00170232,0.0317502,0.0229553
190.701,0.0848203,0.0231087,0.0208788,1.47617,0.00635449,0.00488527,0.00173943,0.0409226,0.0250637
190.751,0.0850773,0.0231909,0.0208825,1.47569,0.00578153,0.00382104,0.00174956,0.0470651,0.0451193
190.801,0.0852818,0.0232456,0.0208837,1.4768,0.00410719,0.00388705,0.00172289,0.030634,0.0242893
190.851,0.0854101,0.0233341,0.0208849,1.47681,0.00449264,0.00613244,0.00170026,0.029092,0.0227719
190.901,0.0855957,0.0234718,0.02089,1.47712,0.00440242,0.00650265,0.00173706,0.0327197,0.0190365
190.951,0.0857531,0.0236011,0.0208937,1.47678,0.0039756,0.00552433,0.00174764,0.0340479,0.0331591
191.001,0.0858539,0.0236885,0.0208951,1.47626,0.00437901,0.00351963,0.00172242,0.0311608,0.0299569
191.051,0.0860451,0.0237465,0.0208963,1.47607,0.00639315,0.00417877,0.00170081,0.0315412,0.0229373
191.101,0.0863446,0.0238383,0.0209013,1.4761,0.00673742,0.00425042,0.00173763,0.0411395,0.0252998
191.151,0.0866185,0.0239135,0.020905,1.4756,0.00604892,0.00331058,0.00174749,0.047519,0.0453916
191.201,0.0868334,0.0239614,0.0209062,1.47673,0.00436744,0.00355956,0.00172075,0.0306404,0.024155
191.251,0.0869813,0.0240509,0.0209075,1.47675,0.00499301,0.00571252,0.00170048,0.0290598,0.0227025
191.301,0.087195,0.0241917,0.0209126,1.47704,0.00492072,0.00608562,0.00173727,0.0326256,0.0189699
191.351,0.0873739,0.0243211,0.0209163,1.47661,0.00438678,0.00510895,0.0017478,0.0340252,0.0328468
191.401,0.087483,0.0244028,0.0209177,1.47589,0.004573,0.00314156,0.00172256,0.0312949,0.029884
191.451,0.0876783,0.0244486,0.0209188,1.47557,0.00668438,0.00352685,0.0017009,0.0317411,0.0228686
191.501,0.0879956,0.024527,0.0209239,1.47561,0.00703884,0.00357063,0.00173773,0.0414346,0.0255523
191.551,0.0882802,0.0245882,0.0209275,1.47508,0.00621074,0.00282251,0.00174739,0.0476066,0.045416
191.601,0.088502,0.0246244,0.0209287,1.47619,0.00457285,0.00315635,0.0017203,0.0307059,0.0239579
191.651,0.0886666,0.0247095,0.02093,1.47615,0.00548133,0.00515364,0.00169993,0.0289845,0.0226091
191.701,0.0889107,0.0248445,0.0209351,1.47648,0.00547326,0.00551685,0.0017371,0.031892,0.0189409
191.751,0.08912,0.0249677,0.0209388,1.47612,0.0048121,0.00461409,0.00174793,0.0330825,0.0324342
191.801,0.0892494,0.0250421,0.0209402,1.47545,0.00474842,0.00280899,0.00172269,0.0307914,0.0298671
191.851,0.0894552,0.0250748,0.0209413,1.4752,0.00686086,0.00298209,0.00170089,0.0313287,0.0228425
191.901,0.0897839,0.0251353,0.0209464,1.47524,0.00723839,0.00299445,0.00173772,0.0412319,0.0256346
191.951,0.0900775,0.0251787,0.02095,1.47473,0.00628792,0.00250036,0.00174739,0.0474522,0.0454702
192.001,0.0903036,0.0251994,0.0209512,1.47584,0.00473016,0.00284131,0.0017203,0.0305048,0.0239804
192.051,0.0904734,0.0252719,0.0209523,1.47569,0.00583204,0.00451899,0.00169751,0.028728,0.0226617
192.101,0.0907373,0.0253936,0.0209574,1.476,0.00585301,0.00489713,0.00173443,0.0320004,0.0188408
192.151,0.0909678,0.025504,0.0209611,1.47571,0.00507953,0.00412074,0.00174506,0.033258,0.0322547
192.201,0.0911122,0.0255656,0.0209624,1.47519,0.00477557,0.00254545,0.00171988,0.0310157,0.0294223
192.251,0.0913232,0.0255804,0.0209637,1.47503,0.00695276,0.00254365,0.00170049,0.0314941,0.022543
192.301,0.0916577,0.0256186,0.0209687,1.47505,0.00731865,0.00254505,0.00173733,0.0413642,0.0261857
192.351,0.0919539,0.0256399,0.0209723,1.47455,0.00624821,0.00236549,0.00174704,0.0475998,0.0457667
192.401,0.0921779,0.0256428,0.0209735,1.4757,0.00476475,0.00256492,0.00172001,0.0304073,0.0238758
192.451,0.0923503,0.0257004,0.0209746,1.47545,0.006101,0.00388198,0.00169721,0.0286491,0.0226033
192.501,0.0926302,0.0258034,0.0209797,1.47575,0.00616301,0.00423536,0.00173414,0.031924,0.0187984
192.551,0.0928749,0.0258958,0.0209833,1.47548,0.00526355,0.00358031,0.00174479,0.0329965,0.0322348
192.601,0.0930189,0.025942,0.0209846,1.47485,0.0047305,0.00239103,0.00171968,0.0306316,0.0294132
192.651,0.093224,0.0259382,0.0209859,1.47458,0.00693735,0.00232666,0.00170044,0.0311371,0.022455
192.701,0.0935608,0.0259517,0.020991,1.47463,0.00730547,0.00234556,0.00173763,0.040749,0.0264455
192.751,0.0938554,0.0259504,0.0209946,1.47417,0.0060965,0.00246164,0.00174756,0.0467352,0.0456562
192.801,0.0940763,0.0259356,0.0209958,1.47534,0.00473499,0.00241441,0.00172045,0.0296671,0.0237403
192.851,0.0942606,0.0259782,0.0209968,1.47518,0.00629302,0.00333103,0.00169745,0.028065,0.0224213
192.901,0.0945546,0.0260614,0.0210019,1.47551,0.00643081,0.00366204,0.00173438,0.0312997,0.018778
192.951,0.0948097,0.0261336,0.0210055,1.4752,0.0054658,0.00313723,0.00174502,0.0325273,0.0321723
193.001,0.0949614,0.0261617,0.0210068,1.47468,0.00468614,0.00238095,0.00171988,0.0302132,0.0292444
193.051,0.0951577,0.0261365,0.021008,1.47446,0.00678615,0.00240443,0.00169823,0.0307018,0.0223378
193.101,0.0954865,0.0261228,0.021013,1.47447,0.00717184,0.00246476,0.00173518,0.0406307,0.0266854
193.151,0.0957677,0.0260964,0.0210165,1.47393,0.00587898,0.00276278,0.00174489,0.0467363,0.0459453
193.201,0.0959679,0.0260623,0.0210177,1.47498,0.00469838,0.00236842,0.00171782,0.0295891,0.023692
193.251,0.096138,0.0260862,0.0210189,1.4746,0.0064515,0.00280557,0.00169723,0.0278724,0.0223635
193.301,0.0964377,0.0261452,0.0210239,1.47486,0.0066387,0.0030687,0.00173417,0.0310229,0.0188202
193.351,0.0967099,0.0261958,0.0210276,1.47475,0.00555633,0.00273066,0.00174482,0.0321466,0.0322676
193.401,0.0968766,0.0262094,0.0210289,1.47454,0.00455745,0.00249098,0.00171973,0.0299795,0.0292873
193.451,0.0970635,0.0261675,0.02103,1.47438,0.00659382,0.00271788,0.00169809,0.0306857,0.0223504
193.501,0.0973776,0.0261292,0.021035,1.47432,0.00696638,0.00283366,0.00173505,0.0405775,0.0266921
193.551,0.0976383,0.0260802,0.0210386,1.47371,0.00558898,0.00315994,0.00174457,0.0465502,0.045539
193.601,0.0978118,0.0260294,0.0210397,1.4746,0.00456832,0.00244322,0.00171717,0.0295233,0.0232722
193.651,0.0979751,0.0260367,0.0210409,1.47414,0.00652911,0.00247072,0.00169654,0.027862,0.0220798
193.701,0.0982792,0.0260725,0.0210459,1.47438,0.00677446,0.00263144,0.00173386,0.0305781,0.018867
193.751,0.098554,0.0261001,0.0210496,1.47427,0.00557336,0.00246554,0.0017448,0.0316939,0.032095
193.801,0.0987145,0.0260959,0.0210509,1.47407,0.00434401,0.00268796,0.00171972,0.0296021,0.029127
193.851,0.0988818,0.0260371,0.021052,1.47392,0.00621168,0.00317213,0.00169794,0.0302627,0.022298
193.901,0.0991768,0.025976,0.021057,1.47387,0.0065634,0.00334711,0.00173489,0.0401525,0.026571
193.951,0.0994181,0.0259083,0.0210605,1.4733,0.00514699,0.00354688,0.00174443,0.0462624,0.0451659
194.001,0.0995756,0.025846,0.0210616,1.47426,0.00432233,0.00256888,0.00171706,0.0294892,0.0232438
194.051,0.0997314,0.0258388,0.0210627,1.4739,0.00629358,0.00231822,0.001694,0.0277789,0.0219013
194.101,0.100028,0.0258536,0.0210677,1.47416,0.00657986,0.00238514,0.00173108,0.0309557,0.0189001
194.151,0.100281,0.0258605,0.0210713,1.47387,0.00533583,0.0023656,0.00174184,0.0322238,0.0324717
194.201,0.100407,0.0258403,0.0210725,1.4734,0.00396784,0.00286972,0.00171684,0.0298225,0.0289903
194.251,0.100547,0.025768,0.0210738,1.47315,0.00570101,0.00362637,0.00169745,0.0303571,0.0221819
194.301,0.100818,0.0256894,0.0210788,1.47314,0.00604202,0.00386701,0.00173443,0.0401648,0.0267451
194.351,0.101039,0.0256067,0.0210823,1.47267,0.00463247,0.00394,0.00174383,0.0459811,0.0449989
194.401,0.101182,0.0255351,0.0210834,1.47375,0.00402281,0.00275541,0.00171618,0.0292862,0.023117
194.451,0.10133,0.0255143,0.0210844,1.47343,0.00605908,0.00237269,0.00169293,0.0276309,0.0217738
194.501,0.101617,0.0255077,0.0210894,1.4737,0.00641247,0.00233542,0.00173007,0.0309732,0.0189173
194.551,0.101866,0.025496,0.0210929,1.47352,0.0051091,0.00239618,0.00174075,0.0321563,0.0325341
194.601,0.10199,0.0254662,0.0210942,1.47326,0.00363007,0.00309882,0.00171556,0.0296536,0.0287155
194.651,0.102116,0.0253862,0.0210954,1.47314,0.00521259,0.00411471,0.00169615,0.0301901,0.0220633
194.701,0.102362,0.0252924,0.0211004,1.47315,0.00555059,0.00440449,0.00173355,0.0395418,0.0268615
194.751,0.102553,0.0251983,0.0211039,1.47263,0.00415571,0.00429576,0.00174326,0.0454317,0.0447806
194.801,0.102661,0.025121,0.021105,1.47354,0.00370284,0.00295625,0.00171567,0.0290313,0.0230063
194.851,0.102772,0.0250889,0.021106,1.47292,0.00575129,0.00260573,0.00169237,0.0275189,0.0216506
194.901,0.103043,0.0250639,0.021111,1.47315,0.00617031,0.00250992,0.00172954,0.0308392,0.0189848
194.951,0.103284,0.0250372,0.0211146,1.47305,0.00487823,0.00253742,0.00174028,0.032099,0.0328179
195.001,0.103403,0.025001,0.0211158,1.47298,0.00331516,0.00328249,0.00171517,0.0294662,0.0286349
195.051,0.103499,0.0249185,0.0211169,1.47286,0.00463409,0.0044682,0.00169342,0.0299621,0.0220729
195.101,0.103711,0.0248172,0.0211218,1.47285,0.00492616,0.00479744,0.00173058,0.0396726,0.0266948
195.151,0.103869,0.0247186,0.0211253,1.47233,0.00362029,0.00450608,0.00174013,0.0455782,0.0446963
195.201,0.103954,0.0246409,0.0211264,1.47331,0.0033964,0.00306823,0.00171267,0.0291399,0.0229706
195.251,0.104067,0.0246038,0.0211275,1.47298,0.0054261,0.0028536,0.00169181,0.0274713,0.0216221
195.301,0.104323,0.0245674,0.0211325,1.47325,0.00586554,0.00274756,0.001729,0.0307719,0.0190125
195.351,0.104541,0.0245302,0.021136,1.47308,0.00454726,0.00267357,0.00173961,0.0321195,0.0325003
195.401,0.104632,0.0244893,0.0211373,1.4729,0.00299929,0.00334475,0.00171424,0.0293746,0.0282343
195.451,0.104699,0.0244069,0.0211383,1.47276,0.00405885,0.00469776,0.0016923,0.0298246,0.0217936
195.501,0.10488,0.0243045,0.0211432,1.47278,0.00431165,0.00506278,0.0017295,0.039341,0.0268502
195.551,0.105015,0.024207,0.0211467,1.47241,0.00315829,0.00458565,0.00173916,0.0448576,0.044528
195.601,0.105086,0.0241329,0.0211478,1.47356,0.0031162,0.0031177,0.00171187,0.0288414,0.0229579
195.651,0.10521,0.0240925,0.021149,1.47359,0.00510801,0.00312036,0.00169122,0.0273128,0.0216372
195.701,0.105453,0.0240471,0.0211539,1.47391,0.00555862,0.00305792,0.00172878,0.0303308,0.0190898
195.751,0.105646,0.0240017,0.0211575,1.47366,0.0042519,0.00285881,0.00173966,0.0315446,0.0323763
195.801,0.105712,0.0239581,0.0211587,1.47339,0.00274289,0.00342215,0.00171429,0.0288191,0.0279271
195.851,0.105748,0.0238793,0.0211598,1.4732,0.00350412,0.00489825,0.00169221,0.0294037,0.0217182
195.901,0.105892,0.0237789,0.0211647,1.47323,0.00369521,0.00531867,0.00172941,0.0388066,0.0265613
195.951,0.105989,0.0236854,0.0211681,1.47283,0.00275481,0.00465748,0.00173888,0.0442949,0.0441336
196.001,0.106031,0.0236174,0.0211692,1.47389,0.00285097,0.00318583,0.00171126,0.0286306,0.0228517
196.051,0.106112,0.0235762,0.0211702,1.47359,0.00463099,0.00337845,0.001688,0.0269594,0.0213363
196.101,0.106328,0.0235266,0.0211751,1.47388,0.00513182,0.0033355,0.00172537,0.0303844,0.0192491
196.151,0.106508,0.0234797,0.0211786,1.47375,0.00392763,0.0029812,0.00173613,0.0317601,0.0327814
196.201,0.106571,0.0234403,0.0211798,1.47373,0.00255104,0.00338191,0.00171093,0.0287836,0.0277178
196.251,0.106592,0.0233709,0.021181,1.4737,0.00306287,0.0049597,0.00169132,0.0292829,0.0216071
196.301,0.106704,0.0232783,0.0211859,1.47374,0.00320478,0.00541464,0.00172855,0.0382882,0.026456
196.351,0.106773,0.0231936,0.0211893,1.47338,0.00251616,0.00459349,0.0017379,0.0435141,0.0437974
196.401,0.106795,0.0231339,0.0211903,1.47446,0.00266932,0.00316143,0.00171006,0.0282372,0.0228834
196.451,0.10687,0.0230949,0.0211913,1.47435,0.00425783,0.00356607,0.00168668,0.0266253,0.0212948
196.501,0.107065,0.023045,0.0211962,1.47465,0.00472984,0.00357826,0.0017241,0.0302066,0.0193099
196.551,0.10722,0.0229985,0.0211997,1.47448,0.00361407,0.0030738,0.00173498,0.0315526,0.0328102
196.601,0.107261,0.0229628,0.0212009,1.47444,0.00241628,0.00332818,0.00170997,0.0284037,0.0273307
196.651,0.107261,0.0229018,0.0212022,1.47442,0.00270238,0.00500084,0.00169057,0.028982,0.0214696
196.701,0.107342,0.022819,0.0212071,1.47448,0.00279642,0.00547895,0.00172818,0.037346,0.0261543
196.751,0.107382,0.022745,0.0212105,1.47416,0.00238581,0.00451724,0.001738,0.0423698,0.0427402
196.801,0.107383,0.0226956,0.0212116,1.47517,0.00252519,0.00313491,0.00171053,0.027796,0.0225458
196.851,0.107436,0.022661,0.0212126,1.475,0.00386856,0.00372745,0.00168722,0.0264228,0.0208993
196.901,0.107608,0.0226139,0.0212174,1.47528,0.00433488,0.00377817,0.00172461,0.0302874,0.0196557
196.951,0.107746,0.0225715,0.0212209,1.47517,0.00335626,0.00312552,0.00173528,0.0316485,0.0333188
197.001,0.107779,0.0225419,0.0212221,1.47524,0.00236282,0.00322072,0.00170986,0.0282519,0.0271677
197.051,0.107753,0.0224923,0.0212232,1.47519,0.0024334,0.0048804,0.00168782,0.02868,0.0213732
197.101,0.107803,0.0224231,0.021228,1.47526,0.00248569,0.0053879,0.0017252,0.0373035,0.0260034
197.151,0.107818,0.0223623,0.0212314,1.47498,0.00235449,0.00433406,0.00173488,0.0422007,0.0428557
197.201,0.107804,0.0223231,0.0212325,1.47604,0.00243751,0.00304209,0.00170753,0.0277852,0.0228568
197.251,0.107857,0.022294,0.0212337,1.47608,0.00356459,0.00380499,0.0016867,0.0261852,0.021032
197.301,0.10801,0.0222525,0.0212385,1.47637,0.00400747,0.00393396,0.00172411,0.0298777,0.0198111
197.351,0.108128,0.0222156,0.021242,1.47626,0.00314623,0.00316486,0.00173465,0.0311279,0.0332238
197.401,0.108149,0.0221914,0.0212432,1.47635,0.00235056,0.00311822,0.00170895,0.0275796,0.0268832
197.451,0.108107,0.0221528,0.0212442,1.47633,0.00231661,0.00476481,0.0016867,0.0280219,0.0212822
197.501,0.10813,0.0220974,0.021249,1.4764,0.00234147,0.00528047,0.00172413,0.0363986,0.025588
197.551,0.108121,0.0220499,0.0212524,1.47613,0.00240395,0.00414551,0.00173391,0.0409919,0.0418013
197.601,0.108089,0.0220208,0.0212535,1.47709,0.00238483,0.00297929,0.00170673,0.0273275,0.0226283
197.651,0.108134,0.021997,0.0212547,1.47718,0.00332164,0.00392126,0.00168608,0.0259124,0.020794
197.701,0.108268,0.0219619,0.0212595,1.47745,0.00373226,0.00410412,0.00172387,0.0294206,0.0200865
197.751,0.108369,0.0219318,0.021263,1.47733,0.0029845,0.00318927,0.00173446,0.030666,0.0331911
197.801,0.108374,0.0219136,0.0212642,1.47738,0.00236036,0.00301139,0.0017084,0.0271847,0.0264449
197.851,0.108309,0.0218854,0.0212652,1.47726,0.00229064,0.00460315,0.00168584,0.0276688,0.0210137
197.901,0.108307,0.0218441,0.02127,1.47732,0.00231665,0.00511838,0.0017233,0.0358477,0.0254706
197.951,0.108276,0.0218094,0.0212734,1.47703,0.00248525,0.00394834,0.00173317,0.040443,0.0418096
198.001,0.108227,0.0217893,0.0212745,1.4779,0.00235781,0.00288761,0.00170611,0.0274085,0.022933
198.051,0.108247,0.0217722,0.0212755,1.47784,0.00303321,0.00388955,0.00168315,0.0259592,0.020853
198.101,0.108359,0.0217464,0.0212803,1.47809,0.00340578,0.00409504,0.00172071,0.0300948,0.0202237
198.151,0.108447,0.0217247,0.0212837,1.47802,0.00282825,0.00310405,0.00173118,0.0315345,0.0333235
198.201,0.108453,0.021713,0.0212849,1.47822,0.00238064,0.00284598,0.00170526,0.027771,0.026152
198.251,0.108385,0.0216945,0.0212861,1.4782,0.0023387,0.00436737,0.00168516,0.0282917,0.0208977
198.301,0.108362,0.0216667,0.0212909,1.47829,0.00238467,0.00489115,0.00172264,0.036183,0.0252413
198.351,0.108314,0.0216438,0.0212942,1.47805,0.00260178,0.00369117,0.00173237,0.0403167,0.0410723
198.401,0.108263,0.0216312,0.0212953,1.47896,0.00234239,0.00275867,0.00170506,0.0277214,0.0227218
198.451,0.108273,0.0216197,0.0212963,1.47885,0.00283156,0.00383829,0.00168196,0.0263455,0.0206374
198.501,0.10837,0.0216025,0.0213011,1.47911,0.00316142,0.00409263,0.00171958,0.0304338,0.0205265
198.551,0.108445,0.0215885,0.0213045,1.47905,0.00271597,0.00305462,0.00173016,0.0317479,0.0334407
198.601,0.108447,0.0215811,0.0213057,1.47929,0.00240252,0.00271887,0.0017044,0.0276312,0.0257747
198.651,0.108376,0.0215697,0.0213069,1.47932,0.00241148,0.00420471,0.00168451,0.0281889,0.0207558
198.701,0.108337,0.0215535,0.0213117,1.47944,0.00248526,0.00469426,0.00172234,0.0354877,0.0248182
198.751,0.108279,0.0215408,0.0213151,1.47923,0.00266212,0.00348054,0.00173231,0.0392824,0.0401905
198.801,0.108226,0.021534,0.0213162,1.48012,0.00233977,0.00267334,0.00170501,0.0273325,0.0226881
198.851,0.108236,0.0215274,0.0213172,1.4801,0.0026967,0.00378119,0.00168181,0.026002,0.020527
198.901,0.108319,0.0215187,0.0213219,1.48036,0.00297656,0.00409121,0.00171943,0.0303724,0.0208423
198.951,0.108384,0.0215119,0.0213254,1.4803,0.00265497,0.00300415,0.00173004,0.0319181,0.0337298
199.001,0.108383,0.0215085,0.0213265,1.48057,0.00241414,0.00262303,0.0017043,0.0275234,0.0256026
199.051,0.108302,0.0215032,0.0213276,1.48056,0.0024836,0.00395907,0.00168205,0.0278724,0.0206638
199.101,0.10825,0.0214974,0.0213324,1.48068,0.0025983,0.00445243,0.00171966,0.0352931,0.0246822
199.151,0.108182,0.0214932,0.0213357,1.48049,0.00273854,0.00327261,0.00172967,0.0391188,0.0402647
199.201,0.108126,0.0214909,0.0213368,1.48139,0.00233388,0.00259713,0.00170281,0.0273485,0.0230561
199.251,0.108137,0.0214886,0.021338,1.48144,0.00261478,0.0037492,0.00168224,0.0257927,0.0206941
199.301,0.108211,0.0214878,0.0213428,1.4817,0.00285632,0.00409643,0.00171984,0.0300461,0.0210888
199.351,0.108268,0.0214875,0.0213461,1.48165,0.00263015,0.00296705,0.00173001,0.0314046,0.0335552
199.401,0.108268,0.0214871,0.0213473,1.48192,0.00240327,0.00254422,0.00170351,0.0270501,0.0251896
199.451,0.108179,0.0214864,0.0213483,1.48185,0.00254407,0.00377068,0.00168085,0.0274506,0.0204578
199.501,0.108118,0.0214892,0.0213531,1.48197,0.00269341,0.00421231,0.00171849,0.0346248,0.0244785
199.551,0.108044,0.0214919,0.0213564,1.48182,0.00276364,0.00308908,0.0017284,0.0382814,0.0398572
199.601,0.107988,0.0214927,0.0213575,1.4827,0.00233016,0.00253641,0.00170137,0.0272853,0.0232751
199.651,0.108003,0.021494,0.0213587,1.48284,0.00254258,0.0037395,0.00168085,0.0259674,0.0208406
199.701,0.108068,0.0215005,0.0213634,1.48311,0.00273424,0.00409723,0.00171883,0.0300007,0.0210643
199.751,0.108114,0.0215062,0.0213668,1.48307,0.00257666,0.00293293,0.00172931,0.0313147,0.0328169
199.801,0.108113,0.0215082,0.021368,1.48335,0.00240602,0.00248834,0.0017029,0.0268006,0.0246452
199.851,0.108029,0.021511,0.021369,1.48334,0.00261982,0.00359072,0.00168023,0.0273345,0.0203099
199.901,0.107958,0.0215208,0.0213737,1.48347,0.00279739,0.00402905,0.0017179,0.0343287,0.0244409
199.951,0.107878,0.021529,0.0213771,1.48331,0.00279176,0.00294022,0.00172787,0.03795,0.0398568
200.001,0.107823,0.0215319,0.0213782,1.48413,0.0023287,0.00248578,0.00170093,0.027401,0.0237624
200.051,0.107823,0.0215361,0.0213792,1.48408,0.00247349,0.00363967,0.00167809,0.025836,0.020998
200.101,0.107879,0.0215493,0.021384,1.48434,0.00264013,0.00402475,0.00171586,0.0302217,0.0212576
200.151,0.107926,0.0215602,0.0213873,1.48435,0.00256725,0.00288147,0.0017262,0.0316996,0.032825
200.201,0.107935,0.0215642,0.0213885,1.48473,0.00238588,0.00244585,0.0016999,0.0270201,0.0243509
200.251,0.107859,0.0215696,0.0213896,1.48482,0.0026699,0.00348071,0.0016797,0.0273247,0.020265
200.301,0.107781,0.0215854,0.0213944,1.48496,0.00287696,0.00388114,0.00171739,0.0338093,0.0241975
200.351,0.107695,0.0215979,0.0213977,1.48476,0.00280389,0.00283484,0.00172741,0.0371764,0.0394573
200.401,0.107636,0.0216022,0.0213988,1.48545,0.00232764,0.00247041,0.00170055,0.02738,0.0241569
200.451,0.107632,0.0216091,0.0213999,1.48532,0.00243641,0.00364844,0.00167777,0.0257581,0.0211585
200.501,0.107679,0.0216286,0.0214046,1.48553,0.00257615,0.00403099,0.00171554,0.0302821,0.0215079
200.551,0.107726,0.0216444,0.0214079,1.48559,0.00256527,0.00287413,0.00172569,0.0317505,0.0329052
200.601,0.107746,0.02165,0.021409,1.48606,0.0023675,0.00242337,0.00169909,0.0271038,0.0241502
200.651,0.107676,0.0216575,0.0214102,1.48619,0.00268593,0.00340415,0.00167881,0.0275507,0.0201992
200.701,0.107595,0.0216784,0.0214149,1.48634,0.00288552,0.00376219,0.00171686,0.033518,0.0238545
200.751,0.107512,0.0216948,0.0214183,1.48619,0.00274735,0.00277089,0.00172736,0.0366256,0.0386983
200.801,0.107463,0.0217002,0.0214194,1.48691,0.00233254,0.0024562,0.00170088,0.0274263,0.0244628
200.851,0.10747,0.0217097,0.0214205,1.48694,0.00243212,0.00363037,0.0016782,0.0259215,0.0212385
200.901,0.107516,0.021735,0.0214252,1.48716,0.00256255,0.00401287,0.00171594,0.0305543,0.0217544
200.951,0.107564,0.0217553,0.0214286,1.48722,0.00260414,0.00285475,0.00172607,0.0321465,0.0328761
201.001,0.107586,0.0217623,0.0214297,1.48769,0.0023441,0.0023974,0.0016994,0.027208,0.0239013
201.051,0.107514,0.0217708,0.0214307,1.48774,0.00265763,0.00324638,0.00167669,0.0274421,0.0201425
201.101,0.107435,0.0217955,0.0214354,1.48792,0.00288759,0.00358952,0.00171449,0.0334167,0.0238646
201.151,0.107356,0.0218145,0.0214388,1.48783,0.00271809,0.00265668,0.00172479,0.0367178,0.0389875
201.201,0.107312,0.0218204,0.0214399,1.48859,0.00233677,0.0024127,0.00169836,0.0277955,0.0250146
201.251,0.107325,0.0218326,0.0214411,1.48867,0.00244144,0.00357297,0.00167812,0.0259768,0.0215612
201.301,0.107373,0.0218632,0.0214458,1.48894,0.00256752,0.00397952,0.00171586,0.030653,0.0217697
201.351,0.107418,0.0218878,0.0214491,1.48895,0.00263792,0.00285445,0.00172579,0.032074,0.0325117
201.401,0.107434,0.021897,0.0214502,1.48928,0.00232807,0.00238934,0.00169877,0.0270848,0.0235474
201.451,0.107357,0.0219071,0.0214513,1.48921,0.00262914,0.00318879,0.00167587,0.0273566,0.0201224
201.501,0.10728,0.0219357,0.0214559,1.4894,0.00286513,0.00351266,0.00171371,0.0331806,0.0236773
201.551,0.107204,0.0219578,0.0214593,1.48934,0.00266475,0.00262361,0.00172408,0.0362654,0.0384106
201.601,0.107165,0.0219646,0.0214604,1.49007,0.00235297,0.0024138,0.00169778,0.0277518,0.0252212
201.651,0.107184,0.0219801,0.0214616,1.49023,0.00244611,0.00363113,0.00167773,0.0260857,0.0215884
201.701,0.107231,0.0220169,0.0214663,1.4905,0.00255374,0.00403283,0.00171582,0.0303914,0.0219171
201.751,0.10727,0.0220464,0.0214697,1.49046,0.00264596,0.00290586,0.00172595,0.0318473,0.0321262
201.801,0.107282,0.0220579,0.0214708,1.49073,0.00232392,0.00239391,0.00169887,0.0267582,0.0230568
201.851,0.107206,0.0220697,0.0214718,1.49065,0.00262232,0.00316087,0.00167587,0.0270921,0.0198977
201.901,0.107129,0.0221023,0.0214765,1.49084,0.00286558,0.00347605,0.00171371,0.033005,0.0237313
201.951,0.107053,0.0221273,0.0214798,1.49076,0.00265247,0.00259662,0.00172408,0.0360464,0.0386002
202.001,0.107013,0.022135,0.021481,1.49143,0.00236086,0.00241818,0.00169778,0.0278903,0.0259752
202.051,0.107023,0.022153,0.0214821,1.49142,0.00244409,0.00362495,0.00167547,0.0259397,0.0221095
202.101,0.10707,0.0221952,0.0214867,1.49169,0.00255119,0.00403489,0.00171332,0.0307798,0.021959
202.151,0.107113,0.0222291,0.0214901,1.49166,0.00266979,0.00291317,0.00172325,0.032445,0.0327564
202.201,0.107132,0.0222429,0.0214912,1.49199,0.00231478,0.00239822,0.00169623,0.0269869,0.0229632
202.251,0.107061,0.0222569,0.0214923,1.49192,0.00261491,0.00317307,0.00167566,0.027066,0.0198065
202.301,0.106983,0.0222939,0.021497,1.49212,0.00286539,0.00347498,0.00171351,0.0324372,0.0234514
202.351,0.106908,0.0223226,0.0215003,1.49205,0.00262569,0.00261272,0.0017239,0.035452,0.0381166
202.401,0.106869,0.022332,0.0215015,1.49267,0.00237018,0.00244307,0.00169763,0.0279009,0.0264397
202.451,0.106883,0.0223536,0.0215026,1.4927,0.00244129,0.00372339,0.00167536,0.0262966,0.0223446
202.501,0.106929,0.0224027,0.0215072,1.49296,0.00253924,0.00413825,0.00171322,0.0312131,0.0220028
202.551,0.106973,0.0224423,0.0215106,1.49296,0.00268588,0.00300616,0.00172316,0.0328742,0.0329897
202.601,0.107001,0.0224591,0.0215117,1.49338,0.00231481,0.00243368,0.00169614,0.0269912,0.0227329
202.651,0.106942,0.0224769,0.0215129,1.49345,0.00260909,0.00328974,0.00167575,0.0273149,0.019753
202.701,0.106863,0.0225203,0.0215175,1.49365,0.00286052,0.00359722,0.00171394,0.0321792,0.0231945
202.751,0.106791,0.0225544,0.0215209,1.49362,0.00260611,0.0026986,0.0017247,0.0348277,0.0372983
202.801,0.10676,0.0225665,0.0215221,1.49427,0.00239175,0.00249703,0.00169867,0.027724,0.0266742
202.851,0.106785,0.022592,0.0215232,1.49443,0.00246214,0.00384003,0.00167645,0.026163,0.0223141
202.901,0.10683,0.0226489,0.0215279,1.49466,0.00255147,0.0042734,0.00171428,0.0314694,0.0224064
202.951,0.106874,0.0226951,0.0215312,1.49458,0.00271259,0.00312046,0.00172434,0.0335251,0.0343658
203.001,0.106901,0.0227154,0.0215323,1.49501,0.00231886,0.00249332,0.00169751,0.0269743,0.0227817
203.051,0.106834,0.0227353,0.0215334,1.49494,0.00259607,0.00337301,0.00167484,0.0270215,0.0198226
203.101,0.106752,0.0227848,0.021538,1.4951,0.00287185,0.00367509,0.00171273,0.0320794,0.022996
203.151,0.106676,0.0228239,0.0215414,1.49502,0.00261233,0.00275656,0.00172317,0.0346841,0.0375663
203.201,0.106644,0.0228384,0.0215426,1.49563,0.00238896,0.00254453,0.00169701,0.0277333,0.0272038
203.251,0.106672,0.0228687,0.0215438,1.49578,0.00245911,0.00396659,0.00167709,0.0262259,0.022809
203.301,0.106715,0.0229337,0.0215484,1.49601,0.00255372,0.00437939,0.00171489,0.0314551,0.0223902
203.351,0.106764,0.0229869,0.0215518,1.49598,0.00272435,0.00322175,0.00172512,0.0336275,0.0345147
203.401,0.106805,0.0230119,0.0215529,1.49654,0.00232587,0.0025465,0.00169854,0.0266657,0.0224836
203.451,0.10675,0.0230361,0.021554,1.49656,0.00256531,0.00348241,0.00167599,0.0269158,0.019731
203.501,0.106673,0.023093,0.0215587,1.49674,0.00284015,0.00378805,0.00171385,0.0318905,0.0228608
203.551,0.106601,0.0231388,0.0215621,1.49667,0.00259404,0.0028337,0.0017246,0.0346109,0.0379156
203.601,0.10657,0.0231568,0.0215633,1.49727,0.00241059,0.00259051,0.00169898,0.0277566,0.0277693
203.651,0.106601,0.0231938,0.0215645,1.49746,0.00247717,0.00411869,0.00167946,0.026447,0.0230499
203.701,0.106646,0.0232685,0.0215692,1.4977,0.00256203,0.00452955,0.0017175,0.0314048,0.0225477
203.751,0.106699,0.0233303,0.0215726,1.49769,0.00275593,0.00335927,0.00172791,0.0338416,0.0347248
203.801,0.106746,0.0233616,0.0215738,1.49831,0.00233529,0.00262886,0.00170125,0.0265606,0.0222985
203.851,0.106699,0.0233913,0.0215749,1.49838,0.00255503,0.00362436,0.0016785,0.026998,0.0197346
203.901,0.106623,0.0234569,0.0215795,1.49855,0.00283685,0.00394454,0.00171626,0.0322033,0.022487
203.951,0.106548,0.0235106,0.0215829,1.49841,0.00258314,0.00295797,0.00172678,0.0349528,0.0379007
204.001,0.106516,0.0235329,0.0215841,1.49892,0.00243132,0.00266835,0.00170083,0.0281919,0.0280503
204.051,0.106544,0.0235747,0.0215852,1.49897,0.0025215,0.00423389,0.00167872,0.0267678,0.0229998
204.101,0.106593,0.023659,0.0215899,1.49915,0.00261662,0.00467469,0.00171647,0.0325422,0.0229635
204.151,0.106646,0.0237294,0.0215932,1.49903,0.0028319,0.00349734,0.00172655,0.0354409,0.0357558
204.201,0.106689,0.0237657,0.0215944,1.49957,0.00234013,0.00272312,0.00169971,0.0271959,0.022202
204.251,0.106636,0.023801,0.0215956,1.49953,0.00252091,0.0038125,0.00167933,0.0274702,0.0197219
204.301,0.106562,0.023877,0.0216003,1.49968,0.00278281,0.00414557,0.00171707,0.0323521,0.0222112
204.351,0.106491,0.0239405,0.0216037,1.49955,0.00256084,0.00311717,0.00172791,0.0349994,0.0378289
204.401,0.106462,0.0239689,0.0216049,1.50006,0.00245182,0.00276759,0.00170253,0.028631,0.0285864
204.451,0.106494,0.024017,0.0216061,1.50015,0.00255569,0.0043767,0.00168074,0.0274601,0.0230333
204.501,0.106547,0.0241122,0.0216108,1.50032,0.0026587,0.00480798,0.00171841,0.0335814,0.0230366
204.551,0.106606,0.0241917,0.0216141,1.50022,0.00287159,0.00360748,0.00172851,0.0365188,0.0358648
204.601,0.106658,0.0242352,0.0216153,1.50088,0.00235143,0.00279648,0.00170175,0.0276104,0.0218234
204.651,0.106617,0.0242794,0.0216165,1.50096,0.00251707,0.00400335,0.00168147,0.0282801,0.0196273
204.701,0.106546,0.0243668,0.0216212,1.50114,0.00275164,0.0043304,0.00171945,0.0327881,0.0219824
204.751,0.106476,0.0244412,0.0216247,1.50096,0.0025348,0.00326742,0.0017305,0.0352293,0.037747
204.801,0.106445,0.0244772,0.0216259,1.50137,0.00247636,0.00283487,0.00170508,0.0289218,0.0289012
204.851,0.106479,0.0245334,0.0216272,1.50141,0.00261385,0.00449989,0.00168532,0.0278689,0.0231072
204.901,0.106538,0.0246397,0.0216319,1.50158,0.00273148,0.0049434,0.0017228,0.034431,0.0233538
204.951,0.106608,0.0247301,0.0216353,1.5015,0.00296261,0.00373962,0.00173273,0.037718,0.0366834
205.001,0.106673,0.0247817,0.0216365,1.50225,0.00238038,0.00290237,0.00170569,0.0279958,0.0220259
205.051,0.106639,0.0248328,0.0216376,1.50234,0.00245052,0.00414541,0.00168277,0.0283663,0.0198286
205.101,0.106578,0.0249312,0.0216423,1.50255,0.00267908,0.00446438,0.00172035,0.0331053,0.021589
205.151,0.106514,0.0250166,0.0216457,1.50241,0.0025144,0.00340348,0.00173129,0.0355284,0.0377245
205.201,0.106482,0.0250601,0.021647,1.50277,0.00250296,0.00289731,0.00170613,0.0292905,0.0291871
205.251,0.106518,0.0251241,0.0216483,1.50278,0.00268064,0.00461102,0.00168666,0.0281188,0.0230649
205.301,0.106585,0.0252416,0.021653,1.50295,0.00281642,0.00503736,0.00172409,0.0350677,0.0237849
205.351,0.106663,0.0253421,0.0216564,1.50288,0.00304238,0.00382437,0.00173389,0.0384758,0.0374311
205.401,0.106735,0.0254022,0.0216575,1.5037,0.00239818,0.00298551,0.00170666,0.0280807,0.0218973
205.451,0.106706,0.0254631,0.0216586,1.50379,0.00241492,0.00432635,0.00168362,0.0284346,0.0198452
205.501,0.106651,0.0255748,0.0216633,1.50403,0.00262074,0.00467901,0.00172119,0.0329791,0.0212331
205.551,0.106588,0.0256733,0.0216668,1.5038,0.00247997,0.00359264,0.00173222,0.0351829,0.0375638
205.601,0.106552,0.0257261,0.0216681,1.50401,0.00254188,0.00299967,0.00170729,0.0293425,0.0293617
205.651,0.106591,0.0257991,0.0216694,1.50398,0.00278149,0.0047608,0.00168795,0.0282275,0.0230991
205.701,0.106668,0.0259294,0.0216741,1.50413,0.00293441,0.00519193,0.00172534,0.0355937,0.0241345
205.751,0.106754,0.0260413,0.0216775,1.50402,0.00315778,0.0039781,0.00173523,0.0393558,0.0383738
205.801,0.106832,0.0261102,0.0216787,1.50487,0.00243356,0.00314465,0.00170817,0.0281168,0.0218677
205.851,0.106807,0.0261813,0.0216799,1.50495,0.00237681,0.00459876,0.00168744,0.0284358,0.0199195
205.901,0.10676,0.0263083,0.0216846,1.50516,0.00254107,0.00495733,0.00172483,0.0330875,0.0210293
205.951,0.106706,0.0264211,0.0216881,1.50497,0.00245142,0.00383392,0.00173572,0.035315,0.0375253
206.001,0.106679,0.0264834,0.0216894,1.50523,0.00259029,0.00311433,0.00171062,0.0295586,0.0298861
206.051,0.106723,0.0265641,0.0216906,1.50517,0.00290715,0.00490228,0.00168891,0.0286928,0.0233631
206.101,0.10681,0.0267062,0.0216953,1.50529,0.00308048,0.00529611,0.00172624,0.0364852,0.02437
206.151,0.106906,0.026828,0.0216987,1.50515,0.00328862,0.00405549,0.00173605,0.0406308,0.0390112
206.201,0.106993,0.0269048,0.0216999,1.50605,0.00246915,0.00324847,0.00170885,0.0285368,0.0219977
206.251,0.106978,0.0269871,0.0217011,1.50618,0.0023336,0.00482143,0.0016881,0.0286282,0.0201322
206.301,0.106941,0.0271294,0.0217058,1.50642,0.00247257,0.00519803,0.00172547,0.0330914,0.0207139
206.351,0.106894,0.0272577,0.0217093,1.50618,0.00240918,0.00406788,0.00173629,0.035247,0.0372305
206.401,0.106868,0.0273306,0.0217106,1.50635,0.00265953,0.00322085,0.00171109,0.029653,0.0299885
206.451,0.106923,0.0274199,0.0217117,1.50629,0.00309279,0.00502881,0.00168935,0.0289025,0.0232858
206.501,0.107024,0.027575,0.0217165,1.5064,0.00328031,0.00544019,0.00172669,0.03691,0.0250405
206.551,0.10713,0.0277074,0.0217199,1.50618,0.00346039,0.00415873,0.00173663,0.04125,0.0403854
206.601,0.107223,0.0277914,0.0217211,1.50709,0.00252883,0.0034052,0.00170972,0.0286025,0.0222624
206.651,0.107211,0.0278849,0.0217223,1.50716,0.00230321,0.00510363,0.00168919,0.0285851,0.0204515
206.701,0.107185,0.0280442,0.0217271,1.50738,0.00239241,0.00548732,0.00172651,0.0328566,0.020215
206.751,0.107149,0.0281886,0.0217306,1.50716,0.00237334,0.00434014,0.00173741,0.0349275,0.0364142
206.801,0.107129,0.0282725,0.0217319,1.50727,0.00273542,0.00334547,0.00171239,0.0297289,0.0297777
206.851,0.107195,0.0283694,0.0217332,1.50722,0.00329945,0.00516789,0.00169298,0.0290401,0.0231474
206.901,0.107309,0.0285357,0.0217379,1.50726,0.00352944,0.00553771,0.00173016,0.0375247,0.0255998
206.951,0.107424,0.0286769,0.0217413,1.50694,0.00368342,0.00425457,0.00173979,0.0423633,0.0413804
207.001,0.107519,0.028766,0.0217425,1.50776,0.00263325,0.00354225,0.00171238,0.0289952,0.0224134
207.051,0.107497,0.0288669,0.0217436,1.50753,0.00229438,0.00533224,0.00168926,0.0289281,0.0206614
207.101,0.107486,0.0290417,0.0217484,1.50773,0.00232321,0.00571518,0.00172658,0.0331986,0.0198916
207.151,0.10747,0.0292016,0.0217518,1.50758,0.00234128,0.00455266,0.00173763,0.0352605,0.0360053
207.201,0.107467,0.0292968,0.0217532,1.50778,0.00286534,0.00339747,0.00171293,0.0303717,0.0300897
207.251,0.10755,0.0294006,0.0217545,1.50782,0.00358251,0.00518296,0.0016938,0.0297408,0.0232049
207.301,0.107684,0.0295755,0.0217592,1.50786,0.00382454,0.00554672,0.00173095,0.0387052,0.0258812
207.351,0.107815,0.0297234,0.0217627,1.5075,0.00392027,0.00425637,0.00174051,0.0437731,0.0420817
207.401,0.107919,0.0298188,0.0217638,1.50836,0.00274166,0.00362659,0.00171298,0.0295124,0.0224381
207.451,0.107905,0.0299311,0.0217649,1.50809,0.00234025,0.0055462,0.00168982,0.029315,0.0208131
207.501,0.107912,0.0301217,0.0217697,1.50828,0.00231146,0.00595267,0.00172712,0.0333764,0.0196817
207.551,0.107914,0.0302975,0.0217731,1.50813,0.00235113,0.00478586,0.00173811,0.0353489,0.035945
207.601,0.10792,0.0304034,0.0217744,1.50828,0.00300015,0.00347508,0.00171332,0.0307357,0.030477
207.651,0.108011,0.0305117,0.0217757,1.50826,0.00389605,0.00520134,0.00169418,0.0302412,0.023443
207.701,0.108165,0.0306936,0.0217805,1.50828,0.00415815,0.00552175,0.00173131,0.0393561,0.0258202
207.751,0.108309,0.0308461,0.021784,1.50787,0.00416745,0.00421527,0.00174102,0.0445493,0.0422696
207.801,0.108425,0.0309456,0.0217851,1.50875,0.00287194,0.00369497,0.00171379,0.0297584,0.0222904
207.851,0.10843,0.0310687,0.0217863,1.50857,0.00244647,0.0057103,0.00169305,0.0293059,0.0208583
207.901,0.108458,0.0312733,0.0217911,1.50879,0.00236973,0.00612293,0.0017302,0.0333901,0.0196062
207.951,0.108473,0.0314618,0.0217946,1.50855,0.00240288,0.00496355,0.00174109,0.0352727,0.0361342
208.001,0.108481,0.0315764,0.0217959,1.50852,0.00312518,0.00352148,0.00171621,0.0310178,0.0309376
208.051,0.108579,0.0316875,0.0217971,1.50838,0.0041929,0.00517706,0.00169476,0.0305116,0.0235575
208.101,0.108752,0.0318744,0.0218019,1.50839,0.00448051,0.00549792,0.00173188,0.0398272,0.0260055
208.151,0.10892,0.0320322,0.0218053,1.50802,0.00442575,0.00422401,0.00174174,0.0452435,0.043007
208.201,0.109057,0.0321352,0.0218065,1.509,0.00304074,0.00380014,0.00171478,0.0300537,0.0224967
208.251,0.109086,0.0322677,0.0218077,1.50892,0.00264671,0.00589817,0.00169424,0.029479,0.0211309
208.301,0.109139,0.0324858,0.0218125,1.50914,0.00253357,0.00630614,0.00173134,0.033413,0.0193909
208.351,0.109178,0.0326869,0.021816,1.50891,0.0025443,0.0051517,0.00174228,0.0352226,0.0357559
208.401,0.109205,0.0328103,0.0218174,1.50889,0.00333845,0.00355036,0.00171757,0.0312182,0.0311006
208.451,0.109322,0.0329219,0.0218185,1.5088,0.00460976,0.00507963,0.00169624,0.0306502,0.0236707
208.501,0.10952,0.0331091,0.0218233,1.5088,0.00490789,0.00534515,0.00173328,0.0401788,0.0260323
208.551,0.109705,0.0332647,0.0218268,1.50837,0.00474869,0.00407345,0.001743,0.0457805,0.043419
208.601,0.109856,0.0333669,0.0218279,1.50936,0.00325112,0.0037803,0.00171584,0.0301448,0.022563
208.651,0.109899,0.0335056,0.0218291,1.50923,0.00294227,0.00595369,0.00169522,0.0293134,0.0212242
208.701,0.109978,0.0337324,0.0218339,1.50946,0.00280135,0.00636284,0.00173226,0.0331448,0.0192616
208.751,0.110041,0.0339421,0.0218375,1.50921,0.00274023,0.00524064,0.00174313,0.0349863,0.0355507
208.801,0.110078,0.0340711,0.0218388,1.50906,0.00354052,0.00351631,0.00171828,0.0313176,0.0313575
208.851,0.110213,0.0341817,0.0218401,1.50899,0.00502467,0.00489784,0.00169907,0.0308864,0.0237507
208.901,0.110436,0.0343657,0.0218449,1.509,0.00534847,0.00513029,0.00173598,0.0404431,0.0261479
208.951,0.110642,0.0345169,0.0218483,1.50853,0.00506874,0.00391411,0.00174546,0.0462708,0.043941
209.001,0.110804,0.0346158,0.0218494,1.5095,0.00348779,0.00375227,0.00171793,0.0302139,0.0227047
209.051,0.110853,0.0347572,0.0218505,1.5092,0.00330043,0.0059759,0.0016948,0.0294462,0.0214373
209.101,0.11096,0.0349902,0.0218553,1.50942,0.00316961,0.00640019,0.00173186,0.0331975,0.0191789
209.151,0.111049,0.0352058,0.0218588,1.50915,0.00301239,0.00528442,0.00174275,0.0348838,0.0354109
209.201,0.111099,0.0353377,0.0218601,1.50892,0.00375719,0.00345124,0.00171794,0.0314539,0.0315054
209.251,0.111249,0.0354427,0.0218614,1.50883,0.0054274,0.0046731,0.00169881,0.0311177,0.0236389
209.301,0.111497,0.0356195,0.0218662,1.50883,0.00578546,0.0048713,0.00173574,0.0408567,0.0263591
209.351,0.111726,0.0357634,0.0218697,1.50837,0.00540227,0.00370292,0.00174543,0.0467653,0.0445328
209.401,0.111907,0.035857,0.0218708,1.50942,0.00375868,0.00370004,0.00171828,0.0302204,0.0230309
209.451,0.111982,0.0360014,0.0218719,1.50917,0.00376174,0.00593542,0.00169541,0.0292749,0.0218338
209.501,0.112119,0.0362373,0.0218767,1.50939,0.00363093,0.00635819,0.00173245,0.0329407,0.019015
209.551,0.112237,0.0364551,0.0218802,1.50913,0.00338364,0.00528905,0.00174344,0.0348145,0.0348723
209.601,0.112308,0.0365879,0.0218815,1.50888,0.00402354,0.00336398,0.00171887,0.0317016,0.0313566
209.651,0.112477,0.0366844,0.0218828,1.50882,0.00587027,0.00436699,0.00169991,0.0314467,0.0234872
209.701,0.112748,0.0368479,0.0218877,1.50878,0.0062218,0.00450696,0.00173678,0.0414144,0.0264581
209.751,0.112991,0.0369781,0.0218911,1.50824,0.00571262,0.00343456,0.00174637,0.0474153,0.0447747
209.801,0.113181,0.0370612,0.0218922,1.50922,0.00403655,0.00354982,0.00171907,0.0306479,0.0231907
209.851,0.113272,0.0372018,0.0218934,1.50892,0.00424552,0.0057593,0.00169834,0.0296386,0.0221284
209.901,0.113442,0.0374338,0.0218983,1.50917,0.00414941,0.0061745,0.00173524,0.0332925,0.0189017
209.951,0.113582,0.0376458,0.0219018,1.5088,0.00377558,0.00514385,0.00174599,0.0349401,0.0344657
210.001,0.113652,0.0377716,0.0219031,1.50824,0.0042531,0.00319774,0.00172104,0.0320116,0.0312544
210.051,0.113822,0.0378537,0.0219042,1.50795,0.00627036,0.00397235,0.00169959,0.0317499,0.0232067
210.101,0.114117,0.0379997,0.021909,1.50793,0.00664499,0.00407411,0.00173648,0.0417994,0.026677
210.151,0.114382,0.0381134,0.0219125,1.50739,0.00601815,0.00312419,0.00174628,0.0478752,0.0454122
210.201,0.114583,0.0381839,0.0219136,1.50835,0.00433924,0.00337552,0.00171937,0.030813,0.0233498
210.251,0.114684,0.0383164,0.0219148,1.50789,0.0048181,0.00552018,0.00169891,0.0296772,0.0222943
210.301,0.114884,0.0385395,0.0219197,1.50809,0.0047472,0.00592691,0.00173578,0.0331836,0.0188852
210.351,0.11506,0.0387453,0.0219232,1.50779,0.0042566,0.00498453,0.00174648,0.0348764,0.0343567
210.401,0.11516,0.0388675,0.0219245,1.50734,0.00453763,0.00304237,0.00172146,0.0320149,0.0313704
210.451,0.115346,0.0389357,0.0219256,1.5071,0.00666572,0.00359414,0.00169997,0.0318453,0.0233254
210.501,0.115661,0.0390608,0.0219304,1.50704,0.00704924,0.00364583,0.00173684,0.0418494,0.0263517
210.551,0.115937,0.0391543,0.0219338,1.50641,0.00628131,0.00286817,0.00174661,0.0481181,0.0455613
210.601,0.116144,0.0392076,0.021935,1.50732,0.00461608,0.00319442,0.00171964,0.0308909,0.0233903
210.651,0.11627,0.0393302,0.0219362,1.50691,0.00536537,0.00523028,0.00169921,0.0297224,0.0223965
210.701,0.116502,0.0395409,0.021941,1.50711,0.00533743,0.00562134,0.00173606,0.0331932,0.018828
210.751,0.116703,0.0397317,0.0219445,1.50674,0.00473423,0.00473423,0.00174673,0.0347769,0.0340048
210.801,0.116814,0.0398393,0.0219458,1.50615,0.00475804,0.00286599,0.00172165,0.0319882,0.0312214
210.851,0.117009,0.0398874,0.0219471,1.50587,0.0069638,0.00315518,0.00170233,0.0319953,0.0232648
210.901,0.117339,0.0399863,0.0219519,1.5058,0.00735511,0.00318999,0.00173911,0.0420663,0.0263172
210.951,0.117631,0.0400562,0.0219553,1.50517,0.00647172,0.00260014,0.00174867,0.0484997,0.0457574
211.001,0.117852,0.0400912,0.0219565,1.50615,0.00485263,0.00296216,0.0017214,0.0310616,0.0234366
211.051,0.117995,0.0401989,0.0219575,1.50572,0.0058664,0.00479959,0.00169848,0.0296856,0.0224584
211.101,0.118257,0.0403904,0.0219623,1.50593,0.00585737,0.00516785,0.00173535,0.0333453,0.0188224
211.151,0.118483,0.0405622,0.0219658,1.50554,0.00512964,0.00438697,0.00174608,0.0350375,0.0339972
211.201,0.118603,0.040653,0.0219671,1.50485,0.00489315,0.00265112,0.00172108,0.0322494,0.0311409
211.251,0.118801,0.0406785,0.0219684,1.50452,0.00714931,0.00273387,0.00170184,0.0322738,0.0231556
211.301,0.119149,0.040748,0.0219732,1.50452,0.00753368,0.00272694,0.00173863,0.0424254,0.0261008
211.351,0.119453,0.0407908,0.0219766,1.50393,0.00654252,0.0024063,0.00174824,0.0487945,0.0458758
211.401,0.119687,0.0408073,0.0219777,1.50498,0.004999,0.00272435,0.00172103,0.0311467,0.0235359
211.451,0.119849,0.0408999,0.0219788,1.50457,0.006281,0.00430021,0.00169818,0.0295743,0.0226786
211.501,0.120138,0.0410677,0.0219836,1.50482,0.00633078,0.00463914,0.00173506,0.0330327,0.0187923
211.551,0.12038,0.0412155,0.0219871,1.50433,0.00550356,0.00399797,0.00174597,0.0346057,0.0338964
211.601,0.120497,0.0412864,0.0219884,1.50338,0.00503473,0.00248881,0.00172136,0.0318681,0.0311634
211.651,0.12069,0.0412872,0.0219897,1.50289,0.00733472,0.00242807,0.00170237,0.0318498,0.0231336
211.701,0.121046,0.0413238,0.0219945,1.50287,0.00771824,0.00242956,0.00173914,0.0418022,0.0258675
211.751,0.121352,0.0413372,0.0219979,1.50221,0.00664884,0.00237572,0.00174889,0.0481058,0.0458632
211.801,0.12158,0.0413309,0.0219991,1.50314,0.00518437,0.00255177,0.00172196,0.0305851,0.0236224
211.851,0.121752,0.0414053,0.0220002,1.50268,0.00672168,0.00384406,0.00170151,0.0290896,0.0227111
211.901,0.122064,0.0415486,0.0220051,1.50291,0.00680787,0.00418002,0.00173825,0.0325528,0.0188025
211.951,0.122329,0.0416727,0.0220086,1.50244,0.0058794,0.00366744,0.00174888,0.0341773,0.0337298
212.001,0.122468,0.0417264,0.0220099,1.50163,0.00514608,0.00241307,0.00172382,0.0315832,0.0308601
212.051,0.122674,0.0417055,0.022011,1.5013,0.00741351,0.00232263,0.00170227,0.0318526,0.0230765
212.101,0.123032,0.0417107,0.0220158,1.50125,0.00778154,0.00234618,0.00173904,0.0418476,0.0256639
212.151,0.123343,0.0416959,0.0220192,1.50062,0.00664728,0.0024832,0.0017488,0.0482253,0.0460809
212.201,0.123574,0.041667,0.0220204,1.50162,0.00530916,0.0024319,0.0017219,0.0306974,0.023814
212.251,0.123768,0.0417215,0.0220215,1.5013,0.00709404,0.00335543,0.00170149,0.029083,0.0229959
212.301,0.124099,0.0418355,0.0220264,1.5015,0.00722209,0.00364336,0.00173823,0.0326856,0.0188005
212.351,0.124384,0.0419322,0.0220299,1.50107,0.00620612,0.00328125,0.0017487,0.0344325,0.0335753
212.401,0.12454,0.0419668,0.0220311,1.50037,0.00522227,0.00237681,0.00172329,0.0317976,0.0306381
212.451,0.124744,0.041921,0.0220322,1.50005,0.00742651,0.00242464,0.00170154,0.032136,0.0227491
212.501,0.125099,0.0418908,0.022037,1.49996,0.00778357,0.00250508,0.00173835,0.0420318,0.0256526
212.551,0.1254,0.0418425,0.0220405,1.49923,0.00656731,0.00275492,0.00174816,0.0484662,0.0462897
212.601,0.12561,0.041787,0.0220416,1.50004,0.00534854,0.0023731,0.00172134,0.031032,0.0241163
212.651,0.12578,0.0418125,0.0220428,1.49937,0.00731106,0.0028678,0.00170101,0.0292482,0.0231661
212.701,0.12612,0.0418923,0.0220476,1.49953,0.00747685,0.00307722,0.00173777,0.0328803,0.0188117
212.751,0.126423,0.04196,0.0220511,1.4992,0.00639879,0.00286083,0.00174828,0.0345665,0.033656
212.801,0.12659,0.0419742,0.0220523,1.49857,0.00518142,0.00243766,0.00172293,0.0318587,0.0305683
212.851,0.126786,0.0419053,0.0220536,1.49823,0.00726674,0.00276725,0.00170343,0.0322829,0.0228322
212.901,0.127132,0.0418394,0.0220584,1.49815,0.00758254,0.00291614,0.00174014,0.0422065,0.0251394
212.951,0.12742,0.0417595,0.0220618,1.49738,0.00632256,0.00315641,0.00174997,0.0486418,0.045947
213.001,0.127619,0.041683,0.0220629,1.49816,0.00527908,0.00242861,0.00172327,0.0311694,0.0241905
213.051,0.127776,0.0416821,0.022064,1.49728,0.00743602,0.00248912,0.00170071,0.0292063,0.0231195
213.101,0.12812,0.041727,0.0220688,1.4974,0.00763256,0.00262489,0.00173748,0.032903,0.0189002
213.151,0.128437,0.0417655,0.0220723,1.49714,0.00652367,0.00255679,0.00174802,0.0346428,0.0339108
213.201,0.128618,0.0417622,0.0220736,1.49668,0.00508229,0.00257755,0.0017227,0.0317652,0.0307511
213.251,0.128807,0.041674,0.0220748,1.49639,0.00701972,0.00320263,0.00170321,0.0322416,0.0229717
213.301,0.129142,0.0415765,0.0220796,1.49634,0.0073357,0.00340194,0.00173995,0.0419727,0.0247321
213.351,0.129421,0.0414702,0.022083,1.49561,0.00604059,0.0035309,0.00174978,0.0483526,0.0456206
213.401,0.129613,0.0413773,0.0220841,1.49647,0.00514416,0.00253664,0.0017231,0.0310999,0.0241083
213.451,0.129793,0.0413607,0.0220852,1.49589,0.00741573,0.00233392,0.00170055,0.0290586,0.0229589
213.501,0.130145,0.0413761,0.02209,1.49609,0.00766364,0.00238891,0.00173734,0.0328119,0.0190256
213.551,0.130451,0.0413822,0.0220935,1.49568,0.00650796,0.0024007,0.00174788,0.034853,0.0342211
213.601,0.130612,0.041353,0.0220947,1.49503,0.00490961,0.0027371,0.00172258,0.0317957,0.0306629
213.651,0.130788,0.0412442,0.022096,1.49475,0.00669174,0.0036534,0.00170309,0.0322689,0.0229201
213.701,0.131108,0.041119,0.0221008,1.49473,0.0069698,0.0039125,0.00173983,0.0418696,0.0244647
213.751,0.13138,0.0409899,0.0221042,1.49414,0.0056848,0.00390772,0.00174967,0.0481802,0.0454595
213.801,0.131572,0.0408824,0.0221053,1.49515,0.00501462,0.0026957,0.00172303,0.0311616,0.0242771
213.851,0.131776,0.0408494,0.0221065,1.4949,0.00739778,0.00238356,0.00170273,0.0289092,0.0230263
213.901,0.132132,0.0408334,0.0221113,1.49513,0.00767213,0.00235846,0.00173942,0.0326442,0.0191214
213.951,0.132435,0.0408093,0.0221148,1.49472,0.0065247,0.00237753,0.00174963,0.03476,0.0341827
214.001,0.132599,0.0407614,0.022116,1.49418,0.0047537,0.00294809,0.0017237,0.0316322,0.0303583
214.051,0.132762,0.0406352,0.0221171,1.49394,0.0063455,0.00414181,0.00170154,0.0321482,0.0227418
214.101,0.133061,0.0404826,0.0221219,1.49391,0.00658784,0.00444728,0.00173835,0.0415837,0.0242177
214.151,0.133307,0.0403294,0.0221253,1.49326,0.00533429,0.00429851,0.00174832,0.0479573,0.0453472
214.201,0.133471,0.0402057,0.0221264,1.49414,0.00484201,0.00289973,0.00172188,0.0313145,0.0243578
214.251,0.133649,0.0401501,0.0221276,1.49368,0.00725556,0.00261907,0.00170171,0.0290952,0.0229484
214.301,0.133993,0.0401032,0.0221324,1.49387,0.00754621,0.00253881,0.00173844,0.032976,0.0192675
214.351,0.134295,0.0400547,0.0221359,1.49353,0.00639048,0.00247183,0.00174873,0.0352554,0.0344822
214.401,0.134456,0.0399928,0.0221371,1.49309,0.00451801,0.0031271,0.00172292,0.0318887,0.0303217
214.451,0.134597,0.0398532,0.0221381,1.49283,0.00587322,0.0045424,0.00170084,0.0324074,0.0227859
214.501,0.134873,0.0396814,0.0221429,1.49286,0.00606524,0.00487882,0.00173766,0.0414596,0.0237798
214.551,0.135105,0.0395133,0.0221463,1.49233,0.00486405,0.00454607,0.00174769,0.0477421,0.0448965
214.601,0.135267,0.0393828,0.0221475,1.49338,0.00459045,0.00304635,0.00172137,0.031279,0.0244027
214.651,0.135465,0.0393161,0.0221487,1.49327,0.00701089,0.00290841,0.00170125,0.028828,0.0228378
214.701,0.135804,0.0392451,0.0221535,1.49352,0.00732672,0.00283927,0.00173801,0.0327982,0.0195157
214.751,0.13608,0.0391693,0.0221569,1.49301,0.00621188,0.00264252,0.00174817,0.0350284,0.0347222
214.801,0.136211,0.0390867,0.0221581,1.49235,0.0042798,0.00329169,0.00172209,0.0315233,0.0300761
214.851,0.13633,0.0389358,0.0221593,1.49208,0.00541765,0.00489406,0.00170203,0.0319909,0.0227411
214.901,0.136581,0.0387472,0.0221641,1.49212,0.00558421,0.00527036,0.00173881,0.04099,0.0235762
214.951,0.136789,0.0385661,0.0221675,1.49159,0.00447307,0.00476112,0.00174855,0.0472375,0.0448199
215.001,0.136932,0.0384292,0.0221686,1.49265,0.00437565,0.00319234,0.00172174,0.0310989,0.0246689
215.051,0.137122,0.0383479,0.0221696,1.49258,0.00675997,0.00326028,0.00169906,0.0286531,0.0230202
215.101,0.137447,0.0382533,0.0221744,1.49283,0.00708544,0.00320789,0.00173591,0.03268,0.0196595
215.151,0.137711,0.0381579,0.0221778,1.49235,0.00604145,0.00286935,0.00174627,0.0350938,0.0347809
215.201,0.137842,0.0380661,0.022179,1.49184,0.00405434,0.00344298,0.00172046,0.0314637,0.029811
215.251,0.137945,0.0379092,0.0221802,1.49162,0.00495773,0.00522583,0.00170062,0.0320759,0.0226983
215.301,0.138164,0.0377066,0.022185,1.49164,0.00507164,0.00561827,0.00173745,0.0406954,0.0236057
215.351,0.138345,0.037516,0.0221884,1.49111,0.004053,0.00494647,0.0017473,0.047188,0.0448364
215.401,0.138466,0.0373767,0.0221895,1.49215,0.00413059,0.0033237,0.00172069,0.0313852,0.0249625
215.451,0.138643,0.0372848,0.0221905,1.4921,0.00645314,0.00363046,0.00169815,0.0287547,0.0230068
215.501,0.138952,0.0371701,0.0221953,1.49235,0.00681496,0.00360754,0.00173507,0.0328938,0.019977
215.551,0.139207,0.0370589,0.0221987,1.49193,0.00580339,0.00309512,0.00174531,0.0354104,0.0351827
215.601,0.139333,0.0369609,0.0221999,1.49156,0.00379766,0.00354815,0.00171927,0.0314298,0.0296764
215.651,0.139414,0.036802,0.0222011,1.49134,0.00444306,0.00542822,0.00169927,0.0320397,0.022758
215.701,0.139606,0.0365929,0.0222059,1.4914,0.00454426,0.0058486,0.00173617,0.0402802,0.0234115
215.751,0.139765,0.036398,0.0222092,1.49095,0.00365579,0.00504786,0.00174597,0.0465476,0.0446393
215.801,0.13987,0.0362582,0.0222103,1.492,0.00389494,0.00341986,0.00171919,0.0311403,0.0253343
215.851,0.140046,0.036159,0.0222115,1.49212,0.00610169,0.00396814,0.0016988,0.0285759,0.0234395
215.901,0.140336,0.0360279,0.0222163,1.49238,0.00644928,0.0039835,0.00173568,0.0327494,0.0198564
215.951,0.14057,0.0359027,0.0222197,1.49194,0.00554828,0.00332959,0.00174572,0.0354213,0.034477
216.001,0.140683,0.0357987,0.0222208,1.49162,0.003556,0.00364053,0.00171924,0.0312204,0.0284503
216.051,0.140735,0.0356387,0.0222219,1.49132,0.00396752,0.00560247,0.00169672,0.0318941,0.0219674
216.101,0.140896,0.0354256,0.0222266,1.49136,0.00403125,0.00602202,0.00173372,0.0398149,0.0239654
216.151,0.141027,0.0352297,0.02223,1.4909,0.00328226,0.00509998,0.00174373,0.0459605,0.0450777
216.201,0.141113,0.0350934,0.0222311,1.49194,0.00365191,0.00349206,0.00171731,0.0309902,0.026002
216.251,0.141269,0.0349885,0.0222322,1.492,0.00572565,0.00424936,0.00169716,0.0283412,0.0238478
216.301,0.141539,0.0348455,0.022237,1.49226,0.00607517,0.00431622,0.00173412,0.0327444,0.0198122
216.351,0.141758,0.0347118,0.0222404,1.4919,0.0052505,0.00352101,0.00174429,0.0353915,0.0340154
216.401,0.141868,0.0346069,0.0222416,1.49171,0.00331007,0.00368128,0.00171803,0.0309056,0.0276274
216.451,0.141908,0.0344523,0.0222426,1.4915,0.00352044,0.00566835,0.00169564,0.0316978,0.0215448
216.501,0.142039,0.0342407,0.0222473,1.49154,0.00352473,0.00611905,0.00173269,0.0395537,0.0240909
216.551,0.142141,0.0340473,0.0222507,1.49107,0.00292796,0.00510049,0.0017428,0.0454763,0.045039
216.601,0.142204,0.0339157,0.0222518,1.49205,0.0033752,0.00353329,0.00171652,0.0308281,0.0264314
216.651,0.142328,0.0338055,0.022253,1.49192,0.0052734,0.00449453,0.00169645,0.0282099,0.0240626
216.701,0.142572,0.0336545,0.0222577,1.49217,0.00562786,0.00459745,0.00173344,0.0329597,0.0200356
216.751,0.142787,0.0335177,0.0222611,1.49197,0.00493891,0.00368921,0.00174351,0.0356703,0.0339441
216.801,0.142904,0.0334151,0.0222623,1.49201,0.00309333,0.00369457,0.001717,0.0305541,0.0271323
216.851,0.142941,0.0332688,0.0222634,1.49194,0.00313908,0.00568402,0.00169661,0.0312934,0.0214011
216.901,0.143046,0.0330624,0.0222681,1.492,0.00314007,0.00615046,0.00173363,0.0386995,0.0239131
216.951,0.143123,0.0328742,0.0222715,1.49153,0.00271964,0.00505226,0.00174366,0.0443451,0.0444907
217.001,0.14317,0.0327496,0.0222726,1.49243,0.00324964,0.00353799,0.00171728,0.0303149,0.026479
217.051,0.143281,0.0326389,0.0222736,1.4923,0.00497061,0.00468744,0.00169486,0.0277746,0.0239203
217.101,0.143506,0.032483,0.0222784,1.49252,0.0053315,0.00482636,0.00173193,0.032603,0.0203827
217.151,0.143704,0.0323438,0.0222817,1.49231,0.00473201,0.00380277,0.00174194,0.0355414,0.0343499
217.201,0.143813,0.0322443,0.0222829,1.49244,0.0029616,0.00365631,0.00171528,0.0301993,0.0267151
217.251,0.143829,0.0321071,0.022284,1.49233,0.00286693,0.00561524,0.00169483,0.0310001,0.0211133
217.301,0.14391,0.0319092,0.0222887,1.4924,0.00283323,0.00609619,0.00173192,0.0381277,0.0238054
217.351,0.143968,0.031731,0.0222921,1.49199,0.00254704,0.00491053,0.00174211,0.0435824,0.0439226
217.401,0.144005,0.0316167,0.0222932,1.49291,0.00308098,0.0034844,0.00171597,0.0301915,0.0266225
217.451,0.144106,0.0315093,0.0222943,1.49283,0.00460328,0.00478261,0.0016937,0.027772,0.0238434
217.501,0.144311,0.0313537,0.022299,1.49305,0.00493294,0.00496978,0.00173082,0.0328084,0.0207479
217.551,0.144492,0.0312161,0.0223023,1.49287,0.00446076,0.00386334,0.00174075,0.0358318,0.0344835
217.601,0.144596,0.0311202,0.0223034,1.49309,0.0028145,0.00360814,0.00171391,0.0301272,0.0262886
217.651,0.144606,0.0309931,0.0223046,1.49305,0.00262533,0.00552624,0.00169335,0.0310172,0.0209372
217.701,0.144662,0.0308058,0.0223093,1.49312,0.00258088,0.00601459,0.00173051,0.03797,0.0235807
217.751,0.144694,0.0306376,0.0223126,1.49268,0.00243025,0.00478429,0.00174064,0.0429936,0.0431944
217.801,0.14471,0.0305316,0.0223137,1.49344,0.00294489,0.00343479,0.00171436,0.030107,0.0269014
217.851,0.144795,0.0304279,0.0223149,1.49331,0.00429264,0.00485393,0.00169424,0.027767,0.0239911
217.901,0.144981,0.0302751,0.0223196,1.49353,0.00458978,0.00508151,0.00173133,0.0330546,0.0209828
217.951,0.145151,0.0301417,0.022323,1.4934,0.00424467,0.00389776,0.00174123,0.0360768,0.0347087
218.001,0.145254,0.0300518,0.0223241,1.49373,0.00270876,0.00353873,0.00171433,0.0300039,0.0256863
218.051,0.145252,0.0299349,0.0223251,1.49368,0.00246421,0.00540304,0.00169145,0.0308959,0.0206479
218.101,0.145288,0.0297601,0.0223297,1.49376,0.00243104,0.00588545,0.00172868,0.0375175,0.0234159
218.151,0.1453,0.0296043,0.0223331,1.4933,0.00237034,0.0046261,0.00173899,0.0424187,0.0427207
218.201,0.145304,0.0295094,0.0223342,1.49401,0.00283106,0.00334852,0.00171297,0.0300713,0.0271227
218.251,0.145374,0.0294124,0.0223354,1.49385,0.00398878,0.004845,0.00169297,0.0277921,0.0239793
218.301,0.145541,0.0292659,0.0223401,1.49406,0.00426754,0.00509859,0.00173011,0.0332141,0.0214666
218.351,0.145699,0.0291393,0.0223434,1.49395,0.00402831,0.00386117,0.00174013,0.0362174,0.0351716
218.401,0.145798,0.0290563,0.0223445,1.49434,0.00263205,0.00339221,0.00171341,0.0296444,0.0253719
218.451,0.145791,0.028951,0.0223456,1.49433,0.00237019,0.00519396,0.00169062,0.0303355,0.0205749
218.501,0.145813,0.0287919,0.0223502,1.49447,0.00234169,0.00567897,0.00172788,0.0364235,0.0231224
218.551,0.145813,0.0286498,0.0223535,1.49409,0.00234732,0.00442883,0.0017381,0.0407949,0.0417968
218.601,0.145807,0.0285634,0.0223547,1.49473,0.00274796,0.00327604,0.00171185,0.029263,0.0270587
218.651,0.145862,0.0284707,0.0223558,1.49449,0.0037287,0.00484249,0.00169168,0.0271594,0.0236677
218.701,0.146011,0.0283314,0.0223605,1.49468,0.00398705,0.00511903,0.00172888,0.0327243,0.021913
218.751,0.146156,0.0282122,0.0223638,1.49459,0.00381798,0.00384712,0.00173881,0.0358483,0.0358784
218.801,0.146251,0.0281362,0.0223649,1.49504,0.00256578,0.00330465,0.00171193,0.0290258,0.0252263
218.851,0.146239,0.0280428,0.0223661,1.49505,0.00231872,0.00503476,0.00169128,0.0295602,0.0207201
218.901,0.146246,0.027898,0.0223707,1.4952,0.00231716,0.00550621,0.00172851,0.0352992,0.0226927
218.951,0.146235,0.0277703,0.022374,1.49488,0.00235045,0.00425535,0.00173868,0.0394541,0.0405053
219.001,0.146228,0.027695,0.0223752,1.49549,0.00270629,0.00321292,0.00171236,0.0289578,0.0269279
219.051,0.146277,0.0276098,0.0223762,1.49528,0.00355988,0.00482115,0.00168987,0.0269921,0.0235323
219.101,0.146412,0.0274786,0.0223809,1.49544,0.0037912,0.00513155,0.00172715,0.0326796,0.0222386
219.151,0.146548,0.027368,0.0223842,1.49537,0.00371382,0.00381622,0.00173704,0.0357008,0.0358212
219.201,0.146641,0.0273003,0.0223853,1.49591,0.00254151,0.00320849,0.00171005,0.028552,0.0245074
219.251,0.146629,0.027219,0.0223864,1.49598,0.00229602,0.00484797,0.00168937,0.0290852,0.0204946
219.301,0.146624,0.0270892,0.022391,1.49613,0.00231752,0.00531007,0.00172667,0.0344526,0.0224911
219.351,0.146604,0.0269756,0.0223943,1.49585,0.00235545,0.00406436,0.00173662,0.038262,0.0393961
219.401,0.146593,0.0269109,0.0223954,1.49641,0.00266931,0.00312351,0.00170988,0.0286565,0.0270557
219.451,0.146635,0.0268336,0.0223964,1.4962,0.00339493,0.00476573,0.00168718,0.0268353,0.0233662
219.501,0.146758,0.0267124,0.0224011,1.49634,0.00360306,0.00508726,0.00172457,0.032671,0.022677
219.551,0.146884,0.0266113,0.0224044,1.49626,0.00360341,0.00376152,0.00173471,0.0357007,0.0362033
219.601,0.146976,0.0265513,0.0224055,1.49684,0.0025229,0.00312044,0.00170808,0.0282734,0.0243129
219.651,0.146963,0.0264812,0.0224066,1.49693,0.00228763,0.00465969,0.00168762,0.0288109,0.0204788
219.701,0.146949,0.026366,0.0224112,1.49709,0.0023321,0.00510209,0.00172499,0.0339094,0.0222028
219.751,0.146922,0.0262656,0.0224145,1.49684,0.00236138,0.0039047,0.00173511,0.0371629,0.0381957
219.801,0.146909,0.0262095,0.0224156,1.49735,0.00267383,0.00302152,0.00170861,0.028142,0.026916
219.851,0.146965,0.0261419,0.0224168,1.49729,0.00331354,0.00465302,0.00168829,0.0265791,0.0230578
219.901,0.147084,0.0260326,0.0224214,1.49745,0.00351883,0.00499477,0.00172562,0.0325674,0.0233678
219.951,0.147201,0.0259414,0.0224247,1.49732,0.003583,0.00367602,0.00173527,0.0358162,0.0373129
220.001,0.147286,0.0258884,0.0224257,1.49787,0.00254353,0.00301746,0.0017078,0.0280408,0.0240935
220.051,0.147255,0.0258268,0.0224267,1.49779,0.00228033,0.0044958,0.00168456,0.0286729,0.0203696
220.101,0.147236,0.025725,0.0224313,1.49792,0.00233097,0.00494389,0.00172206,0.0336762,0.021961
220.151,0.147214,0.0256373,0.0224346,1.4978,0.00234974,0.00375355,0.00173245,0.0364949,0.0373825
220.201,0.147216,0.0255903,0.0224357,1.49843,0.00270254,0.0029586,0.00170637,0.0281342,0.0270538
220.251,0.147287,0.0255315,0.0224369,1.49858,0.00327256,0.00457775,0.00168636,0.0267336,0.0231731
220.301,0.147401,0.0254328,0.0224415,1.49874,0.00343761,0.00492672,0.00172377,0.0327417,0.0235066
220.351,0.147504,0.0253514,0.0224448,1.49854,0.00354289,0.0035841,0.00173359,0.0359332,0.0369932
220.401,0.147577,0.025305,0.0224458,1.49902,0.00253973,0.00292237,0.00170638,0.0277665,0.0233629
220.451,0.147543,0.0252527,0.0224468,1.49893,0.00227913,0.00430711,0.00168331,0.0282366,0.0199134
220.501,0.147524,0.0251645,0.0224514,1.49909,0.00234391,0.00474803,0.00172087,0.0330526,0.022206
220.551,0.147501,0.0250885,0.0224547,1.49899,0.00235413,0.00359286,0.00173138,0.0356729,0.0375521
220.601,0.147504,0.0250488,0.0224558,1.49962,0.0026933,0.00287116,0.00170548,0.0277264,0.0276743
220.651,0.147574,0.0249972,0.022457,1.49979,0.00318982,0.0044675,0.00168556,0.0263427,0.0236679
220.701,0.147683,0.0249097,0.0224616,1.49997,0.00334717,0.00483739,0.00172302,0.0326449,0.0233268
220.751,0.147789,0.0248381,0.0224648,1.49983,0.00350786,0.00351522,0.00173292,0.0359484,0.0365778
220.801,0.147873,0.0247986,0.0224659,1.50042,0.00254163,0.00285317,0.00170582,0.0275275,0.0226449
220.851,0.147855,0.0247552,0.0224671,1.50046,0.00228484,0.00417932,0.00168504,0.0282101,0.0195982
220.901,0.147831,0.0246788,0.0224716,1.50061,0.00236977,0.00459586,0.00172252,0.0329076,0.0222385
220.951,0.147798,0.0246134,0.0224749,1.50044,0.00236598,0.00345734,0.00173289,0.0352147,0.0372678
221.001,0.147786,0.0245803,0.022476,1.50087,0.00267232,0.00278736,0.00170676,0.0277614,0.0278583
221.051,0.147826,0.0245349,0.0224771,1.5007,0.00312218,0.00434202,0.00168442,0.0265587,0.0234802
221.101,0.147928,0.0244588,0.0224816,1.50084,0.00325853,0.00471927,0.00172191,0.0329774,0.0236857
221.151,0.14804,0.0243972,0.0224849,1.50079,0.00345755,0.00341091,0.00173171,0.036253,0.0369983
221.201,0.148137,0.0243637,0.022486,1.50151,0.00253342,0.00276436,0.00170443,0.0273423,0.0224455
221.251,0.148132,0.0243271,0.0224871,1.50166,0.002283,0.00403186,0.00168356,0.0279959,0.0195746
221.301,0.148108,0.0242616,0.0224916,1.50183,0.00237208,0.00446179,0.00172111,0.0326513,0.0219157
221.351,0.148069,0.0242054,0.0224949,1.5016,0.00235746,0.00335408,0.00173162,0.0347541,0.0367366
221.401,0.14805,0.0241776,0.0224961,1.50188,0.00269844,0.00273861,0.0017057,0.0276213,0.0276376
221.451,0.148085,0.0241388,0.0224971,1.50164,0.0031199,0.00426774,0.00168347,0.0265443,0.0232339
221.501,0.148185,0.0240727,0.0225017,1.50175,0.00327295,0.00466476,0.00172101,0.0331408,0.0238759
221.551,0.148298,0.0240196,0.0225049,1.50168,0.0035043,0.00336254,0.0017309,0.0363229,0.0370908
221.601,0.148398,0.0239917,0.022506,1.50241,0.00257795,0.00272698,0.00170374,0.0272008,0.0223382
221.651,0.148396,0.0239611,0.0225071,1.50253,0.00227714,0.00396056,0.00168293,0.0279061,0.0196275
221.701,0.148375,0.0239052,0.0225117,1.50269,0.00234585,0.00438028,0.00172049,0.0325541,0.0214268
221.751,0.148347,0.0238578,0.0225149,1.50253,0.00233785,0.00327312,0.00173105,0.0344011,0.0359701
221.801,0.14835,0.0238358,0.0225161,1.50298,0.00278076,0.00268495,0.00170524,0.0274674,0.0272328
221.851,0.148418,0.0238044,0.0225173,1.50306,0.00319235,0.00417179,0.00168524,0.0265137,0.0227156
221.901,0.148524,0.0237483,0.0225218,1.50317,0.00335098,0.00456916,0.0017227,0.0334443,0.0244503
221.951,0.148632,0.0237036,0.022525,1.50303,0.0035926,0.00329482,0.00173245,0.036347,0.037467
222.001,0.148721,0.0236805,0.0225261,1.50366,0.00263006,0.0026778,0.00170506,0.0269329,0.0222065
222.051,0.148698,0.023655,0.0225271,1.50354,0.00227562,0.0038728,0.00168176,0.0277018,0.0195571
222.101,0.148681,0.0236082,0.0225317,1.50369,0.00232486,0.00430271,0.00171938,0.0323115,0.0212793
222.151,0.148663,0.0235689,0.0225349,1.50361,0.00232953,0.00318641,0.00173004,0.0340628,0.0357419
222.201,0.148674,0.0235516,0.0225361,1.5041,0.00283407,0.00262582,0.0017044,0.0273961,0.0271399
222.251,0.148747,0.0235261,0.0225373,1.50421,0.0032371,0.00406438,0.0016845,0.0266009,0.0224847
222.301,0.148856,0.0234799,0.0225418,1.50431,0.00340444,0.00446812,0.00172199,0.0336964,0.0245281
222.351,0.148963,0.0234433,0.022545,1.50413,0.00364009,0.00320577,0.00173159,0.0366532,0.0374058
222.401,0.149054,0.0234249,0.0225461,1.50475,0.00266921,0.00261787,0.00170395,0.0270898,0.0218913
222.451,0.149029,0.0234047,0.0225471,1.50457,0.00227917,0.00375499,0.00168053,0.0278983,0.0193931
222.501,0.149019,0.0233669,0.0225516,1.50474,0.00230577,0.00418402,0.00171819,0.032339,0.0213219
222.551,0.149008,0.0233351,0.0225548,1.50469,0.00232643,0.00308366,0.00172897,0.034026,0.0358271
222.601,0.149021,0.0233215,0.022556,1.50517,0.00287329,0.00255925,0.0017035,0.027625,0.0273894
222.651,0.149095,0.0233012,0.0225572,1.50527,0.00328242,0.00392405,0.00168371,0.0268845,0.0226468
222.701,0.149209,0.0232644,0.0225617,1.5054,0.00344807,0.00433838,0.00172123,0.0342764,0.0245081
222.751,0.149323,0.0232354,0.0225649,1.50525,0.00366815,0.00310576,0.00173091,0.0371166,0.037286
222.801,0.149421,0.023221,0.022566,1.50593,0.00268593,0.00256731,0.00170338,0.0271332,0.0215379
222.851,0.149412,0.023205,0.0225671,1.50588,0.00229077,0.00369375,0.00168226,0.0278497,0.0192856
222.901,0.149407,0.0231751,0.0225716,1.50607,0.00230272,0.00412361,0.00171985,0.0322626,0.0213353
222.951,0.1494,0.0231499,0.0225749,1.50602,0.0023333,0.0030416,0.00173049,0.0335722,0.0357164
223.001,0.149414,0.0231394,0.022576,1.50646,0.00291105,0.00252154,0.0017048,0.0273707,0.0274486
223.051,0.149483,0.0231234,0.0225771,1.50648,0.00331823,0.00383056,0.0016826,0.026568,0.0225251
223.101,0.149602,0.023095,0.0225816,1.5066,0.00350931,0.00423196,0.00172017,0.0339928,0.0246533
223.151,0.149721,0.0230731,0.0225848,1.50649,0.00369588,0.00302477,0.00172995,0.0368333,0.0375812
223.201,0.149826,0.0230624,0.0225859,1.50722,0.00269144,0.0025402,0.00170257,0.0266416,0.0214757
223.251,0.14983,0.02305,0.022587,1.50727,0.00229636,0.00367215,0.00168158,0.027164,0.0193207
223.301,0.149828,0.0230269,0.0225915,1.50748,0.0022965,0.00412102,0.0017192,0.0313467,0.0211021
223.351,0.14982,0.0230076,0.0225948,1.50739,0.00233595,0.00302304,0.00172988,0.0326293,0.0351975
223.401,0.149834,0.023,0.0225959,1.50776,0.00294226,0.00250324,0.00170429,0.0268101,0.0272094
223.451,0.149907,0.0229884,0.022597,1.50776,0.00339676,0.0037727,0.00168217,0.0261504,0.0222402
223.501,0.150029,0.0229676,0.0226015,1.50785,0.00359308,0.00418453,0.00171977,0.0337371,0.0249629
223.551,0.150149,0.0229518,0.0226047,1.50768,0.00375841,0.0029973,0.00172958,0.0367413,0.0379427
223.601,0.150249,0.0229445,0.0226058,1.50835,0.00271647,0.00253608,0.00170225,0.0263616,0.021488
223.651,0.150242,0.0229358,0.0226069,1.50827,0.00230918,0.00366304,0.00168131,0.0268821,0.0193803
223.701,0.150241,0.0229194,0.0226114,1.50844,0.00229166,0.00411894,0.00171894,0.0310711,0.0209593
223.751,0.150236,0.0229058,0.0226146,1.50834,0.00234227,0.00302149,0.00172965,0.0322752,0.0348844
223.801,0.15025,0.0229007,0.0226158,1.50867,0.00296943,0.00248818,0.00170409,0.0266474,0.0271026
223.851,0.150325,0.0228932,0.022617,1.50867,0.00345279,0.00373186,0.0016842,0.0262104,0.0220851
223.901,0.150446,0.0228796,0.0226215,1.50869,0.00368615,0.0041434,0.00172172,0.0340256,0.0251312
223.951,0.15056,0.0228696,0.0226247,1.5084,0.00381599,0.00297478,0.00173136,0.0370892,0.0383558
224.001,0.150642,0.0228652,0.0226258,1.50887,0.00273573,0.00254101,0.00170376,0.0264712,0.0215079
224.051,0.150608,0.0228595,0.0226268,1.50848,0.0023342,0.0036842,0.00168037,0.0269811,0.0194609
224.101,0.150607,0.0228494,0.0226312,1.50859,0.00229049,0.00414662,0.00171805,0.031118,0.020776
224.151,0.150608,0.0228413,0.0226345,1.50851,0.00235177,0.00302584,0.00172903,0.0321636,0.0347139
224.201,0.150625,0.0228385,0.0226357,1.50883,0.00301316,0.00246845,0.00170393,0.0268675,0.0272772
224.251,0.150697,0.0228343,0.0226369,1.50878,0.00354452,0.00365162,0.00168433,0.0264255,0.0222449
224.301,0.150822,0.0228277,0.0226414,1.50877,0.00378569,0.0040491,0.00172184,0.0344076,0.0250992
224.351,0.150936,0.0228231,0.0226446,1.50843,0.003883,0.00288703,0.00173147,0.0375362,0.0382971
224.401,0.151012,0.0228212,0.0226456,1.50885,0.00275297,0.00250387,0.00170385,0.0265978,0.0212361
224.451,0.150971,0.0228182,0.0226466,1.50838,0.00235792,0.00366271,0.00168045,0.0269456,0.0193277
224.501,0.150977,0.0228145,0.0226511,1.50849,0.00230056,0.00412366,0.00171812,0.0310553,0.0208812
224.551,0.150985,0.0228118,0.0226544,1.50842,0.00236646,0.00299585,0.00172909,0.0319312,0.034842
224.601,0.151007,0.0228108,0.0226555,1.50878,0.00302736,0.00243056,0.00170399,0.0268956,0.0273641
224.651,0.151086,0.0228095,0.0226567,1.50876,0.00363635,0.0035079,0.00168437,0.0265636,0.0222287
224.701,0.151221,0.0228092,0.0226612,1.50878,0.00390938,0.00390533,0.00172189,0.0346141,0.0251844
224.751,0.151345,0.0228094,0.0226644,1.50848,0.00393272,0.00279893,0.00173151,0.037775,0.0385436
224.801,0.151432,0.0228093,0.0226655,1.50902,0.00276894,0.00247287,0.00170388,0.0264769,0.0212551
224.851,0.151409,0.0228089,0.0226666,1.50871,0.00239553,0.00363969,0.00168271,0.0266444,0.019404
224.901,0.151425,0.0228113,0.0226711,1.50886,0.00232282,0.00413788,0.00172029,0.0307332,0.0207608
224.951,0.151439,0.0228135,0.0226743,1.5088,0.00238875,0.00300969,0.00173107,0.0316181,0.0345067
225.001,0.15146,0.0228143,0.0226755,1.5091,0.00304641,0.00241219,0.00170566,0.0270561,0.0272805
225.051,0.151537,0.0228151,0.0226766,1.50904,0.00373151,0.00340942,0.0016836,0.0267245,0.0219989
225.101,0.151681,0.0228204,0.022681,1.50906,0.00403565,0.0037781,0.00172115,0.03496,0.0256604
225.151,0.151812,0.0228247,0.0226842,1.50876,0.00397412,0.00272927,0.00173084,0.038259,0.0392808
225.201,0.151899,0.0228259,0.0226853,1.50932,0.00276949,0.00246765,0.00170331,0.0266962,0.0214792
225.251,0.151874,0.0228279,0.0226864,1.50899,0.00243774,0.00365567,0.00168224,0.0268077,0.019587
225.301,0.151897,0.0228361,0.0226909,1.50913,0.00235629,0.00414677,0.00171984,0.0307614,0.0205183
225.351,0.15192,0.0228433,0.0226941,1.5091,0.00241663,0.0030267,0.00173065,0.0315104,0.0342621
225.401,0.151943,0.0228456,0.0226953,1.5094,0.00307731,0.00240128,0.00170531,0.0271181,0.0273095
225.451,0.152017,0.0228484,0.0226964,1.5093,0.00385143,0.00333258,0.00168331,0.0268836,0.0220007
225.501,0.152167,0.0228587,0.0227008,1.50929,0.00415888,0.00367792,0.00172087,0.035106,0.0256362
225.551,0.152294,0.0228665,0.022704,1.5089,0.00401512,0.00267039,0.00173057,0.0386383,0.0393713
225.601,0.15237,0.0228687,0.0227051,1.50935,0.00277175,0.00246983,0.00170309,0.0269644,0.0214503
225.651,0.152336,0.022873,0.0227062,1.50892,0.00247955,0.00370655,0.00168211,0.0268632,0.0196154
225.701,0.152365,0.0228871,0.0227107,1.50905,0.00239531,0.00422223,0.00171973,0.0309846,0.0204836
225.751,0.15239,0.0228992,0.0227139,1.50896,0.00244,0.00305998,0.00173073,0.0318831,0.0345583
225.801,0.152412,0.0229031,0.0227151,1.50923,0.00307351,0.002388,0.00170573,0.0276255,0.0274375
225.851,0.152494,0.0229073,0.0227163,1.50918,0.00395124,0.0032248,0.00168614,0.0274838,0.0220853
225.901,0.15265,0.0229218,0.0227208,1.50916,0.00428645,0.00353126,0.00172357,0.0358305,0.0256275
225.951,0.152787,0.0229324,0.0227239,1.5088,0.00404407,0.00259026,0.00173302,0.0394985,0.0396093
226.001,0.152878,0.0229353,0.022725,1.50943,0.00276764,0.00245206,0.00170517,0.0272502,0.0215014
226.051,0.152853,0.0229418,0.022726,1.50909,0.0025258,0.00368888,0.00168166,0.0270495,0.0197103
226.101,0.152893,0.0229613,0.0227304,1.50925,0.00243675,0.00420712,0.00171929,0.0309902,0.0205026
226.151,0.152925,0.0229783,0.0227337,1.50917,0.00244942,0.00305119,0.00173033,0.0318374,0.0346571
226.201,0.152948,0.0229838,0.0227349,1.50943,0.00305496,0.00236704,0.00170538,0.0278595,0.0276045
226.251,0.153042,0.0229892,0.0227361,1.50947,0.00404941,0.00310601,0.00168585,0.0278182,0.0220902
226.301,0.15321,0.0230072,0.0227405,1.50947,0.00443686,0.00339668,0.0017233,0.0364118,0.0257323
226.351,0.153358,0.02302,0.0227437,1.50915,0.00409197,0.00253564,0.00173277,0.0403437,0.0400914
226.401,0.153453,0.0230233,0.0227447,1.50984,0.00278295,0.00245022,0.00170496,0.0278043,0.0217873
226.451,0.153436,0.0230322,0.0227457,1.50953,0.00260125,0.0037229,0.00168154,0.0273436,0.0199657
226.501,0.153486,0.0230574,0.0227502,1.5097,0.00251371,0.00424593,0.00171918,0.0315002,0.020237
226.551,0.153525,0.0230792,0.0227534,1.50962,0.00248047,0.00309949,0.00173022,0.0324381,0.034314
226.601,0.153547,0.0230866,0.0227546,1.50985,0.00302829,0.0023618,0.00170527,0.028512,0.0274344
226.651,0.153637,0.0230927,0.0227558,1.50986,0.00411847,0.00299938,0.00168575,0.0285049,0.0218263
226.701,0.153815,0.0231133,0.0227603,1.50988,0.00450936,0.00323161,0.0017232,0.0372745,0.0261208
226.751,0.153977,0.0231277,0.0227634,1.50963,0.00408149,0.00247289,0.0017329,0.0413265,0.0410762
226.801,0.154094,0.0231313,0.0227645,1.51057,0.00276596,0.0024432,0.00170546,0.0281343,0.0221368
226.851,0.154108,0.0231433,0.0227656,1.51053,0.00269146,0.00374202,0.00168449,0.0274108,0.0203263
226.901,0.154175,0.0231738,0.0227701,1.51076,0.00262839,0.00425678,0.00172199,0.031542,0.0200164
226.951,0.154221,0.0232005,0.0227733,1.51066,0.00252861,0.00312135,0.00173278,0.0324792,0.0339472
227.001,0.154238,0.02321,0.0227745,1.51081,0.003043,0.00235555,0.00170743,0.0285182,0.0272169
227.051,0.154323,0.0232164,0.0227755,1.51072,0.00424207,0.00285881,0.0016854,0.028722,0.02165
227.101,0.15451,0.0232387,0.02278,1.51075,0.00464568,0.00307194,0.00172287,0.0375365,0.0264624
227.151,0.154677,0.0232542,0.0227832,1.51046,0.00415024,0.00242593,0.00173261,0.0419081,0.0420248
227.201,0.154789,0.023258,0.0227842,1.51137,0.00279564,0.00244851,0.00170521,0.0282134,0.0225135
227.251,0.154791,0.0232732,0.0227853,1.51117,0.00282815,0.00379307,0.00168431,0.0271952,0.0206787
227.301,0.15487,0.0233093,0.0227898,1.51139,0.00277917,0.00431452,0.00172183,0.0312444,0.019897
227.351,0.15493,0.023341,0.0227931,1.51131,0.00259555,0.00318826,0.00173261,0.0323074,0.0336802
227.401,0.154952,0.0233529,0.0227942,1.51147,0.00305237,0.00235497,0.00170727,0.0284656,0.0271442
227.451,0.155037,0.0233596,0.0227953,1.51137,0.0043739,0.00276629,0.00168528,0.0287394,0.0215906
227.501,0.155235,0.0233833,0.0227997,1.51138,0.00484982,0.00296062,0.00172279,0.0377513,0.0265008
227.551,0.155405,0.0233992,0.0228029,1.51102,0.00423756,0.0023946,0.00173273,0.0424098,0.0427619
227.601,0.155506,0.0234027,0.022804,1.51184,0.00284707,0.00246508,0.00170568,0.0285176,0.0228178
227.651,0.15549,0.0234208,0.0228051,1.51142,0.00301767,0.00384402,0.00168502,0.0271583,0.020815
227.701,0.155581,0.0234625,0.0228096,1.5116,0.00299194,0.00437181,0.00172252,0.0312896,0.0200475
227.751,0.155658,0.0234994,0.0228128,1.51154,0.00268543,0.00328059,0.00173322,0.0326958,0.0341543
227.801,0.155689,0.0235141,0.0228139,1.51177,0.00306648,0.00236151,0.00170776,0.0290752,0.0274205
227.851,0.155782,0.0235207,0.0228151,1.51174,0.00450527,0.00269431,0.00168792,0.0293257,0.0216594
227.901,0.155988,0.0235448,0.0228196,1.51174,0.00499224,0.0028279,0.0017253,0.0382706,0.026389
227.951,0.156164,0.0235603,0.0228228,1.51136,0.00427644,0.00237266,0.00173501,0.0432673,0.0430259
228.001,0.156269,0.0235631,0.0228238,1.51224,0.00289555,0.00247943,0.00170763,0.0288827,0.0228202
228.051,0.156253,0.0235843,0.0228248,1.51174,0.00320229,0.0038623,0.00168451,0.0272505,0.0209639
228.101,0.156362,0.0236308,0.0228293,1.51192,0.00321795,0.00435718,0.00172203,0.0313173,0.0200551
228.151,0.156449,0.023672,0.0228325,1.51181,0.00278316,0.00332654,0.00173296,0.0327624,0.034233
228.201,0.156477,0.0236897,0.0228337,1.51194,0.00307626,0.002362,0.00170789,0.0290366,0.0275394
228.251,0.156573,0.023696,0.0228348,1.51189,0.00462623,0.00259691,0.00168831,0.0295476,0.0217663
228.301,0.156787,0.0237195,0.0228393,1.51189,0.00511786,0.00269245,0.00172567,0.0387506,0.0262927
228.351,0.15697,0.023734,0.0228425,1.51149,0.00428006,0.00235603,0.00173533,0.0440989,0.0437832
228.401,0.157086,0.0237362,0.0228435,1.5125,0.00292375,0.00248439,0.00170791,0.0292401,0.0229379
228.451,0.157097,0.02376,0.0228445,1.51216,0.00343138,0.00382291,0.00168481,0.0274311,0.0211378
228.501,0.157228,0.0238103,0.022849,1.51239,0.00349029,0.00431443,0.00172232,0.0314785,0.0200965
228.551,0.157323,0.0238552,0.0228522,1.51218,0.00291524,0.00338186,0.00173322,0.0330091,0.0340646
228.601,0.157344,0.0238751,0.0228534,1.51214,0.00308133,0.00236322,0.00170809,0.0292525,0.0274497
228.651,0.15744,0.0238804,0.0228546,1.51204,0.00470801,0.00250407,0.00168848,0.029933,0.0215952
228.701,0.157665,0.0239021,0.022859,1.51208,0.00522841,0.00256189,0.00172585,0.0391679,0.0262227
228.751,0.157859,0.0239148,0.0228622,1.5117,0.00431117,0.00234864,0.00173591,0.0448454,0.0446311
228.801,0.157982,0.0239161,0.0228633,1.51275,0.00299322,0.00248538,0.00170916,0.0294084,0.0233278
228.851,0.158018,0.0239429,0.0228644,1.51252,0.00370265,0.00379754,0.00168869,0.0273176,0.0214768
228.901,0.158171,0.0239964,0.0228689,1.51277,0.0038081,0.00426621,0.00172603,0.0312713,0.0201012
228.951,0.158277,0.0240444,0.0228722,1.51248,0.00310482,0.00343858,0.0017366,0.032976,0.0343701
229.001,0.158301,0.0240672,0.0228733,1.51236,0.00315546,0.00237721,0.00171094,0.0292619,0.0276285
229.051,0.158394,0.0240712,0.0228743,1.51218,0.00487091,0.00243825,0.00168877,0.0299004,0.0216928
229.101,0.158628,0.0240911,0.0228788,1.51221,0.00539919,0.00247687,0.00172613,0.0391506,0.0259848
229.151,0.158831,0.0241017,0.022882,1.5118,0.00441136,0.0023497,0.00173615,0.0452797,0.0450827
229.201,0.158963,0.0241018,0.0228831,1.51292,0.00311344,0.00252032,0.00170938,0.0295551,0.0236409
229.251,0.159034,0.0241311,0.0228842,1.51291,0.00404387,0.00381078,0.00168894,0.0272312,0.0218178
229.301,0.159209,0.0241876,0.0228887,1.51316,0.00419742,0.00422709,0.00172627,0.0313578,0.0200557
229.351,0.159332,0.0242377,0.022892,1.51282,0.00336476,0.00348848,0.00173698,0.0332582,0.0342931
229.401,0.159364,0.0242621,0.0228931,1.51265,0.00326711,0.00238374,0.00171161,0.0296188,0.027554
229.451,0.15946,0.0242632,0.0228941,1.51244,0.0050658,0.00236379,0.00168967,0.0304798,0.0214356
229.501,0.159703,0.0242785,0.0228986,1.51244,0.00559958,0.00237782,0.001727,0.0397972,0.0260892
229.551,0.159911,0.0242851,0.0229018,1.51197,0.00450667,0.00236779,0.00173712,0.0460523,0.0459894
229.601,0.160044,0.0242835,0.0229029,1.5131,0.00326014,0.00251296,0.00171059,0.030029,0.0243142
229.651,0.160119,0.024314,0.022904,1.51298,0.0044363,0.0036857,0.00169028,0.0274023,0.0224711
229.701,0.160317,0.0243705,0.0229086,1.51323,0.00463295,0.00406688,0.00172756,0.0316305,0.0198365
229.751,0.160469,0.0244216,0.0229118,1.51298,0.00366159,0.00347045,0.00173815,0.0336358,0.0337619
229.801,0.160525,0.0244478,0.022913,1.51291,0.00338178,0.00237925,0.00171257,0.0301087,0.0273439
229.851,0.160633,0.0244469,0.0229141,1.51278,0.00522748,0.00231862,0.00169272,0.0310785,0.0211858
229.901,0.160885,0.0244567,0.0229186,1.51276,0.00575915,0.00233263,0.00172992,0.0403875,0.0261102
229.951,0.161101,0.0244583,0.0229218,1.51225,0.00462316,0.00241329,0.00173998,0.0469248,0.046754
230.001,0.161234,0.0244541,0.0229229,1.51338,0.0034227,0.00248893,0.00171339,0.0305186,0.0248935
230.051,0.161297,0.0244843,0.0229239,1.51301,0.00482856,0.00350996,0.00169082,0.0275727,0.0228183
230.101,0.161515,0.024539,0.0229284,1.51322,0.00504585,0.0038481,0.00172807,0.0318242,0.0199211
230.151,0.161694,0.0245889,0.0229317,1.51303,0.00396801,0.00337619,0.00173861,0.0337512,0.0338767
230.201,0.161766,0.0246159,0.0229328,1.51297,0.00349733,0.00236817,0.00171294,0.0301999,0.0276017
230.251,0.161881,0.0246115,0.022934,1.51283,0.0053616,0.00231021,0.00169306,0.0312907,0.0213925
230.301,0.162141,0.0246139,0.0229385,1.51284,0.00586231,0.0023485,0.00173024,0.0404104,0.0255122
230.351,0.162357,0.0246094,0.0229417,1.51227,0.00464672,0.00248195,0.00174025,0.0472078,0.0467752
230.401,0.162493,0.0246029,0.0229428,1.51339,0.00354633,0.00246712,0.00171363,0.0306231,0.0251274
230.451,0.162575,0.0246326,0.0229438,1.51304,0.00519248,0.00333923,0.00169108,0.0275208,0.0230941
230.501,0.162818,0.0246841,0.0229483,1.51329,0.0054408,0.00362241,0.00172831,0.0316689,0.0199672
230.551,0.163002,0.0247306,0.0229516,1.51294,0.00429788,0.00330433,0.00173883,0.0338614,0.0339085
230.601,0.163068,0.0247561,0.0229527,1.51264,0.00363383,0.0023638,0.0017131,0.0303419,0.0275876
230.651,0.163177,0.0247472,0.0229538,1.5124,0.0054636,0.00235509,0.00169321,0.0314307,0.0212675
230.701,0.163443,0.0247419,0.0229584,1.5124,0.00593822,0.00243122,0.00173038,0.0404247,0.025553
230.751,0.163672,0.024731,0.0229616,1.51188,0.0047263,0.00255908,0.00174058,0.0470658,0.0476402
230.801,0.16382,0.0247207,0.0229627,1.51306,0.00373923,0.00243964,0.00171429,0.0304966,0.026127
230.851,0.163952,0.024747,0.0229638,1.51302,0.00561113,0.00308518,0.00169419,0.0271298,0.0238885
230.901,0.16422,0.0247916,0.0229684,1.5133,0.00589539,0.00331156,0.00173128,0.0313241,0.0197897
230.951,0.16443,0.0248325,0.0229716,1.51299,0.00468187,0.00314369,0.00174153,0.0337274,0.0334282
231.001,0.164521,0.0248555,0.0229727,1.51278,0.00377538,0.00236249,0.00171537,0.0301296,0.0271519
231.051,0.164631,0.0248407,0.0229737,1.5125,0.0055585,0.00249703,0.00169296,0.0313417,0.0211292
231.101,0.164901,0.0248255,0.0229783,1.51251,0.00600952,0.00262483,0.00173015,0.040205,0.02546
231.151,0.165133,0.0248066,0.0229815,1.51193,0.00478687,0.00271888,0.00174054,0.0472879,0.0484448
231.201,0.165281,0.024792,0.0229826,1.5131,0.00392259,0.00239493,0.00171463,0.0305094,0.0269773
231.251,0.165422,0.0248137,0.0229837,1.51299,0.00601313,0.00281318,0.00169481,0.0268842,0.0246909
231.301,0.165711,0.0248499,0.0229883,1.51327,0.00631003,0.00299556,0.00173188,0.0311121,0.0196471
231.351,0.16594,0.0248833,0.0229916,1.51295,0.00509153,0.00295823,0.00174208,0.0335488,0.0328831
231.401,0.166046,0.024902,0.0229927,1.5127,0.00399955,0.002369,0.00171582,0.0302345,0.0267704
231.451,0.166159,0.0248817,0.0229937,1.51241,0.00567533,0.0027019,0.00169337,0.0313106,0.0209344
231.501,0.16643,0.0248567,0.0229982,1.51238,0.00607878,0.002896,0.00173054,0.0402645,0.0254611
231.551,0.166662,0.0248295,0.0230014,1.51175,0.00483932,0.00291741,0.00174088,0.0476388,0.0490792
231.601,0.166809,0.0248104,0.0230025,1.5129,0.00411524,0.00236836,0.00171492,0.0309661,0.0276931
231.651,0.166962,0.0248262,0.0230037,1.5128,0.00637221,0.00255675,0.00169511,0.0270381,0.0251382
231.701,0.167267,0.0248518,0.0230082,1.51306,0.00669545,0.00267029,0.00173217,0.0313331,0.0196595
231.751,0.167519,0.0248758,0.0230115,1.51277,0.00549573,0.00274269,0.00174236,0.0337963,0.0325856
231.801,0.167645,0.0248888,0.0230126,1.51255,0.00418602,0.00240298,0.00171602,0.0303646,0.026699
231.851,0.167764,0.0248625,0.0230137,1.51228,0.00575123,0.00302489,0.0016958,0.0317193,0.020981
231.901,0.168031,0.0248271,0.0230183,1.51222,0.00611949,0.00328714,0.00173287,0.0402061,0.0252581
231.951,0.168253,0.0247911,0.0230215,1.51146,0.00489572,0.00320236,0.001743,0.047657,0.0494501
232.001,0.168381,0.0247665,0.0230226,1.51241,0.00433571,0.00237391,0.00171671,0.03098,0.0283939
232.051,0.168505,0.024774,0.0230236,1.51191,0.00671273,0.00235391,0.00169449,0.0269367,0.0257111
232.101,0.168816,0.0247867,0.0230282,1.51208,0.00702582,0.00240763,0.00173156,0.0312475,0.0196253
232.151,0.169098,0.0247999,0.0230314,1.51194,0.00583394,0.00251027,0.00174179,0.0338449,0.032408
232.201,0.16926,0.0248066,0.0230325,1.51194,0.00433679,0.0024871,0.00171553,0.0305644,0.0265977
232.251,0.16938,0.0247754,0.0230337,1.51168,0.00571585,0.0034229,0.0016954,0.032073,0.0210174
232.301,0.169638,0.0247304,0.0230382,1.51156,0.00601877,0.00373366,0.00173248,0.0406717,0.024695
232.351,0.169843,0.024687,0.0230414,1.51069,0.00483858,0.00350874,0.00174282,0.0481889,0.048837
232.401,0.169959,0.0246585,0.0230426,1.51151,0.00445548,0.00242779,0.00171693,0.0314004,0.0283841
232.451,0.170076,0.0246583,0.0230436,1.51087,0.00690781,0.00232543,0.00169499,0.0271247,0.0254902
232.501,0.170398,0.0246586,0.0230481,1.51103,0.00722178,0.00233058,0.00173204,0.0315773,0.0199247
232.551,0.170692,0.0246608,0.0230514,1.51088,0.00610907,0.00238668,0.00174224,0.034232,0.0329954
232.601,0.170867,0.0246606,0.0230525,1.51087,0.00445162,0.00258972,0.00171589,0.03082,0.0270391
232.651,0.170983,0.0246254,0.0230536,1.51058,0.00563138,0.0037649,0.00169572,0.0324268,0.0212299
232.701,0.171236,0.0245746,0.0230582,1.5105,0.00587812,0.00411276,0.00173278,0.0408294,0.0240116
232.751,0.171454,0.0245262,0.0230614,1.50979,0.0047541,0.00379732,0.00174327,0.0482048,0.0485634
232.801,0.171598,0.0244934,0.0230626,1.51085,0.00454557,0.00252482,0.00171769,0.0315218,0.0287945
232.851,0.171779,0.0244852,0.0230637,1.51072,0.00705404,0.00249061,0.0016982,0.0272175,0.0258472
232.901,0.172115,0.024474,0.0230683,1.51095,0.00735333,0.00247893,0.0017351,0.0315926,0.0199442
232.951,0.172406,0.0244648,0.0230716,1.51071,0.00633022,0.00237999,0.00174504,0.0344539,0.0327086
233.001,0.172581,0.024456,0.0230727,1.51062,0.00450877,0.00279894,0.00171826,0.0308099,0.0266696
233.051,0.172694,0.0244167,0.0230737,1.51033,0.00547196,0.00425774,0.00169554,0.0325112,0.0210925
233.101,0.172934,0.0243607,0.0230782,1.51024,0.00565992,0.00465257,0.00173262,0.0408799,0.0237439
233.151,0.17313,0.0243079,0.0230815,1.50941,0.00461225,0.00423914,0.00174313,0.0483114,0.0484837
233.201,0.173249,0.0242725,0.0230826,1.51024,0.00461889,0.00273855,0.00171756,0.0316891,0.0293611
233.251,0.173394,0.0242573,0.0230838,1.50975,0.00713339,0.00287278,0.00169816,0.0272913,0.026153
233.301,0.173722,0.0242357,0.0230883,1.50988,0.00744283,0.0028624,0.00173507,0.0319313,0.0200541
233.351,0.17403,0.0242177,0.0230916,1.50974,0.00649988,0.00254271,0.00174501,0.0347653,0.0326468
233.401,0.174221,0.024203,0.0230927,1.50975,0.00455072,0.00305261,0.00171821,0.0311416,0.0264525
233.451,0.174313,0.0241634,0.0230937,1.50933,0.00528076,0.00470695,0.00169552,0.0330319,0.0209602
233.501,0.174532,0.0241069,0.0230982,1.50918,0.00540311,0.0051221,0.00173259,0.04136,0.0233299
233.551,0.174711,0.0240547,0.0231015,1.50831,0.00442472,0.0045789,0.00174326,0.0484675,0.0483875
233.601,0.174825,0.0240195,0.0231027,1.50912,0.00458916,0.00295746,0.00171804,0.0320487,0.0296866
233.651,0.174971,0.0239999,0.0231038,1.50865,0.00707344,0.00333641,0.00169887,0.027604,0.0263441
233.701,0.175297,0.0239728,0.0231084,1.50879,0.007354,0.00334393,0.00173574,0.0324444,0.0200593
233.751,0.175599,0.0239497,0.0231117,1.50863,0.00651836,0.00281784,0.00174581,0.0352365,0.0325571
233.801,0.175794,0.023931,0.0231128,1.50866,0.0045042,0.00328166,0.00171926,0.0310831,0.0260916
233.851,0.175898,0.0238939,0.023114,1.5084,0.00500998,0.00508606,0.00169893,0.0329392,0.0208347
233.901,0.176109,0.0238426,0.0231185,1.50834,0.00507406,0.00550675,0.00173583,0.0413114,0.0230068
233.951,0.176281,0.0237956,0.0231218,1.50754,0.00417524,0.00488027,0.00174639,0.0482456,0.0481456
234.001,0.176391,0.0237631,0.023123,1.50836,0.00452125,0.00319932,0.00172109,0.032004,0.0302907
234.051,0.176533,0.0237415,0.023124,1.50787,0.00691018,0.00384944,0.00169956,0.0274699,0.0266839
234.101,0.176854,0.0237139,0.0231286,1.50806,0.00718416,0.00387938,0.00173639,0.0323188,0.0200781
234.151,0.177149,0.0236897,0.0231319,1.50789,0.0064634,0.00321052,0.00174642,0.0352822,0.0325125
234.201,0.177342,0.0236702,0.023133,1.50791,0.00440028,0.00357282,0.00171977,0.0310595,0.0256597
234.251,0.177445,0.0236387,0.0231341,1.50774,0.00468232,0.00550085,0.00169938,0.0329986,0.0206679
234.301,0.177638,0.0235969,0.0231387,1.5077,0.00470466,0.00593179,0.00173626,0.0411935,0.0226803
234.351,0.17778,0.0235593,0.023142,1.5068,0.00392555,0.00523167,0.0017468,0.0478434,0.047762
234.401,0.177862,0.0235334,0.0231432,1.50741,0.00443316,0.00349472,0.00172143,0.0319959,0.0305436
234.451,0.177991,0.0235145,0.0231442,1.50686,0.00670661,0.0044111,0.00169987,0.0275542,0.0268907
234.501,0.178297,0.0234918,0.0231488,1.50703,0.00696761,0.00447336,0.00173669,0.0326034,0.0200702
234.551,0.178582,0.0234721,0.0231521,1.50684,0.00637124,0.00367085,0.0017467,0.035682,0.032641
234.601,0.17877,0.0234563,0.0231532,1.50689,0.00431189,0.00387214,0.00172,0.0309569,0.0252713
234.651,0.178854,0.0234344,0.0231544,1.50664,0.00435616,0.00589218,0.00169959,0.0329983,0.0205268
234.701,0.179021,0.0234079,0.0231589,1.50658,0.00432578,0.00633694,0.00173647,0.0408425,0.022363
234.751,0.179137,0.0233853,0.0231622,1.50564,0.00364059,0.00552753,0.00174713,0.047214,0.0475939
234.801,0.179198,0.02337,0.0231634,1.50615,0.00427754,0.00379207,0.00172207,0.0319867,0.0309746
234.851,0.179322,0.0233588,0.0231646,1.50565,0.00640085,0.00497715,0.00170292,0.0276659,0.0271143
234.901,0.179609,0.0233476,0.0231692,1.50581,0.0066509,0.00505837,0.0017396,0.0327891,0.0201204
234.951,0.179883,0.0233387,0.0231725,1.50565,0.00615635,0.00414662,0.00174935,0.0359183,0.0327452
235.001,0.180067,0.0233313,0.0231736,1.50575,0.00414385,0.00416332,0.00172226,0.031044,0.024819
235.051,0.180134,0.023323,0.0231746,1.50547,0.00400044,0.00622758,0.00169929,0.0331948,0.0203017
235.101,0.180275,0.0233177,0.0231792,1.50539,0.00392194,0.0066558,0.00173618,0.0408822,0.0220861
235.151,0.180365,0.0233154,0.0231825,1.50445,0.00336731,0.00577841,0.00174687,0.0467254,0.04701
235.201,0.180397,0.0233145,0.0231837,1.50478,0.00409953,0.00405627,0.00172184,0.0319637,0.0310278
235.251,0.180498,0.0233155,0.0231849,1.50419,0.00604696,0.00547443,0.00170273,0.027786,0.0269838
235.301,0.180765,0.0233227,0.0231895,1.50434,0.00626029,0.00557398,0.00173941,0.0330247,0.0203732
235.351,0.181025,0.0233306,0.0231928,1.50421,0.00589872,0.00460691,0.00174919,0.0361204,0.033111
235.401,0.181205,0.0233366,0.0231939,1.50438,0.00394952,0.00443643,0.00172213,0.0308305,0.024761
235.451,0.181264,0.0233457,0.0231949,1.50415,0.00364881,0.00650331,0.00169921,0.0330046,0.0204305
235.501,0.18138,0.0233664,0.0231995,1.50408,0.00354131,0.00690957,0.00173609,0.0404681,0.0215966
235.551,0.181446,0.0233887,0.0232028,1.50315,0.00310377,0.00596893,0.00174679,0.0461195,0.0459991
235.601,0.181462,0.0234054,0.023204,1.50344,0.0039055,0.00428913,0.00172177,0.0318704,0.0308571
235.651,0.181546,0.0234228,0.0232052,1.50283,0.0056637,0.00593117,0.00170268,0.0278581,0.0265836
235.701,0.181788,0.0234542,0.0232098,1.50294,0.00587068,0.00605881,0.00173937,0.0332213,0.0207397
235.751,0.182032,0.0234843,0.0232131,1.50282,0.00562362,0.00499935,0.00174915,0.0364227,0.0335419
235.801,0.182201,0.0235078,0.0232142,1.50304,0.00375511,0.00465308,0.00172209,0.0309465,0.0246857
235.851,0.182245,0.023537,0.0232153,1.50281,0.00331903,0.00667266,0.00170139,0.0330979,0.0205514
235.901,0.18234,0.0235866,0.0232199,1.50278,0.00319171,0.00706881,0.00173817,0.0402984,0.0211955
235.951,0.182387,0.0236362,0.0232232,1.50194,0.00287769,0.00605805,0.00174869,0.0454059,0.0445654
236.001,0.182383,0.0236725,0.0232244,1.50212,0.00372091,0.00445747,0.0017234,0.0317779,0.0305682
236.051,0.182448,0.0237097,0.0232255,1.50148,0.00529461,0.00625977,0.00170185,0.0279636,0.0263027
236.101,0.182673,0.0237691,0.0232301,1.50162,0.00546762,0.00640926,0.00173857,0.0334686,0.0210581
236.151,0.182887,0.0238251,0.0232334,1.50143,0.00534909,0.00531909,0.00174826,0.036584,0.0339894
236.201,0.183031,0.0238691,0.0232345,1.50157,0.00357755,0.00479288,0.00172095,0.030587,0.0247453
236.251,0.183059,0.0239198,0.0232356,1.50134,0.00304091,0.00680226,0.00170014,0.0325336,0.0206442
236.301,0.183136,0.0239999,0.0232402,1.50137,0.00290497,0.00719415,0.00173698,0.0393976,0.0208678
236.351,0.18318,0.024078,0.0232435,1.50073,0.00268526,0.00615599,0.0017476,0.0440014,0.0433452
236.401,0.183181,0.0241353,0.0232447,1.50104,0.00357515,0.00463583,0.00172248,0.0311468,0.0305642
236.451,0.183259,0.0241947,0.0232458,1.50065,0.00492557,0.00659171,0.00170107,0.0275625,0.0261365
236.501,0.183461,0.024285,0.0232504,1.50077,0.00508073,0.00675879,0.00173783,0.0333374,0.0214008
236.551,0.183649,0.0243692,0.0232536,1.50052,0.00505076,0.00563529,0.00174757,0.0367714,0.0344352
236.601,0.183771,0.024435,0.0232547,1.50065,0.0033831,0.00497462,0.00172037,0.0303857,0.0244808
236.651,0.183767,0.0245067,0.0232559,1.5003,0.00275969,0.00694871,0.00169965,0.032419,0.020514
236.701,0.18381,0.0246174,0.0232604,1.50026,0.00262487,0.00732537,0.00173652,0.0391169,0.0207977
236.751,0.183823,0.0247237,0.0232638,1.49959,0.00250945,0.00625363,0.00174718,0.0434953,0.0429219
236.801,0.183811,0.0248006,0.023265,1.49987,0.00334915,0.00479411,0.00172211,0.0313871,0.0308583
236.851,0.183876,0.0248814,0.0232662,1.49951,0.00453346,0.00684464,0.00170295,0.0279686,0.0260796
236.901,0.184051,0.0250028,0.0232708,1.49959,0.00469863,0.00702491,0.00173963,0.0338896,0.0217453
236.951,0.184227,0.0251153,0.0232741,1.49938,0.00476539,0.00588572,0.00174922,0.0374085,0.035315
237.001,0.18434,0.0252028,0.0232752,1.49958,0.00323441,0.00507932,0.00172177,0.0304228,0.0244076
237.051,0.184308,0.0252933,0.0232762,1.49911,0.00257845,0.00697097,0.00169859,0.032474,0.0206222
237.101,0.184334,0.0254317,0.0232807,1.4991,0.0024696,0.00731491,0.00173549,0.0387524,0.0203754
237.151,0.184341,0.0255635,0.023284,1.49856,0.0024207,0.00621144,0.00174623,0.0430602,0.041738
237.201,0.184327,0.0256585,0.0232852,1.49891,0.00322934,0.00483331,0.00172131,0.0311562,0.0304565
237.251,0.184392,0.0257604,0.0232865,1.49867,0.00424153,0.00696501,0.00170225,0.0280704,0.0256582
237.301,0.184551,0.0259106,0.0232911,1.49876,0.0043699,0.00717009,0.00173896,0.0342684,0.0222036
237.351,0.18469,0.0260486,0.0232943,1.4984,0.00449747,0.00598855,0.0017486,0.0379601,0.0358156
237.401,0.184765,0.0261552,0.0232955,1.49845,0.00308382,0.00508748,0.00172125,0.0303131,0.0241735
237.451,0.184708,0.0262631,0.0232965,1.49789,0.00243072,0.00692402,0.00169812,0.0322977,0.0206395
237.501,0.184716,0.0264251,0.023301,1.49792,0.00236446,0.00725587,0.00173505,0.0382713,0.0202254
237.551,0.184708,0.0265792,0.0233043,1.49744,0.00236406,0.0061594,0.00174584,0.0422906,0.0412613
237.601,0.184682,0.0266902,0.0233055,1.49776,0.00306569,0.004876,0.00172098,0.0309664,0.0305166
237.651,0.184737,0.0268113,0.0233068,1.49757,0.00390384,0.00708853,0.00170196,0.0279616,0.025667
237.701,0.184875,0.0269884,0.0233114,1.49766,0.00402795,0.00730844,0.00173869,0.0342245,0.0224142
237.751,0.184999,0.0271501,0.0233146,1.49732,0.00421326,0.00612738,0.00174835,0.0379615,0.0363149
237.801,0.185079,0.027275,0.0233158,1.49754,0.0029218,0.00512734,0.00172104,0.0299175,0.0240088
237.851,0.185033,0.0273979,0.0233169,1.49717,0.00234729,0.00689948,0.00170014,0.0318433,0.0206811
237.901,0.185023,0.027581,0.0233214,1.49721,0.00233228,0.00722204,0.00173698,0.0376156,0.0200881
237.951,0.184997,0.0277536,0.0233248,1.49673,0.00235347,0.00609261,0.00174759,0.0413861,0.0406589
238.001,0.184968,0.0278758,0.023326,1.49708,0.00295303,0.00485006,0.00172248,0.0306729,0.0305004
238.051,0.185013,0.0280115,0.0233271,1.4969,0.00362845,0.00710755,0.001701,0.0279095,0.0256168
238.101,0.185133,0.0282102,0.0233317,1.49698,0.00373508,0.00733923,0.00173777,0.0344745,0.0227964
238.151,0.185246,0.0283911,0.0233349,1.49666,0.00400879,0.00615548,0.00174752,0.0383538,0.0366603
238.201,0.185313,0.0285299,0.0233361,1.49689,0.00282924,0.00509076,0.00172034,0.0299212,0.023583
238.251,0.18524,0.0286627,0.0233372,1.49637,0.0023151,0.00680069,0.00169952,0.0319019,0.0204526
238.301,0.185214,0.0288613,0.0233418,1.4964,0.00234233,0.00710598,0.00173638,0.0375067,0.0201762
238.351,0.185186,0.0290481,0.0233451,1.49603,0.00236224,0.00596808,0.00174705,0.0411524,0.0405172
238.401,0.185158,0.0291797,0.0233463,1.49646,0.00285584,0.00481042,0.00172203,0.0307696,0.0307559
238.451,0.185197,0.0293277,0.0233474,1.49633,0.00341052,0.00709083,0.00170059,0.0282401,0.0256925
238.501,0.185304,0.0295447,0.023352,1.49642,0.00350315,0.00735377,0.00173739,0.0348926,0.022866
238.551,0.185396,0.0297415,0.0233552,1.49604,0.00382332,0.00615814,0.00174717,0.0388209,0.0368931
238.601,0.185448,0.0298913,0.0233564,1.49626,0.00273584,0.00503743,0.00172004,0.0297489,0.0233509
238.651,0.185367,0.0300323,0.0233575,1.49576,0.00231137,0.00670934,0.00169923,0.0316438,0.0203753
238.701,0.185327,0.0302432,0.0233621,1.49579,0.00239042,0.00699089,0.0017361,0.0369701,0.0201513
238.751,0.185282,0.0304397,0.0233654,1.49541,0.0023936,0.00582173,0.00174662,0.0404242,0.0400426
238.801,0.185247,0.0305765,0.0233666,1.49582,0.00275036,0.00475066,0.0017213,0.0304789,0.0308294
238.851,0.185283,0.030734,0.0233678,1.49576,0.00317372,0.00705935,0.00170184,0.028092,0.0255118
238.901,0.185374,0.0309652,0.0233723,1.49584,0.00325558,0.0073391,0.00173859,0.0350557,0.0230086
238.951,0.185465,0.0311746,0.0233756,1.49558,0.00360983,0.00613083,0.00174807,0.0387971,0.0368752
239.001,0.185533,0.0313329,0.0233767,1.49601,0.00264079,0.00493514,0.00172044,0.0294337,0.0229102
239.051,0.18546,0.0314786,0.0233777,1.49563,0.00233226,0.0065419,0.00169703,0.0312149,0.0202022
239.101,0.18541,0.0316973,0.0233822,1.49568,0.00245482,0.00683772,0.00173401,0.0362597,0.0201712
239.151,0.185347,0.0319003,0.0233855,1.49526,0.00243423,0.00567381,0.00174471,0.0396225,0.0396023
239.201,0.1853,0.0320395,0.0233868,1.49559,0.00267126,0.00465307,0.00171967,0.0301839,0.030695
239.251,0.185329,0.0322015,0.023388,1.49551,0.00300847,0.0069262,0.00170037,0.0282096,0.0251892
239.301,0.185408,0.0324416,0.0233925,1.49559,0.00308599,0.0072187,0.00173718,0.0353645,0.023271
239.351,0.185495,0.0326587,0.0233958,1.49536,0.00346024,0.00601729,0.00174679,0.03936,0.0372152
239.401,0.185568,0.0328225,0.0233969,1.49591,0.00257848,0.00481054,0.00171937,0.0294863,0.0227745
239.451,0.185511,0.0329725,0.0233979,1.4957,0.00236274,0.0063631,0.00169609,0.0312734,0.020193
239.501,0.185454,0.0331955,0.0234024,1.49579,0.0025272,0.00664009,0.0017331,0.0361473,0.0201163
239.551,0.18538,0.0334009,0.0234057,1.49535,0.00247204,0.00547968,0.00174389,0.0393779,0.0390078
239.601,0.185323,0.0335399,0.023407,1.4956,0.00262589,0.00450953,0.00171898,0.0302421,0.03042
239.651,0.185344,0.0337047,0.0234082,1.49551,0.00290599,0.00677579,0.00169973,0.0282875,0.0247741
239.701,0.185419,0.0339502,0.0234127,1.4956,0.00298439,0.00705754,0.00173657,0.0356635,0.0235135
239.751,0.185502,0.0341709,0.023416,1.49539,0.00337172,0.00581913,0.00174622,0.0396461,0.0375692
239.801,0.185575,0.0343359,0.0234171,1.49601,0.00253841,0.00459175,0.00171889,0.0293672,0.0227061
239.851,0.185534,0.0344876,0.0234182,1.49596,0.00239151,0.00610686,0.00169788,0.0310203,0.0202094
239.901,0.18548,0.0347111,0.0234227,1.49612,0.00256919,0.00639447,0.00173481,0.0358107,0.0201174
239.951,0.185404,0.0349163,0.023426,1.49571,0.00249138,0.00523676,0.0017453,0.0388761,0.0386344
240.001,0.185337,0.035053,0.0234272,1.4959,0.00261053,0.00431958,0.00171982,0.0301454,0.0302118
240.051,0.185338,0.0352165,0.0234283,1.49567,0.00283585,0.00654936,0.00169791,0.0283679,0.0244603
240.101,0.185412,0.0354637,0.0234328,1.49579,0.0029193,0.00686954,0.00173484,0.0358043,0.023691
240.151,0.185492,0.0356856,0.0234361,1.49558,0.00331069,0.00562621,0.00174446,0.0395096,0.0377869
240.201,0.185565,0.0358516,0.0234372,1.49624,0.00252403,0.00441688,0.00171703,0.0288752,0.0225678
240.251,0.185528,0.036004,0.0234383,1.49625,0.00240167,0.00590733,0.00169599,0.0303834,0.020259
240.301,0.185474,0.0362273,0.0234428,1.49643,0.002594,0.00620382,0.00173301,0.0350078,0.0200943
240.351,0.185395,0.0364315,0.0234461,1.49604,0.00249515,0.00505848,0.00174366,0.0378374,0.0380841
240.401,0.185329,0.0365661,0.0234473,1.49622,0.00260148,0.00419313,0.00171844,0.0293762,0.0297529
240.451,0.185338,0.0367299,0.0234484,1.49607,0.00279216,0.00640081,0.0016967,0.0278252,0.0240714
240.501,0.185408,0.0369791,0.0234529,1.49617,0.0028799,0.00675826,0.00173369,0.0354143,0.0240818
240.551,0.185486,0.0372015,0.0234561,1.49598,0.00326978,0.00549383,0.0017434,0.0390934,0.0382147
240.601,0.18556,0.0373646,0.0234572,1.49667,0.00251189,0.00431134,0.00171615,0.0283618,0.0224917
240.651,0.185516,0.0375127,0.0234584,1.49663,0.00240824,0.00579747,0.00169523,0.0299515,0.0201906
240.701,0.185454,0.0377363,0.0234629,1.49677,0.00260771,0.00609632,0.00173228,0.0343842,0.0201128
240.751,0.18538,0.0379401,0.0234661,1.49644,0.00248883,0.00494859,0.00174282,0.0370353,0.0376483
240.801,0.185331,0.0380715,0.0234673,1.49673,0.00260283,0.0040914,0.00171736,0.0290458,0.02959
240.851,0.185357,0.0382324,0.0234685,1.49672,0.00279433,0.00626134,0.00169768,0.0277818,0.0237096
240.901,0.185423,0.0384813,0.023473,1.49677,0.0028991,0.00664234,0.00173464,0.0355517,0.0243362
240.951,0.185493,0.0387007,0.0234762,1.4965,0.00327199,0.00535812,0.00174427,0.0392875,0.0385667
241.001,0.185552,0.0388552,0.0234774,1.4971,0.00251181,0.00417113,0.00171688,0.0283052,0.0225051
241.051,0.185483,0.038994,0.0234784,1.49685,0.00239663,0.00563914,0.0016936,0.0296979,0.0202254
241.101,0.185417,0.0392145,0.0234828,1.49695,0.00259587,0.00594246,0.00173072,0.0341521,0.0201747
241.151,0.185353,0.0394151,0.0234861,1.49672,0.0024751,0.00475934,0.00174139,0.036654,0.0372671
241.201,0.185316,0.0395411,0.0234873,1.49709,0.00260747,0.00392586,0.00171616,0.0290432,0.0292982
241.251,0.185346,0.0396957,0.0234885,1.49711,0.00280034,0.00604307,0.0016966,0.0278769,0.023413
241.301,0.185412,0.0399404,0.023493,1.49715,0.00289711,0.00643673,0.00173361,0.0357221,0.0246335
241.351,0.185483,0.0401544,0.0234962,1.49688,0.00325585,0.00512489,0.00174312,0.0393976,0.038889
241.401,0.185548,0.0403019,0.0234973,1.49754,0.00249543,0.00397937,0.00171554,0.0282528,0.0224795
241.451,0.185493,0.0404362,0.0234983,1.49741,0.00239323,0.00544217,0.00169216,0.0295914,0.0203204
241.501,0.18543,0.040653,0.0235027,1.49753,0.00258613,0.00576296,0.00172935,0.0340541,0.0200485
241.551,0.185358,0.0408475,0.023506,1.49724,0.00246638,0.00457842,0.00173997,0.0364893,0.0364897
241.601,0.185314,0.040966,0.0235072,1.49751,0.00261394,0.00377284,0.00171459,0.0291753,0.0288885
241.651,0.185342,0.0411133,0.0235084,1.49749,0.00281635,0.00582988,0.00169495,0.02828,0.0230645
241.701,0.185408,0.0413529,0.0235128,1.49749,0.00294348,0.00623156,0.00173203,0.0362067,0.0247937
241.751,0.185476,0.0415586,0.023516,1.49717,0.00328354,0.00487336,0.00174147,0.03985,0.0391194
241.801,0.185536,0.0416942,0.0235171,1.4978,0.00250427,0.00375242,0.00171377,0.0283968,0.0223118
241.851,0.185479,0.0418194,0.0235182,1.49764,0.00237193,0.00520684,0.00169258,0.0294369,0.0201526
241.901,0.185423,0.04203,0.0235226,1.49778,0.0025497,0.00554576,0.00172974,0.0338684,0.0202266
241.951,0.18536,0.0422187,0.0235259,1.49754,0.00243798,0.00436438,0.00174035,0.0360858,0.0364717
242.001,0.185322,0.0423304,0.0235271,1.49782,0.00265277,0.00355605,0.00171492,0.0292687,0.0288409
242.051,0.18535,0.0424685,0.0235281,1.49777,0.00288624,0.00552451,0.00169291,0.028581,0.0227429
242.101,0.185426,0.0426989,0.0235326,1.49779,0.00301867,0.00594782,0.00173008,0.03672,0.0252483
242.151,0.185503,0.0428962,0.0235357,1.4975,0.00333961,0.00459688,0.00173972,0.0403543,0.0396414
242.201,0.185564,0.0430226,0.0235368,1.49815,0.00251985,0.00354171,0.00171229,0.0286022,0.0224584
242.251,0.1855,0.0431392,0.0235379,1.49793,0.00234437,0.00500628,0.00169126,0.0294714,0.0203627
242.301,0.185452,0.0433441,0.0235424,1.49809,0.00250243,0.00535177,0.00172848,0.0337153,0.0201174
242.351,0.185398,0.0435263,0.0235456,1.49792,0.0024114,0.00414651,0.00173902,0.0357921,0.0357059
242.401,0.185363,0.0436302,0.0235467,1.49819,0.00267932,0.00335358,0.00171343,0.0291532,0.0283795
242.451,0.185389,0.0437586,0.0235478,1.49811,0.00295426,0.00523485,0.00169131,0.0283654,0.0225534
242.501,0.185475,0.0439798,0.0235522,1.49815,0.00311681,0.00565553,0.00172855,0.0364119,0.0253356
242.551,0.185553,0.0441655,0.0235554,1.49784,0.00338238,0.0042966,0.00173812,0.0399842,0.0395632
242.601,0.185608,0.0442789,0.0235564,1.49844,0.0025296,0.00332315,0.00171057,0.0282901,0.0222925
242.651,0.185539,0.044386,0.0235575,1.49817,0.00232006,0.00477949,0.00168945,0.028939,0.020262
242.701,0.185499,0.0445835,0.0235619,1.49835,0.00245589,0.00514236,0.00172675,0.0332087,0.020334
242.751,0.185449,0.0447578,0.0235651,1.49817,0.00239049,0.0039306,0.00173745,0.0350589,0.0357538
242.801,0.185408,0.0448515,0.0235663,1.49836,0.00268842,0.00314533,0.00171211,0.0289854,0.0286286
242.851,0.185436,0.044969,0.0235675,1.49829,0.0030057,0.00492846,0.00169233,0.0281719,0.0225892
242.901,0.185531,0.0451784,0.0235719,1.49837,0.00317939,0.00533482,0.00172951,0.0358584,0.0252071
242.951,0.185622,0.0453534,0.023575,1.49815,0.00336932,0.00399185,0.00173879,0.0392581,0.039279
243.001,0.185697,0.0454596,0.0235761,1.49889,0.00251544,0.00314586,0.00171079,0.0276621,0.0221581
243.051,0.185652,0.0455648,0.023577,1.4988,0.00230654,0.00461676,0.00168712,0.0280141,0.0201806
243.101,0.185618,0.0457581,0.0235814,1.499,0.00242704,0.00501309,0.00172452,0.0323179,0.020435
243.151,0.185569,0.0459254,0.0235846,1.4988,0.00237201,0.00378459,0.00173524,0.0339035,0.0357723
243.201,0.185534,0.0460101,0.0235857,1.49898,0.00269894,0.00300309,0.00170986,0.0284658,0.0284143
243.251,0.185576,0.0461178,0.0235869,1.49898,0.00309013,0.00469254,0.00169011,0.0277066,0.0223411
243.301,0.185677,0.046317,0.0235913,1.49905,0.00328219,0.00509875,0.00172738,0.0352107,0.0251439
243.351,0.185774,0.0464805,0.0235944,1.49885,0.00341117,0.00376547,0.00173686,0.03847,0.0389539
243.401,0.185852,0.0465735,0.0235954,1.49959,0.00251293,0.00302603,0.00170917,0.0271535,0.0221226
243.451,0.185807,0.0466703,0.0235964,1.49948,0.00229002,0.00450695,0.00168573,0.027429,0.0201911
243.501,0.185778,0.0468589,0.0236008,1.49966,0.0023783,0.00488932,0.00172318,0.0314718,0.0204933
243.551,0.185741,0.0470205,0.0236039,1.49949,0.00235327,0.00365619,0.00173383,0.0331579,0.0356878
243.601,0.185716,0.0470973,0.0236051,1.49973,0.00272364,0.00286046,0.0017083,0.027917,0.0281598
243.651,0.185763,0.0471923,0.0236062,1.49974,0.00318699,0.0044165,0.00168847,0.0273096,0.0221892
243.701,0.185871,0.0473789,0.0236106,1.4998,0.00340794,0.00481343,0.00172581,0.0346126,0.0251074
243.751,0.185969,0.0475284,0.0236137,1.49958,0.00343424,0.0035338,0.00173522,0.0376012,0.0384882
243.801,0.186042,0.0476082,0.0236147,1.50026,0.00250264,0.00290235,0.00170742,0.02673,0.022005
243.851,0.186002,0.0476969,0.0236158,1.50019,0.00228668,0.00435314,0.00168618,0.0268779,0.0201118
243.901,0.185979,0.0478793,0.0236201,1.50036,0.00234943,0.0047728,0.00172361,0.0310874,0.0206688
243.951,0.185943,0.0480337,0.0236233,1.50015,0.00234711,0.00352871,0.00173404,0.0326831,0.0356862
244.001,0.185914,0.0481008,0.0236244,1.50034,0.00271675,0.00274084,0.00170811,0.0276968,0.0279568
244.051,0.185955,0.048182,0.0236254,1.50028,0.00324887,0.00416718,0.00168573,0.0270679,0.021886
244.101,0.186066,0.0483558,0.0236297,1.5003,0.00348945,0.00455048,0.00172319,0.0345308,0.0251085
244.151,0.186165,0.0484918,0.0236328,1.50005,0.00342422,0.0033252,0.00173284,0.037522,0.0387811
244.201,0.186232,0.0485575,0.0236338,1.50071,0.00247399,0.0027809,0.00170541,0.0265079,0.0222325
244.251,0.186195,0.0486383,0.0236349,1.50065,0.00228216,0.00422609,0.00168446,0.0264385,0.020302
244.301,0.186177,0.0488164,0.0236392,1.50082,0.00232796,0.0046792,0.00172198,0.0306171,0.0205869
244.351,0.18614,0.0489641,0.0236424,1.5006,0.0023475,0.00341813,0.00173255,0.0323193,0.0351317
244.401,0.186101,0.0490206,0.0236435,1.50071,0.00267293,0.00262726,0.00170683,0.0275572,0.0273278
244.451,0.186129,0.049085,0.0236445,1.50052,0.00327225,0.00389041,0.0016846,0.0272961,0.0214626
244.501,0.186242,0.0492434,0.0236488,1.50051,0.00355986,0.00424945,0.00172211,0.034649,0.025247
244.551,0.186349,0.0493659,0.0236519,1.50029,0.00339455,0.00309473,0.00173187,0.0377437,0.0391198
244.601,0.18642,0.0494205,0.0236529,1.50101,0.00245548,0.00268696,0.00170462,0.0267856,0.0224744
244.651,0.186389,0.0494973,0.023654,1.50101,0.0022835,0.0041233,0.00168378,0.0265119,0.0205511
244.701,0.186378,0.0496711,0.0236583,1.50117,0.00231131,0.00459838,0.00172132,0.0309126,0.0205102
244.751,0.186344,0.0498127,0.0236614,1.50094,0.00234516,0.00330716,0.00173175,0.0324997,0.0347615
244.801,0.186303,0.049861,0.0236625,1.50104,0.00265736,0.00252127,0.00170578,0.027729,0.0269215
244.851,0.186337,0.0499139,0.0236636,1.50091,0.00334507,0.00362163,0.00168561,0.0274354,0.0211986
244.901,0.186458,0.0500585,0.0236679,1.50092,0.00365243,0.00396951,0.00172306,0.0348316,0.0251825
244.951,0.186564,0.0501665,0.0236709,1.50066,0.00339423,0.00291162,0.00173253,0.0378159,0.0392614
245.001,0.186627,0.0502091,0.0236719,1.50135,0.00243744,0.00261372,0.00170481,0.0268503,0.0225152
245.051,0.186585,0.0502787,0.0236729,1.50127,0.00228831,0.00402417,0.00168144,0.026263,0.0206606
245.101,0.186582,0.0504477,0.0236772,1.50142,0.00229503,0.00448579,0.00171908,0.030708,0.020617
245.151,0.186558,0.0505846,0.0236803,1.50123,0.00234003,0.00320605,0.00172972,0.0323458,0.0345971
245.201,0.186517,0.0506281,0.0236813,1.50136,0.00261065,0.00245086,0.00170404,0.0276372,0.0263487
245.251,0.186548,0.0506697,0.0236824,1.50123,0.0033571,0.00337034,0.0016841,0.0274395,0.0208639
245.301,0.186674,0.0507998,0.0236867,1.50123,0.00372205,0.00369269,0.00172161,0.0347787,0.0253957
245.351,0.186783,0.050894,0.0236898,1.50097,0.00336707,0.0027386,0.00173122,0.0380763,0.0399089
245.401,0.186847,0.0509261,0.0236908,1.5017,0.00242486,0.00253767,0.00170372,0.0270364,0.0227294
245.451,0.186806,0.0509898,0.0236917,1.50162,0.00230745,0.00388408,0.00168046,0.0264046,0.0208087
245.501,0.186816,0.0511538,0.023696,1.5018,0.00230113,0.00437733,0.00171814,0.0308952,0.0206725
245.551,0.186809,0.0512876,0.0236991,1.50167,0.00233454,0.0031278,0.00172887,0.0326233,0.0343919
245.601,0.186781,0.0513304,0.0237001,1.50193,0.00260581,0.00239214,0.00170333,0.0278768,0.0258893
245.651,0.186819,0.0513625,0.0237012,1.50187,0.00343249,0.00311156,0.00168343,0.0279105,0.0205749
245.701,0.186954,0.0514765,0.0237055,1.50189,0.00385592,0.00338578,0.00172097,0.0351729,0.0253681
245.751,0.18706,0.0515562,0.0237085,1.50157,0.00340504,0.00259732,0.00173066,0.038359,0.0400812
245.801,0.187097,0.0515776,0.0237095,1.50214,0.00242569,0.00249145,0.00170325,0.027084,0.0228454
245.851,0.187002,0.0516296,0.0237106,1.50165,0.00235,0.00382133,0.00168229,0.0260565,0.0209406
245.901,0.187016,0.0517885,0.0237148,1.50177,0.00233887,0.00429641,0.00171988,0.0306808,0.0208231
245.951,0.187022,0.0519205,0.0237179,1.5017,0.00233861,0.0030913,0.00173026,0.0324123,0.0344194
246.001,0.18699,0.0519627,0.0237189,1.50198,0.00256535,0.00237025,0.00170413,0.027647,0.0256177
246.051,0.187005,0.0519834,0.0237199,1.50178,0.00344783,0.00292791,0.00168157,0.0277736,0.0203938
246.101,0.187142,0.0520842,0.0237242,1.50178,0.00388699,0.00317204,0.0017192,0.0351194,0.0253018
246.151,0.187241,0.0521503,0.0237272,1.5014,0.00332843,0.00249752,0.00172904,0.0384761,0.0404873
246.201,0.187268,0.0521637,0.0237281,1.50198,0.00239422,0.00246684,0.0017019,0.0269905,0.0230558
246.251,0.187172,0.0522151,0.0237292,1.50149,0.00236764,0.00377156,0.00168114,0.0255735,0.0210454
246.301,0.187193,0.0523722,0.0237335,1.50161,0.00236311,0.00425938,0.00171878,0.0304229,0.0209745
246.351,0.1872,0.0525027,0.0237365,1.50153,0.00233778,0.00308693,0.00172905,0.0322038,0.034499
246.401,0.187165,0.0525445,0.0237375,1.50181,0.00250525,0.00235208,0.00170271,0.0275248,0.0256348
246.451,0.18718,0.0525578,0.0237385,1.50165,0.00342052,0.00275632,0.00168007,0.0277525,0.0205024
246.501,0.18732,0.0526456,0.0237427,1.50168,0.00389255,0.00295513,0.00171776,0.0349948,0.0248192
246.551,0.187423,0.0527016,0.0237457,1.50133,0.00326021,0.00242757,0.00172775,0.0385202,0.0403286
246.601,0.18745,0.0527114,0.0237467,1.50194,0.00237229,0.00246439,0.00170082,0.0270485,0.0230198
246.651,0.187353,0.0527651,0.0237477,1.50145,0.00240406,0.00376742,0.00168024,0.0253844,0.0210139
246.701,0.187384,0.0529219,0.023752,1.50158,0.00241542,0.00424922,0.00171791,0.0302273,0.0212586
246.751,0.187397,0.0530526,0.023755,1.5015,0.00233759,0.0031261,0.00172827,0.0319119,0.0346141
246.801,0.187359,0.0530969,0.023756,1.50177,0.00246025,0.00235183,0.00170203,0.0275321,0.0257398
246.851,0.187372,0.0531058,0.0237571,1.50163,0.00340104,0.00266286,0.00168169,0.0278557,0.0206593
246.901,0.18751,0.0531826,0.0237613,1.50167,0.00389642,0.00281259,0.00171931,0.0350585,0.0243976
246.951,0.187614,0.0532307,0.0237643,1.50133,0.00318167,0.00240512,0.00172916,0.0386604,0.0403676
247.001,0.187646,0.0532396,0.0237653,1.50203,0.0023578,0.00249324,0.00170203,0.0272014,0.0232242
247.051,0.187571,0.0532999,0.0237662,1.50173,0.00242861,0.00376058,0.00167905,0.0252897,0.0212183
247.101,0.187614,0.0534564,0.0237704,1.50188,0.00246643,0.00423895,0.00171678,0.0302512,0.0213661
247.151,0.187627,0.0535864,0.0237735,1.50177,0.00233725,0.00316714,0.00172724,0.0320487,0.0343614
247.201,0.187585,0.0536339,0.0237745,1.50201,0.00240986,0.00234955,0.00170114,0.027648,0.0254945
247.251,0.1876,0.0536392,0.0237755,1.50192,0.00336183,0.00255848,0.00168091,0.0280634,0.0205093
247.301,0.187741,0.0537052,0.0237798,1.50198,0.00387619,0.00267294,0.00171857,0.0351448,0.0243528
247.351,0.187854,0.0537469,0.0237828,1.50171,0.00310664,0.00237629,0.00172871,0.0389116,0.0407551
247.401,0.187894,0.0537577,0.0237837,1.50253,0.00235257,0.00252234,0.00170206,0.0273076,0.0235007
247.451,0.187835,0.0538265,0.0237847,1.50232,0.00250094,0.00380357,0.00167936,0.0250833,0.0213473
247.501,0.187891,0.0539849,0.0237889,1.50248,0.00256922,0.00427382,0.00171709,0.0301604,0.021568
247.551,0.187913,0.0541181,0.0237919,1.50237,0.00233905,0.00328023,0.00172751,0.0318422,0.0343302
247.601,0.187872,0.0541717,0.0237929,1.50262,0.00239385,0.0023681,0.00170135,0.0277439,0.0255335
247.651,0.187882,0.0541744,0.023794,1.50252,0.00333687,0.00250178,0.00168108,0.0283481,0.0205976
247.701,0.188022,0.0542309,0.0237982,1.50257,0.00386744,0.00257163,0.00171872,0.0354178,0.0239339
247.751,0.188136,0.0542659,0.0238012,1.50232,0.00304291,0.00236472,0.00172886,0.0396283,0.0408444
247.801,0.188177,0.0542755,0.0238022,1.50317,0.00235106,0.00256553,0.0017022,0.0279684,0.0238181
247.851,0.188146,0.0543523,0.0238032,1.50315,0.00259728,0.0038279,0.00168176,0.0253718,0.0216792
247.901,0.188217,0.0545106,0.0238075,1.50334,0.00269872,0.00426661,0.00171937,0.0304948,0.0215782
247.951,0.188243,0.0546437,0.0238105,1.50319,0.0023488,0.00337602,0.0017296,0.0322591,0.0337605
248.001,0.188196,0.0547014,0.0238115,1.50336,0.0023779,0.00238846,0.0017031,0.028324,0.0251296
248.051,0.188193,0.0547,0.0238124,1.50318,0.00331405,0.0024492,0.00168035,0.0289211,0.020354
248.101,0.188335,0.0547482,0.0238166,1.50324,0.00383585,0.00249309,0.00171802,0.0357864,0.0239697
248.151,0.188452,0.054778,0.0238196,1.503,0.00297645,0.00235434,0.00172822,0.0400377,0.0413286
248.201,0.188495,0.0547892,0.0238206,1.5039,0.00234733,0.00262104,0.00170168,0.0282625,0.0245443
248.251,0.188478,0.0548727,0.0238216,1.50394,0.00270275,0.00385856,0.00168134,0.0254171,0.0221157
248.301,0.188564,0.0550314,0.0238258,1.50414,0.0028477,0.00427215,0.00171897,0.0306476,0.0215079
248.351,0.188588,0.0551642,0.0238288,1.5039,0.0023601,0.00350783,0.00172924,0.0324523,0.0333276
248.401,0.188519,0.0552234,0.0238298,1.50384,0.00236732,0.0024171,0.00170277,0.0285133,0.0247978
248.451,0.18849,0.055214,0.0238307,1.50344,0.00329758,0.00239808,0.00168005,0.0291502,0.020151
248.501,0.188634,0.0552529,0.023835,1.50351,0.00384873,0.00242075,0.00171774,0.03597,0.0239561
248.551,0.188755,0.0552776,0.0238379,1.50328,0.00296637,0.0023485,0.00172819,0.0405391,0.0418551
248.601,0.188799,0.0552909,0.0238389,1.50418,0.00236398,0.00268548,0.00170205,0.0285955,0.0251491
248.651,0.188789,0.0553784,0.02384,1.50419,0.00290609,0.00385384,0.00168194,0.025297,0.0226136
248.701,0.188894,0.0555347,0.0238442,1.50439,0.00308985,0.00424339,0.00171956,0.0305552,0.0213984
248.751,0.188932,0.0556681,0.0238472,1.50413,0.00241269,0.00363473,0.00172977,0.0323726,0.0327919
248.801,0.188871,0.055735,0.0238482,1.50406,0.00238685,0.00246703,0.0017032,0.0284798,0.0242538
248.851,0.188847,0.0557273,0.0238492,1.50368,0.00337155,0.0023797,0.00168263,0.0292761,0.0197482
248.901,0.188993,0.0557574,0.0238534,1.50372,0.00393496,0.00237564,0.00172021,0.0361557,0.0242481
248.951,0.189115,0.0557756,0.0238564,1.50342,0.00301104,0.00235007,0.00173044,0.0412611,0.0427936
249.001,0.189158,0.0557892,0.0238574,1.50434,0.00239978,0.0027568,0.00170397,0.028975,0.0261605
249.051,0.189153,0.0558786,0.0238583,1.5043,0.00314701,0.00382622,0.00168139,0.0252253,0.023445
249.101,0.189278,0.0560311,0.0238626,1.50452,0.00337272,0.00417873,0.00171903,0.0305621,0.0210191
249.151,0.189333,0.0561646,0.0238656,1.50426,0.00251575,0.00373273,0.00172929,0.0325343,0.0320073
249.201,0.189287,0.0562388,0.0238665,1.50419,0.00241751,0.0025028,0.00170277,0.02866,0.0236453
249.251,0.189269,0.056231,0.0238676,1.50384,0.00345054,0.00233695,0.00168226,0.0296728,0.0193942
249.301,0.189421,0.0562503,0.0238718,1.50387,0.00401094,0.00233134,0.00171986,0.0363204,0.0246824
249.351,0.189547,0.0562615,0.0238748,1.50354,0.00306402,0.00234512,0.00173012,0.0416586,0.0439623
249.401,0.189596,0.0562766,0.0238757,1.50449,0.00246883,0.00278033,0.00170371,0.0290326,0.0272371
249.451,0.18959,0.0563647,0.0238766,1.50431,0.00347872,0.00372211,0.0016812,0.0251691,0.0242235
249.501,0.189739,0.0565091,0.0238809,1.50454,0.00377909,0.00402222,0.00171886,0.0307229,0.0208807
249.551,0.189835,0.056644,0.0238839,1.50445,0.00270215,0.00374647,0.00172912,0.0325928,0.0316285
249.601,0.189835,0.056732,0.0238849,1.50463,0.00247716,0.00251791,0.0017026,0.0286223,0.0233231
249.651,0.189846,0.0567307,0.0238859,1.50447,0.00355657,0.00230238,0.00168213,0.0296439,0.0192829
249.701,0.190004,0.0567379,0.0238901,1.50451,0.00409655,0.00231195,0.00171975,0.0362499,0.0247692
249.751,0.190131,0.0567399,0.0238931,1.50411,0.0031122,0.00234939,0.00173021,0.0416542,0.0449415
249.801,0.190179,0.0567536,0.0238941,1.50503,0.00255604,0.00277879,0.00170417,0.0289164,0.0283131
249.851,0.190186,0.0568384,0.0238951,1.50481,0.00383138,0.00354774,0.00168414,0.0247996,0.0250569
249.901,0.190357,0.0569698,0.0238994,1.50506,0.0041634,0.00377846,0.00172165,0.0302497,0.0206517
249.951,0.190481,0.0570982,0.0239024,1.505,0.00297677,0.00369111,0.00173167,0.0322635,0.0310486
250.001,0.190505,0.0571915,0.0239034,1.50522,0.00257251,0.00252339,0.00170476,0.0283091,0.0229459
250.051,0.190519,0.0571887,0.0239042,1.50501,0.00368535,0.00228697,0.00168177,0.0293475,0.0192166
250.101,0.190681,0.0571823,0.0239085,1.50504,0.0041793,0.00232862,0.0017194,0.0358279,0.0248127
250.151,0.190802,0.0571717,0.0239115,1.5045,0.00319699,0.00236584,0.0017301,0.0417136,0.0457594
250.201,0.190838,0.0571798,0.0239125,1.50528,0.0026994,0.00275489,0.00170444,0.0287123,0.0288948
250.251,0.190822,0.0572518,0.0239135,1.50472,0.00422038,0.00335899,0.00168471,0.02455,0.0255273
250.301,0.191009,0.0573676,0.0239178,1.50491,0.00458768,0.00354507,0.00172221,0.0300581,0.0207263
250.351,0.191159,0.0574886,0.0239208,1.50488,0.00331391,0.00364273,0.00173218,0.0321665,0.0311871
250.401,0.191209,0.057584,0.0239217,1.50513,0.00272171,0.00253666,0.00170517,0.0282298,0.0229451
250.451,0.191228,0.0575776,0.0239226,1.50489,0.00384311,0.00229692,0.00168218,0.0294805,0.0192449
250.501,0.191396,0.0575567,0.0239269,1.50488,0.00435563,0.00238249,0.00171981,0.0360125,0.0245615
250.551,0.191519,0.0575337,0.0239299,1.50426,0.00334418,0.00239118,0.00173045,0.0421609,0.0461527
250.601,0.19155,0.0575354,0.0239309,1.50495,0.00291236,0.00273249,0.00170475,0.0292555,0.0293375
250.651,0.191551,0.0575998,0.0239319,1.5044,0.00465437,0.00313109,0.00168499,0.0249711,0.0257112
250.701,0.191758,0.0576975,0.0239362,1.50454,0.00503339,0.00327178,0.00172248,0.0306359,0.0209387
250.751,0.191933,0.057805,0.0239392,1.5045,0.00371032,0.00351015,0.00173241,0.0328284,0.031653
250.801,0.192003,0.057895,0.0239401,1.50476,0.00288343,0.00251457,0.00170534,0.0286216,0.0231386
250.851,0.192031,0.0578835,0.0239411,1.50453,0.0039598,0.00233972,0.00168459,0.0299805,0.0193451
250.901,0.192203,0.0578477,0.0239454,1.50453,0.00441908,0.00248743,0.00172211,0.0365139,0.0240203
250.951,0.192336,0.0578127,0.0239484,1.50394,0.00341727,0.00244369,0.00173255,0.0428034,0.0460557
251.001,0.192389,0.0578115,0.0239494,1.50473,0.00309278,0.00267482,0.00170653,0.0295,0.0294594
251.051,0.192408,0.0578639,0.0239503,1.50415,0.00501943,0.00287958,0.00168434,0.0252351,0.025926
251.101,0.192637,0.0579415,0.0239546,1.50431,0.00539225,0.00296974,0.00172185,0.0309631,0.0211256
251.151,0.192833,0.0580319,0.0239576,1.50424,0.00408374,0.00334141,0.00173184,0.0334235,0.0321826
251.201,0.192925,0.0581138,0.0239586,1.50451,0.00306192,0.00248946,0.00170484,0.029166,0.0231678
251.251,0.192964,0.0580942,0.0239596,1.50428,0.00406543,0.00241109,0.00168418,0.0305031,0.0193999
251.301,0.193143,0.0580422,0.0239638,1.50431,0.0044705,0.00264664,0.00172173,0.0369101,0.0236723
251.351,0.193293,0.0579941,0.0239668,1.50379,0.00350429,0.00251744,0.0017324,0.0432515,0.046189
251.401,0.193371,0.057987,0.0239678,1.50469,0.00332072,0.00258101,0.00170678,0.0299885,0.0300122
251.451,0.19344,0.0580303,0.0239688,1.50436,0.00534826,0.0026179,0.00168489,0.0255859,0.0263647
251.501,0.193693,0.058084,0.023973,1.50458,0.00574267,0.00265858,0.00172238,0.0313374,0.0210732
251.551,0.193906,0.0581504,0.0239761,1.50448,0.00449726,0.0030738,0.00173232,0.0339589,0.0321448
251.601,0.194018,0.0582166,0.023977,1.50473,0.00326848,0.00241743,0.00170523,0.0294893,0.0229772
251.651,0.194074,0.0581865,0.023978,1.50456,0.00416472,0.00257467,0.00168455,0.0309269,0.0192689
251.701,0.194254,0.0581134,0.0239823,1.50458,0.0045097,0.00290317,0.00172209,0.0373701,0.023618
251.751,0.194403,0.0580455,0.0239853,1.50399,0.00357012,0.00265538,0.0017329,0.0438282,0.0467913
251.801,0.194482,0.058026,0.0239863,1.50485,0.00351981,0.00247146,0.00170757,0.0305262,0.0307338
251.851,0.194568,0.0580514,0.0239874,1.50454,0.00563749,0.00239274,0.00168808,0.0259042,0.0269872
251.901,0.194833,0.0580741,0.0239917,1.50475,0.00600212,0.00240477,0.00172542,0.0317961,0.0209128
251.951,0.195066,0.0581152,0.0239947,1.50467,0.00486318,0.00279594,0.0017353,0.0345715,0.0319725
252.001,0.195203,0.0581664,0.0239957,1.50496,0.0034743,0.00237084,0.00170814,0.0298248,0.0226842
252.051,0.195264,0.0581234,0.0239966,1.50476,0.00420509,0.00278873,0.00168508,0.0311166,0.0191896
252.101,0.195448,0.0580303,0.0240009,1.5048,0.00448648,0.00319346,0.00172261,0.0373549,0.0234042
252.151,0.195603,0.0579444,0.0240039,1.50424,0.00359446,0.00282071,0.00173355,0.0436612,0.0468755
252.201,0.195692,0.0579131,0.024005,1.50511,0.00369187,0.00239433,0.00170848,0.0303046,0.0312452
252.251,0.195791,0.0579162,0.024006,1.50478,0.00585187,0.00230413,0.00168917,0.0259279,0.0273603
252.301,0.196069,0.0579095,0.0240103,1.50501,0.00619696,0.00231949,0.00172646,0.0316765,0.0209379
252.351,0.196312,0.0579209,0.0240134,1.5049,0.00516433,0.00254694,0.00173645,0.0346192,0.0320239
252.401,0.196463,0.0579492,0.0240144,1.50515,0.00362968,0.00235124,0.00170948,0.0295851,0.0226543
252.451,0.196538,0.0578911,0.0240153,1.505,0.0042111,0.00309565,0.00168653,0.0309882,0.0192362
252.501,0.196718,0.0577743,0.0240195,1.50505,0.00442438,0.00356817,0.001724,0.0372619,0.0230396
252.551,0.196861,0.0576641,0.0240226,1.50439,0.00360874,0.00307178,0.00173499,0.0433201,0.0467415
252.601,0.196941,0.057614,0.0240237,1.50512,0.00384095,0.00235581,0.00171007,0.0302857,0.031237
252.651,0.197027,0.0575882,0.0240248,1.50461,0.00600058,0.00240191,0.00169088,0.0259863,0.0272394
252.701,0.197306,0.0575456,0.0240291,1.50479,0.00633038,0.00245256,0.0017281,0.0318179,0.0212093
252.751,0.197563,0.0575263,0.0240321,1.50468,0.00546097,0.00237915,0.00173796,0.0350755,0.0326214
252.801,0.19773,0.0575318,0.0240331,1.50496,0.00379633,0.00240135,0.00171075,0.0298673,0.022918
252.851,0.197806,0.0574564,0.0240342,1.50479,0.00419111,0.00348454,0.00168987,0.0314371,0.0194619
252.901,0.197975,0.0573136,0.0240384,1.50479,0.00431512,0.00400041,0.00172719,0.0375554,0.0225644
252.951,0.198098,0.0571766,0.0240415,1.50404,0.00358847,0.00339189,0.0017379,0.0435565,0.0457515
253.001,0.198157,0.0571053,0.0240426,1.50455,0.00397712,0.00240164,0.00171252,0.0307425,0.0309793
253.051,0.198193,0.0570414,0.0240436,1.50358,0.00607216,0.002697,0.00169081,0.0262776,0.0269391
253.101,0.198464,0.0569631,0.0240479,1.50367,0.00636397,0.00277751,0.00172803,0.032157,0.0215754
253.151,0.198729,0.0569133,0.0240509,1.50357,0.00563643,0.00237593,0.00173789,0.03551,0.0333961
253.201,0.198909,0.0568944,0.0240519,1.50388,0.00391168,0.00251221,0.00171069,0.029944,0.0232556
253.251,0.198992,0.0568018,0.024053,1.50373,0.00412464,0.00385522,0.00168992,0.0314013,0.0196857
253.301,0.199156,0.0566374,0.0240572,1.50377,0.00418473,0.00439787,0.00172723,0.0373457,0.0220601
253.351,0.199279,0.0564805,0.0240603,1.50309,0.00352238,0.00369456,0.00173811,0.0431757,0.0449422
253.401,0.199351,0.056394,0.0240614,1.50365,0.0040662,0.00250886,0.00171306,0.0304702,0.0309554
253.451,0.19943,0.0563147,0.0240624,1.50299,0.00611452,0.00308981,0.00169159,0.0262655,0.0267717
253.501,0.199709,0.0562064,0.0240667,1.50312,0.00639842,0.00321992,0.00172879,0.0324165,0.0219069
253.551,0.199973,0.0561246,0.0240698,1.50297,0.00579917,0.00253305,0.00173857,0.0360333,0.0341937
253.601,0.200157,0.0560798,0.0240708,1.5033,0.00399462,0.00267923,0.00171125,0.0300637,0.0235451
253.651,0.200235,0.0559688,0.0240718,1.50314,0.00401185,0.00422378,0.00169042,0.0316121,0.0199103
253.701,0.200391,0.0557847,0.0240761,1.5032,0.00401089,0.00477103,0.00172771,0.0374836,0.0216018
253.751,0.200517,0.05561,0.0240792,1.50262,0.00345192,0.00400002,0.00173872,0.0431247,0.0442893
253.801,0.2006,0.055507,0.0240803,1.50325,0.0041306,0.00268948,0.00171394,0.0307442,0.0308524
253.851,0.20073,0.0554134,0.0240815,1.50298,0.00607827,0.00357447,0.00169486,0.0265946,0.0267147
253.901,0.201012,0.0552759,0.0240858,1.50317,0.00633376,0.00372336,0.0017319,0.0327376,0.0220599
253.951,0.201265,0.0551612,0.0240889,1.50294,0.00589849,0.00284582,0.00174163,0.0365527,0.034847
254.001,0.201436,0.0550847,0.0240899,1.50315,0.0040678,0.00291809,0.00171421,0.0302554,0.0236964
254.051,0.201489,0.0549508,0.0240909,1.50284,0.00389393,0.00461318,0.00169325,0.0318053,0.0199849
254.101,0.201634,0.0547471,0.0240952,1.50291,0.00384208,0.00516174,0.00173041,0.0375499,0.0212717
254.151,0.20176,0.0545544,0.0240984,1.50241,0.00336164,0.00432374,0.00174118,0.0431118,0.0441127
254.201,0.201846,0.0544343,0.0240995,1.50309,0.00413029,0.00294286,0.00171602,0.030798,0.0311763
254.251,0.202,0.0543179,0.0241006,1.50303,0.00597382,0.00415317,0.00169683,0.0269296,0.0270931
254.301,0.202274,0.0541474,0.024105,1.50325,0.00617428,0.00435229,0.00173413,0.0326337,0.0217152
254.351,0.202514,0.0539977,0.0241081,1.50297,0.00583764,0.00332787,0.00174408,0.0365048,0.0344405
254.401,0.202681,0.0538917,0.0241091,1.50318,0.00402106,0.00325329,0.00171666,0.0298881,0.0233878
254.451,0.202732,0.0537374,0.02411,1.5029,0.0036873,0.00508938,0.00169346,0.0317846,0.0198673
254.501,0.202862,0.0535115,0.0241144,1.50296,0.00361091,0.00559601,0.00173096,0.0373583,0.0212484
254.551,0.202967,0.0532979,0.0241175,1.50241,0.00321563,0.00465461,0.00174226,0.0425444,0.0436805
254.601,0.203035,0.0531573,0.0241187,1.50296,0.00408234,0.00323408,0.00171768,0.03078,0.031146
254.651,0.203162,0.0530157,0.0241197,1.50275,0.00576777,0.00465445,0.00169639,0.0270262,0.0268436
254.701,0.203421,0.0528194,0.0241241,1.50292,0.00597501,0.0048488,0.00173337,0.0334056,0.0220414
254.751,0.203644,0.0526446,0.0241272,1.50256,0.00579237,0.00372852,0.00174316,0.0377102,0.0354817
254.801,0.203781,0.0525129,0.0241282,1.50262,0.00396076,0.00353662,0.00171587,0.0305782,0.0235591
254.851,0.203789,0.0523393,0.0241293,1.5021,0.00347136,0.00543627,0.00169501,0.0321996,0.0199793
254.901,0.203897,0.0520981,0.0241336,1.50214,0.00332494,0.00592547,0.00173208,0.037735,0.0210138
254.951,0.203986,0.0518697,0.0241368,1.50163,0.00301986,0.00497696,0.00174301,0.042702,0.0432521
255.001,0.204041,0.051713,0.0241379,1.50214,0.00392935,0.00355524,0.00171829,0.0310846,0.0311987
255.051,0.204162,0.0515521,0.0241391,1.50197,0.00545762,0.00518405,0.00169922,0.0275241,0.0268836
255.101,0.204402,0.0513308,0.0241434,1.50214,0.00564899,0.00539848,0.00173608,0.0338362,0.0218857
255.151,0.204617,0.0511316,0.0241466,1.50181,0.00559353,0.00424501,0.00174564,0.0382042,0.0354809
255.201,0.204759,0.0509797,0.0241476,1.50198,0.00381385,0.00387511,0.00171797,0.0307058,0.023409
255.251,0.204775,0.0507942,0.0241487,1.5016,0.00322877,0.00581617,0.00169698,0.0325716,0.0198901
255.301,0.204867,0.0505383,0.024153,1.50166,0.00309692,0.00627022,0.00173431,0.03794,0.0210098
255.351,0.204937,0.050295,0.0241562,1.50113,0.00287894,0.00524319,0.00174547,0.0423516,0.0428321
255.401,0.204954,0.0501179,0.0241574,1.50142,0.00381068,0.00383504,0.00172075,0.030864,0.0312315
255.451,0.205043,0.04993,0.0241584,1.50109,0.00516688,0.00568931,0.00169948,0.027682,0.0268341
255.501,0.205266,0.0496863,0.0241628,1.50126,0.0053239,0.00590457,0.00173667,0.0339901,0.0219152
255.551,0.205457,0.0494636,0.024166,1.50088,0.00533766,0.00473718,0.0017468,0.0383597,0.0357494
255.601,0.205581,0.0492892,0.0241671,1.50101,0.00364475,0.00418227,0.0017197,0.0306194,0.0236419
255.651,0.205584,0.0490942,0.024168,1.50063,0.00296767,0.00607699,0.00169655,0.032379,0.0201101
255.701,0.205655,0.0488295,0.0241724,1.50069,0.00281057,0.00651799,0.00173356,0.0380566,0.020465
255.751,0.205691,0.0485743,0.0241755,1.50009,0.00267043,0.0054969,0.00174451,0.0422961,0.0421681
255.801,0.20568,0.0483847,0.0241767,1.50025,0.00361545,0.00412834,0.00171991,0.0310961,0.0308263
255.851,0.205754,0.0481862,0.0241779,1.4999,0.00481931,0.00606251,0.00170091,0.0279558,0.0265397
255.901,0.205956,0.0479279,0.0241823,1.50005,0.00497699,0.00630156,0.0017377,0.034589,0.022092
255.951,0.20613,0.0476898,0.0241854,1.49966,0.00510935,0.005124,0.00174749,0.0390515,0.036337
256.001,0.206239,0.0475001,0.0241865,1.4998,0.00346873,0.00447026,0.0017203,0.0307019,0.023654
256.051,0.206224,0.0472957,0.0241876,1.4994,0.00274997,0.00638108,0.00169946,0.0322436,0.0201561
256.101,0.206274,0.0470226,0.024192,1.49947,0.00260016,0.00676417,0.00173632,0.0376167,0.0204984
256.151,0.20629,0.0467592,0.0241951,1.49888,0.00252514,0.00573712,0.00174703,0.0414952,0.0417403
256.201,0.206262,0.04656,0.0241963,1.499,0.00339248,0.00441353,0.00172204,0.0306876,0.0309096
256.251,0.206335,0.0463496,0.0241975,1.49877,0.00443026,0.00651027,0.0017029,0.0280916,0.0264385
256.301,0.206512,0.0460751,0.0242019,1.49891,0.00456573,0.00674933,0.00173995,0.0344903,0.0220659
256.351,0.20668,0.0458238,0.0242051,1.49863,0.00475099,0.00558154,0.00174998,0.0389672,0.0364072
256.401,0.206799,0.045624,0.0242062,1.49896,0.00324615,0.0047715,0.0017228,0.0302561,0.0237379
256.451,0.20679,0.0454126,0.0242072,1.49871,0.00252594,0.00669003,0.0016997,0.0318187,0.0203824
256.501,0.206812,0.0451305,0.0242116,1.49875,0.00242457,0.00704122,0.00173691,0.0370453,0.0203821
256.551,0.206789,0.0448576,0.0242148,1.49806,0.00241428,0.00597805,0.00174799,0.0405896,0.0410153
256.601,0.20672,0.0446474,0.024216,1.49794,0.00319262,0.00468323,0.0017232,0.0302755,0.0307183
256.651,0.206742,0.0444258,0.024217,1.49743,0.00409458,0.00680821,0.00170175,0.0279552,0.0259568
256.701,0.206888,0.0441419,0.0242214,1.49746,0.00420897,0.00704836,0.00173849,0.0351586,0.0224919
256.751,0.207042,0.0438841,0.0242246,1.49717,0.00446457,0.00590795,0.00174822,0.0399117,0.0378547
256.801,0.207158,0.0436799,0.0242257,1.49761,0.00304405,0.00500354,0.00172092,0.0306923,0.0242869
256.851,0.207126,0.0434678,0.0242268,1.49732,0.00239062,0.0068892,0.00170012,0.0319279,0.0208142
256.901,0.207115,0.0431823,0.0242312,1.49728,0.00234442,0.00720239,0.00173695,0.0370955,0.0200365
256.951,0.207062,0.0429082,0.0242344,1.49654,0.00235673,0.00613838,0.00174758,0.0405922,0.0400863
257.001,0.206984,0.0426993,0.0242355,1.49644,0.00300903,0.00486542,0.00172245,0.0304603,0.0301967
257.051,0.206999,0.0424774,0.0242367,1.49598,0.0037777,0.00706083,0.00170314,0.028444,0.0254154
257.101,0.207122,0.042189,0.0242411,1.49596,0.00390094,0.00729721,0.00173982,0.0357348,0.0227717
257.151,0.207256,0.041926,0.0242443,1.49564,0.00422355,0.00616735,0.00174961,0.0405664,0.0385083
257.201,0.207351,0.0417172,0.0242454,1.49607,0.0029176,0.00513824,0.00172248,0.0308037,0.024551
257.251,0.207295,0.0415018,0.0242465,1.4957,0.00233347,0.0070339,0.00170188,0.0321449,0.0210746
257.301,0.207272,0.0412182,0.0242509,1.49571,0.0023346,0.0073301,0.00173899,0.0370176,0.0198856
257.351,0.207224,0.0409483,0.0242542,1.49516,0.00235588,0.00624055,0.00174988,0.0401273,0.0389495
257.401,0.207144,0.0407397,0.0242554,1.4951,0.00290257,0.00500419,0.00172478,0.0306504,0.0299759
257.451,0.207159,0.0405161,0.0242564,1.49476,0.00353151,0.00727056,0.00170325,0.0290487,0.0252221
257.501,0.207269,0.040227,0.0242609,1.49478,0.00362706,0.00751235,0.00174028,0.0362665,0.0226271
257.551,0.20737,0.0399608,0.0242641,1.49435,0.00394406,0.00636469,0.00175045,0.0410142,0.038481
257.601,0.207433,0.0397478,0.0242652,1.49468,0.00276814,0.00523785,0.00172357,0.0309533,0.0243905
257.651,0.207356,0.0395373,0.0242662,1.49427,0.00231003,0.00703262,0.00170062,0.0320172,0.0210701
257.701,0.20732,0.039263,0.0242706,1.4943,0.00236186,0.0073027,0.00173743,0.037159,0.0199175
257.751,0.207263,0.0390019,0.0242738,1.49381,0.00237807,0.0062509,0.00174818,0.0401423,0.0389556
257.801,0.20718,0.0387989,0.024275,1.49383,0.00275705,0.00507151,0.0017233,0.0307426,0.0300381
257.851,0.207196,0.0385824,0.0242762,1.4936,0.00329774,0.00733718,0.00170414,0.0292125,0.0251734
257.901,0.207293,0.0382993,0.0242806,1.49362,0.00340701,0.00761431,0.0017408,0.0368719,0.0226852
257.951,0.207383,0.0380381,0.0242838,1.49318,0.00374993,0.00648299,0.00175065,0.0418255,0.0393388
258.001,0.207436,0.0378298,0.0242849,1.49356,0.0026569,0.00528369,0.00172374,0.0310141,0.024616
258.051,0.207349,0.0376257,0.0242861,1.49318,0.00233868,0.00707779,0.00170312,0.031939,0.0213782
258.101,0.207299,0.0373603,0.0242905,1.49322,0.00243701,0.00731219,0.0017398,0.0370464,0.0198577
258.151,0.207228,0.0371086,0.0242937,1.49277,0.00244426,0.00625806,0.00175034,0.0396852,0.0382354
258.201,0.207132,0.0369112,0.0242949,1.49277,0.00264056,0.0051344,0.00172514,0.0306055,0.0297137
258.251,0.207142,0.0366978,0.0242961,1.49259,0.00308219,0.00746898,0.00170587,0.0295756,0.0248535
258.301,0.207224,0.0364215,0.0243005,1.49262,0.00319368,0.00771283,0.00174279,0.0368415,0.0225988
258.351,0.207298,0.0361667,0.0243037,1.49218,0.00352254,0.00656896,0.00175289,0.0415315,0.0392596
258.401,0.207335,0.0359628,0.0243049,1.49254,0.00255508,0.00532752,0.00172603,0.0306892,0.0246031
258.451,0.207243,0.0357637,0.0243059,1.49222,0.00239915,0.00714344,0.0017032,0.0316973,0.0213433
258.501,0.20718,0.0355073,0.0243103,1.49228,0.00254001,0.00737926,0.00174024,0.0364118,0.0199857
258.551,0.207093,0.0352641,0.0243136,1.49183,0.00251875,0.00631227,0.00175102,0.0390516,0.037637
258.601,0.206981,0.0350737,0.0243148,1.49176,0.00255411,0.00519155,0.00172571,0.0305727,0.0295842
258.651,0.206967,0.0348707,0.0243158,1.49146,0.00292661,0.00745638,0.00170388,0.0297485,0.0245905
258.701,0.207037,0.0346073,0.0243203,1.49146,0.00304989,0.00770997,0.00174054,0.0377035,0.0225821
258.751,0.207099,0.0343651,0.0243235,1.49098,0.00337459,0.00658153,0.0017504,0.0425495,0.039966
258.801,0.207129,0.0341738,0.0243246,1.49141,0.00248252,0.0052866,0.00172353,0.0310455,0.0247549
258.851,0.207027,0.0339884,0.0243257,1.49108,0.00246045,0.00708504,0.00170298,0.031426,0.0215964
258.901,0.206955,0.0337474,0.0243301,1.49116,0.00263014,0.00733148,0.00173969,0.0362843,0.0199976
258.951,0.206863,0.0335199,0.0243333,1.49076,0.00261157,0.0062688,0.00175008,0.0388797,0.0376873
259.001,0.206764,0.0333435,0.0243345,1.49085,0.00248491,0.00520764,0.00172453,0.0306085,0.0299339
259.051,0.206761,0.0331541,0.0243357,1.49071,0.00278737,0.00748994,0.00170489,0.0298803,0.0246979
259.101,0.206817,0.032905,0.0243401,1.49071,0.00289518,0.00773605,0.0017415,0.0377739,0.022428
259.151,0.206878,0.0326778,0.0243433,1.4903,0.0031893,0.00659334,0.00175126,0.0427146,0.0398734
259.201,0.206922,0.0325015,0.0243445,1.4909,0.00242111,0.0052709,0.00172427,0.0311039,0.0246231
259.251,0.20684,0.0323287,0.0243456,1.49078,0.00257282,0.00713414,0.0017038,0.0314923,0.0215965
259.301,0.206751,0.032101,0.02435,1.49083,0.00276275,0.00737674,0.00174083,0.035865,0.0200702
259.351,0.206619,0.0318853,0.0243533,1.49022,0.00269394,0.00628808,0.00175154,0.0382814,0.037084
259.401,0.206473,0.031718,0.0243545,1.48996,0.00244321,0.00520207,0.00172613,0.0305927,0.0294282
259.451,0.206444,0.0315396,0.0243556,1.48964,0.00269897,0.00748781,0.00170436,0.0300808,0.0240729
259.501,0.206491,0.0313078,0.02436,1.48962,0.00280062,0.00773886,0.00174135,0.0376938,0.0225339
259.551,0.206551,0.0310984,0.0243632,1.48926,0.0030585,0.00653965,0.00175153,0.0424281,0.0400656
259.601,0.206602,0.0309378,0.0243644,1.48995,0.00239182,0.00521946,0.00172489,0.0308936,0.0249939
259.651,0.206522,0.0307817,0.0243654,1.48987,0.00259947,0.0070287,0.00170213,0.0310155,0.0219897
259.701,0.206433,0.0305754,0.0243698,1.48995,0.00280203,0.00725587,0.00173887,0.0357874,0.0199687
259.751,0.206309,0.0303813,0.024373,1.48944,0.00272855,0.0061719,0.00174931,0.0381074,0.0368245
259.801,0.206176,0.0302325,0.0243742,1.48931,0.00241646,0.00511166,0.00172386,0.0306649,0.0291083
259.851,0.206151,0.030074,0.0243754,1.48906,0.00265797,0.00733974,0.00170426,0.0301379,0.0237842
259.901,0.2062,0.0298664,0.0243798,1.48905,0.00278685,0.00760277,0.00174091,0.0379114,0.0228351
259.951,0.20626,0.0296787,0.024383,1.48868,0.00303287,0.0064212,0.00175069,0.0427904,0.0408364
260.001,0.206309,0.0295359,0.0243841,1.48941,0.00238192,0.00512884,0.00172382,0.0307872,0.0252818
260.051,0.206226,0.0293959,0.0243852,1.48935,0.00262091,0.00696789,0.00170326,0.0306687,0.0224131
260.101,0.206136,0.029211,0.0243896,1.48944,0.00282474,0.00718774,0.00173994,0.035223,0.0198399
260.151,0.206021,0.0290386,0.0243928,1.48904,0.00274522,0.00611644,0.00175014,0.0375027,0.0360554
260.201,0.205905,0.0289078,0.024394,1.48903,0.00240799,0.00503027,0.00172418,0.0305873,0.0284045
260.251,0.205895,0.0287679,0.0243952,1.4889,0.00264984,0.00727973,0.00170439,0.0306289,0.0230507
260.301,0.205944,0.0285835,0.0243996,1.48889,0.00277623,0.00755525,0.00174139,0.037976,0.0234222
260.351,0.205999,0.0284179,0.0244028,1.4885,0.00299455,0.00630584,0.00175137,0.0426939,0.0415952
260.401,0.20604,0.0282941,0.0244039,1.48921,0.00237821,0.00502386,0.00172441,0.0307836,0.0258696
260.451,0.205952,0.0281705,0.024405,1.48914,0.00262196,0.0069354,0.00170158,0.0305016,0.0228262
260.501,0.205867,0.0280076,0.0244094,1.48929,0.00282411,0.00716805,0.0017387,0.0346398,0.0196845
260.551,0.20576,0.0278573,0.0244126,1.48897,0.00271836,0.00604544,0.00174926,0.036807,0.0348338
260.601,0.205654,0.0277448,0.0244138,1.48902,0.0024107,0.00492643,0.00172343,0.0302691,0.0276619
260.651,0.205647,0.0276268,0.0244148,1.4889,0.00267829,0.00706771,0.00170125,0.0305313,0.0225155
260.701,0.205704,0.0274712,0.0244192,1.48889,0.00282152,0.00734774,0.00173803,0.0384679,0.0238291
260.751,0.20575,0.0273322,0.0244224,1.48838,0.00302637,0.00608726,0.00174786,0.0433187,0.0426661
260.801,0.205771,0.0272295,0.0244235,1.489,0.00237075,0.00485565,0.00172106,0.0308939,0.0262472
260.851,0.205657,0.0271261,0.0244246,1.48877,0.00259534,0.00677098,0.00170061,0.0300947,0.0230566
260.901,0.205576,0.0269907,0.024429,1.48894,0.00280413,0.00699539,0.00173741,0.0344491,0.0197339
260.951,0.205478,0.0268666,0.0244322,1.48869,0.00272443,0.00586038,0.00174764,0.0365679,0.0347589
261.001,0.205373,0.0267739,0.0244333,1.48876,0.00239993,0.00475975,0.00172169,0.0301594,0.0276998
261.051,0.205367,0.0266773,0.0244345,1.48866,0.0026976,0.00684585,0.00170174,0.0304369,0.0225311
261.101,0.205433,0.0265515,0.0244389,1.4887,0.00284116,0.00710425,0.00173848,0.0381581,0.02395
261.151,0.205487,0.02644,0.024442,1.48825,0.00299461,0.00581607,0.00174826,0.0430087,0.0427831
261.201,0.205513,0.0263583,0.0244431,1.48892,0.00236733,0.00466474,0.00172144,0.0302546,0.0263368
261.251,0.205419,0.0262728,0.0244443,1.48883,0.00257995,0.00673318,0.00170109,0.029219,0.0232857
261.301,0.205347,0.0261625,0.0244487,1.48905,0.00276054,0.00698444,0.00173823,0.0331083,0.0197916
261.351,0.205251,0.0260625,0.0244519,1.4888,0.00268828,0.00580329,0.00174865,0.0352219,0.0339447
261.401,0.205148,0.0259887,0.024453,1.48884,0.0024103,0.00467076,0.00172255,0.0294883,0.0271206
261.451,0.205151,0.0259128,0.0244541,1.48877,0.002766,0.00672555,0.00170027,0.0301922,0.022109
261.501,0.205222,0.025815,0.0244584,1.48879,0.0029261,0.00699771,0.00173744,0.0376024,0.0243368
261.551,0.205275,0.0257298,0.0244616,1.48828,0.00303679,0.00566086,0.00174756,0.0424902,0.043215
261.601,0.205294,0.0256691,0.0244627,1.4889,0.00236927,0.00455474,0.00172084,0.0298652,0.0264119
261.651,0.205167,0.0256053,0.0244637,1.48858,0.00252024,0.00658983,0.00169809,0.028694,0.0232371
261.701,0.205095,0.0255229,0.0244681,1.48874,0.00269582,0.00687148,0.00173501,0.0331962,0.0199877
261.751,0.205013,0.0254494,0.0244712,1.48855,0.00266828,0.00569341,0.00174528,0.0353984,0.0344858
261.801,0.204929,0.025396,0.0244724,1.48874,0.00240722,0.00454711,0.00171931,0.0296065,0.0273619
261.851,0.204943,0.0253431,0.0244735,1.48874,0.00283259,0.00648627,0.00169936,0.0302082,0.0222511
261.901,0.205019,0.0252748,0.0244779,1.48874,0.00301067,0.00678632,0.00173624,0.0378443,0.0241219
261.951,0.205077,0.0252163,0.024481,1.48821,0.00306785,0.00545264,0.00174602,0.0430026,0.0436527
262.001,0.205105,0.0251758,0.0244821,1.48892,0.00236605,0.00446352,0.00171919,0.0298206,0.0264206
262.051,0.205006,0.025132,0.0244832,1.48877,0.00247904,0.00658055,0.00169874,0.0282858,0.0234402
262.101,0.20494,0.0250762,0.0244876,1.48892,0.00262283,0.00688113,0.00173563,0.0326408,0.02008
262.151,0.204863,0.0250277,0.0244907,1.48873,0.00262979,0.00568413,0.00174567,0.0348566,0.0340272
262.201,0.204784,0.0249936,0.0244918,1.48891,0.00241455,0.00446692,0.00171926,0.0293394,0.0269228
262.251,0.204795,0.0249609,0.024493,1.48885,0.00291634,0.00634371,0.00169913,0.0302769,0.0219266
262.301,0.204874,0.0249202,0.0244973,1.48881,0.00311305,0.00664617,0.00173637,0.0376173,0.0240685
262.351,0.204934,0.0248867,0.0245005,1.48826,0.00311067,0.00528621,0.00174657,0.0428727,0.0434408
262.401,0.20496,0.0248644,0.0245016,1.48894,0.00237095,0.0043534,0.00172004,0.0296816,0.0263777
262.451,0.204861,0.0248399,0.0245026,1.48876,0.00241588,0.00652317,0.00169754,0.0280657,0.0233958
262.501,0.204805,0.0248111,0.0245069,1.4889,0.0025162,0.00685205,0.00173484,0.0321962,0.0203876
262.551,0.204736,0.0247875,0.0245101,1.4887,0.00256499,0.00560757,0.0017452,0.0344335,0.0338123
262.601,0.204656,0.0247715,0.0245112,1.48883,0.00242726,0.00432483,0.00171885,0.0290819,0.026651
262.651,0.204658,0.0247578,0.0245122,1.48867,0.00300249,0.00600566,0.00169623,0.0303189,0.0217508
262.701,0.204746,0.024744,0.0245165,1.48862,0.00322904,0.00631107,0.00173325,0.0381333,0.0239281
262.751,0.204817,0.0247339,0.0245196,1.48806,0.00316545,0.00498627,0.0017433,0.0435608,0.0438059
262.801,0.204848,0.0247275,0.0245207,1.48881,0.00236579,0.0042231,0.00171692,0.0300627,0.0264001
262.851,0.204752,0.0247213,0.0245218,1.48864,0.00237241,0.00639807,0.00169677,0.0278722,0.0233153
262.901,0.204704,0.0247186,0.0245261,1.48876,0.00245247,0.00675685,0.00173376,0.0322666,0.0208201
262.951,0.204635,0.0247188,0.0245292,1.4885,0.00254796,0.00551652,0.00174379,0.0346018,0.0343682
263.001,0.204541,0.0247196,0.0245303,1.48853,0.00242219,0.00420206,0.00171727,0.0292784,0.0267047
263.051,0.204527,0.024722,0.0245314,1.48822,0.00307458,0.00574983,0.00169687,0.0305238,0.0217126
263.101,0.20462,0.0247314,0.0245357,1.48816,0.00334115,0.00603956,0.00173386,0.0379818,0.0236429
263.151,0.204703,0.0247415,0.0245388,1.48765,0.00318731,0.00473419,0.00174386,0.0434512,0.0434406
263.201,0.204742,0.0247481,0.0245399,1.48843,0.0023686,0.00408522,0.00171742,0.0299766,0.0262508
263.251,0.204673,0.0247583,0.024541,1.48841,0.00233471,0.00633435,0.00169733,0.0277181,0.02333
263.301,0.204638,0.0247801,0.0245454,1.48854,0.00238344,0.00668805,0.00173464,0.0318906,0.0210225
263.351,0.204573,0.0248021,0.0245485,1.48823,0.00249115,0.00542046,0.00174464,0.0340846,0.0338678
263.401,0.204473,0.0248179,0.0245495,1.48815,0.00244226,0.0040247,0.00171761,0.0291426,0.0261533
263.451,0.204463,0.0248334,0.0245505,1.4878,0.00322048,0.00543489,0.00169465,0.0306998,0.0213104
263.501,0.20457,0.0248624,0.0245548,1.48775,0.00351216,0.00571231,0.00173209,0.0379962,0.0237272
263.551,0.204663,0.0248891,0.0245579,1.48725,0.00322276,0.00445066,0.0017425,0.0435053,0.0435774
263.601,0.204708,0.0249061,0.024559,1.48808,0.00236895,0.00391796,0.00171628,0.0301811,0.0267223
263.651,0.204639,0.0249303,0.0245599,1.48804,0.00230261,0.00608203,0.00169385,0.0275382,0.0235692
263.701,0.204625,0.0249731,0.0245642,1.4882,0.00232977,0.00646287,0.00173096,0.0324954,0.021225
263.751,0.204581,0.025014,0.0245673,1.48797,0.00245205,0.00522081,0.00174087,0.0349598,0.0341028
263.801,0.204504,0.0250424,0.0245684,1.48807,0.00244517,0.00377817,0.00171403,0.0297098,0.0260974
263.851,0.20452,0.0250679,0.0245694,1.48792,0.00328624,0.00501404,0.00169344,0.031076,0.0211598
263.901,0.204644,0.0251113,0.0245737,1.48795,0.0036146,0.005281,0.00173058,0.0383292,0.0236259
263.951,0.204755,0.0251503,0.0245767,1.48752,0.00326937,0.00409691,0.00174072,0.0439616,0.0438044
264.001,0.204813,0.0251747,0.0245778,1.48844,0.0023659,0.00374207,0.00171443,0.0304944,0.026979
264.051,0.204759,0.0252116,0.0245789,1.48848,0.00230512,0.00594155,0.00169429,0.0273491,0.0238194
264.101,0.204763,0.025273,0.0245831,1.48868,0.00231751,0.00631714,0.00173137,0.0322293,0.0213311
264.151,0.20472,0.0253303,0.0245862,1.48838,0.00241653,0.00510476,0.00174126,0.03467,0.0336805
264.201,0.204634,0.0253697,0.0245872,1.48836,0.00244968,0.0036298,0.00171437,0.0295396,0.0254529
264.251,0.204651,0.0254028,0.0245883,1.48818,0.00341244,0.00471079,0.00169382,0.0312145,0.020622
264.301,0.204789,0.0254576,0.0245926,1.48822,0.00378797,0.00496724,0.0017313,0.0380524,0.0239594
264.351,0.204907,0.025506,0.0245956,1.4878,0.00331973,0.00385271,0.00174162,0.0436322,0.0440035
264.401,0.204965,0.0255358,0.0245967,1.48871,0.00237459,0.00364802,0.00171521,0.0303343,0.0274927
264.451,0.204916,0.025584,0.0245976,1.48872,0.00233471,0.00585389,0.00169272,0.0273616,0.0243862
264.501,0.204937,0.0256622,0.0246019,1.48893,0.0023409,0.00625379,0.00173022,0.032105,0.0211838
264.551,0.204912,0.025734,0.024605,1.4887,0.00237443,0.00501744,0.00174023,0.0343268,0.0328356
264.601,0.204841,0.0257824,0.024606,1.48873,0.00247068,0.00347399,0.0017131,0.0295026,0.0247431
264.651,0.204856,0.025819,0.0246069,1.48852,0.00349178,0.00432499,0.00168996,0.0311643,0.0201103
264.701,0.205002,0.0258797,0.0246111,1.48854,0.00391711,0.00453529,0.00172725,0.0383896,0.0241655
264.751,0.205123,0.0259324,0.0246141,1.48807,0.003345,0.00351291,0.00173751,0.0440974,0.0449872
264.801,0.205174,0.0259648,0.0246151,1.48897,0.00237054,0.0035149,0.00171138,0.0304347,0.0283831
264.851,0.205105,0.0260215,0.0246162,1.48881,0.00239086,0.00562716,0.00169131,0.0268356,0.0248474
264.901,0.205142,0.0261112,0.0246204,1.48903,0.00239838,0.00600998,0.00172851,0.0320176,0.0212111
264.951,0.20513,0.0261936,0.0246235,1.48882,0.00236285,0.00486879,0.00173827,0.0341884,0.0326379
265.001,0.20506,0.0262498,0.0246244,1.48886,0.00245356,0.00332864,0.00171107,0.0293024,0.0243186
265.051,0.205076,0.0262894,0.0246255,1.48866,0.00352032,0.00399789,0.00169015,0.0309753,0.0199212
265.101,0.205228,0.0263534,0.0246297,1.48871,0.00398295,0.00418943,0.00172744,0.0378061,0.0239467
265.151,0.205353,0.0264091,0.0246327,1.48826,0.00334467,0.00330004,0.00173771,0.043353,0.0446226
265.201,0.205404,0.0264431,0.0246337,1.48913,0.00237423,0.00344357,0.00171158,0.0300909,0.0285084
265.251,0.205358,0.0265082,0.0246347,1.48908,0.00248491,0.00553998,0.00169161,0.0264844,0.0251604
265.301,0.205414,0.0266094,0.024639,1.48932,0.00252865,0.00592269,0.00172915,0.0312301,0.0211844
265.351,0.205412,0.0267016,0.024642,1.48908,0.00235531,0.00483128,0.00173907,0.0331492,0.0318447
265.401,0.205351,0.0267639,0.024643,1.48909,0.0024742,0.00323884,0.00171174,0.0286311,0.0237326
265.451,0.205374,0.0268042,0.0246439,1.48891,0.00363589,0.00370579,0.00168851,0.0305607,0.0195801
265.501,0.205533,0.0268686,0.0246481,1.48895,0.00412012,0.00386124,0.0017262,0.0371482,0.0240108
265.551,0.205656,0.0269241,0.0246511,1.48843,0.00335579,0.00308643,0.00173663,0.0430513,0.045003
265.601,0.2057,0.0269582,0.0246521,1.48928,0.00237651,0.00339111,0.00171029,0.0297505,0.0290304
265.651,0.205612,0.0270277,0.024653,1.4889,0.00257929,0.00530387,0.00168774,0.0258501,0.025221
265.701,0.205679,0.027135,0.0246572,1.48911,0.00264213,0.00568747,0.0017251,0.0312848,0.0214714
265.751,0.20569,0.0272337,0.0246601,1.48889,0.00235233,0.00471839,0.00173498,0.0332814,0.0324266
265.801,0.205633,0.0273012,0.0246611,1.48893,0.00244878,0.00314934,0.00170791,0.028784,0.0236196
265.851,0.205647,0.0273409,0.0246621,1.48873,0.00358863,0.00342574,0.0016871,0.0303515,0.0196481
265.901,0.205808,0.0274024,0.0246663,1.4888,0.00412554,0.00353171,0.00172451,0.0367354,0.0235348
265.951,0.205941,0.0274557,0.0246692,1.48834,0.00333633,0.00290797,0.00173469,0.042667,0.0448758
266.001,0.205993,0.0274894,0.0246702,1.48923,0.0023922,0.00337157,0.00170831,0.0296454,0.0290983
266.051,0.205944,0.0275643,0.0246712,1.48905,0.00277273,0.00519044,0.00168809,0.0255496,0.0252684
266.101,0.206031,0.0276774,0.0246754,1.48926,0.00285778,0.00554967,0.00172542,0.0310339,0.0215309
266.151,0.206067,0.0277815,0.0246784,1.48915,0.0023835,0.00467906,0.00173506,0.0328405,0.0317695
266.201,0.206032,0.0278532,0.0246793,1.48929,0.00245543,0.00311769,0.0017076,0.0286132,0.023109
266.251,0.206051,0.0278914,0.0246803,1.48912,0.0036398,0.00319457,0.0016866,0.0303657,0.019446
266.301,0.206215,0.0279488,0.0246844,1.48918,0.00418157,0.00324531,0.00172437,0.0364729,0.0235654
266.351,0.206351,0.0279985,0.0246874,1.48873,0.00327459,0.00276419,0.001735,0.0422984,0.0453079
266.401,0.206402,0.0280313,0.0246884,1.48963,0.00239909,0.00333203,0.00170896,0.0292523,0.0296814
266.451,0.206359,0.0281106,0.0246893,1.4894,0.00294208,0.00503627,0.00168673,0.0250075,0.0259165
266.501,0.206465,0.0282271,0.0246935,1.48966,0.00307634,0.00537174,0.00172447,0.0301082,0.0210564
266.551,0.206511,0.0283347,0.0246965,1.48952,0.00244165,0.00460192,0.00173463,0.031673,0.0306351
266.601,0.206482,0.0284099,0.0246974,1.48961,0.00246344,0.00306589,0.0017076,0.0279121,0.0223727
266.651,0.206487,0.028445,0.0246983,1.48935,0.00360389,0.00296723,0.00168441,0.0298443,0.0192059
266.701,0.20665,0.0284962,0.0247024,1.4894,0.00416976,0.0029684,0.00172193,0.0362631,0.0235818
266.751,0.206782,0.0285407,0.0247053,1.48892,0.00321757,0.00263982,0.00173236,0.0424449,0.0459062
266.801,0.206828,0.0285725,0.0247063,1.48983,0.00241013,0.00332346,0.00170639,0.0294157,0.0302244
266.851,0.206788,0.0286543,0.0247073,1.4896,0.00310839,0.00484922,0.00168638,0.0248176,0.0259777
266.901,0.206909,0.0287711,0.0247115,1.48984,0.00329235,0.00514899,0.00172378,0.0302662,0.0212717
266.951,0.206972,0.0288804,0.0247144,1.48975,0.00251404,0.00454728,0.00173338,0.0315059,0.0304883
267.001,0.206955,0.028959,0.0247153,1.48987,0.00247921,0.0030368,0.00170579,0.0277716,0.0222181
267.051,0.206967,0.0289928,0.0247162,1.48968,0.00361742,0.0027961,0.00168459,0.0296455,0.0191973
267.101,0.207129,0.0290375,0.0247204,1.48972,0.00419027,0.00275428,0.00172209,0.0359095,0.0232231
267.151,0.207255,0.0290764,0.0247233,1.48922,0.0031961,0.00255026,0.00173252,0.041957,0.0453762
267.201,0.207293,0.0291074,0.0247242,1.49006,0.00244923,0.00330329,0.00170654,0.0291769,0.0300133
267.251,0.207268,0.0291911,0.0247252,1.48984,0.00340135,0.00464355,0.00168662,0.0246028,0.0258678
267.301,0.207405,0.029306,0.0247294,1.49005,0.00361386,0.0049067,0.00172433,0.029706,0.021191
267.351,0.207489,0.029415,0.0247323,1.49001,0.0026523,0.00444462,0.00173409,0.0307835,0.0295106
267.401,0.207486,0.029495,0.0247332,1.49015,0.00250386,0.00301045,0.00170638,0.0273949,0.0216455
267.451,0.207492,0.0295258,0.0247341,1.4899,0.0036363,0.00263187,0.00168289,0.0296542,0.0189928
267.501,0.207654,0.0295624,0.0247382,1.48993,0.00419459,0.00257739,0.00172081,0.0358289,0.0233898
267.551,0.207777,0.029596,0.0247411,1.48939,0.00315731,0.00249122,0.00173159,0.041959,0.0458704
267.601,0.207811,0.0296266,0.0247421,1.49022,0.00248385,0.00329977,0.00170575,0.0293147,0.0306196
267.651,0.207751,0.0297091,0.024743,1.4897,0.00356661,0.00440139,0.00168348,0.0243549,0.0259991
267.701,0.207899,0.0298203,0.0247471,1.48989,0.00382111,0.00464681,0.00172099,0.0301427,0.0213297
267.751,0.207999,0.0299285,0.02475,1.48988,0.00276527,0.00437725,0.00173065,0.0313457,0.0296778
267.801,0.20801,0.0300116,0.0247509,1.49006,0.00252348,0.00298078,0.0017031,0.0278978,0.0216714
267.851,0.208016,0.0300416,0.0247518,1.48985,0.00356829,0.00252211,0.00168197,0.0300901,0.0189769
267.901,0.208172,0.0300707,0.0247559,1.48988,0.00410257,0.00244452,0.00171958,0.0361806,0.0230497
267.951,0.208292,0.0300975,0.0247588,1.48936,0.00306694,0.00243343,0.00173005,0.0421996,0.0454732
268.001,0.208325,0.0301275,0.0247597,1.4902,0.00251585,0.00325588,0.0017041,0.0297547,0.0303343
268.051,0.20829,0.0302093,0.0247607,1.48978,0.00377084,0.00413611,0.00168408,0.0245424,0.0259338
268.101,0.208456,0.030314,0.0247648,1.49,0.00405654,0.00435085,0.00172157,0.0302226,0.021226
268.151,0.20857,0.0304184,0.0247677,1.49,0.00290657,0.00426724,0.00173119,0.0310706,0.0288237
268.201,0.208592,0.0305019,0.0247686,1.49017,0.00254043,0.00296846,0.00170356,0.0276586,0.0210206
268.251,0.208609,0.0305303,0.0247695,1.49,0.00355155,0.00243693,0.00168245,0.03008,0.0187057
268.301,0.208765,0.0305518,0.0247736,1.49004,0.0040591,0.00236768,0.00172037,0.0361337,0.0234127
268.351,0.208885,0.0305732,0.0247765,1.48952,0.00303623,0.0024084,0.00173101,0.0419649,0.045948
268.401,0.208922,0.0306033,0.0247775,1.49037,0.00258181,0.00324267,0.00170491,0.0295289,0.0309045
268.451,0.208907,0.0306831,0.0247783,1.48998,0.00404376,0.00389727,0.00168262,0.0243962,0.0264172
268.501,0.209091,0.0307801,0.0247825,1.49022,0.00436097,0.00405092,0.00172051,0.0296972,0.0209372
268.551,0.209221,0.0308794,0.0247854,1.49022,0.00312745,0.00412484,0.00173065,0.0303977,0.0281429
268.601,0.209256,0.0309622,0.0247863,1.49037,0.00259421,0.00294544,0.00170346,0.0271491,0.0207827
268.651,0.209263,0.0309886,0.0247871,1.49015,0.00348385,0.00236678,0.00168016,0.0296661,0.0186384
268.701,0.209417,0.0310018,0.0247912,1.4902,0.00396847,0.00231484,0.00171783,0.0359778,0.0232889
268.751,0.209538,0.0310163,0.024794,1.4897,0.0029822,0.00237153,0.00172849,0.041825,0.0463815
268.801,0.209578,0.0310456,0.024795,1.49057,0.00265237,0.00320807,0.00170281,0.0294593,0.0313166
268.851,0.209576,0.0311225,0.024796,1.49021,0.00422054,0.00363853,0.00168296,0.024177,0.0264348
268.901,0.209771,0.0312107,0.0248001,1.49045,0.00456675,0.00376041,0.0017205,0.029848,0.0210181
268.951,0.209914,0.0313045,0.0248029,1.49045,0.00331694,0.00402625,0.00173024,0.0305866,0.0281872
269.001,0.209964,0.0313868,0.0248038,1.49063,0.0026509,0.00293249,0.00170275,0.0273335,0.0206216
269.051,0.209976,0.0314114,0.0248048,1.49043,0.00347663,0.00232478,0.00168158,0.0298078,0.0185609
269.101,0.210127,0.0314165,0.0248088,1.49049,0.00393354,0.00231236,0.00171919,0.0358051,0.0233407
269.151,0.210249,0.0314251,0.0248117,1.49001,0.00297611,0.00236396,0.00172973,0.0414317,0.0461443
269.201,0.210294,0.0314538,0.0248126,1.49088,0.00275771,0.00315718,0.00170388,0.0292603,0.0312155
269.251,0.210331,0.0315255,0.0248136,1.49069,0.00448263,0.00335195,0.00168402,0.0241758,0.0266253
269.301,0.210542,0.0316015,0.0248177,1.49095,0.00485274,0.00341958,0.00172184,0.0294546,0.0209125
269.351,0.210698,0.0316848,0.0248206,1.49094,0.00358526,0.00379809,0.00173166,0.0300606,0.0276094
269.401,0.210757,0.0317621,0.0248215,1.49108,0.00273887,0.00287549,0.00170393,0.0267681,0.0203541
269.451,0.210765,0.0317813,0.0248223,1.4908,0.00349227,0.00228935,0.00168037,0.0295046,0.0184565
269.501,0.210913,0.0317764,0.0248264,1.49085,0.00389215,0.00234465,0.00171837,0.0354308,0.0234848
269.551,0.211032,0.0317768,0.0248293,1.49035,0.00298359,0.00234756,0.0017292,0.0410413,0.0461075
269.601,0.211076,0.0318041,0.0248302,1.49118,0.00287162,0.00307454,0.00170341,0.0291884,0.0314764
269.651,0.211077,0.0318681,0.0248311,1.49067,0.00461392,0.00308354,0.00168117,0.0238351,0.0266114
269.701,0.211294,0.0319319,0.0248352,1.49091,0.0049898,0.00311291,0.00171877,0.0297817,0.0210795
269.751,0.211464,0.0320067,0.024838,1.49092,0.00378423,0.00363423,0.00172847,0.03052,0.0279963
269.801,0.21154,0.0320808,0.0248389,1.4911,0.00281803,0.00281972,0.00170087,0.0270671,0.0203647
269.851,0.211557,0.0320992,0.0248398,1.49088,0.00345497,0.00228352,0.00167965,0.0294255,0.0184455
269.901,0.211703,0.032087,0.0248439,1.49094,0.00381968,0.00239807,0.00171735,0.0353114,0.0234281
269.951,0.211827,0.0320802,0.0248467,1.49051,0.00299317,0.00234028,0.00172806,0.0406671,0.0459612
270.001,0.211883,0.0321046,0.0248477,1.49137,0.00302197,0.0029884,0.00170247,0.0289044,0.0316855
270.051,0.211947,0.0321618,0.0248487,1.49123,0.00484711,0.00280999,0.00168268,0.0237389,0.0268719
270.101,0.212177,0.0322107,0.0248528,1.49149,0.00523231,0.00282048,0.00172023,0.0294897,0.0208494
270.151,0.212355,0.0322719,0.0248556,1.49147,0.00405992,0.00339598,0.00173,0.0301913,0.0273217
270.201,0.212426,0.0323365,0.0248565,1.49154,0.00293606,0.00273365,0.00170255,0.0266978,0.0199072
270.251,0.212432,0.032346,0.0248575,1.49121,0.00348259,0.00231438,0.0016815,0.0293374,0.0183226
270.301,0.212573,0.0323219,0.0248615,1.49124,0.00378073,0.00251762,0.00171945,0.0350496,0.0239377
270.351,0.21269,0.0323058,0.0248644,1.49077,0.00300082,0.00235177,0.00173019,0.0403399,0.0463104
270.401,0.212746,0.0323265,0.0248654,1.4916,0.00315639,0.00285201,0.00170426,0.0287861,0.032329
270.451,0.212817,0.0323718,0.0248662,1.49142,0.00502016,0.00252926,0.00168205,0.023764,0.0274685
270.501,0.213054,0.0324026,0.0248703,1.49168,0.00538019,0.00252983,0.00171995,0.0294022,0.0205048
270.551,0.213247,0.0324495,0.0248732,1.49171,0.00426583,0.0030933,0.00172995,0.0302252,0.0270922
270.601,0.213348,0.032506,0.0248741,1.4919,0.0030073,0.00261294,0.00170248,0.0265476,0.019869
270.651,0.213369,0.0325125,0.0248749,1.49167,0.0033926,0.0023592,0.00167898,0.0292087,0.0183151
270.701,0.213503,0.032479,0.024879,1.4917,0.00361207,0.00264728,0.0017167,0.0354276,0.0240501
270.751,0.213613,0.0324534,0.0248818,1.49121,0.00292691,0.0023763,0.00172747,0.0409597,0.0469355
270.801,0.21367,0.0324679,0.0248828,1.49204,0.00324258,0.00269976,0.00170197,0.0290563,0.0327295
270.851,0.213717,0.0325011,0.0248838,1.49165,0.00505751,0.00236239,0.00168225,0.0238708,0.0275598
270.901,0.213953,0.0325148,0.0248878,1.4919,0.00542122,0.0023556,0.00171981,0.0297708,0.020599
270.951,0.214158,0.0325467,0.0248907,1.49196,0.00441917,0.00284717,0.00172962,0.0307146,0.0274649
271.001,0.214281,0.0325951,0.0248916,1.49223,0.00309193,0.00251633,0.00170223,0.0269288,0.0199515
271.051,0.21432,0.0325967,0.0248926,1.49212,0.00333122,0.00247109,0.00168108,0.0293501,0.0183392
271.101,0.214447,0.0325514,0.0248966,1.49216,0.00349631,0.00285504,0.00171872,0.0352946,0.0237928
271.151,0.214541,0.0325151,0.0248995,1.4916,0.00290462,0.00244333,0.00172951,0.0406518,0.0461305
271.201,0.214586,0.032523,0.0249004,1.49229,0.00332561,0.00255374,0.00170406,0.0290114,0.0323239
271.251,0.214637,0.0325415,0.0249015,1.49187,0.00511306,0.00229258,0.00168445,0.0242197,0.0274785
271.301,0.21487,0.0325341,0.0249056,1.49209,0.00546741,0.00231785,0.00172225,0.0296549,0.0204856
271.351,0.21508,0.0325472,0.0249084,1.49214,0.00457776,0.00257009,0.00173203,0.0306008,0.0273286
271.401,0.215208,0.0325815,0.0249093,1.49239,0.00315649,0.00241518,0.00170425,0.0268098,0.019852
271.451,0.215238,0.0325747,0.0249102,1.4922,0.00326306,0.00262198,0.00168055,0.0293254,0.0183242
271.501,0.215354,0.0325178,0.0249142,1.49222,0.00336543,0.00308052,0.00171822,0.0353694,0.0237891
271.551,0.215433,0.0324704,0.0249171,1.49159,0.00286213,0.00253262,0.00172905,0.0407539,0.0461732
271.601,0.215461,0.032471,0.0249181,1.49216,0.00339668,0.00243972,0.00170365,0.0291849,0.032274
271.651,0.215414,0.0324721,0.024919,1.49103,0.0050555,0.00234557,0.00168175,0.0241796,0.0270524
271.701,0.215629,0.0324478,0.024923,1.49112,0.00541291,0.00241108,0.00171935,0.0300638,0.02102
271.751,0.215845,0.0324459,0.0249259,1.49117,0.00467957,0.00242603,0.0017292,0.0312064,0.0286648
271.801,0.215986,0.0324695,0.0249268,1.49148,0.00322479,0.00235634,0.00170187,0.0271413,0.0203967
271.851,0.216026,0.0324551,0.0249278,1.49136,0.00319838,0.0027875,0.00168089,0.0294664,0.0184616
271.901,0.216134,0.0323887,0.0249318,1.49139,0.00323343,0.00328934,0.00171855,0.0352092,0.0232009
271.951,0.216214,0.0323329,0.0249347,1.49084,0.00282031,0.00262699,0.00172934,0.0404866,0.0451789
272.001,0.21626,0.0323266,0.0249357,1.49151,0.00346453,0.0023718,0.00170389,0.0290466,0.0316262
272.051,0.216307,0.0323193,0.0249367,1.49104,0.00501543,0.00252195,0.00168417,0.0243159,0.0267206
272.101,0.216532,0.0322783,0.0249408,1.49123,0.00533969,0.00262803,0.00172165,0.0303245,0.0211877
272.151,0.216745,0.0322593,0.0249436,1.49126,0.00474491,0.00235287,0.0017313,0.031696,0.0292163
272.201,0.216891,0.0322695,0.0249446,1.4916,0.00324989,0.00233729,0.00170364,0.0274017,0.0205291
272.251,0.216935,0.0322453,0.0249455,1.49154,0.00309332,0.00300046,0.00168253,0.0297276,0.0185126
272.301,0.217035,0.0321685,0.0249496,1.49159,0.00309282,0.00353942,0.00172046,0.0352926,0.023082
272.351,0.217111,0.0321033,0.0249525,1.49109,0.00277525,0.00275824,0.0017315,0.0402813,0.0448868
272.401,0.217164,0.0320882,0.0249535,1.4918,0.00347358,0.00234643,0.00170607,0.0289368,0.0315913
272.451,0.21721,0.0320661,0.0249544,1.49133,0.00488748,0.00277511,0.00168404,0.0244511,0.0265727
272.501,0.217428,0.0320087,0.0249585,1.49152,0.00520409,0.00293508,0.00172154,0.0306998,0.0213034
272.551,0.217636,0.0319733,0.0249614,1.49153,0.00474795,0.00236869,0.00173119,0.0323153,0.029764
272.601,0.217782,0.0319698,0.0249623,1.49188,0.00323482,0.00234976,0.00170354,0.0277163,0.0206346
272.651,0.217812,0.0319381,0.0249631,1.49176,0.00294316,0.00316933,0.00168013,0.0298066,0.0185969
272.701,0.2179,0.0318549,0.0249672,1.49182,0.00289955,0.00373125,0.00171783,0.0355811,0.0229695
272.751,0.217968,0.0317819,0.0249701,1.49135,0.00266792,0.00289767,0.00172867,0.0406611,0.0446822
272.801,0.218018,0.0317588,0.024971,1.49208,0.00343287,0.0023567,0.00170329,0.0292518,0.0314386
272.851,0.218081,0.0317252,0.0249721,1.49177,0.00472232,0.0030911,0.00168374,0.0249882,0.0266247
272.901,0.218291,0.0316529,0.0249762,1.49198,0.00500827,0.00330208,0.00172124,0.0309949,0.0211813
272.951,0.218487,0.0316014,0.024979,1.49196,0.00465096,0.00249208,0.0017309,0.0327542,0.0300201
273.001,0.218624,0.0315835,0.02498,1.49229,0.00317533,0.00240529,0.00170331,0.0277653,0.0206282
273.051,0.218654,0.0315439,0.0249809,1.4922,0.00279384,0.00339138,0.00168218,0.0298467,0.0186263
273.101,0.218726,0.0314537,0.024985,1.49227,0.00270815,0.00394289,0.00171978,0.0355021,0.0229513
273.151,0.21877,0.0313734,0.0249879,1.49173,0.00256497,0.00304306,0.00173065,0.0404658,0.0444951
273.201,0.218796,0.0313416,0.0249889,1.49232,0.00334642,0.00242226,0.00170533,0.0289975,0.0313068
273.251,0.218847,0.0312935,0.0249899,1.49196,0.00451282,0.00347193,0.00168589,0.02508,0.026594
273.301,0.219043,0.0312069,0.024994,1.49219,0.00475309,0.00371241,0.00172364,0.0306634,0.0211455
273.351,0.219225,0.0311403,0.024997,1.49215,0.00450094,0.00272006,0.0017335,0.0324538,0.0302637
273.401,0.219348,0.0311079,0.0249979,1.49242,0.00308223,0.00251237,0.00170588,0.0274132,0.0207897
273.451,0.219363,0.03106,0.0249987,1.49229,0.00263279,0.00360899,0.00168234,0.0294684,0.0186824
273.501,0.21942,0.0309643,0.0250028,1.49237,0.00254159,0.00416804,0.00171995,0.0352383,0.0228265
273.551,0.219445,0.0308778,0.0250057,1.49182,0.00246919,0.00323347,0.00173099,0.0401866,0.0440584
273.601,0.219457,0.0308385,0.0250068,1.49235,0.00323894,0.00254337,0.00170596,0.0291646,0.0310516
273.651,0.219464,0.0307802,0.0250077,1.49175,0.00422943,0.00381327,0.00168437,0.0253165,0.0262233
273.701,0.219638,0.0306836,0.0250118,1.49191,0.00447108,0.0040893,0.00172187,0.0315126,0.0216809
273.751,0.219815,0.0306071,0.0250147,1.49187,0.00438205,0.00297066,0.00173189,0.0338439,0.0321187
273.801,0.219947,0.0305661,0.0250157,1.49227,0.0030097,0.0026475,0.00170492,0.0281003,0.0215546
273.851,0.219966,0.0305129,0.0250167,1.49223,0.00252578,0.00386496,0.00168413,0.029854,0.0189679
273.901,0.220008,0.0304128,0.0250207,1.49233,0.0024323,0.00440802,0.00172167,0.0352874,0.022224
273.951,0.220029,0.0303224,0.0250237,1.49189,0.00241135,0.00341867,0.00173255,0.0399703,0.0425697
274.001,0.22005,0.0302784,0.0250247,1.49252,0.00314599,0.00268325,0.00170726,0.0292104,0.0300746
274.051,0.220102,0.0302159,0.0250258,1.49231,0.00399696,0.00416041,0.0016877,0.0257554,0.0255919
274.101,0.220265,0.0301119,0.0250299,1.49249,0.00421315,0.00446031,0.00172505,0.0319614,0.0220691
274.151,0.220421,0.0300261,0.0250328,1.4924,0.00423539,0.00327361,0.00173479,0.0346312,0.0329557
274.201,0.220533,0.0299758,0.0250337,1.49277,0.00291271,0.00281104,0.00170737,0.0285157,0.0218559
274.251,0.220533,0.0299155,0.0250347,1.4927,0.00241002,0.00415847,0.00168642,0.0302447,0.019085
274.301,0.220556,0.0298119,0.0250388,1.49279,0.00234881,0.00465054,0.0017242,0.0355213,0.022343
274.351,0.220565,0.0297193,0.0250418,1.49241,0.00236794,0.00361201,0.00173527,0.0399299,0.0418643
274.401,0.220583,0.0296707,0.0250429,1.49308,0.0030437,0.00285731,0.00170992,0.0291198,0.0297085
274.451,0.220632,0.0296022,0.0250438,1.49292,0.00375866,0.00449925,0.00168797,0.0260268,0.0252041
274.501,0.220777,0.0294931,0.0250479,1.49308,0.0039379,0.00481918,0.00172531,0.0324502,0.022467
274.551,0.220908,0.0294013,0.0250508,1.49289,0.00405455,0.00358548,0.00173501,0.0352611,0.034402
274.601,0.220997,0.0293441,0.0250518,1.49323,0.00280842,0.00299649,0.00170756,0.0285918,0.0224351
274.651,0.220953,0.0292813,0.0250527,1.49296,0.00232807,0.00432959,0.00168431,0.0298191,0.0193631
274.701,0.220956,0.0291791,0.0250568,1.49303,0.0023047,0.00480211,0.00172184,0.035282,0.0221417
274.751,0.220954,0.0290876,0.0250597,1.49272,0.00233508,0.00375124,0.00173268,0.0396013,0.0412569
274.801,0.220962,0.029037,0.0250608,1.49341,0.00287473,0.0030301,0.00170732,0.0290673,0.0292749
274.851,0.221015,0.0289664,0.0250618,1.49341,0.00343367,0.00482772,0.0016878,0.0262473,0.0248065
274.901,0.221138,0.0288553,0.0250659,1.49355,0.00358571,0.00517083,0.00172515,0.0324043,0.0226811
274.951,0.221253,0.0287605,0.0250689,1.49338,0.00378032,0.00391875,0.00173507,0.0354692,0.0351798
275.001,0.221336,0.0286995,0.0250699,1.49379,0.00266415,0.00318456,0.00170799,0.0283679,0.0228175
275.051,0.221296,0.0286367,0.0250709,1.49364,0.00229004,0.00455941,0.00168722,0.0297782,0.0196207
275.101,0.221275,0.0285365,0.025075,1.49369,0.00233803,0.0050077,0.00172464,0.0352884,0.0220554
275.151,0.221247,0.0284467,0.0250779,1.49337,0.00236514,0.00394242,0.0017354,0.0393707,0.0407987
275.201,0.221239,0.0283951,0.025079,1.49402,0.00271818,0.0032185,0.00170998,0.0291492,0.0290188
275.251,0.221284,0.0283234,0.0250801,1.49406,0.00312821,0.00517428,0.0016905,0.026798,0.0247456
275.301,0.221379,0.028213,0.0250842,1.49418,0.00324886,0.00553452,0.00172809,0.0326229,0.0225544
275.351,0.221478,0.0281177,0.0250872,1.49403,0.00345531,0.00428214,0.00173836,0.0356673,0.0351845
275.401,0.221552,0.0280553,0.0250882,1.49451,0.00251073,0.00338146,0.00171154,0.0282584,0.0228624
275.451,0.221506,0.0279945,0.0250892,1.49444,0.00233244,0.00475359,0.00168852,0.0296454,0.0197865
275.501,0.221456,0.0278994,0.0250933,1.49446,0.00247338,0.00517268,0.00172589,0.0352495,0.0221756
275.551,0.221382,0.027814,0.0250962,1.49397,0.00246966,0.00409605,0.00173654,0.0394169,0.0406919
275.601,0.22132,0.0277627,0.0250973,1.49434,0.00255337,0.00340421,0.00171091,0.0292396,0.0288047
275.651,0.221277,0.027693,0.0250983,1.49386,0.00285425,0.00536612,0.001689,0.0269513,0.0242848
275.701,0.221342,0.0275897,0.0251024,1.49389,0.00295757,0.00573277,0.00172632,0.0332652,0.0229337
275.751,0.221425,0.0275002,0.0251054,1.49371,0.00321039,0.00449235,0.00173631,0.0369159,0.0368378
275.801,0.221494,0.0274405,0.0251064,1.49427,0.00241881,0.0034981,0.00170943,0.0288235,0.0236615
275.851,0.221442,0.0273835,0.0251074,1.49426,0.00243262,0.00489075,0.00168888,0.0297978,0.0204003
275.901,0.221376,0.0272971,0.0251115,1.49431,0.00261884,0.00525443,0.00172623,0.0353023,0.0216584
275.951,0.221288,0.0272198,0.0251145,1.49388,0.00258014,0.00416503,0.00173701,0.0393381,0.0392981
276.001,0.221223,0.0271715,0.0251156,1.49429,0.00246331,0.00351478,0.00171166,0.0294319,0.0279324
276.051,0.221208,0.0271075,0.0251167,1.49411,0.00265865,0.00552969,0.00169214,0.0274727,0.0236341
276.101,0.221262,0.0270143,0.0251208,1.49418,0.0027494,0.00589098,0.00172931,0.0338126,0.0232089
276.151,0.221327,0.0269329,0.0251238,1.49398,0.00301218,0.00468437,0.00173923,0.0373989,0.0376012
276.201,0.221378,0.0268769,0.0251248,1.49455,0.00237155,0.00360816,0.0017123,0.028895,0.0241973
276.251,0.221314,0.0268234,0.0251259,1.49459,0.00258806,0.00507824,0.00169181,0.0298803,0.0208185
276.301,0.221231,0.0267466,0.02513,1.49467,0.00282089,0.00540893,0.00172937,0.0349793,0.0215639
276.351,0.221129,0.026678,0.0251331,1.49427,0.00270094,0.0043044,0.00174029,0.0386864,0.0388095
276.401,0.221056,0.0266336,0.0251342,1.4947,0.00241177,0.00367223,0.0017148,0.0291703,0.0276833
276.451,0.22104,0.0265762,0.0251352,1.49459,0.00253102,0.00572526,0.00169281,0.0276465,0.0233066
276.501,0.22108,0.0264953,0.0251393,1.49465,0.00260925,0.0060891,0.00172996,0.0339536,0.023223
276.551,0.221124,0.0264244,0.0251423,1.49439,0.00285997,0.00490174,0.00174002,0.0377815,0.0381691
276.601,0.221147,0.0263754,0.0251433,1.49488,0.00234987,0.00373324,0.00171334,0.0291404,0.0247427
276.651,0.22104,0.0263301,0.0251443,1.49473,0.0027122,0.00516078,0.00169063,0.0296976,0.0213004
276.701,0.220944,0.0262668,0.0251484,1.49482,0.00297889,0.00546407,0.00172789,0.0351576,0.0213003
276.751,0.220842,0.0262107,0.0251514,1.49453,0.00284222,0.00436978,0.00173851,0.0390725,0.0385046
276.801,0.220772,0.0261737,0.0251525,1.49509,0.00236136,0.0037674,0.0017129,0.0296733,0.0273652
276.851,0.220765,0.0261265,0.0251536,1.49515,0.00241509,0.00587783,0.00169323,0.0284344,0.0230151
276.901,0.220791,0.0260608,0.0251578,1.49522,0.00248505,0.0062548,0.00173037,0.0347362,0.0229269
276.951,0.220811,0.0260034,0.0251608,1.49489,0.00269458,0.00508053,0.00174038,0.0383908,0.038385
277.001,0.22081,0.0259632,0.0251618,1.49533,0.00234757,0.0038533,0.00171365,0.0295156,0.0250979
277.051,0.220692,0.0259268,0.0251629,1.4952,0.00290302,0.00530404,0.0016932,0.0299611,0.021681
277.101,0.220579,0.025878,0.025167,1.49529,0.00318511,0.00558218,0.00173035,0.0355708,0.0212441
277.151,0.220461,0.0258351,0.02517,1.49499,0.00301908,0.00448196,0.00174074,0.0393526,0.0383497
277.201,0.220373,0.0258061,0.0251711,1.49552,0.00234884,0.00389955,0.00171477,0.0298323,0.0274002
277.251,0.220351,0.0257693,0.0251723,1.49558,0.00234218,0.00610644,0.00169502,0.0289005,0.0230127
277.301,0.22036,0.025721,0.0251764,1.49565,0.00239956,0.00647197,0.00173243,0.0347045,0.0227531
277.351,0.220364,0.0256794,0.0251795,1.49531,0.00255758,0.00529608,0.00174286,0.0383881,0.038521
277.401,0.220345,0.0256504,0.0251806,1.49573,0.00238025,0.00398576,0.0017165,0.0292944,0.02546
277.451,0.220205,0.0256249,0.0251815,1.49554,0.0031043,0.00544023,0.00169395,0.0295799,0.0220041
277.501,0.220076,0.0255928,0.0251857,1.49564,0.00341562,0.00568409,0.00173107,0.0350863,0.0212525
277.551,0.219941,0.0255653,0.0251887,1.49535,0.00323213,0.00458215,0.00174156,0.0386569,0.038317
277.601,0.219835,0.0255464,0.0251898,1.49583,0.00236418,0.00399837,0.00171581,0.0296074,0.0273901
277.651,0.21979,0.0255236,0.0251908,1.49579,0.00230248,0.00616967,0.00169383,0.0287348,0.0228292
277.701,0.219789,0.0254963,0.025195,1.49587,0.00234216,0.00653761,0.00173094,0.0349957,0.022834
277.751,0.219793,0.0254737,0.025198,1.49556,0.00246623,0.00540566,0.00174126,0.0389404,0.0395731
277.801,0.219782,0.0254582,0.0251991,1.49612,0.00242466,0.0040654,0.00171515,0.0295192,0.0261348
277.851,0.219652,0.0254453,0.0252002,1.49609,0.00328808,0.00558755,0.00169517,0.0295309,0.0227113
277.901,0.219511,0.0254319,0.0252044,1.49619,0.00358971,0.00581457,0.00173223,0.0350122,0.0209439
277.951,0.219364,0.0254215,0.0252074,1.49592,0.00339649,0.00470765,0.00174262,0.0385733,0.0372574
278.001,0.219248,0.0254143,0.0252085,1.49638,0.00239513,0.00412472,0.00171669,0.0298064,0.0269151
278.051,0.219204,0.0254067,0.0252096,1.49642,0.00230218,0.00631891,0.00169681,0.0292815,0.0223866
278.101,0.219192,0.025402,0.0252138,1.49646,0.00232674,0.00670294,0.0017338,0.0356708,0.0230236
278.151,0.219174,0.0254002,0.0252168,1.49606,0.00241859,0.00556542,0.00174386,0.0396302,0.0402581
278.201,0.219131,0.0253995,0.0252179,1.4965,0.00247683,0.00416799,0.00171736,0.0298267,0.0265938
278.251,0.218971,0.0254005,0.025219,1.49634,0.00344571,0.00579029,0.00169723,0.0295956,0.0230974
278.301,0.218818,0.0254078,0.0252232,1.49645,0.00376141,0.00601079,0.00173456,0.0346397,0.0208887
278.351,0.218662,0.0254162,0.0252263,1.49621,0.00356056,0.00490606,0.00174517,0.0378594,0.0366159
278.401,0.218533,0.0254224,0.0252274,1.49663,0.00244378,0.00429765,0.00171921,0.0297411,0.0267278
278.451,0.218476,0.0254315,0.0252284,1.49663,0.00230738,0.00648539,0.00169696,0.0295161,0.0222136
278.501,0.21845,0.0254514,0.0252326,1.49662,0.00231841,0.00684728,0.00173394,0.0362615,0.0230285
278.551,0.218414,0.0254723,0.0252356,1.49613,0.00237837,0.0057112,0.00174415,0.0404295,0.0408916
278.601,0.21836,0.0254876,0.0252367,1.49656,0.00254373,0.00431265,0.00171799,0.030185,0.0271524
278.651,0.218175,0.0255039,0.0252377,1.49629,0.0035671,0.00594646,0.00169577,0.0294617,0.0237031
278.701,0.218007,0.0255337,0.0252419,1.49635,0.00388017,0.00615387,0.00173281,0.0349999,0.020606
278.751,0.217842,0.0255625,0.025245,1.49609,0.00371433,0.0050388,0.00174331,0.0386314,0.0364712
278.801,0.217704,0.0255833,0.0252461,1.49653,0.00249441,0.00440612,0.00171759,0.0303906,0.026581
278.851,0.217638,0.02561,0.0252472,1.4965,0.00232108,0.00659163,0.0016979,0.0304114,0.0218471
278.901,0.217607,0.0256557,0.0252514,1.49647,0.00232216,0.00695562,0.00173484,0.0370159,0.023174
278.951,0.217567,0.0257001,0.0252544,1.49598,0.00236286,0.00581767,0.00174514,0.0412281,0.0413518
279.001,0.217507,0.0257324,0.0252556,1.49644,0.00259492,0.00439458,0.0017192,0.0307544,0.027387
279.051,0.217322,0.025765,0.0252567,1.49621,0.00363872,0.00608991,0.00169933,0.029861,0.0240052
279.101,0.217155,0.0258183,0.0252609,1.49629,0.0039187,0.00627271,0.0017362,0.0355403,0.0205805
279.151,0.216989,0.0258686,0.0252639,1.49606,0.00378501,0.00515233,0.00174641,0.0389899,0.0362385
279.201,0.216845,0.0259055,0.0252651,1.49649,0.0025264,0.00447764,0.00172022,0.03085,0.02647
279.251,0.216786,0.0259515,0.0252662,1.49654,0.00232797,0.00672276,0.00170031,0.0311498,0.0217253
279.301,0.216759,0.026024,0.0252704,1.49656,0.00232841,0.0070559,0.00173748,0.0375155,0.0230845
279.351,0.216713,0.0260928,0.0252735,1.49601,0.00236414,0.00588069,0.00174798,0.041819,0.0418918
279.401,0.216639,0.0261428,0.0252746,1.49642,0.00262094,0.00446092,0.00172199,0.0307536,0.0278773
279.451,0.216427,0.0261929,0.0252756,1.49604,0.00365459,0.00621083,0.00169971,0.0296357,0.0244773
279.501,0.216262,0.0262706,0.0252798,1.49615,0.00393828,0.00640501,0.00173656,0.0353997,0.0204779
279.551,0.21609,0.0263438,0.0252829,1.4959,0.00384751,0.00531139,0.00174676,0.0387761,0.0362143
279.601,0.215925,0.0263987,0.025284,1.49622,0.00255587,0.00459481,0.0017205,0.0308333,0.0264942
279.651,0.21585,0.0264629,0.025285,1.49618,0.00232006,0.00674354,0.00169817,0.0311538,0.0216085
279.701,0.215828,0.0265612,0.0252892,1.4962,0.0023208,0.00708582,0.00173509,0.0379619,0.0228836
279.751,0.215779,0.0266539,0.0252923,1.4956,0.00236087,0.00594703,0.00174554,0.0425284,0.0424367
279.801,0.215702,0.0267212,0.0252934,1.49601,0.00263743,0.00456128,0.00171992,0.0309519,0.0281153
279.851,0.215496,0.0267896,0.0252945,1.49569,0.00364529,0.00641618,0.00170029,0.0294443,0.0247283
279.901,0.215332,0.0268934,0.0252987,1.49579,0.00390966,0.00663546,0.00173713,0.0352248,0.0206532
279.951,0.215163,0.0269906,0.0253018,1.49555,0.00385638,0.00551089,0.00174726,0.038711,0.0363572
280.001,0.215,0.0270639,0.0253029,1.49591,0.00257666,0.00472842,0.00172091,0.0309235,0.0264392
280.051,0.214931,0.0271471,0.025304,1.4959,0.00231977,0.0068662,0.00170076,0.0314164,0.0215724
280.101,0.21491,0.0272718,0.0253082,1.49589,0.00232737,0.0072094,0.00173758,0.0382423,0.0225231
280.151,0.214858,0.0273884,0.0253113,1.49524,0.00237389,0.00606228,0.00174781,0.0428849,0.0424199
280.201,0.214772,0.0274726,0.0253124,1.49559,0.00264878,0.0047058,0.00172185,0.0308696,0.0281542
280.251,0.214563,0.0275612,0.0253135,1.49525,0.00360973,0.00672957,0.00170216,0.0292292,0.0247788
280.301,0.214401,0.0276934,0.0253178,1.49535,0.00381753,0.00693192,0.00173925,0.0345793,0.0207421
280.351,0.214233,0.0278164,0.0253209,1.49508,0.00379861,0.005784,0.00174962,0.0380638,0.0360839
280.401,0.214064,0.0279096,0.025322,1.49536,0.00257079,0.00488341,0.00172328,0.030569,0.0261473
280.451,0.213989,0.0280106,0.025323,1.49525,0.00230955,0.00693103,0.00170073,0.0314591,0.0213374
280.501,0.213979,0.0281599,0.0253272,1.49526,0.00233686,0.00724861,0.00173754,0.0384212,0.0223889
280.551,0.213935,0.0282993,0.0253302,1.49459,0.00238838,0.00612111,0.00174794,0.0433101,0.0429307
280.601,0.21385,0.0284,0.0253314,1.49494,0.00264448,0.00480998,0.00172234,0.0311352,0.0285728
280.651,0.213622,0.0285051,0.0253324,1.49446,0.00350286,0.00685269,0.00170056,0.0290568,0.0251658
280.701,0.213466,0.0286619,0.0253366,1.49453,0.00368833,0.00706456,0.00173736,0.0349544,0.0208235
280.751,0.213301,0.0288082,0.0253397,1.49423,0.00376293,0.00594757,0.00174749,0.0384871,0.0363507
280.801,0.213125,0.0289201,0.0253408,1.49446,0.0025611,0.0049728,0.00172107,0.0310489,0.0262822
280.851,0.213054,0.0290382,0.0253419,1.49435,0.00231122,0.00697148,0.00170088,0.0320679,0.0213935
280.901,0.213052,0.0292099,0.0253461,1.49435,0.00236186,0.00728881,0.00173769,0.0388641,0.0220399
280.951,0.213022,0.0293702,0.0253491,1.49372,0.0024145,0.00615864,0.00174807,0.0434693,0.0427325
281.001,0.212952,0.0294866,0.0253503,1.49414,0.00261082,0.00491772,0.00172246,0.0311651,0.0287205
281.051,0.212758,0.0296119,0.0253514,1.49384,0.00334348,0.00708526,0.00170292,0.0288903,0.0254056
281.101,0.212618,0.0297958,0.0253556,1.49394,0.00349981,0.00731565,0.00173962,0.0347013,0.0209065
281.151,0.212461,0.0299668,0.0253587,1.49363,0.00364824,0.00619202,0.00174955,0.038305,0.0361359
281.201,0.212287,0.0300979,0.0253598,1.49381,0.00252725,0.00509365,0.0017228,0.030969,0.0259646
281.251,0.21222,0.0302328,0.0253609,1.49365,0.00234449,0.00706593,0.00170251,0.0322001,0.0211245
281.301,0.212231,0.0304268,0.0253651,1.49364,0.00243551,0.00736705,0.0017396,0.0386187,0.0220249
281.351,0.212207,0.0306072,0.0253682,1.49297,0.00247168,0.00623311,0.00175026,0.0430688,0.0426415
281.401,0.212138,0.0307387,0.0253693,1.49333,0.00258145,0.00507123,0.00172471,0.0308287,0.0290618
281.451,0.21194,0.0308819,0.0253703,1.49295,0.00316067,0.00730252,0.00170283,0.0284983,0.0256605
281.501,0.21181,0.0310908,0.0253746,1.49301,0.00328207,0.00753966,0.00173953,0.0345128,0.0210157
281.551,0.211661,0.0312853,0.0253776,1.49266,0.00349398,0.00643825,0.00174948,0.0382174,0.0360733
281.601,0.211488,0.0314347,0.0253787,1.49277,0.00248216,0.00524216,0.00172273,0.0310363,0.0259709
281.651,0.211414,0.0315802,0.0253797,1.49248,0.00239694,0.00704764,0.00170006,0.0322756,0.0211414
281.701,0.211433,0.0317902,0.0253839,1.49241,0.00253499,0.00732792,0.00173691,0.0390231,0.021734
281.751,0.211432,0.0319857,0.0253869,1.49177,0.00255336,0.00619759,0.00174751,0.0437556,0.0430003
281.801,0.211387,0.032128,0.0253881,1.49224,0.00251253,0.00514923,0.00172237,0.0310871,0.0294782
281.851,0.211214,0.0322888,0.0253892,1.49195,0.00293298,0.00750075,0.00170317,0.0283105,0.0260545
281.901,0.211104,0.0325214,0.0253934,1.49204,0.00303208,0.00774268,0.00173986,0.0340242,0.0208026
281.951,0.210964,0.0327374,0.0253965,1.49164,0.0032921,0.00664244,0.00174977,0.0376106,0.035163
282.001,0.210789,0.0329037,0.0253975,1.49162,0.00243584,0.00533114,0.00172297,0.0307202,0.025473
282.051,0.210718,0.0330594,0.0253986,1.49126,0.00251196,0.00701772,0.00170247,0.0321134,0.0207442
282.101,0.210754,0.0332831,0.0254028,1.49117,0.00270546,0.00726906,0.00173921,0.0389969,0.0217739
282.151,0.210769,0.0334913,0.0254059,1.49051,0.00268725,0.00616412,0.00174963,0.0436533,0.0437179
282.201,0.210734,0.0336435,0.025407,1.49098,0.00245123,0.00526839,0.0017242,0.030737,0.0298396
282.251,0.210575,0.0338234,0.0254081,1.49068,0.00268051,0.00776788,0.00170493,0.0277477,0.0263819
282.301,0.210484,0.0340799,0.0254124,1.49074,0.00273516,0.00799575,0.00174187,0.0328441,0.0208138
282.351,0.210375,0.0343183,0.0254154,1.49042,0.00299653,0.0069038,0.00175186,0.0361737,0.0343609
282.401,0.210228,0.0345027,0.0254165,1.49045,0.00238151,0.00545963,0.00172474,0.0299584,0.0252369
282.451,0.210161,0.0346644,0.0254174,1.49,0.00271964,0.00692258,0.00170162,0.0317187,0.020594
282.501,0.210215,0.0348969,0.0254217,1.48987,0.00298141,0.00715745,0.00173841,0.0387578,0.0217206
282.551,0.210233,0.0351123,0.0254247,1.48905,0.00289101,0.00607417,0.0017489,0.0436082,0.0442238
282.601,0.210183,0.0352685,0.0254258,1.48933,0.00239287,0.00532446,0.00172358,0.0306894,0.0302422
282.651,0.209979,0.0354543,0.0254268,1.48862,0.00246392,0.00779139,0.00170202,0.0273638,0.0265596
282.701,0.209904,0.0357246,0.025431,1.4886,0.00250264,0.00803111,0.00173875,0.0328728,0.0209222
282.751,0.209829,0.0359786,0.0254341,1.48836,0.00276491,0.00701477,0.00174859,0.0364077,0.0345908
282.801,0.20971,0.0361767,0.0254351,1.48848,0.0023608,0.00547728,0.00172158,0.0304935,0.0253696
282.851,0.209652,0.0363436,0.0254361,1.48802,0.00295743,0.00681129,0.00170098,0.0321287,0.020794
282.901,0.209725,0.0365817,0.0254403,1.48786,0.00327083,0.00701611,0.00173779,0.0389154,0.0213415
282.951,0.209767,0.0368022,0.0254434,1.48708,0.00310017,0.0059579,0.00174833,0.0436519,0.0439903
283.001,0.209747,0.0369629,0.0254445,1.48746,0.00236869,0.00535371,0.0017231,0.0307713,0.0301729
283.051,0.209593,0.0371607,0.0254456,1.48694,0.00233704,0.00786865,0.00170384,0.027247,0.0265952
283.101,0.209549,0.0374458,0.0254498,1.48694,0.00235414,0.00812652,0.0017405,0.032795,0.0209633
283.151,0.209499,0.0377137,0.0254528,1.48669,0.00254241,0.0071471,0.00175,0.0363424,0.0339657
283.201,0.209387,0.0379208,0.0254538,1.48669,0.00239157,0.00550085,0.0017224,0.0305822,0.025018
283.251,0.209316,0.038087,0.0254549,1.48598,0.00332045,0.00664673,0.0017015,0.0325571,0.0206535
283.301,0.209406,0.0383259,0.0254591,1.48577,0.00367078,0.00682352,0.00173865,0.0389883,0.0213332
283.351,0.209452,0.0385451,0.0254621,1.48484,0.0033723,0.00576774,0.00174939,0.043756,0.0439394
283.401,0.209412,0.0387043,0.0254632,1.48497,0.00239082,0.00534906,0.00172402,0.0309616,0.0302142
283.451,0.209224,0.038904,0.0254642,1.48407,0.00234096,0.00782284,0.00170231,0.0274096,0.026569
283.501,0.209206,0.0391969,0.0254684,1.48402,0.00235352,0.00808787,0.00173903,0.033225,0.0211387
283.551,0.209181,0.039473,0.0254714,1.48376,0.00240772,0.00716533,0.00174867,0.0367814,0.0338895
283.601,0.209086,0.0396865,0.0254724,1.48375,0.00245405,0.00540581,0.00172125,0.031167,0.0248222
283.651,0.209021,0.0398456,0.0254733,1.48297,0.00360172,0.00627816,0.00169812,0.0330553,0.0206544
283.701,0.20914,0.0400764,0.0254775,1.48281,0.00398842,0.00641612,0.00173506,0.0396419,0.0211728
283.751,0.20922,0.0402899,0.0254805,1.48196,0.00359098,0.00543199,0.00174583,0.0445496,0.0444196
283.801,0.209205,0.0404467,0.0254816,1.48219,0.00243546,0.00523773,0.001721,0.0313834,0.0306057
283.851,0.209084,0.0406567,0.0254827,1.48161,0.00248458,0.00772616,0.00170203,0.0274477,0.0268987
283.901,0.20911,0.0409545,0.0254869,1.48167,0.0025074,0.00795155,0.00173875,0.0329898,0.0210904
283.951,0.209111,0.0412341,0.0254899,1.4814,0.00236418,0.00709607,0.00174841,0.0363784,0.0332331
284.001,0.209043,0.0414527,0.0254909,1.48139,0.00255571,0.00525768,0.00172103,0.0311071,0.0244762
284.051,0.209031,0.0416119,0.0254919,1.48089,0.00390523,0.00591546,0.00170012,0.0329343,0.0205561
284.101,0.209186,0.0418337,0.025496,1.48084,0.00432748,0.00601238,0.00173697,0.039285,0.0211099
284.151,0.209296,0.0420386,0.025499,1.48004,0.00382702,0.00510724,0.00174743,0.0442835,0.0447342
284.201,0.209295,0.0421894,0.0255001,1.48026,0.00252993,0.00511984,0.00172203,0.0311233,0.0308929
284.251,0.209221,0.0424041,0.0255012,1.47982,0.00278,0.00757429,0.00170272,0.0270621,0.027186
284.301,0.209292,0.0427037,0.0255054,1.47998,0.00283433,0.00778691,0.00173974,0.0321238,0.0210249
284.351,0.209317,0.0429829,0.0255084,1.47967,0.00245641,0.00697475,0.00174937,0.0353113,0.0323147
284.401,0.209267,0.0432016,0.0255093,1.47957,0.0027346,0.00509541,0.00172147,0.0304575,0.0238746
284.451,0.20928,0.0433532,0.0255102,1.47911,0.0042541,0.0054787,0.00169781,0.0325203,0.0202149
284.501,0.209458,0.0435594,0.0255144,1.47905,0.00470205,0.00554222,0.00173476,0.0392031,0.0212565
284.551,0.209581,0.0437488,0.0255173,1.47819,0.00409297,0.004718,0.00174543,0.0445147,0.0450957
284.601,0.209589,0.0438889,0.0255184,1.47839,0.00267664,0.00496516,0.00172034,0.0313531,0.0312047
284.651,0.209491,0.0440939,0.0255193,1.47765,0.00315973,0.00726784,0.00169891,0.0268924,0.0272584
284.701,0.209591,0.0443852,0.0255235,1.47777,0.00323811,0.00748477,0.00173576,0.0323384,0.0211107
284.751,0.209656,0.0446609,0.0255265,1.47755,0.0026405,0.00680965,0.00174531,0.0357904,0.032371
284.801,0.209643,0.0448794,0.0255274,1.47758,0.00290583,0.00489872,0.00171765,0.0308415,0.0238437
284.851,0.209675,0.0450216,0.0255284,1.47716,0.00456972,0.00505618,0.00169656,0.0327413,0.0201692
284.901,0.209873,0.0452101,0.0255325,1.47712,0.00504423,0.00507377,0.00173357,0.0389469,0.0212608
284.951,0.210019,0.0453832,0.0255355,1.47631,0.00431803,0.0043411,0.00174434,0.0441376,0.0449303
285.001,0.21005,0.0455125,0.0255365,1.47657,0.00284184,0.00476531,0.00171942,0.0310351,0.0311797
285.051,0.21,0.0457129,0.0255376,1.47602,0.00358349,0.00692798,0.00170026,0.0265794,0.0272306
285.101,0.210135,0.0459933,0.0255418,1.47618,0.00368803,0.00711167,0.00173703,0.0319937,0.0212402
285.151,0.210223,0.0462586,0.0255447,1.47592,0.00289493,0.00656069,0.00174648,0.0352358,0.0323044
285.201,0.210227,0.0464699,0.0255457,1.47591,0.00307774,0.00463706,0.00171866,0.0302444,0.0236877
285.251,0.210291,0.0466018,0.0255466,1.4756,0.00486511,0.00457475,0.00169753,0.0324146,0.0200158
285.301,0.210512,0.0467686,0.0255508,1.4756,0.00536362,0.00455004,0.00173486,0.0382249,0.0214059
285.351,0.210674,0.0469214,0.0255537,1.47479,0.00452095,0.00394926,0.00174579,0.0432621,0.0448896
285.401,0.210712,0.0470374,0.0255548,1.47501,0.00304222,0.00457473,0.00172068,0.0302753,0.0313326
285.451,0.210672,0.0472273,0.0255557,1.47435,0.00406063,0.00656555,0.00169902,0.0259228,0.0273705
285.501,0.210837,0.0474933,0.0255599,1.4745,0.0041989,0.00673266,0.00173585,0.0313955,0.0211885
285.551,0.210956,0.0477458,0.0255628,1.47427,0.00325084,0.00628783,0.0017454,0.0347379,0.0319986
285.601,0.210987,0.0479465,0.0255637,1.47429,0.00328901,0.00437919,0.00171774,0.03002,0.0232337
285.651,0.211037,0.0480578,0.0255646,1.47384,0.00505056,0.00410275,0.00169433,0.0321816,0.0197181
285.701,0.211262,0.0481991,0.0255687,1.47378,0.00555386,0.004021,0.00173144,0.0381944,0.0215843
285.751,0.211448,0.0483297,0.0255716,1.47304,0.00465312,0.00354616,0.00174225,0.043588,0.0457552
285.801,0.211526,0.0484327,0.0255726,1.47352,0.00322312,0.00433547,0.00171731,0.0304496,0.0318116
285.851,0.211532,0.048612,0.0255737,1.47306,0.00453934,0.00610745,0.00169814,0.0259438,0.0278562
285.901,0.211723,0.048858,0.0255778,1.4732,0.00471128,0.00626881,0.00173501,0.031426,0.021
285.951,0.211875,0.0490947,0.0255807,1.47303,0.00363874,0.00596252,0.00174443,0.0344694,0.031325
286.001,0.211931,0.0492839,0.0255816,1.47308,0.00348171,0.00410422,0.00171654,0.0298242,0.0228635
286.051,0.211991,0.0493784,0.0255826,1.47265,0.00522515,0.00362033,0.00169524,0.0318745,0.0195107
286.101,0.212226,0.0494932,0.0255867,1.47259,0.00573602,0.00351401,0.00173232,0.0378527,0.0217653
286.151,0.21242,0.0495988,0.0255896,1.47186,0.00473668,0.00317167,0.00174287,0.0432444,0.0458188
286.201,0.212512,0.0496868,0.0255906,1.47242,0.00338907,0.00408006,0.00171749,0.0301843,0.0317336
286.251,0.212558,0.0498538,0.0255916,1.47209,0.00499019,0.00560976,0.00169813,0.0257911,0.027848
286.301,0.212779,0.0500774,0.0255958,1.47226,0.00519944,0.00573985,0.00173536,0.030796,0.0209975
286.351,0.212955,0.0502932,0.0255987,1.47208,0.00402726,0.0055612,0.00174497,0.0337557,0.0309589
286.401,0.213027,0.0504661,0.0255996,1.4721,0.0036535,0.00379281,0.001717,0.0292435,0.0226635
286.451,0.213083,0.050539,0.0256004,1.4716,0.00530419,0.00314033,0.00169325,0.0315367,0.0194206
286.501,0.213322,0.0506231,0.0256045,1.47154,0.00584114,0.00299546,0.00173042,0.0376452,0.0217535
286.551,0.213516,0.0506995,0.0256074,1.47076,0.00477948,0.00279862,0.00174115,0.0433486,0.0456758
286.601,0.213597,0.0507681,0.0256084,1.47125,0.00356373,0.00376132,0.00171603,0.0303547,0.0313632
286.651,0.213581,0.0509051,0.0256093,1.47041,0.00531984,0.00501874,0.0016945,0.025573,0.0272422
286.701,0.21381,0.0510986,0.0256134,1.47048,0.00553901,0.0051096,0.00173152,0.0311024,0.02156
286.751,0.214012,0.0512923,0.0256163,1.47036,0.00430779,0.00511541,0.00174105,0.0341819,0.0316964
286.801,0.214109,0.0514519,0.0256172,1.47049,0.00375354,0.00348284,0.00171332,0.0295558,0.0229648
286.851,0.214176,0.0515093,0.0256181,1.47007,0.00533797,0.00275667,0.00169216,0.0315496,0.0195635
286.901,0.214414,0.0515639,0.0256222,1.47001,0.00583313,0.00261389,0.00172937,0.0373907,0.0215211
286.951,0.214607,0.0516133,0.0256251,1.46926,0.00474134,0.00254695,0.00174003,0.0429835,0.0449243
287.001,0.214697,0.0516657,0.025626,1.46979,0.0036744,0.00348879,0.00171471,0.0300105,0.0308433
287.051,0.214727,0.0517889,0.0256271,1.4692,0.00558069,0.00445642,0.00169525,0.0255405,0.0269854
287.101,0.214976,0.0519539,0.0256312,1.46929,0.00583373,0.00453208,0.00173225,0.0312083,0.0216586
287.151,0.215193,0.0521223,0.025634,1.46917,0.00456594,0.00468718,0.00174172,0.03408,0.0318047
287.201,0.215306,0.0522635,0.0256349,1.46933,0.00381013,0.00320231,0.00171389,0.0295199,0.0229766
287.251,0.215385,0.0523023,0.0256358,1.46898,0.00531169,0.00247151,0.00169271,0.0314105,0.0194952
287.301,0.215625,0.052329,0.0256399,1.46896,0.00577882,0.00238877,0.00173024,0.0369108,0.0216635
287.351,0.215825,0.052354,0.0256428,1.46829,0.00464471,0.00241345,0.00174108,0.042361,0.0446895
287.401,0.215927,0.0523934,0.0256438,1.46892,0.00374915,0.00325905,0.00171561,0.0296797,0.0307303
287.451,0.215984,0.0524989,0.0256447,1.46844,0.00576846,0.00391802,0.00169368,0.0252866,0.026805
287.501,0.21625,0.0526356,0.0256488,1.46857,0.00603806,0.00397315,0.00173075,0.0310945,0.0217993
287.551,0.216477,0.0527774,0.0256516,1.46843,0.00476285,0.0042495,0.00174015,0.0341368,0.0320804
287.601,0.216597,0.0528986,0.0256525,1.46859,0.00382282,0.00294488,0.00171218,0.0295049,0.0228555
287.651,0.216661,0.0529181,0.0256533,1.4682,0.00510749,0.00232037,0.00168855,0.0313092,0.0194591
287.701,0.216892,0.0529181,0.0256573,1.46819,0.00555584,0.00232395,0.00172592,0.0369064,0.021644
287.751,0.217087,0.0529189,0.0256602,1.46757,0.00445148,0.00234976,0.00173672,0.0424562,0.04464
287.801,0.217194,0.0529448,0.0256611,1.46828,0.00376482,0.00302007,0.00171154,0.0298482,0.030427
287.851,0.217291,0.0530357,0.0256621,1.46804,0.00585774,0.00340222,0.00169218,0.0253803,0.0265019
287.901,0.217569,0.0531432,0.0256662,1.46822,0.00614866,0.00344137,0.00172932,0.0309928,0.0218284
287.951,0.217795,0.0532565,0.0256691,1.46805,0.00486882,0.00383783,0.00173885,0.033592,0.0319228
288.001,0.217916,0.0533569,0.0256699,1.46817,0.00375806,0.00275285,0.00171109,0.0290404,0.0228638
288.051,0.217992,0.0533637,0.0256708,1.46791,0.00487319,0.00230671,0.00168982,0.0307651,0.0194008
288.101,0.218218,0.0533415,0.0256749,1.46795,0.00528073,0.00241686,0.00172713,0.0364141,0.0217444
288.151,0.218415,0.0533227,0.0256777,1.46745,0.00420639,0.00237824,0.00173783,0.041829,0.0443946
288.201,0.218531,0.0533372,0.0256787,1.46826,0.00375221,0.00283511,0.00171251,0.0293165,0.0302846
288.251,0.218668,0.0534112,0.0256797,1.46824,0.0059428,0.00296453,0.00169306,0.0249832,0.0265004
288.301,0.218954,0.0534886,0.0256838,1.46845,0.00624817,0.00297515,0.00173051,0.0302874,0.0214909
288.351,0.219179,0.0535723,0.0256866,1.46824,0.00499378,0.00342089,0.00174015,0.0327594,0.0312208
288.401,0.219299,0.0536507,0.0256875,1.46832,0.00373232,0.00258856,0.00171219,0.0284261,0.0226226
288.451,0.219364,0.0536404,0.0256883,1.46803,0.0046624,0.00238643,0.00168841,0.0302355,0.0193611
288.501,0.219575,0.0535944,0.0256923,1.46807,0.00501222,0.0026127,0.00172577,0.0359936,0.0219456
288.551,0.219757,0.0535542,0.0256951,1.46755,0.00399554,0.00245592,0.00173642,0.0417661,0.0444274
288.601,0.219862,0.053557,0.0256961,1.46835,0.00374434,0.0026697,0.00171095,0.0292944,0.0303127
288.651,0.219976,0.0536094,0.0256969,1.4682,0.00586538,0.00262059,0.00168905,0.0249718,0.0264679
288.701,0.220259,0.0536588,0.025701,1.4684,0.00619185,0.00262548,0.00172633,0.0307521,0.0215829
288.751,0.220484,0.0537189,0.0257038,1.46821,0.00499662,0.00311032,0.00173592,0.0332156,0.0315141
288.801,0.220603,0.0537814,0.0257047,1.46831,0.00362412,0.00247789,0.00170825,0.0287254,0.0225306
288.851,0.220659,0.0537583,0.0257056,1.46804,0.00437213,0.00252266,0.00168709,0.0303278,0.0192418
288.901,0.220853,0.0536926,0.0257096,1.46809,0.00466338,0.00284557,0.0017245,0.0359553,0.0223344
288.951,0.221021,0.0536352,0.0257124,1.46762,0.00372786,0.00255652,0.00173509,0.0413285,0.0443179
289.001,0.221122,0.053628,0.0257133,1.46845,0.00367535,0.00253096,0.00170944,0.0293732,0.0302202
289.051,0.221247,0.0536625,0.0257143,1.4684,0.00574408,0.0023839,0.00168966,0.0252363,0.0263106
289.101,0.221523,0.0536821,0.0257183,1.46859,0.00609689,0.00238654,0.00172692,0.031179,0.0213811
289.151,0.221752,0.0537185,0.0257211,1.46846,0.00495413,0.00280424,0.00173646,0.0335455,0.031279
289.201,0.22188,0.0537661,0.025722,1.46865,0.00348755,0.00239551,0.00170872,0.0289995,0.0222825
289.251,0.221941,0.053732,0.0257229,1.46849,0.00406227,0.00273686,0.00168758,0.0305636,0.0191638
289.301,0.222116,0.0536456,0.0257269,1.46854,0.00430395,0.00315411,0.00172532,0.03599,0.022533
289.351,0.222256,0.0535687,0.0257298,1.46802,0.00347239,0.00270937,0.00173608,0.0411644,0.0441303
289.401,0.222334,0.0535495,0.0257307,1.46874,0.00359447,0.0024281,0.00171027,0.0293678,0.0300735
289.451,0.222404,0.0535574,0.0257315,1.46834,0.0055462,0.00229855,0.00168801,0.0251866,0.0262089
289.501,0.222663,0.0535485,0.0257356,1.4685,0.00589193,0.002317,0.00172534,0.031278,0.0212467
289.551,0.222891,0.0535618,0.0257384,1.46841,0.00483807,0.00255523,0.00173502,0.0335447,0.0312809
289.601,0.223026,0.0535971,0.0257392,1.46868,0.00331782,0.00235243,0.00170753,0.0288083,0.022244
289.651,0.22307,0.0535554,0.02574,1.46851,0.00367803,0.00290931,0.0016842,0.0301084,0.0190752
289.701,0.223217,0.0534545,0.025744,1.46854,0.0038436,0.0033826,0.00172173,0.0355486,0.0226182
289.751,0.223319,0.0533634,0.0257468,1.46793,0.00314095,0.00279824,0.00173219,0.0406996,0.0437926
289.801,0.223358,0.0533345,0.0257477,1.46847,0.0034193,0.00237421,0.00170622,0.0290752,0.0295896
289.851,0.223389,0.0533218,0.0257487,1.46786,0.00525922,0.00234281,0.00168626,0.025154,0.0257361
289.901,0.22363,0.05329,0.0257527,1.46799,0.00561498,0.00238655,0.00172367,0.0311773,0.0212832
289.951,0.22384,0.0532821,0.0257555,1.46787,0.00466808,0.00243426,0.00173351,0.0332025,0.0313534
290.001,0.223954,0.0533003,0.0257564,1.46803,0.00314929,0.00234335,0.00170627,0.0285687,0.022435
290.051,0.223985,0.0532515,0.0257573,1.46785,0.00335152,0.00301275,0.0016853,0.0296719,0.0193005
290.101,0.224111,0.0531429,0.0257612,1.46791,0.00345117,0.00351417,0.00172277,0.0350486,0.0223886
290.151,0.224195,0.0530448,0.025764,1.46736,0.00290087,0.00283824,0.00173315,0.0398398,0.0427176
290.201,0.224222,0.0530078,0.0257649,1.46786,0.00331146,0.00235377,0.00170705,0.0284679,0.028634
290.251,0.224275,0.0529811,0.0257659,1.46742,0.00505864,0.00248042,0.00168702,0.0247856,0.0252375
290.301,0.224512,0.052928,0.0257699,1.46761,0.00542962,0.00256102,0.00172474,0.0302123,0.0212362
290.351,0.224711,0.0528983,0.0257727,1.46748,0.00458047,0.00236371,0.0017347,0.0320509,0.0311507
290.401,0.224818,0.0529018,0.0257736,1.46764,0.00305257,0.00234889,0.00170728,0.0276912,0.0224754
290.451,0.224834,0.0528467,0.0257744,1.46746,0.00310632,0.00311956,0.00168378,0.0290135,0.0191852
290.501,0.224943,0.0527301,0.0257783,1.46754,0.00317069,0.00366624,0.00172133,0.0343905,0.0225676
290.551,0.225024,0.0526278,0.0257812,1.46711,0.00274406,0.00289246,0.00173184,0.0392746,0.0425224
290.601,0.225069,0.0525925,0.0257821,1.4678,0.00322508,0.00234506,0.00170594,0.0281353,0.0284583
290.651,0.225117,0.0525559,0.0257829,1.46742,0.0047657,0.00264789,0.00168368,0.0245487,0.0247836
290.701,0.225334,0.0524842,0.0257869,1.46757,0.00514616,0.00277364,0.00172121,0.0302345,0.0214964
290.751,0.225528,0.0524405,0.0257897,1.46749,0.00442675,0.0023478,0.00173106,0.0322636,0.031892
290.801,0.225642,0.052439,0.0257906,1.46778,0.00291924,0.00235427,0.00170384,0.0277062,0.0227678
290.851,0.225654,0.0523828,0.0257915,1.46768,0.00285749,0.00323322,0.0016829,0.0285837,0.0193208
290.901,0.225739,0.0522591,0.0257954,1.46776,0.00286944,0.00377779,0.00172047,0.0336866,0.0223286
290.951,0.225796,0.0521515,0.0257982,1.46735,0.00258688,0.00294539,0.00173066,0.0381738,0.0411458
291.001,0.225826,0.0521125,0.0257991,1.46797,0.00310843,0.0023547,0.00170417,0.0274614,0.0274863
291.051,0.225882,0.0520695,0.0258,1.46771,0.00449064,0.00284895,0.00168385,0.0242854,0.0238818
291.101,0.22608,0.0519807,0.025804,1.46784,0.00485242,0.00301657,0.00172137,0.0299674,0.0218313
291.151,0.226262,0.0519216,0.0258068,1.46777,0.00426199,0.00239143,0.00173099,0.0318581,0.0324792
291.201,0.22637,0.0519109,0.0258076,1.4681,0.00281725,0.00237473,0.00170342,0.0272645,0.023206
291.251,0.226373,0.0518499,0.0258086,1.46802,0.00266786,0.00335506,0.00168243,0.0281025,0.01954
291.301,0.226437,0.05172,0.0258125,1.4681,0.0026597,0.00386688,0.00172035,0.0329927,0.0222286
291.351,0.226483,0.0516108,0.0258153,1.46777,0.00250054,0.00295244,0.00173098,0.0372773,0.0400705
291.401,0.226517,0.0515728,0.0258162,1.46845,0.00305721,0.00236996,0.00170481,0.0272443,0.0267437
291.451,0.226593,0.0515276,0.0258171,1.46839,0.00426483,0.00300658,0.00168234,0.0243784,0.0234036
291.501,0.226778,0.0514272,0.025821,1.46852,0.00462285,0.00320281,0.00171992,0.0301745,0.0220316
291.551,0.22693,0.0513546,0.0258238,1.46834,0.00414477,0.00243925,0.00172968,0.0321318,0.0328389
291.601,0.226991,0.0513306,0.0258247,1.46844,0.00274177,0.00238246,0.00170232,0.027461,0.0233177
291.651,0.226921,0.0512611,0.0258255,1.468,0.00251633,0.00332489,0.00167911,0.0281289,0.019603
291.701,0.226959,0.0511317,0.0258294,1.46803,0.00248162,0.00384581,0.00171683,0.0332873,0.0223543
291.751,0.226993,0.0510249,0.0258322,1.46777,0.00240565,0.00291732,0.00172736,0.0373281,0.0396239
291.801,0.22702,0.0509868,0.0258331,1.46848,0.00294261,0.00237979,0.00170137,0.0272957,0.0264749
291.851,0.227101,0.0509365,0.0258341,1.46855,0.00396528,0.00316369,0.00168138,0.0246613,0.0231868
291.901,0.227266,0.050825,0.025838,1.46868,0.0042909,0.00340821,0.001719,0.0301042,0.0218417
291.951,0.227397,0.0507404,0.0258408,1.46848,0.00392655,0.00251429,0.00172885,0.0318559,0.0326456
292.001,0.227442,0.0507086,0.0258416,1.46855,0.00262744,0.00239425,0.00170163,0.0272127,0.0232729
292.051,0.227372,0.0506412,0.0258426,1.4682,0.0023879,0.00334761,0.00168074,0.0277401,0.0195731
292.101,0.227394,0.0505121,0.0258465,1.46824,0.00236004,0.00384727,0.00171838,0.0329202,0.0226274
292.151,0.227408,0.0504062,0.0258492,1.468,0.00235345,0.00289236,0.00172856,0.0367187,0.0388499
292.201,0.227424,0.0503696,0.0258501,1.46869,0.00279732,0.0023923,0.001702,0.0271624,0.0258933
292.251,0.2275,0.0503144,0.0258511,1.46881,0.0036685,0.00329431,0.00168176,0.0248603,0.0227509
292.301,0.227647,0.050195,0.0258551,1.46896,0.00393905,0.00355964,0.00171969,0.0298493,0.0217539
292.351,0.227761,0.0501028,0.0258579,1.46878,0.00364902,0.00258512,0.00172991,0.031544,0.0321623
292.401,0.227803,0.0500665,0.0258588,1.46891,0.00252221,0.00239324,0.00170292,0.0271454,0.0231782
292.451,0.227729,0.0500006,0.0258596,1.4686,0.00230088,0.00330511,0.00167979,0.0277558,0.019524
292.501,0.227734,0.0498754,0.0258635,1.46867,0.00230008,0.00377509,0.00171746,0.0331102,0.0229787
292.551,0.227734,0.0497729,0.0258662,1.46847,0.0023342,0.00284355,0.00172752,0.0364151,0.0387262
292.601,0.22774,0.0497345,0.0258671,1.46915,0.00266809,0.00240121,0.00170073,0.0271771,0.0257791
292.651,0.227782,0.0496718,0.025868,1.46912,0.00335706,0.00335271,0.00167803,0.0248736,0.0226256
292.701,0.22791,0.0495483,0.0258719,1.46927,0.00362458,0.00365562,0.00171579,0.030091,0.0216725
292.751,0.228014,0.0494524,0.0258747,1.46912,0.00344767,0.00262919,0.00172593,0.0319934,0.0324449
292.801,0.228057,0.0494153,0.0258756,1.46934,0.00243334,0.00239108,0.00169921,0.0270884,0.0231901
292.851,0.227993,0.0493536,0.0258765,1.46919,0.00227397,0.0033128,0.00167868,0.0274322,0.019588
292.901,0.22798,0.0492297,0.0258804,1.46926,0.00231688,0.00374092,0.00171639,0.0325146,0.023347
292.951,0.22796,0.0491296,0.0258832,1.46906,0.00235397,0.00280911,0.00172655,0.0357191,0.0385744
293.001,0.227955,0.049093,0.0258841,1.46972,0.00255526,0.00241185,0.00169989,0.0269513,0.0255984
293.051,0.227991,0.0490295,0.025885,1.46974,0.00307199,0.00343406,0.0016795,0.0249472,0.0224262
293.101,0.228099,0.0489019,0.0258889,1.46989,0.00330267,0.00376269,0.00171719,0.0301851,0.0216111
293.151,0.228196,0.0488026,0.0258917,1.46982,0.00321286,0.00270331,0.00172722,0.0319785,0.0325453
293.201,0.228249,0.0487649,0.0258926,1.47017,0.00237277,0.00240033,0.00170032,0.0268239,0.0232449
293.251,0.228196,0.0487042,0.0258936,1.47017,0.00231301,0.00335553,0.0016798,0.027052,0.0196825
293.301,0.228162,0.0485796,0.0258975,1.47024,0.00240951,0.00374603,0.0017178,0.0318235,0.0233946
293.351,0.228114,0.0484782,0.0259002,1.46999,0.00240739,0.00280359,0.00172825,0.0345143,0.0376604
293.401,0.22808,0.0484375,0.0259012,1.47046,0.00247284,0.0024326,0.00170168,0.0262941,0.0250081
293.451,0.228078,0.0483676,0.0259021,1.47029,0.00284885,0.00350368,0.00167893,0.0247111,0.0218558
293.501,0.228166,0.048236,0.0259059,1.47042,0.00304862,0.00385427,0.00171664,0.0298673,0.0219377
293.551,0.228251,0.0481335,0.0259087,1.47034,0.00304338,0.00276356,0.00172673,0.0318419,0.0333742
293.601,0.228297,0.0480932,0.0259096,1.47073,0.00234,0.00241537,0.00169992,0.0265287,0.0239582
293.651,0.228225,0.0480333,0.0259105,1.47068,0.00237609,0.00332762,0.00167711,0.0263149,0.0201083
293.701,0.228173,0.047911,0.0259144,1.47074,0.00251267,0.00371561,0.0017149,0.0314341,0.0231721
293.751,0.228107,0.0478117,0.0259171,1.47048,0.00247349,0.00279121,0.00172518,0.034258,0.0374138
293.801,0.228067,0.0477735,0.025918,1.47098,0.00240508,0.00245911,0.0016987,0.0262123,0.0246138
293.851,0.228074,0.0477052,0.025919,1.47095,0.00267609,0.00362334,0.00167843,0.0249104,0.0214393
293.901,0.22814,0.0475677,0.0259229,1.47104,0.00283436,0.0039782,0.00171616,0.0298688,0.0221954
293.951,0.228205,0.0474606,0.0259257,1.47093,0.00288074,0.002854,0.00172628,0.0319281,0.0337341
294.001,0.228239,0.0474193,0.0259266,1.47131,0.00232447,0.00242835,0.00169956,0.0266878,0.0242805
294.051,0.228157,0.0473626,0.0259276,1.47127,0.00247532,0.00334219,0.00167904,0.0264912,0.0203482
294.101,0.228088,0.0472406,0.0259315,1.47131,0.00265402,0.00371009,0.00171675,0.0316267,0.0232583
294.151,0.22801,0.0471439,0.0259342,1.47108,0.00256105,0.00277606,0.00172684,0.0342896,0.0369238
294.201,0.227957,0.047107,0.0259352,1.47157,0.00235896,0.00246785,0.0017001,0.0263783,0.0241016
294.251,0.227955,0.0470362,0.0259361,1.47155,0.00252698,0.00371125,0.00167973,0.0253786,0.0210703
294.301,0.228004,0.0468946,0.02594,1.47163,0.00265775,0.0040934,0.00171774,0.0298533,0.0221309
294.351,0.228053,0.0467824,0.0259428,1.47152,0.00271712,0.00294526,0.00172791,0.0318364,0.0337511
294.401,0.228074,0.046738,0.0259438,1.47189,0.00232852,0.00243836,0.00170093,0.0264584,0.0246684
294.451,0.227979,0.0466816,0.0259446,1.47184,0.00259654,0.00334258,0.00167796,0.0262729,0.0206817
294.501,0.227893,0.0465614,0.0259485,1.47188,0.00281774,0.00367071,0.00171572,0.0316403,0.0231147
294.551,0.227799,0.0464662,0.0259513,1.47164,0.00266602,0.00275453,0.0017259,0.0342549,0.036358
294.601,0.227732,0.0464288,0.0259522,1.47207,0.00233477,0.00248168,0.00169929,0.0265435,0.0238428
294.651,0.227709,0.046357,0.0259531,1.47196,0.00243151,0.00370931,0.00167671,0.025629,0.0208538
294.701,0.227745,0.0462154,0.025957,1.47202,0.00256012,0.00412327,0.00171453,0.0305885,0.0222837
294.751,0.227781,0.0461017,0.0259597,1.47186,0.00263238,0.00297486,0.00172478,0.0328726,0.0347761
294.801,0.227788,0.0460567,0.0259607,1.47222,0.00234431,0.00243826,0.00169831,0.0272849,0.0255252
294.851,0.227687,0.0460008,0.0259617,1.47222,0.00275945,0.00335235,0.00167811,0.0265744,0.0212183
294.901,0.227587,0.045881,0.0259655,1.47228,0.00299232,0.00367696,0.00171586,0.031545,0.0229883
294.951,0.227481,0.0457868,0.0259683,1.47206,0.00278865,0.00274641,0.00172602,0.0339263,0.0359497
295.001,0.227407,0.045749,0.0259692,1.47251,0.00232145,0.00249487,0.00169936,0.0264566,0.0236392
295.051,0.227385,0.0456778,0.0259702,1.47247,0.00235586,0.00373948,0.00167898,0.0258303,0.0206737
295.101,0.227412,0.0455365,0.0259741,1.47255,0.00245737,0.00414624,0.00171669,0.0307844,0.0222967
295.151,0.227438,0.0454215,0.0259769,1.47239,0.00254486,0.00302093,0.00172676,0.033135,0.0352222
295.201,0.227436,0.045373,0.0259778,1.47275,0.00237162,0.00244628,0.00169999,0.0274746,0.0259672
295.251,0.22732,0.0453121,0.0259788,1.47274,0.00288934,0.00340638,0.00167971,0.0265457,0.0216391
295.301,0.227212,0.0451911,0.0259827,1.47283,0.00313917,0.00371298,0.00171774,0.0312869,0.0227395
295.351,0.227105,0.0450971,0.0259855,1.4727,0.00288788,0.00277093,0.00172814,0.0335793,0.0352044
295.401,0.227035,0.0450587,0.0259865,1.47322,0.0023284,0.00251996,0.00170151,0.0264158,0.0232488
295.451,0.227015,0.0449876,0.0259874,1.47328,0.00229951,0.00378243,0.00167877,0.0261731,0.0203308
295.501,0.22703,0.0448456,0.0259913,1.47336,0.00237185,0.00418914,0.0017165,0.0312531,0.0224925
295.551,0.227043,0.0447285,0.025994,1.47318,0.00245377,0.00308278,0.0017268,0.0337596,0.0359861
295.601,0.227034,0.0446779,0.025995,1.47358,0.00242586,0.00246,0.00170042,0.0277106,0.0265317
295.651,0.2269,0.0446167,0.0259959,1.47353,0.00304684,0.00341204,0.00167802,0.0265166,0.0220357
295.701,0.226779,0.0444967,0.0259998,1.47361,0.0033118,0.00370635,0.00171578,0.0317323,0.0227385
295.751,0.226659,0.0444033,0.0260026,1.47346,0.00305112,0.00275903,0.00172592,0.0342742,0.03549
295.801,0.226576,0.0443643,0.0260035,1.474,0.00234928,0.00253872,0.00169925,0.026983,0.0231946
295.851,0.226545,0.0442913,0.0260045,1.47406,0.00227291,0.00384075,0.00167893,0.0269279,0.0201943
295.901,0.226546,0.0441474,0.0260084,1.47412,0.00231611,0.00427359,0.00171666,0.0318907,0.0224617
295.951,0.226549,0.044027,0.0260112,1.47395,0.00238559,0.00315868,0.00172715,0.0344343,0.0362541
296.001,0.226534,0.0439742,0.0260122,1.47438,0.00248571,0.00248184,0.0017011,0.0281402,0.026814
296.051,0.226402,0.0439131,0.0260132,1.4744,0.00318871,0.0034463,0.0016811,0.0269357,0.0222979
296.101,0.226275,0.0437935,0.0260171,1.4745,0.00347218,0.00371994,0.00171872,0.0322498,0.0227218
296.151,0.226145,0.0436987,0.0260199,1.47436,0.00320982,0.00277864,0.00172861,0.0346687,0.0353719
296.201,0.226047,0.0436545,0.0260208,1.47488,0.00239162,0.00255423,0.0017015,0.0272219,0.0228658
296.251,0.226006,0.0435753,0.0260218,1.47493,0.00227601,0.0039224,0.00168096,0.0274102,0.0199818
296.301,0.226001,0.0434289,0.0260257,1.47502,0.0022984,0.00435531,0.00171894,0.0321646,0.0225011
296.351,0.225992,0.0433051,0.0260285,1.47481,0.00235357,0.00323468,0.00172965,0.0348696,0.0368272
296.401,0.225959,0.0432467,0.0260296,1.47522,0.00255604,0.00251013,0.00170359,0.028072,0.0272223
296.451,0.225799,0.0431785,0.0260305,1.47512,0.0033271,0.00351827,0.00168126,0.0266621,0.0226282
296.501,0.225663,0.0430561,0.0260344,1.47523,0.00362139,0.00380734,0.00171889,0.0323364,0.0228204
296.551,0.225524,0.0429584,0.0260372,1.47508,0.00337277,0.00282634,0.00172897,0.0351387,0.035735
296.601,0.225413,0.0429108,0.0260381,1.4756,0.00244965,0.00258501,0.00170217,0.0274148,0.0229777
296.651,0.22535,0.0428293,0.026039,1.47556,0.00228583,0.00394576,0.00167947,0.0277437,0.0200173
296.701,0.225338,0.042683,0.0260429,1.47565,0.00228875,0.00440095,0.00171719,0.0329322,0.0223974
296.751,0.225323,0.0425568,0.0260457,1.47543,0.00233094,0.00331082,0.00172784,0.0361448,0.0375054
296.801,0.225289,0.0424957,0.0260467,1.4759,0.00263695,0.0025427,0.00170207,0.0286822,0.0276212
296.851,0.225135,0.0424242,0.0260478,1.4759,0.00348242,0.00366494,0.00168231,0.0270321,0.0231598
296.901,0.22499,0.0422961,0.0260517,1.47602,0.00378043,0.00394442,0.00171991,0.0326196,0.0226763
296.951,0.224832,0.0421919,0.0260545,1.47583,0.00357391,0.0029209,0.00173011,0.035276,0.0352313
297.001,0.22469,0.0421352,0.0260555,1.47621,0.00254861,0.0026547,0.00170349,0.0276066,0.0225667
297.051,0.224601,0.0420484,0.0260565,1.47604,0.00232698,0.0040518,0.00168308,0.0281926,0.0197191
297.101,0.224578,0.0418988,0.0260604,1.4761,0.00230802,0.00451763,0.00172064,0.0334935,0.022712
297.151,0.224559,0.0417682,0.0260632,1.4759,0.00233005,0.00345314,0.00173119,0.036541,0.0385261
297.201,0.224523,0.0417014,0.0260642,1.47643,0.00274577,0.00263112,0.00170531,0.0285858,0.0284102
297.251,0.224375,0.0416215,0.0260653,1.47653,0.0036367,0.00391234,0.00168557,0.0268996,0.0238048
297.301,0.224219,0.0414828,0.0260692,1.47665,0.00389089,0.00420459,0.00172337,0.0321902,0.0225434
297.351,0.224051,0.0413692,0.0260721,1.47643,0.0036987,0.00309049,0.00173366,0.0350676,0.0349639
297.401,0.223907,0.0413063,0.0260731,1.47684,0.00260801,0.00276352,0.00170684,0.0275195,0.0223251
297.451,0.223823,0.0412173,0.026074,1.47673,0.00234504,0.00418949,0.00168391,0.0285042,0.0196024
297.501,0.223796,0.041064,0.0260779,1.47679,0.00231333,0.00466209,0.00172144,0.0339083,0.0226494
297.551,0.223766,0.0409275,0.0260807,1.47652,0.00233045,0.00360159,0.00173192,0.0373155,0.0388651
297.601,0.223716,0.0408555,0.0260817,1.47702,0.00279581,0.00271706,0.00170591,0.0289347,0.0285306
297.651,0.223533,0.0407695,0.0260827,1.47693,0.00368037,0.00403236,0.00168377,0.0267634,0.0239499
297.701,0.223378,0.0406279,0.0260866,1.47706,0.00392643,0.00432528,0.0017213,0.0325509,0.0228409
297.751,0.223206,0.0405092,0.0260894,1.47683,0.00383755,0.00319706,0.00173136,0.0356719,0.0355767
297.801,0.223044,0.0404375,0.0260904,1.47723,0.00269323,0.00285085,0.00170451,0.0277797,0.0225223
297.851,0.222948,0.0403415,0.0260914,1.47709,0.00236996,0.00435342,0.00168399,0.0288376,0.019646
297.901,0.222917,0.0401838,0.0260953,1.47715,0.00232465,0.00482131,0.00172153,0.0341445,0.0225535
297.951,0.222889,0.0400422,0.0260982,1.4769,0.00233308,0.00378354,0.00173238,0.0377363,0.0391492
298.001,0.222846,0.0399637,0.0260992,1.47747,0.00285273,0.00285931,0.00170705,0.0287917,0.0287859
298.051,0.222676,0.0398712,0.0261003,1.47749,0.00371974,0.00432384,0.00168754,0.0266795,0.0244526
298.101,0.222519,0.0397195,0.0261042,1.47762,0.00394711,0.0046158,0.00172492,0.0327158,0.0227692
298.151,0.222346,0.0395907,0.026107,1.47741,0.00394161,0.00345836,0.00173507,0.0358365,0.0355635
298.201,0.222185,0.0395103,0.0261081,1.47785,0.00275651,0.00301546,0.00170839,0.0278258,0.0223434
298.251,0.222096,0.039408,0.0261091,1.47777,0.00237651,0.00459406,0.001688,0.0291265,0.0195385
298.301,0.222064,0.0392433,0.026113,1.47782,0.00233107,0.005061,0.00172572,0.0343394,0.0226001
298.351,0.222031,0.0390946,0.0261159,1.47751,0.00234356,0.00399201,0.00173662,0.0380544,0.0399965
298.401,0.221978,0.0390089,0.026117,1.47807,0.00291711,0.00302488,0.00171102,0.0286733,0.029437
298.451,0.221788,0.0389051,0.0261179,1.47798,0.0037638,0.00462904,0.00168899,0.0265584,0.0249236
298.501,0.221626,0.0387431,0.0261219,1.47808,0.00395954,0.00494114,0.00172631,0.0329874,0.0227213
298.551,0.221447,0.0386042,0.0261247,1.47784,0.00403186,0.00375038,0.00173634,0.0362248,0.0356954
298.601,0.221277,0.0385138,0.0261257,1.47827,0.00280622,0.00321654,0.00170943,0.028107,0.0224373
298.651,0.221168,0.0384063,0.0261266,1.47805,0.00236753,0.00477488,0.00168655,0.0296563,0.0195287
298.701,0.221134,0.0382377,0.0261306,1.47805,0.00232048,0.00525213,0.001724,0.0352433,0.0223046
298.751,0.221098,0.0380839,0.0261335,1.47767,0.00233666,0.00420853,0.00173499,0.0392803,0.0410094
298.801,0.221046,0.0379928,0.0261345,1.47827,0.00294324,0.00323198,0.00171,0.0292083,0.0299373
298.851,0.220864,0.0378812,0.0261356,1.47826,0.00374411,0.00500158,0.00169079,0.0264787,0.0254113
298.901,0.220703,0.0377084,0.0261396,1.47836,0.00390885,0.00532334,0.00172804,0.0326488,0.0225686
298.951,0.220523,0.0375581,0.0261424,1.4781,0.00403934,0.00409944,0.00173789,0.0359553,0.0351249
299.001,0.220342,0.0374563,0.0261434,1.47844,0.00282741,0.00344716,0.00171073,0.0282957,0.0224518
299.051,0.220228,0.0373441,0.0261444,1.47818,0.00235674,0.00501278,0.00168993,0.0300347,0.0195207
299.101,0.220197,0.0371717,0.0261484,1.47816,0.00231509,0.00545898,0.00172723,0.0359121,0.0221048
299.151,0.220166,0.0370141,0.0261513,1.47774,0.00233887,0.00440375,0.00173811,0.0403882,0.0417601
299.201,0.220113,0.0369183,0.0261523,1.47834,0.00295077,0.00344216,0.00171303,0.030011,0.0303919
299.251,0.219934,0.0367966,0.0261534,1.47835,0.00365766,0.00540811,0.00169386,0.0271346,0.0259615
299.301,0.219779,0.0366136,0.0261574,1.47845,0.00377992,0.00572177,0.00173131,0.0329359,0.0222149
299.351,0.219609,0.0364531,0.0261603,1.47824,0.00395843,0.00447797,0.00174129,0.0362407,0.0342156
299.401,0.219435,0.0363403,0.0261613,1.47857,0.00279413,0.00367487,0.00171396,0.0290276,0.0221752
299.451,0.219326,0.0362238,0.0261622,1.4783,0.00231654,0.00520479,0.00169066,0.0311433,0.0192777
299.501,0.219309,0.0360507,0.0261662,1.47828,0.00231259,0.0056242,0.00172792,0.0371648,0.0222892
299.551,0.219279,0.0358908,0.0261691,1.47777,0.00234023,0.0045611,0.0017389,0.0418793,0.0429481
299.601,0.219218,0.0357889,0.0261702,1.47834,0.00291192,0.00366243,0.00171408,0.0307789,0.0311631
299.651,0.218999,0.0356561,0.0261711,1.47806,0.00349069,0.00570759,0.00169273,0.0272095,0.02645
299.701,0.218859,0.0354695,0.0261751,1.47819,0.00359492,0.00600855,0.00172988,0.0333193,0.0220528
299.751,0.218701,0.0353034,0.026178,1.47801,0.00386215,0.00480864,0.00173977,0.036578,0.0341924
299.801,0.218537,0.0351813,0.026179,1.47839,0.00275246,0.00391985,0.00171267,0.0293766,0.0223745
299.851,0.218453,0.0350615,0.02618,1.47826,0.00229767,0.00541465,0.00169193,0.0312861,0.0194222
299.901,0.218452,0.034889,0.026184,1.47827,0.00233731,0.00580046,0.00172914,0.0371404,0.0219592
299.951,0.218432,0.0347284,0.0261869,1.47772,0.00235982,0.00474418,0.00174001,0.0420073,0.0435179
