t,err_imu_only,err_contact
0,0.00079631,0.00079631
0.01,0.00101409,0.00101409
0.02,0.000877014,0.000875442
0.03,0.000817581,0.000815686
0.04,0.00131048,0.00127955
0.05,0.00102942,0.000892823
0.06,0.00113968,0.000780235
0.07,0.00152231,0.000590827
0.08,0.00143258,0.00179224
0.09,0.00160769,0.00406084
0.1,0.00185408,0.00659787
0.11,0.00217869,0.00898332
0.12,0.0023546,0.0110699
0.13,0.00201769,0.0128942
0.14,0.00190738,0.0135655
0.15,0.00181734,0.0138381
0.16,0.00146146,0.0136156
0.17,0.00149249,0.0128835
0.18,0.001765,0.0115407
0.19,0.00176324,0.0102943
0.2,0.00163642,0.00903282
0.21,0.00159005,0.00742516
0.22,0.00170089,0.00519883
0.23,0.0016383,0.00305125
0.24,0.00162189,0.0031335
0.25,0.00145543,0.0031806
0.26,0.00161968,0.00342257
0.27,0.00180265,0.00377827
0.28,0.00198394,0.00413413
0.29,0.00219724,0.00443002
0.3,0.00257925,0.00474921
0.31,0.00244288,0.00451425
0.32,0.00212816,0.00402007
0.33,0.00200577,0.00378083
0.34,0.00201801,0.0036903
0.35,0.00171504,0.00357632
0.36,0.00126535,0.00347069
0.37,0.00124335,0.0034305
0.38,0.00102835,0.00378588
0.39,0.00113184,0.00402724
0.4,0.00103545,0.00369128
0.41,0.00124171,0.00329971
0.42,0.00136532,0.00286553
0.43,0.0015404,0.00376819
0.44,0.00153583,0.00509623
0.45,0.0016141,0.00543858
0.46,0.00167264,0.00604605
0.47,0.00155293,0.0067345
0.48,0.0016704,0.0071784
0.49,0.00204047,0.00780599
0.5,0.00222322,0.00829696
0.51,0.00264138,0.00862969
0.52,0.00258124,0.0090378
0.53,0.00239909,0.00909893
0.54,0.00256337,0.00944636
0.55,0.00246837,0.00938728
0.56,0.0023166,0.00849595
0.57,0.00259902,0.00751653
0.58,0.00262707,0.00680576
0.59,0.00241485,0.00515457
0.6,0.00223475,0.00563876
0.61,0.00245344,0.00835053
0.62,0.00254148,0.00854493
0.63,0.00247269,0.00712856
0.64,0.00282362,0.00563155
0.65,0.00292352,0.00453469
0.66,0.00321143,0.00533885
0.67,0.00323495,0.00826892
0.68,0.00330391,0.0118863
0.69,0.0033522,0.0153571
0.7,0.00351321,0.0178985
0.71,0.00323888,0.0198797
0.72,0.00384319,0.0208611
0.73,0.00407919,0.0208992
0.74,0.00406095,0.0196206
0.75,0.00413347,0.0172144
0.76,0.00389769,0.014293
0.77,0.0037503,0.0111614
0.78,0.00379771,0.00664315
0.79,0.00375507,0.00136621
0.8,0.00334192,0.0045424
0.81,0.00322742,0.00882442
0.82,0.00319346,0.00839756
0.83,0.00342619,0.00420156
0.84,0.0034949,0.00108737
0.85,0.00325148,0.00373738
0.86,0.00326814,0.00720344
0.87,0.00307317,0.011189
0.88,0.00315147,0.014831
0.89,0.00326142,0.0188696
0.9,0.00357354,0.0216025
0.91,0.00317944,0.0235088
0.92,0.00344604,0.0243407
0.93,0.00348973,0.0239118
0.94,0.00329705,0.0226608
0.95,0.00311108,0.0205262
0.96,0.00291225,0.0177551
0.97,0.00297638,0.0148801
0.98,0.00289297,0.0108869
0.99,0.00317223,0.00801289
1,0.00316491,0.00875429
1.01,0.00338675,0.0100954
1.02,0.0036499,0.0097202
1.03,0.00380157,0.00626505
1.04,0.00367659,0.00606743
1.05,0.00344196,0.00777116
1.06,0.00356938,0.0100927
1.07,0.00375165,0.0133927
1.08,0.00400421,0.0167652
1.09,0.00397615,0.0198955
1.1,0.00413973,0.0223436
1.11,0.00413007,0.0240413
1.12,0.00439391,0.0248906
1.13,0.00463811,0.0244142
1.14,0.00448899,0.0234281
1.15,0.00422026,0.0212631
1.16,0.00421962,0.0185416
1.17,0.00408834,0.0162702
1.18,0.00404272,0.0128854
1.19,0.00386692,0.0109036
1.2,0.00371649,0.010606
1.21,0.00390366,0.0109274
1.22,0.00406421,0.00983126
1.23,0.0040454,0.00672951
1.24,0.00417544,0.00689734
1.25,0.00410913,0.00890306
1.26,0.00395297,0.0115931
1.27,0.00380603,0.0147365
1.28,0.0038748,0.0175196
1.29,0.0038894,0.0203009
1.3,0.00388589,0.0227215
1.31,0.0037042,0.0242482
1.32,0.00398952,0.0246802
1.33,0.00397356,0.0245428
1.34,0.00371996,0.0233594
1.35,0.00372694,0.0214614
1.36,0.00387671,0.0192327
1.37,0.00414686,0.017181
1.38,0.00446263,0.0142677
1.39,0.00456413,0.0120535
1.4,0.00470984,0.0111463
1.41,0.00466041,0.0112448
1.42,0.00480778,0.0103811
1.43,0.00509894,0.00813615
1.44,0.00506571,0.00809258
1.45,0.00486717,0.0094874
1.46,0.00487353,0.0112194
1.47,0.00468902,0.0135965
1.48,0.0045616,0.0160886
1.49,0.00451338,0.0182755
1.5,0.00440078,0.020312
1.51,0.00459003,0.0213755
1.52,0.00422477,0.0223643
1.53,0.00443919,0.0219493
1.54,0.00450019,0.0209657
1.55,0.00478994,0.0194152
1.56,0.00527869,0.0174545
1.57,0.00541786,0.015804
1.58,0.00585914,0.0132968
1.59,0.00622949,0.0119377
1.6,0.00619348,0.0118551
1.61,0.00662233,0.0118447
1.62,0.0067748,0.0108514
1.63,0.00700721,0.00832233
1.64,0.00700497,0.0077847
1.65,0.00679957,0.00910163
1.66,0.00683704,0.0108072
1.67,0.00663874,0.0128076
1.68,0.00685384,0.0148322
1.69,0.00658061,0.0167403
1.7,0.00627253,0.0186098
1.71,0.00640721,0.0198834
1.72,0.00642036,0.0204399
1.73,0.00627462,0.0204345
1.74,0.00613873,0.0196998
1.75,0.00603675,0.0187608
1.76,0.00604354,0.017432
1.77,0.006293,0.0159263
1.78,0.00624808,0.0139472
1.79,0.00647528,0.012808
1.8,0.0069205,0.0120821
1.81,0.00719173,0.0115951
1.82,0.00747481,0.0107792
1.83,0.0076592,0.00899164
1.84,0.00789455,0.00889458
1.85,0.00761216,0.00986333
1.86,0.00746617,0.0109729
1.87,0.00729329,0.0124509
1.88,0.00720128,0.0139967
1.89,0.00700545,0.0155742
1.9,0.00723663,0.0168293
1.91,0.00714975,0.0179893
1.92,0.00729754,0.0183119
1.93,0.00758588,0.018029
1.94,0.00791756,0.0171397
1.95,0.00782542,0.0164797
1.96,0.00790975,0.015593
1.97,0.00801129,0.0143804
1.98,0.00829809,0.0122705
1.99,0.0085341,0.0113002
2,0.00874025,0.0114911
2.01,0.00902368,0.0113942
2.02,0.0092123,0.0106186
2.03,0.00902782,0.00846594
2.04,0.00912925,0.00824516
2.05,0.00919148,0.0095032
2.06,0.0091408,0.0109085
2.07,0.00898875,0.0122203
2.08,0.00894377,0.0137235
2.09,0.0090346,0.0149706
2.1,0.00936953,0.0161619
2.11,0.00934949,0.0172032
2.12,0.00941725,0.0174417
2.13,0.00950251,0.0172253
2.14,0.00927738,0.0168977
2.15,0.00934408,0.0160141
2.16,0.00958772,0.0149067
2.17,0.00962752,0.0136989
2.18,0.00992479,0.012192
2.19,0.010331,0.0115523
2.2,0.0105155,0.0112687
2.21,0.0109183,0.0112371
2.22,0.0109263,0.010824
2.23,0.0109316,0.0090964
2.24,0.0107374,0.00867976
2.25,0.0104394,0.00916648
2.26,0.0103028,0.00999249
2.27,0.0101515,0.01112
2.28,0.0102393,0.0121948
2.29,0.00992766,0.0132033
2.3,0.00986383,0.0142497
2.31,0.00971484,0.0153527
2.32,0.00961178,0.0159639
2.33,0.00972252,0.0159068
2.34,0.00997791,0.0154084
2.35,0.0105116,0.0144929
2.36,0.0106013,0.0138599
2.37,0.0107316,0.0131881
2.38,0.010972,0.0123279
2.39,0.0115733,0.0119866
2.4,0.0122733,0.0126385
2.41,0.0125517,0.0130221
2.42,0.0126662,0.0127732
2.43,0.0128669,0.0107069
2.44,0.0129626,0.00993061
2.45,0.0130279,0.0104025
2.46,0.0131101,0.0108262
2.47,0.0130844,0.0111367
2.48,0.0129906,0.0113951
2.49,0.0128898,0.0120065
2.5,0.012645,0.0128022
2.51,0.0123255,0.0136304
2.52,0.0123892,0.014019
2.53,0.0122266,0.0141009
2.54,0.012415,0.0138131
2.55,0.0126184,0.0136403
2.56,0.0130663,0.0128838
2.57,0.0135328,0.0127019
2.58,0.0140344,0.0123025
2.59,0.014388,0.0130718
2.6,0.0149689,0.0140505
2.61,0.0153806,0.0146032
2.62,0.0156515,0.0143215
2.63,0.0155943,0.0123224
2.64,0.0154238,0.0109833
2.65,0.0153611,0.0111388
2.66,0.0151896,0.0113368
2.67,0.0153528,0.0112201
2.68,0.0151162,0.0112887
2.69,0.0147899,0.0118002
2.7,0.0144584,0.0121256
2.71,0.0145496,0.0125377
2.72,0.0144541,0.0129291
2.73,0.0145198,0.0131575
2.74,0.0146716,0.0131513
2.75,0.0147838,0.0129311
2.76,0.0149995,0.0127876
2.77,0.0151756,0.0125902
2.78,0.0155638,0.011773
2.79,0.016077,0.0122174
2.8,0.0165614,0.0133513
2.81,0.0166506,0.013884
2.82,0.0168065,0.0136541
2.83,0.0168037,0.012291
2.84,0.0168527,0.0116205
2.85,0.0169802,0.0120814
2.86,0.0171331,0.0124467
2.87,0.0170821,0.0121506
2.88,0.0169264,0.0121948
2.89,0.0170662,0.012291
2.9,0.0170366,0.0124283
2.91,0.0168433,0.0131525
2.92,0.0170411,0.0132667
2.93,0.0170507,0.0135143
2.94,0.0169889,0.01345
2.95,0.0169576,0.0135857
2.96,0.0172332,0.013423
2.97,0.0173876,0.0132453
2.98,0.0179804,0.0127587
2.99,0.0182091,0.0128697
3,0.0186799,0.0137836
3.01,0.0188145,0.0141243
3.02,0.0190761,0.0142008
3.03,0.0192293,0.0129669
3.04,0.0189931,0.0118212
3.05,0.0189876,0.0122336
3.06,0.0189866,0.0124251
3.07,0.0187899,0.0122753
3.08,0.0186253,0.01216
3.09,0.0184696,0.0120209
3.1,0.0183431,0.0123752
3.11,0.0179271,0.0126604
3.12,0.0180178,0.0127262
3.13,0.0179116,0.0130968
3.14,0.0178633,0.0133274
3.15,0.0183347,0.0132772
3.16,0.018611,0.0132304
3.17,0.0191042,0.0133261
3.18,0.0194566,0.0131902
3.19,0.0197258,0.0131826
3.2,0.020031,0.0137754
3.21,0.0202393,0.0136766
3.22,0.0205567,0.0134348
3.23,0.0208072,0.012209
3.24,0.0207162,0.0112716
3.25,0.0206723,0.0111873
3.26,0.0204441,0.010993
3.27,0.0204491,0.0111263
3.28,0.0202126,0.0110082
3.29,0.0200817,0.0111626
3.3,0.0200975,0.0112955
3.31,0.0200272,0.0117981
3.32,0.0200986,0.0118529
3.33,0.0200122,0.0121901
3.34,0.0201005,0.012195
3.35,0.0203961,0.0119214
3.36,0.0205399,0.0121985
3.37,0.0209929,0.0119499
3.38,0.0215804,0.0117528
3.39,0.0220901,0.0121309
3.4,0.0228315,0.013236
3.41,0.0229439,0.0137204
3.42,0.0231174,0.0141116
3.43,0.0233142,0.0131063
3.44,0.0236146,0.0121573
3.45,0.0237464,0.0122358
3.46,0.0236986,0.0118725
3.47,0.0234902,0.0114797
3.48,0.0231177,0.0112581
3.49,0.0227562,0.0109637
3.5,0.0226821,0.0106345
3.51,0.0224554,0.0103749
3.52,0.0226329,0.0102105
3.53,0.0227083,0.0100142
3.54,0.0228356,0.0101437
3.55,0.0232819,0.0102903
3.56,0.0236999,0.0105121
3.57,0.024317,0.0110019
3.58,0.0248887,0.0112998
3.59,0.025132,0.0119462
3.6,0.0256546,0.0130873
3.61,0.0260715,0.0138588
3.62,0.0260969,0.0139559
3.63,0.0260898,0.0127624
3.64,0.0259154,0.0115468
3.65,0.0258857,0.0114645
3.66,0.0258969,0.0112137
3.67,0.0255654,0.010918
3.68,0.0255066,0.0105026
3.69,0.025449,0.0100365
3.7,0.0249896,0.00989415
3.71,0.0250176,0.0099663
3.72,0.0253511,0.00982288
3.73,0.0259129,0.0096352
3.74,0.0258436,0.00950872
3.75,0.0262279,0.00972873
3.76,0.0264203,0.00998339
3.77,0.0268091,0.0103447
3.78,0.0272972,0.0108574
3.79,0.0278266,0.0121596
3.8,0.0284046,0.0134779
3.81,0.0289497,0.0148153
3.82,0.0293081,0.0149801
3.83,0.0292958,0.0139757
3.84,0.0290567,0.0127161
3.85,0.0289822,0.0124079
3.86,0.0286788,0.0118315
3.87,0.0285976,0.0112071
3.88,0.0285215,0.0104929
3.89,0.0284133,0.00953082
3.9,0.0281682,0.00913319
3.91,0.0282328,0.00902478
3.92,0.0282859,0.00881301
3.93,0.0285009,0.00899378
3.94,0.0286864,0.00937168
3.95,0.0290033,0.0101259
3.96,0.0292466,0.0108462
3.97,0.0295756,0.0114832
3.98,0.0298862,0.0122934
3.99,0.030564,0.0132688
4,0.0309415,0.0142415
4.01,0.0311695,0.0149698
4.02,0.0311652,0.0146966
4.03,0.0317302,0.0139368
4.04,0.0319483,0.0129292
4.05,0.0320645,0.0127106
4.06,0.0319402,0.0120172
4.07,0.031604,0.0111516
4.08,0.0315137,0.0101913
4.09,0.0314646,0.00958802
4.1,0.0315201,0.00899591
4.11,0.0314125,0.00845796
4.12,0.031464,0.00809492
4.13,0.0314884,0.0080898
4.14,0.0314687,0.0084526
4.15,0.0318197,0.00891654
4.16,0.0322625,0.00929764
4.17,0.0327022,0.0102874
4.18,0.0329945,0.0109098
4.19,0.0337244,0.0122541
4.2,0.0339633,0.0135952
4.21,0.0343715,0.0146442
4.22,0.0348475,0.0150627
4.23,0.0350661,0.0138952
4.24,0.0350651,0.0128933
4.25,0.0350349,0.0127749
4.26,0.0347888,0.0123312
4.27,0.0345403,0.0117138
4.28,0.034303,0.0108684
4.29,0.03406,0.0099806
4.3,0.034157,0.00939903
4.31,0.0343497,0.00909525
4.32,0.0342781,0.00883391
4.33,0.0344189,0.008942
4.34,0.0344123,0.00939155
4.35,0.0350406,0.00990285
4.36,0.0349736,0.0106931
4.37,0.0355699,0.0114283
4.38,0.0360685,0.0120572
4.39,0.0365593,0.0128708
4.4,0.0370415,0.0141056
4.41,0.0376418,0.0150469
4.42,0.0376867,0.0151832
4.43,0.0381687,0.0142508
4.44,0.0383256,0.0130828
4.45,0.0379565,0.0125187
4.46,0.037868,0.0120379
4.47,0.0374493,0.0109782
4.48,0.0374826,0.0103212
4.49,0.0372626,0.00968771
4.5,0.0369107,0.00907095
4.51,0.0368614,0.00859162
4.52,0.036936,0.00880844
4.53,0.0372011,0.00908131
4.54,0.0374026,0.00906797
4.55,0.0376503,0.00911221
4.56,0.0380409,0.00924935
4.57,0.0385154,0.00938975
4.58,0.03938,0.0106251
4.59,0.0397431,0.0117956
4.6,0.0402695,0.0132578
4.61,0.0408749,0.0146553
4.62,0.0413001,0.0150944
4.63,0.0412618,0.0138532
4.64,0.0414943,0.0132023
4.65,0.0417367,0.0132828
4.66,0.0418881,0.0131195
4.67,0.0414705,0.0123217
4.68,0.0414418,0.0116512
4.69,0.0414066,0.0110066
4.7,0.0414551,0.010324
4.71,0.0413347,0.00981494
4.72,0.041575,0.00956115
4.73,0.0415811,0.00948559
4.74,0.0418917,0.00981549
4.75,0.042178,0.0103118
4.76,0.042382,0.0108303
4.77,0.0428783,0.0117073
4.78,0.0435847,0.0127392
4.79,0.0442127,0.0137436
4.8,0.0446698,0.0150057
4.81,0.0451807,0.0158297
4.82,0.0454346,0.0157674
4.83,0.0453625,0.0144174
4.84,0.0453582,0.0133519
4.85,0.0451715,0.0130052
4.86,0.0448465,0.0123868
4.87,0.0444966,0.0116994
4.88,0.0443915,0.0110703
4.89,0.043938,0.0102885
4.9,0.0434828,0.00952701
4.91,0.0434107,0.00952349
4.92,0.0435373,0.00938121
4.93,0.0435249,0.00927472
4.94,0.0439329,0.00939103
4.95,0.0443197,0.00944153
4.96,0.0445037,0.0098524
4.97,0.044972,0.0102293
4.98,0.045588,0.0110728
4.99,0.0459609,0.0126582
5,0.0462968,0.0141076
5.01,0.0469825,0.0149869
5.02,0.0473629,0.0151383
5.03,0.0474978,0.0138448
5.04,0.0477437,0.0127767
5.05,0.0477399,0.0126543
5.06,0.0473758,0.0122641
5.07,0.0472612,0.0120301
5.08,0.0471831,0.0114338
5.09,0.0471647,0.0109409
5.1,0.0469257,0.0104202
5.11,0.0468099,0.0100956
5.12,0.0468839,0.00988203
5.13,0.0467955,0.00956256
5.14,0.0472561,0.00970135
5.15,0.0478075,0.0100873
5.16,0.0483454,0.0104244
5.17,0.0486755,0.0110751
5.18,0.0492563,0.0119755
5.19,0.050132,0.0131154
5.2,0.0503548,0.0141129
5.21,0.0507884,0.0151715
5.22,0.0508061,0.0149807
5.23,0.0509077,0.0136846
5.24,0.0510345,0.012652
5.25,0.051193,0.0123247
5.26,0.0513269,0.0118198
5.27,0.0511754,0.0110912
5.28,0.0509266,0.0101229
5.29,0.0509131,0.00945908
5.3,0.0510044,0.00890336
5.31,0.051023,0.00856237
5.32,0.051043,0.00829622
5.33,0.0514224,0.00842995
5.34,0.0519471,0.00841897
5.35,0.0524484,0.0086957
5.36,0.0528279,0.00903011
5.37,0.0532115,0.00941292
5.38,0.0539614,0.0103372
5.39,0.0548162,0.012093
5.4,0.0552261,0.0136155
5.41,0.0555184,0.0145742
5.42,0.0557108,0.014398
5.43,0.0558172,0.0129272
5.44,0.0557974,0.0118007
5.45,0.0560862,0.0121295
5.46,0.0557357,0.011863
5.47,0.0553686,0.0114239
5.48,0.0550847,0.0106664
5.49,0.0551479,0.0100568
5.5,0.0553407,0.00981911
5.51,0.0551784,0.00944741
5.52,0.0551102,0.00926204
5.53,0.0552523,0.0094402
5.54,0.0555689,0.00976098
5.55,0.055545,0.0101463
5.56,0.0558271,0.0108495
5.57,0.0563985,0.0116598
5.58,0.0567303,0.0118848
5.59,0.0571279,0.0127843
5.6,0.0574433,0.0132721
5.61,0.0581432,0.0138664
5.62,0.0581864,0.0138573
5.63,0.0586387,0.0128585
5.64,0.0589331,0.0121133
5.65,0.0590045,0.0122196
5.66,0.0589875,0.0121636
5.67,0.0587925,0.0115301
5.68,0.0586905,0.0110264
5.69,0.0588322,0.0104215
5.7,0.0588681,0.0101022
5.71,0.0583217,0.00968682
5.72,0.0584485,0.00971062
5.73,0.0587863,0.00990281
5.74,0.0592121,0.00976053
5.75,0.0595237,0.00966657
5.76,0.059848,0.00961584
5.77,0.0602607,0.00991124
5.78,0.0610086,0.0105592
5.79,0.0614366,0.0116718
5.8,0.0622313,0.0129634
5.81,0.0627781,0.014064
5.82,0.063031,0.0141432
5.83,0.0631014,0.0130194
5.84,0.0629216,0.0118338
5.85,0.0630135,0.0119716
5.86,0.062612,0.0117691
5.87,0.0625154,0.0112531
5.88,0.0624364,0.0108426
5.89,0.0623249,0.0103542
5.9,0.0625291,0.0105043
5.91,0.062448,0.0102063
5.92,0.0623312,0.00985061
5.93,0.0622711,0.0101083
5.94,0.0625775,0.00993213
5.95,0.0628691,0.010337
5.96,0.0631425,0.0106197
5.97,0.0634765,0.0108181
5.98,0.0638516,0.0111672
5.99,0.0645854,0.01153
6,0.065192,0.0123309
6.01,0.0656487,0.0129905
6.02,0.0661211,0.0131638
6.03,0.0661037,0.012379
6.04,0.0662309,0.0117674
6.05,0.0664891,0.0118672
6.06,0.0665907,0.011798
6.07,0.0665331,0.0115991
6.08,0.0666,0.0115216
6.09,0.0668582,0.0110368
6.1,0.0665575,0.0111017
6.11,0.066897,0.0108128
6.12,0.0669535,0.0103962
6.13,0.0668614,0.0104133
6.14,0.0670883,0.0106266
6.15,0.0674285,0.0106697
6.16,0.0679306,0.0109613
6.17,0.0684287,0.0112692
6.18,0.0690559,0.011609
6.19,0.0697701,0.0127049
6.2,0.0702198,0.0137754
6.21,0.0709458,0.0145768
6.22,0.0708844,0.0146157
6.23,0.0712291,0.0139613
6.24,0.0713369,0.0132362
6.25,0.0712944,0.0132644
6.26,0.0708379,0.012856
6.27,0.0705671,0.0125401
6.28,0.0702807,0.0119829
6.29,0.0701102,0.0116015
6.3,0.0703338,0.0113001
6.31,0.0704832,0.0116095
6.32,0.0708252,0.0114757
6.33,0.0711323,0.0112247
6.34,0.0714965,0.0114379
6.35,0.0715487,0.0119033
6.36,0.0715941,0.0121429
6.37,0.0719964,0.0126076
6.38,0.072592,0.012846
6.39,0.0730863,0.0131453
6.4,0.0737694,0.0136308
6.41,0.0744464,0.0140492
6.42,0.0745094,0.0138136
6.43,0.0746441,0.0126226
6.44,0.0747918,0.0118803
6.45,0.074709,0.0118563
6.46,0.0749626,0.0117276
6.47,0.0746027,0.0114466
6.48,0.0743558,0.0112753
6.49,0.0740418,0.0109011
6.5,0.0740486,0.010854
6.51,0.0737655,0.0107291
6.52,0.0735576,0.0109997
6.53,0.0738736,0.0110496
6.54,0.0740413,0.0110815
6.55,0.0741858,0.0110739
6.56,0.0747697,0.0112849
6.57,0.0750204,0.0115034
6.58,0.0757498,0.0113852
6.59,0.0761604,0.0118661
6.6,0.0768013,0.012477
6.61,0.0774421,0.0130854
6.62,0.0779161,0.0132929
6.63,0.0780003,0.0122879
6.64,0.0780982,0.0118536
6.65,0.0780347,0.0121901
6.66,0.0779808,0.0121082
6.67,0.0778289,0.0118941
6.68,0.0774831,0.011789
6.69,0.0773481,0.011469
6.7,0.0773909,0.011577
6.71,0.0773294,0.0112654
6.72,0.0773286,0.0113688
6.73,0.0773399,0.0111916
6.74,0.0780507,0.0110426
6.75,0.0780234,0.0113333
6.76,0.0785993,0.0115741
6.77,0.0793052,0.0118191
6.78,0.0800087,0.0122622
6.79,0.0807957,0.0127396
6.8,0.0815689,0.0131039
6.81,0.0823495,0.0135949
6.82,0.0826331,0.0136786
6.83,0.0826664,0.0125669
6.84,0.0827578,0.0120489
6.85,0.0829172,0.0119599
6.86,0.0827484,0.011925
6.87,0.0826315,0.0119577
6.88,0.082646,0.0115042
6.89,0.0825138,0.0110941
6.9,0.0824193,0.011033
6.91,0.0823761,0.0111702
6.92,0.0824232,0.0112385
6.93,0.0826758,0.011308
6.94,0.0831279,0.0114975
6.95,0.0832639,0.0115644
6.96,0.0836393,0.0116312
6.97,0.0840422,0.011824
6.98,0.0848801,0.0120821
6.99,0.0853448,0.0125521
7,0.0860262,0.0132927
7.01,0.0865294,0.0135161
7.02,0.0868766,0.0133846
7.03,0.0871644,0.012527
7.04,0.0871114,0.0116573
7.05,0.0871238,0.0116012
7.06,0.0869421,0.0113886
7.07,0.0867266,0.0112844
7.08,0.0866386,0.0109906
7.09,0.0866779,0.0107124
7.1,0.0864317,0.0101967
7.11,0.086012,0.0101751
7.12,0.0859999,0.0100375
7.13,0.0862879,0.0099097
7.14,0.0869464,0.00972901
7.15,0.0873761,0.00964876
7.16,0.0879361,0.00997613
7.17,0.0882718,0.0103734
7.18,0.0889565,0.0102911
7.19,0.0896155,0.010633
7.2,0.0905204,0.0113643
7.21,0.0911371,0.0116746
7.22,0.0915199,0.011733
7.23,0.0916322,0.0109058
7.24,0.0918032,0.00985008
7.25,0.0918196,0.00964491
7.26,0.0916192,0.00948793
7.27,0.0914704,0.00883121
7.28,0.0909945,0.00849052
7.29,0.0907835,0.00844898
7.3,0.0906348,0.00828652
7.31,0.0903971,0.00829299
7.32,0.0907083,0.00782375
7.33,0.0909564,0.00778725
7.34,0.0913283,0.00791496
7.35,0.0918139,0.00783912
7.36,0.0920668,0.00795672
7.37,0.0923894,0.00798886
7.38,0.0927704,0.0081975
7.39,0.0933713,0.00885722
7.4,0.0940885,0.00965254
7.41,0.0943977,0.0100455
7.42,0.0943003,0.00980412
7.43,0.094351,0.00911906
7.44,0.0941293,0.00874291
7.45,0.0941916,0.0089657
7.46,0.0941515,0.0088836
7.47,0.0941793,0.00888047
7.48,0.0938843,0.00881888
7.49,0.0937146,0.00880072
7.5,0.093739,0.00860849
7.51,0.0936217,0.00835746
7.52,0.0939554,0.00836107
7.53,0.0939047,0.00820532
7.54,0.0939111,0.0084774
7.55,0.0941677,0.0082356
7.56,0.0944494,0.00833048
7.57,0.094746,0.00842941
7.58,0.0957206,0.00835014
7.59,0.0963812,0.00815974
7.6,0.0968612,0.00878451
7.61,0.0970162,0.00879475
7.62,0.0975123,0.00882825
7.63,0.0975684,0.0079414
7.64,0.0976144,0.00772258
7.65,0.0976413,0.00763556
7.66,0.0973642,0.00742911
7.67,0.0971729,0.00739408
7.68,0.0968564,0.00748824
7.69,0.0966426,0.00738986
7.7,0.0964528,0.00772658
7.71,0.0963867,0.00839055
7.72,0.0963981,0.00872992
7.73,0.0964207,0.00875009
7.74,0.0966403,0.00882885
7.75,0.0971486,0.0088574
7.76,0.097878,0.00834237
7.77,0.0984274,0.00796696
7.78,0.0989054,0.00791978
7.79,0.0997289,0.00845047
7.8,0.100394,0.00940244
7.81,0.101164,0.00982206
7.82,0.101132,0.00984658
7.83,0.101385,0.00908957
7.84,0.101286,0.00831707
7.85,0.101166,0.00864238
7.86,0.101293,0.00847926
7.87,0.100757,0.00835135
7.88,0.100686,0.00842465
7.89,0.100692,0.00857995
7.9,0.100541,0.0085466
7.91,0.100531,0.00863426
7.92,0.100695,0.00883875
7.93,0.100998,0.00876374
7.94,0.101022,0.00880304
7.95,0.101303,0.0086889
7.96,0.101334,0.00892863
7.97,0.10186,0.00911963
7.98,0.102623,0.00870189
7.99,0.10326,0.00890978
8,0.10394,0.00941215
8.01,0.104495,0.00971387
8.02,0.104891,0.00947598
8.03,0.104796,0.00849639
8.04,0.104671,0.00802135
8.05,0.104747,0.00861663
8.06,0.104623,0.00860927
8.07,0.10459,0.00853566
8.08,0.104219,0.00855836
8.09,0.103969,0.00866472
8.1,0.10359,0.00906833
8.11,0.103737,0.00900779
8.12,0.104037,0.00913587
8.13,0.104277,0.00935147
8.14,0.104372,0.00946707
8.15,0.105058,0.00915046
8.16,0.105498,0.00910246
8.17,0.106003,0.00918034
8.18,0.106567,0.00906705
8.19,0.107157,0.00949992
8.2,0.107813,0.0100256
8.21,0.108342,0.0103755
8.22,0.108581,0.0103236
8.23,0.108861,0.00944523
8.24,0.108906,0.00896166
8.25,0.108996,0.00896397
8.26,0.108834,0.00872764
8.27,0.10896,0.00873594
8.28,0.108555,0.00861017
8.29,0.108311,0.00849317
8.3,0.108702,0.00860149
8.31,0.10879,0.00876796
8.32,0.108765,0.00897249
8.33,0.108844,0.00902964
8.34,0.109224,0.00924254
8.35,0.109454,0.00949926
8.36,0.110095,0.00950694
8.37,0.110415,0.00976532
8.38,0.110976,0.00985759
8.39,0.111483,0.0104715
8.4,0.112288,0.0109235
8.41,0.112712,0.0111925
8.42,0.112892,0.0112229
8.43,0.11319,0.0106002
8.44,0.113523,0.0101592
8.45,0.113351,0.0105744
8.46,0.113179,0.0103803
8.47,0.112902,0.0100921
8.48,0.112657,0.00960918
8.49,0.11254,0.00927966
8.5,0.112513,0.00910418
8.51,0.112362,0.0093853
8.52,0.11216,0.00977997
8.53,0.112194,0.0096608
8.54,0.112702,0.00968118
8.55,0.11289,0.00975159
8.56,0.113307,0.00970292
8.57,0.113547,0.0099647
8.58,0.114333,0.00989457
8.59,0.114906,0.00977062
8.6,0.115567,0.0105224
8.61,0.116207,0.0108781
8.62,0.116466,0.0109227
8.63,0.116375,0.0101975
8.64,0.116582,0.0100705
8.65,0.116746,0.0105011
8.66,0.116432,0.0104031
8.67,0.116367,0.0103189
8.68,0.116298,0.0101684
8.69,0.116369,0.0100423
8.7,0.115944,0.0096652
8.71,0.115913,0.00965791
8.72,0.11601,0.0094866
8.73,0.116287,0.0091896
8.74,0.116586,0.00905776
8.75,0.116753,0.00912791
8.76,0.116977,0.0092535
8.77,0.117488,0.00963092
8.78,0.117982,0.00971978
8.79,0.118448,0.00964276
8.8,0.119034,0.00981377
8.81,0.119621,0.0100849
8.82,0.119921,0.0098232
8.83,0.120061,0.00885965
8.84,0.120164,0.00799583
8.85,0.120038,0.00795227
8.86,0.119965,0.00808118
8.87,0.119705,0.00782633
8.88,0.119122,0.00785773
8.89,0.119082,0.0078423
8.9,0.118886,0.0074951
8.91,0.118838,0.00770504
8.92,0.118898,0.00803508
8.93,0.119176,0.00790332
8.94,0.119515,0.00771115
8.95,0.119854,0.00774792
8.96,0.120351,0.00759568
8.97,0.120908,0.00757464
8.98,0.121631,0.00770354
8.99,0.122287,0.00810043
9,0.122935,0.00867438
9.01,0.123426,0.00900744
9.02,0.124012,0.00908022
9.03,0.12416,0.00802181
9.04,0.124297,0.00759045
9.05,0.124206,0.00770454
9.06,0.124095,0.00772498
9.07,0.123862,0.00763537
9.08,0.123649,0.00713079
9.09,0.12361,0.00695079
9.1,0.123395,0.00680496
9.11,0.123483,0.00668424
9.12,0.123654,0.00661506
9.13,0.12388,0.00685416
9.14,0.124539,0.00686515
9.15,0.124745,0.00704637
9.16,0.125284,0.00726613
9.17,0.126028,0.00757012
9.18,0.126736,0.00788849
9.19,0.127504,0.00834652
9.2,0.128143,0.00897396
9.21,0.128798,0.00949082
9.22,0.128872,0.00936028
9.23,0.12918,0.0084825
9.24,0.129307,0.00812431
9.25,0.129309,0.00803007
9.26,0.129338,0.00793642
9.27,0.129008,0.00755238
9.28,0.12858,0.00737399
9.29,0.128511,0.00677296
9.3,0.128443,0.00649573
9.31,0.128188,0.00644946
9.32,0.128187,0.00634899
9.33,0.128594,0.00644805
9.34,0.129027,0.00661809
9.35,0.129501,0.00665148
9.36,0.129763,0.00714612
9.37,0.130085,0.00747292
9.38,0.131008,0.00778057
9.39,0.131863,0.008987
9.4,0.132367,0.00948094
9.41,0.133088,0.010009
9.42,0.133656,0.01003
9.43,0.133801,0.00917467
9.44,0.134017,0.00857857
9.45,0.134257,0.00872775
9.46,0.134214,0.00867654
9.47,0.133693,0.00827668
9.48,0.133516,0.00786426
9.49,0.1333,0.00756973
9.5,0.133181,0.00766197
9.51,0.133348,0.00735582
9.52,0.133332,0.00735264
9.53,0.13351,0.00716902
9.54,0.13373,0.00756432
9.55,0.134331,0.00767523
9.56,0.134887,0.00772175
9.57,0.135405,0.00822439
9.58,0.135991,0.00824022
9.59,0.136808,0.00876123
9.6,0.137491,0.00924966
9.61,0.138044,0.00962363
9.62,0.138416,0.0100777
9.63,0.138646,0.00937085
9.64,0.138666,0.00864699
9.65,0.138637,0.00859497
9.66,0.138682,0.00832354
9.67,0.138666,0.00787095
9.68,0.138575,0.00749019
9.69,0.138479,0.00721498
9.7,0.13842,0.00663508
9.71,0.1384,0.00653916
9.72,0.138579,0.00679192
9.73,0.138997,0.00676756
9.74,0.139199,0.00703666
9.75,0.13953,0.00744808
9.76,0.140003,0.00804381
9.77,0.140645,0.00856231
9.78,0.14135,0.00886717
9.79,0.142296,0.00972038
9.8,0.143299,0.0106004
9.81,0.144111,0.0112194
9.82,0.144392,0.0112737
9.83,0.14461,0.0105594
9.84,0.14492,0.00980369
9.85,0.144936,0.0095687
9.86,0.145002,0.00932361
9.87,0.144879,0.00909961
9.88,0.144434,0.00843141
9.89,0.144171,0.00790589
9.9,0.144008,0.00733838
9.91,0.143876,0.00707215
9.92,0.144233,0.00669267
9.93,0.143982,0.00691375
9.94,0.144269,0.00714767
9.95,0.144648,0.00731127
9.96,0.145256,0.00763129
9.97,0.145575,0.00808148
9.98,0.146188,0.00843929
9.99,0.146653,0.00875284
10,0.147249,0.00946076
10.01,0.148043,0.0098198
10.02,0.148627,0.00991639
10.03,0.148422,0.00858045
10.04,0.148566,0.00807319
10.05,0.14896,0.00824617
10.06,0.14924,0.00828884
10.07,0.149062,0.00797465
10.08,0.148831,0.0074997
10.09,0.14868,0.00696757
10.1,0.14859,0.00680162
10.11,0.148234,0.0066293
10.12,0.14873,0.00685566
10.13,0.148886,0.00686261
10.14,0.149354,0.00726992
10.15,0.149694,0.00776803
10.16,0.150491,0.00815348
10.17,0.151115,0.00847829
10.18,0.151819,0.00900766
10.19,0.152735,0.00971124
10.2,0.153328,0.0104561
10.21,0.153985,0.0108164
10.22,0.154615,0.011099
10.23,0.154731,0.0102887
10.24,0.155007,0.00953488
10.25,0.154798,0.00942894
10.26,0.154605,0.00913865
10.27,0.154526,0.00879428
10.28,0.154414,0.00823636
10.29,0.154685,0.00806027
10.3,0.154507,0.00771799
10.31,0.154587,0.00753446
10.32,0.15458,0.0073068
10.33,0.154655,0.00744124
10.34,0.154985,0.0075994
10.35,0.155548,0.00784574
10.36,0.156141,0.00828909
10.37,0.156926,0.00886235
10.38,0.157551,0.00917613
10.39,0.158172,0.00980155
10.4,0.158546,0.0102625
10.41,0.159157,0.0105793
10.42,0.159431,0.010297
10.43,0.159384,0.00891108
10.44,0.159599,0.00805801
10.45,0.159516,0.00761016
10.46,0.159263,0.00699551
10.47,0.159111,0.00652079
10.48,0.158987,0.00637244
10.49,0.158981,0.00617568
10.5,0.159192,0.00572929
10.51,0.15901,0.00541074
10.52,0.159049,0.00551078
10.53,0.159384,0.00561056
10.54,0.159861,0.00563226
10.55,0.160081,0.00597107
10.56,0.160311,0.00620067
10.57,0.160729,0.00644948
10.58,0.161503,0.00713537
10.59,0.162212,0.00812513
10.6,0.163017,0.00902417
10.61,0.163745,0.009813
10.62,0.163904,0.0097685
10.63,0.164074,0.00914989
10.64,0.164252,0.0088297
10.65,0.164045,0.00881517
10.66,0.163776,0.00871685
10.67,0.16372,0.00855981
10.68,0.163536,0.00837622
10.69,0.163531,0.00801315
10.7,0.163214,0.00764358
10.71,0.163349,0.00744654
10.72,0.163483,0.00726259
10.73,0.163782,0.0072601
10.74,0.164084,0.00709975
10.75,0.16458,0.00730884
10.76,0.165249,0.00751488
10.77,0.165693,0.00773138
10.78,0.166158,0.0077307
10.79,0.166815,0.00826841
10.8,0.167504,0.00900024
10.81,0.168311,0.00958276
10.82,0.168904,0.0094327
10.83,0.16921,0.00818858
10.84,0.169179,0.00716889
10.85,0.169143,0.0071755
10.86,0.1693,0.00687876
10.87,0.169218,0.00676402
10.88,0.168892,0.00640891
10.89,0.168759,0.00613173
10.9,0.168875,0.00615769
10.91,0.168757,0.00633635
10.92,0.16838,0.00653596
10.93,0.168777,0.00679522
10.94,0.169459,0.00677438
10.95,0.16992,0.00698212
10.96,0.170376,0.00747458
10.97,0.170812,0.00796576
10.98,0.171305,0.00807138
10.99,0.172058,0.00862079
11,0.172884,0.00937142
11.01,0.173619,0.00979988
11.02,0.173516,0.00965905
11.03,0.173662,0.00905968
11.04,0.173463,0.00871141
11.05,0.173771,0.00931298
11.06,0.173781,0.00940473
11.07,0.173379,0.00917724
11.08,0.172943,0.00901783
11.09,0.172538,0.00876966
11.1,0.172308,0.00881911
11.11,0.171958,0.00905294
11.12,0.17191,0.00911012
11.13,0.171896,0.00887871
11.14,0.172104,0.00864797
11.15,0.172547,0.00852374
11.16,0.173279,0.00868769
11.17,0.173797,0.00877949
11.18,0.174387,0.00878602
11.19,0.175052,0.0091843
11.2,0.175506,0.00952892
11.21,0.175955,0.00937693
11.22,0.176359,0.0088625
11.23,0.176785,0.00779076
11.24,0.177113,0.00748434
11.25,0.176779,0.00755289
11.26,0.17644,0.00785345
11.27,0.176217,0.00830535
11.28,0.17586,0.00845833
11.29,0.175392,0.00869769
11.3,0.174969,0.00902152
11.31,0.174788,0.009775
11.32,0.175196,0.00982087
11.33,0.175626,0.00964838
11.34,0.176108,0.00975743
11.35,0.176636,0.00972767
11.36,0.17713,0.00966793
11.37,0.177673,0.0099148
11.38,0.178711,0.00989086
11.39,0.179581,0.0101284
11.4,0.180208,0.0105805
11.41,0.180848,0.0109166
11.42,0.181331,0.0112023
11.43,0.181154,0.0107255
11.44,0.181022,0.0107078
11.45,0.180937,0.0106756
11.46,0.180778,0.0107812
11.47,0.180624,0.0109667
11.48,0.180283,0.011095
11.49,0.18036,0.0112386
11.5,0.180194,0.0114315
11.51,0.180158,0.0112356
11.52,0.179952,0.0112283
11.53,0.180349,0.0110315
11.54,0.181018,0.0109204
11.55,0.181321,0.0108051
11.56,0.181879,0.0106215
11.57,0.182487,0.010652
11.58,0.182966,0.0103701
11.59,0.183614,0.0103517
11.6,0.184229,0.0104324
11.61,0.184886,0.0106201
11.62,0.185461,0.0100248
11.63,0.185445,0.00810471
11.64,0.185433,0.00731715
11.65,0.185281,0.00748225
11.66,0.185035,0.00776504
11.67,0.184508,0.00771098
11.68,0.184077,0.00799836
11.69,0.183582,0.00797671
11.7,0.182937,0.00837794
11.71,0.182716,0.00886099
11.72,0.182311,0.00942515
11.73,0.182875,0.00944914
11.74,0.183304,0.0100502
11.75,0.183825,0.00999118
11.76,0.184224,0.0101434
11.77,0.184892,0.0101238
11.78,0.185565,0.0103191
11.79,0.186349,0.0105523
11.8,0.186831,0.0102583
11.81,0.187332,0.0101376
11.82,0.187846,0.0102262
11.83,0.187674,0.00963357
11.84,0.187715,0.00983354
11.85,0.187374,0.00994087
11.86,0.186984,0.0100466
11.87,0.186798,0.0102165
11.88,0.186781,0.0101604
11.89,0.186394,0.00996728
11.9,0.186307,0.00984596
11.91,0.186161,0.00965085
11.92,0.186151,0.00949558
11.93,0.186413,0.00875399
11.94,0.1869,0.00853861
11.95,0.187053,0.00829371
11.96,0.187227,0.00805605
11.97,0.18783,0.0078714
11.98,0.188737,0.00828738
11.99,0.189516,0.00860585
12,0.190095,0.00900863
12.01,0.190819,0.00883439
12.02,0.191135,0.00765414
12.03,0.191221,0.00552544
12.04,0.191477,0.00541385
12.05,0.191217,0.00575865
12.06,0.190811,0.00610401
12.07,0.19045,0.00637434
12.08,0.190164,0.00642732
12.09,0.189978,0.00680526
12.1,0.189924,0.00731826
12.11,0.18963,0.00744911
12.12,0.189618,0.0077474
12.13,0.189967,0.00838187
12.14,0.190479,0.00876683
12.15,0.190927,0.00924042
12.16,0.191467,0.00967125
12.17,0.19206,0.0100138
12.18,0.192721,0.0101637
12.19,0.193326,0.0101248
12.2,0.193816,0.00993515
12.21,0.194305,0.0097773
12.22,0.194838,0.00980065
12.23,0.195009,0.00997007
12.24,0.195276,0.0104715
12.25,0.195069,0.0107604
12.26,0.19463,0.0109353
12.27,0.194383,0.0110421
12.28,0.19435,0.0112088
12.29,0.193775,0.0109736
12.3,0.193573,0.0108632
12.31,0.193648,0.0106678
12.32,0.193634,0.0104655
12.33,0.193663,0.0100813
12.34,0.193798,0.00979484
12.35,0.19411,0.00985805
12.36,0.19437,0.00982078
12.37,0.195078,0.00955618
12.38,0.195825,0.00960713
12.39,0.196448,0.00960211
12.4,0.197318,0.00961928
12.41,0.197969,0.0091676
12.42,0.198574,0.00820179
12.43,0.198588,0.00718667
12.44,0.198763,0.00768951
12.45,0.198472,0.0077163
12.46,0.198146,0.00790896
12.47,0.197974,0.00792679
12.48,0.198015,0.00764755
12.49,0.197852,0.00763604
12.5,0.197943,0.00767666
12.51,0.197971,0.00797711
12.52,0.19806,0.0083174
12.53,0.198075,0.00866228
12.54,0.198542,0.00905426
12.55,0.199087,0.00934646
12.56,0.199314,0.0099317
12.57,0.199851,0.0103911
12.58,0.200427,0.0105773
12.59,0.201103,0.0104061
12.6,0.201443,0.0100705
12.61,0.201884,0.00977638
12.62,0.202101,0.00958881
12.63,0.202529,0.00986379
12.64,0.202519,0.0101815
12.65,0.202318,0.0100971
12.66,0.202152,0.0102229
12.67,0.202091,0.0103141
12.68,0.201757,0.0102387
12.69,0.201749,0.0104132
12.7,0.201614,0.0102204
12.71,0.20148,0.0100546
12.72,0.20151,0.00983076
12.73,0.201571,0.00966388
12.74,0.201675,0.00927355
12.75,0.201709,0.00886197
12.76,0.202144,0.00895229
12.77,0.202555,0.00867867
12.78,0.202994,0.00866384
12.79,0.203626,0.00853346
12.8,0.204436,0.00838157
12.81,0.205353,0.00824659
12.82,0.205711,0.00721811
12.83,0.205813,0.00707378
12.84,0.205927,0.00832127
12.85,0.205918,0.00816355
12.86,0.206045,0.00809628
12.87,0.205745,0.00818154
12.88,0.205181,0.00823137
12.89,0.205093,0.00836515
12.9,0.204775,0.00839921
12.91,0.204646,0.00885091
12.92,0.20489,0.00921191
12.93,0.20491,0.00980101
12.94,0.205342,0.0102696
12.95,0.205563,0.0104459
12.96,0.206025,0.010629
12.97,0.206937,0.0108178
12.98,0.207702,0.0106132
12.99,0.208136,0.0101061
13,0.208763,0.0100323
13.01,0.208981,0.0091858
13.02,0.209216,0.00893618
13.03,0.209588,0.00933837
13.04,0.209588,0.00944106
13.05,0.209583,0.00978561
13.06,0.209664,0.0099661
13.07,0.209405,0.0101139
13.08,0.209131,0.0101512
13.09,0.208762,0.00996969
13.1,0.208314,0.0097705
13.11,0.207982,0.00939556
13.12,0.207863,0.00925313
13.13,0.208121,0.00896058
13.14,0.208181,0.00883184
13.15,0.208521,0.00863076
13.16,0.208935,0.00875919
13.17,0.209598,0.00854917
13.18,0.210403,0.00849461
13.19,0.211084,0.00818028
13.2,0.21193,0.00822175
13.21,0.212454,0.00791547
13.22,0.212817,0.00755971
13.23,0.212891,0.00793643
13.24,0.213216,0.00887792
13.25,0.213475,0.00882469
13.26,0.213433,0.00888973
13.27,0.213423,0.00876042
13.28,0.213411,0.00881866
13.29,0.213451,0.00909554
13.3,0.213365,0.00930342
13.31,0.213359,0.00948888
13.32,0.213337,0.00960497
13.33,0.213789,0.0100024
13.34,0.213961,0.0104598
13.35,0.214586,0.0109092
13.36,0.215234,0.0115536
13.37,0.215867,0.0120307
13.38,0.216466,0.0122312
13.39,0.217141,0.0119665
13.4,0.217716,0.0116831
13.41,0.21814,0.0110662
13.42,0.218452,0.0108405
13.43,0.218798,0.0113085
13.44,0.218885,0.0121001
13.45,0.218758,0.0119645
13.46,0.218897,0.0120805
13.47,0.219086,0.0126837
13.48,0.218686,0.012452
13.49,0.218369,0.0123324
13.5,0.218358,0.0121332
13.51,0.218274,0.0120702
13.52,0.218229,0.0117518
13.53,0.218038,0.0112031
13.54,0.218154,0.0110524
13.55,0.21827,0.0107914
13.56,0.21864,0.0103942
13.57,0.219086,0.0100862
13.58,0.219762,0.00990614
13.59,0.22078,0.00984345
13.6,0.221766,0.00978366
13.61,0.22222,0.00935376
13.62,0.222663,0.00870648
13.63,0.222925,0.00887578
13.64,0.222966,0.00948434
13.65,0.222996,0.00955157
13.66,0.222774,0.00941165
13.67,0.222495,0.00943282
13.68,0.222112,0.00921696
13.69,0.222036,0.00922863
13.7,0.22181,0.00949321
13.71,0.221705,0.00940248
13.72,0.221903,0.00937415
13.73,0.222186,0.00940962
13.74,0.222526,0.00999301
13.75,0.223105,0.0100468
13.76,0.223773,0.0100811
13.77,0.224205,0.0100938
13.78,0.224718,0.00989289
13.79,0.225018,0.00963508
13.8,0.225313,0.00903132
13.81,0.225887,0.00847557
13.82,0.226151,0.00818591
13.83,0.226551,0.00861749
13.84,0.226596,0.00907133
13.85,0.226368,0.00901038
13.86,0.22635,0.00898053
13.87,0.226394,0.00896357
13.88,0.225897,0.00841099
13.89,0.225649,0.00831001
13.9,0.225401,0.00796373
13.91,0.225352,0.00781894
13.92,0.225578,0.00765114
13.93,0.226,0.00773826
13.94,0.226078,0.00767261
13.95,0.226686,0.00791472
13.96,0.227042,0.00790772
13.97,0.227729,0.0079007
13.98,0.228406,0.00774636
13.99,0.229463,0.00764148
14,0.230165,0.0073356
14.01,0.230601,0.00694238
14.02,0.23106,0.00638233
14.03,0.231369,0.0067348
14.04,0.231436,0.00761973
14.05,0.231559,0.00782135
14.06,0.23139,0.00786176
14.07,0.231209,0.00782665
14.08,0.231051,0.00789811
14.09,0.230697,0.00809918
14.1,0.230305,0.00839877
14.11,0.23058,0.00850658
14.12,0.230674,0.00880496
14.13,0.230919,0.00928478
14.14,0.231706,0.00958779
14.15,0.232282,0.00983908
14.16,0.233006,0.00982193
14.17,0.233816,0.00987904
14.18,0.234516,0.00986837
14.19,0.235151,0.00952956
14.2,0.23569,0.00941901
14.21,0.236352,0.00924108
14.22,0.236936,0.00893526
14.23,0.237254,0.00901056
14.24,0.23735,0.00906044
14.25,0.237473,0.00919957
14.26,0.237369,0.00917591
14.27,0.236972,0.00890957
14.28,0.236938,0.00905362
14.29,0.236781,0.00901946
14.3,0.236695,0.00867638
14.31,0.236379,0.00808619
14.32,0.236402,0.00806341
14.33,0.236615,0.00794058
14.34,0.236959,0.00783102
14.35,0.237051,0.00758632
14.36,0.237483,0.00718053
14.37,0.238529,0.00741597
14.38,0.239439,0.0073337
14.39,0.240271,0.00736841
14.4,0.241336,0.00740802
14.41,0.242122,0.00705921
14.42,0.242669,0.00665529
14.43,0.24292,0.00644962
14.44,0.243258,0.00703869
14.45,0.243711,0.00729736
14.46,0.243601,0.0069696
14.47,0.24362,0.00703745
14.48,0.243372,0.00699269
14.49,0.243295,0.00706645
14.5,0.243175,0.00712775
14.51,0.243185,0.00737941
14.52,0.243381,0.00773258
14.53,0.243834,0.00817852
14.54,0.244457,0.00840728
14.55,0.245,0.00846602
14.56,0.245861,0.00913471
14.57,0.246682,0.0093538
14.58,0.247542,0.00963673
14.59,0.248556,0.00988223
14.6,0.249148,0.00981897
14.61,0.249889,0.00952222
14.62,0.250399,0.0092348
14.63,0.251215,0.00971754
14.64,0.251677,0.010061
14.65,0.251656,0.0101329
14.66,0.251509,0.0100228
14.67,0.251429,0.0099876
14.68,0.251328,0.00983214
14.69,0.251233,0.0096539
14.7,0.251238,0.00957042
14.71,0.251372,0.00940938
14.72,0.251684,0.00917208
14.73,0.252109,0.00901447
14.74,0.252854,0.00921937
14.75,0.253329,0.00910883
14.76,0.253963,0.0093114
14.77,0.254818,0.00951678
14.78,0.256036,0.0096497
14.79,0.257069,0.00982181
14.8,0.258029,0.00983229
14.81,0.258925,0.00975837
14.82,0.259656,0.00891599
14.83,0.260003,0.00770382
14.84,0.260436,0.00790135
14.85,0.260409,0.00770842
14.86,0.260313,0.00770671
14.87,0.260293,0.0077494
14.88,0.259991,0.00758221
14.89,0.259989,0.0076855
14.9,0.26003,0.00800531
14.91,0.26004,0.00807993
14.92,0.260359,0.00831808
14.93,0.260961,0.00861057
14.94,0.261673,0.00890153
14.95,0.262704,0.00927543
14.96,0.263219,0.00925191
14.97,0.263989,0.00951874
14.98,0.264985,0.00972081
14.99,0.265867,0.00975626
15,0.266772,0.010012
15.01,0.267726,0.00994271
15.02,0.26827,0.00988856
15.03,0.268856,0.010245
15.04,0.268984,0.0103118
15.05,0.269081,0.0102698
15.06,0.268981,0.0100943
15.07,0.268991,0.0100504
15.08,0.269202,0.0100601
15.09,0.269395,0.0100532
15.1,0.269561,0.00988817
15.11,0.269825,0.00978058
15.12,0.270249,0.00977774
15.13,0.270698,0.00950657
15.14,0.271498,0.00963238
15.15,0.271959,0.00937327
15.16,0.272465,0.00922739
15.17,0.273197,0.00909225
15.18,0.274128,0.00911234
15.19,0.27512,0.00923774
15.2,0.27571,0.00901724
15.21,0.276835,0.00900547
15.22,0.277545,0.0084358
15.23,0.278229,0.00745979
15.24,0.278838,0.00765918
15.25,0.27893,0.00746878
15.26,0.279127,0.00756886
15.27,0.279374,0.00781747
15.28,0.27967,0.00817684
15.29,0.279696,0.00829685
15.3,0.279823,0.00834726
15.31,0.279905,0.00835941
15.32,0.280432,0.00861354
15.33,0.28109,0.00893341
15.34,0.28192,0.00931685
15.35,0.282948,0.00975494
15.36,0.284123,0.0102539
15.37,0.28514,0.0106133
15.38,0.286236,0.0108931
15.39,0.287181,0.0108216
15.4,0.287725,0.0103704
15.41,0.288431,0.00995732
15.42,0.289143,0.0098931
15.43,0.289777,0.0101757
15.44,0.290034,0.0103237
15.45,0.290312,0.0103787
15.46,0.2904,0.0104237
15.47,0.290427,0.0103536
15.48,0.29077,0.0105208
15.49,0.290746,0.0102077
15.5,0.290795,0.00992479
15.51,0.290947,0.00961026
15.52,0.291573,0.00963552
15.53,0.291931,0.00934408
15.54,0.292802,0.00945706
15.55,0.29356,0.00927514
15.56,0.294386,0.00931895
15.57,0.295337,0.00926314
15.58,0.296603,0.00918885
15.59,0.297601,0.00895722
15.6,0.299109,0.00925097
15.61,0.299999,0.00876314
15.62,0.300827,0.0080923
15.63,0.301627,0.00793164
15.64,0.302286,0.00854756
15.65,0.30248,0.00843807
15.66,0.302558,0.0083643
15.67,0.302549,0.00826911
15.68,0.302555,0.00824005
15.69,0.302824,0.00839915
15.7,0.303113,0.00861496
15.71,0.303464,0.00880285
15.72,0.30359,0.00866013
15.73,0.304099,0.008727
15.74,0.30486,0.00898686
15.75,0.305494,0.00894196
15.76,0.306558,0.00925814
15.77,0.307478,0.00950042
15.78,0.308447,0.00946596
15.79,0.309184,0.00914137
15.8,0.310234,0.00899414
15.81,0.311267,0.00886047
15.82,0.311924,0.00863705
15.83,0.312271,0.00865443
15.84,0.3129,0.00917207
15.85,0.313271,0.00921575
15.86,0.313624,0.00934739
15.87,0.313755,0.0092473
15.88,0.313948,0.00921457
15.89,0.313879,0.00881626
15.9,0.313891,0.00841099
15.91,0.314361,0.00833938
15.92,0.314602,0.00781299
15.93,0.315307,0.00775154
15.94,0.315866,0.00749307
15.95,0.316588,0.0073556
15.96,0.317783,0.00755408
15.97,0.318622,0.00728046
15.98,0.320025,0.00739473
15.99,0.321273,0.00736919
16,0.322488,0.00724215
16.01,0.323599,0.0069691
16.02,0.324401,0.00634809
16.03,0.324899,0.00619138
16.04,0.325629,0.00735574
16.05,0.325673,0.00704906
16.06,0.326065,0.00717611
16.07,0.326183,0.00714389
16.08,0.326044,0.00686739
16.09,0.326213,0.00688154
16.1,0.32611,0.00664989
16.11,0.326427,0.0068046
16.12,0.326723,0.00680912
16.13,0.327424,0.00698406
16.14,0.328404,0.00725051
16.15,0.32936,0.00738262
16.16,0.330268,0.00742879
16.17,0.331154,0.00745547
16.18,0.332346,0.00753705
16.19,0.333408,0.00741847
16.2,0.334329,0.00718001
16.21,0.335335,0.00680201
16.22,0.336196,0.00667287
16.23,0.336845,0.00696618
16.24,0.337207,0.00720913
16.25,0.337497,0.00710661
16.26,0.337747,0.00706503
16.27,0.337815,0.00680651
16.28,0.337733,0.00644135
16.29,0.338272,0.00657447
16.3,0.338266,0.00617504
16.31,0.338724,0.00610104
16.32,0.339222,0.00607437
16.33,0.339614,0.0056592
16.34,0.340724,0.00578348
16.35,0.341599,0.00557273
16.36,0.342913,0.00577791
16.37,0.344265,0.00592352
16.38,0.345393,0.00565623
16.39,0.346507,0.00572177
16.4,0.347795,0.00582879
16.41,0.349056,0.00560167
16.42,0.350167,0.00516949
16.43,0.351098,0.00579912
16.44,0.351716,0.00667183
16.45,0.35216,0.00666517
16.46,0.35233,0.0065242
16.47,0.352572,0.00655465
16.48,0.352735,0.00656256
16.49,0.352815,0.00648425
16.5,0.353136,0.00667802
16.51,0.353447,0.00682642
16.52,0.353954,0.00703503
16.53,0.35505,0.0074221
16.54,0.356211,0.00779808
16.55,0.357671,0.00827887
16.56,0.358774,0.00838505
16.57,0.359957,0.0086003
16.58,0.361076,0.00859962
16.59,0.362098,0.00826531
16.6,0.36308,0.00788662
16.61,0.36401,0.00738297
16.62,0.364956,0.00732638
16.63,0.365901,0.00785851
16.64,0.366332,0.00828701
16.65,0.366874,0.00849067
16.66,0.367138,0.00848369
16.67,0.367546,0.00843773
16.68,0.367687,0.00813701
16.69,0.367977,0.00791235
16.7,0.368269,0.0076784
16.71,0.368489,0.00731269
16.72,0.369311,0.00731652
16.73,0.369921,0.00706658
16.74,0.370996,0.00713293
16.75,0.371628,0.00666656
16.76,0.372663,0.00653088
16.77,0.374239,0.00661958
16.78,0.375616,0.00656715
16.79,0.37679,0.00643435
16.8,0.377698,0.00583429
16.81,0.378741,0.00541942
16.82,0.379359,0.0047742
16.83,0.380255,0.00543564
16.84,0.381255,0.00686459
16.85,0.381814,0.0069284
16.86,0.382051,0.00683827
16.87,0.382134,0.00663414
16.88,0.382356,0.00659318
16.89,0.382819,0.00672036
16.9,0.383305,0.00698951
16.91,0.383648,0.00721126
16.92,0.384014,0.00706188
16.93,0.384781,0.0073173
16.94,0.385881,0.00743598
16.95,0.386963,0.00764736
16.96,0.388093,0.00769673
16.97,0.389171,0.00792712
16.98,0.390287,0.0078588
16.99,0.391332,0.00771924
17,0.392569,0.00773902
17.01,0.393433,0.00729504
17.02,0.394277,0.00738351
17.03,0.394646,0.00754175
17.04,0.394965,0.00781137
17.05,0.395484,0.00808802
17.06,0.395968,0.00807698
17.07,0.396382,0.00810435
17.08,0.39697,0.0079539
17.09,0.397394,0.00767385
17.1,0.397762,0.00737491
17.11,0.398245,0.007177
17.12,0.398974,0.00712701
17.13,0.399742,0.00703394
17.14,0.400698,0.00702862
17.15,0.401943,0.00686987
17.16,0.402785,0.00658928
17.17,0.403889,0.00638914
17.18,0.405365,0.00627567
17.19,0.406597,0.00614064
17.2,0.407961,0.00602742
17.21,0.408898,0.00564342
17.22,0.409854,0.00524095
17.23,0.410469,0.00502057
17.24,0.411146,0.00564565
17.25,0.411902,0.00595521
17.26,0.412292,0.00591021
17.27,0.412497,0.00563172
17.28,0.412579,0.00537547
17.29,0.413066,0.00567644
17.3,0.413294,0.00564931
17.31,0.413618,0.00570145
17.32,0.414371,0.00593862
17.33,0.41495,0.00586853
17.34,0.415736,0.00583773
17.35,0.416919,0.00630832
17.36,0.417801,0.00636281
17.37,0.418944,0.00656053
17.38,0.420482,0.00676639
17.39,0.421394,0.00678421
17.4,0.422237,0.00664506
17.41,0.42315,0.00628329
17.42,0.423984,0.00651898
17.43,0.424805,0.00680767
17.44,0.425621,0.00740467
17.45,0.42609,0.00755744
17.46,0.426313,0.00756996
17.47,0.426746,0.00756262
17.48,0.42743,0.00757068
17.49,0.427916,0.00737889
17.5,0.428265,0.0072746
17.51,0.429274,0.00735725
17.52,0.429525,0.00696997
17.53,0.430256,0.00662083
17.54,0.431221,0.00654632
17.55,0.432263,0.00639914
17.56,0.433479,0.00649292
17.57,0.43452,0.00652668
17.58,0.435912,0.00635692
17.59,0.437574,0.00634923
17.6,0.438878,0.00641732
17.61,0.440025,0.00608341
17.62,0.440787,0.00541418
17.63,0.441702,0.00523142
17.64,0.4421,0.00568623
17.65,0.442274,0.00541659
17.66,0.442601,0.00537267
17.67,0.442738,0.00513756
17.68,0.443201,0.0052032
17.69,0.443428,0.00491671
17.7,0.444198,0.00511504
17.71,0.444734,0.00512761
17.72,0.445616,0.00534628
17.73,0.44667,0.0058077
17.74,0.447464,0.00586541
17.75,0.448559,0.00619916
17.76,0.449782,0.00648831
17.77,0.451112,0.00714039
17.78,0.451966,0.00719157
17.79,0.453114,0.00743623
17.8,0.454353,0.00736726
17.81,0.455415,0.00689651
17.82,0.456794,0.00694017
17.83,0.457252,0.00696926
17.84,0.457699,0.00739861
17.85,0.458373,0.00754062
17.86,0.458808,0.007531
17.87,0.459251,0.00750005
17.88,0.459617,0.00741475
17.89,0.460366,0.00733047
17.9,0.460772,0.00714133
17.91,0.46126,0.00691363
17.92,0.462052,0.006651
17.93,0.462954,0.00664025
17.94,0.464078,0.00634731
17.95,0.465368,0.0063339
17.96,0.466655,0.00634957
17.97,0.468185,0.00633719
17.98,0.469719,0.00625218
17.99,0.471281,0.00649453
18,0.47261,0.00611894
18.01,0.473966,0.00595224
18.02,0.475007,0.00576355
18.03,0.475958,0.00619183
18.04,0.476669,0.00720438
18.05,0.477298,0.00714983
18.06,0.477675,0.00694502
18.07,0.478102,0.00689982
18.08,0.478636,0.00697846
18.09,0.479154,0.00710281
18.1,0.479486,0.00706853
18.11,0.480049,0.00710469
18.12,0.480768,0.00748258
18.13,0.48176,0.00764148
18.14,0.482921,0.00771466
18.15,0.484282,0.00799294
18.16,0.485646,0.00806257
18.17,0.486942,0.00823796
18.18,0.488078,0.00812665
18.19,0.489582,0.00816971
18.2,0.490814,0.00784143
18.21,0.491748,0.00742626
18.22,0.492685,0.00743153
18.23,0.493638,0.00765443
18.24,0.494368,0.0082866
18.25,0.495044,0.00833702
18.26,0.495645,0.00860926
18.27,0.495794,0.00862634
18.28,0.496252,0.00834931
18.29,0.496597,0.00803743
18.3,0.497164,0.00778954
18.31,0.497551,0.00755603
18.32,0.498296,0.0073838
18.33,0.498943,0.00703788
18.34,0.500266,0.00716819
18.35,0.501064,0.00682729
18.36,0.502397,0.00684819
18.37,0.503519,0.00678919
18.38,0.505074,0.00665609
18.39,0.506441,0.00650714
18.4,0.507743,0.00625739
18.41,0.50925,0.00612553
18.42,0.510213,0.00565784
18.43,0.511256,0.00609168
18.44,0.511962,0.00704483
18.45,0.512863,0.00732127
18.46,0.513544,0.00731818
18.47,0.513735,0.00724974
18.48,0.514462,0.0076199
18.49,0.514808,0.00757767
18.5,0.515202,0.00775904
18.51,0.515752,0.0079761
18.52,0.516774,0.00838337
18.53,0.517575,0.00848989
18.54,0.518735,0.00863026
18.55,0.519891,0.00881375
18.56,0.521337,0.00925095
18.57,0.522445,0.00945569
18.58,0.523608,0.00945554
18.59,0.525128,0.00926984
18.6,0.526344,0.0089611
18.61,0.527639,0.00858511
18.62,0.528525,0.00827111
18.63,0.529371,0.00813855
18.64,0.530051,0.00843579
18.65,0.530456,0.00842528
18.66,0.531084,0.00837764
18.67,0.531471,0.00823009
18.68,0.53216,0.00807769
18.69,0.532808,0.00796969
18.7,0.533172,0.00765372
18.71,0.533818,0.00754243
18.72,0.53487,0.00711875
18.73,0.535763,0.00699491
18.74,0.536676,0.00717755
18.75,0.537707,0.00732824
18.76,0.538609,0.00734459
18.77,0.54026,0.00755634
18.78,0.541671,0.00790109
18.79,0.54313,0.00804781
18.8,0.544494,0.00822453
18.81,0.545502,0.00777873
18.82,0.546438,0.00713031
18.83,0.547211,0.00720111
18.84,0.54802,0.0082029
18.85,0.548688,0.00808542
18.86,0.549304,0.00803984
18.87,0.549951,0.00800858
18.88,0.55014,0.0078763
18.89,0.550673,0.00811926
18.9,0.551263,0.00825727
18.91,0.552063,0.008466
18.92,0.552639,0.00845215
18.93,0.553501,0.00855817
18.94,0.554592,0.00871946
18.95,0.55562,0.00886768
18.96,0.556739,0.00919735
18.97,0.558058,0.00932142
18.98,0.55959,0.00959592
18.99,0.560849,0.00951614
19,0.561769,0.00957524
19.01,0.563115,0.00941849
19.02,0.564058,0.00927183
19.03,0.56488,0.00932341
19.04,0.565414,0.00960017
19.05,0.566168,0.0097875
19.06,0.566494,0.00961932
19.07,0.566904,0.00953639
19.08,0.567348,0.00927877
19.09,0.567671,0.00901615
19.1,0.567972,0.00847471
19.11,0.568485,0.00834832
19.12,0.569694,0.00825035
19.13,0.570461,0.00813974
19.14,0.571799,0.00791609
19.15,0.573239,0.00785997
19.16,0.57436,0.0079772
19.17,0.576069,0.00768502
19.18,0.577623,0.00702295
19.19,0.579291,0.007075
19.2,0.580373,0.00725001
19.21,0.581562,0.00719978
19.22,0.582481,0.00695366
19.23,0.58323,0.0072593
19.24,0.584045,0.00810644
19.25,0.584655,0.00825796
19.26,0.585033,0.00838604
19.27,0.585274,0.00826061
19.28,0.585847,0.0080647
19.29,0.586361,0.00824451
19.3,0.586739,0.00834203
19.31,0.587316,0.00850116
19.32,0.588209,0.00858253
19.33,0.58927,0.00939731
19.34,0.590719,0.0099489
19.35,0.592178,0.0101799
19.36,0.593487,0.0100251
19.37,0.594693,0.0101222
19.38,0.596497,0.0103909
19.39,0.597801,0.0105653
19.4,0.598804,0.010399
19.41,0.599852,0.0100032
19.42,0.600774,0.00986553
19.43,0.601653,0.00987942
19.44,0.601842,0.0100706
19.45,0.602352,0.0103115
19.46,0.60298,0.010277
19.47,0.603864,0.0102047
19.48,0.604157,0.00999557
19.49,0.604659,0.00982323
19.5,0.605148,0.0095156
19.51,0.60599,0.00915136
19.52,0.606762,0.00882195
19.53,0.607671,0.00890651
19.54,0.608923,0.00890627
19.55,0.610194,0.00872539
19.56,0.611347,0.00871381
19.57,0.612909,0.00860924
19.58,0.614511,0.00862972
19.59,0.615789,0.00868975
19.6,0.616954,0.00849484
19.61,0.618476,0.00813773
19.62,0.619532,0.00779799
19.63,0.620681,0.00799603
19.64,0.621407,0.00860986
19.65,0.622072,0.00858411
19.66,0.622357,0.00835702
19.67,0.622836,0.00842926
19.68,0.622943,0.00822316
19.69,0.622942,0.00812345
19.7,0.623652,0.00825858
19.71,0.624065,0.00865828
19.72,0.624997,0.0084783
19.73,0.626329,0.00882785
19.74,0.627381,0.00901672
19.75,0.628564,0.00904506
19.76,0.629975,0.00945433
19.77,0.631035,0.00973704
19.78,0.632291,0.00989514
19.79,0.633452,0.00984336
19.8,0.634528,0.00978172
19.81,0.635882,0.00919593
19.82,0.636907,0.00905656
19.83,0.637467,0.00903673
19.84,0.638025,0.00941349
19.85,0.638581,0.0094523
19.86,0.639069,0.00942444
19.87,0.63969,0.00915484
19.88,0.640301,0.00846549
19.89,0.640777,0.00853609
19.9,0.641452,0.00830479
19.91,0.642229,0.00782091
19.92,0.642942,0.00761897
19.93,0.644001,0.00731577
19.94,0.645492,0.00703975
19.95,0.646844,0.00688003
19.96,0.648134,0.00693017
19.97,0.649541,0.00701052
19.98,0.651086,0.00709521
19.99,0.652479,0.00678716
20,0.654058,0.00660337
20.01,0.655338,0.00642767
20.02,0.656297,0.00601528
20.03,0.657077,0.00670919
20.04,0.657796,0.00756894
20.05,0.658117,0.00747657
20.06,0.65863,0.00741874
20.07,0.658986,0.0075139
20.08,0.659305,0.00723906
20.09,0.659898,0.00738227
20.1,0.660607,0.00734798
20.11,0.661237,0.00780339
20.12,0.662369,0.00799249
20.13,0.66373,0.00848595
20.14,0.664814,0.00888542
20.15,0.665914,0.00924121
20.16,0.667457,0.00953322
20.17,0.668692,0.00963119
20.18,0.670033,0.00918248
20.19,0.671508,0.00920213
20.2,0.672947,0.00880659
20.21,0.674276,0.00842503
20.22,0.67533,0.00816156
20.23,0.676023,0.00834666
20.24,0.676715,0.00861312
20.25,0.677116,0.00838916
20.26,0.677716,0.00823176
20.27,0.678064,0.00818609
20.28,0.67869,0.00812946
20.29,0.679334,0.00804241
20.3,0.679838,0.00775545
20.31,0.680308,0.00745138
20.32,0.681056,0.00703056
20.33,0.68198,0.00690679
20.34,0.683159,0.00697576
20.35,0.684566,0.00675186
20.36,0.686085,0.00696479
20.37,0.687467,0.00708145
20.38,0.689292,0.00704502
20.39,0.690727,0.0069301
20.4,0.692007,0.00657983
20.41,0.693272,0.00619756
20.42,0.694449,0.00592496
20.43,0.695089,0.00624261
20.44,0.695638,0.00695792
20.45,0.696081,0.00708496
20.46,0.696457,0.00723394
20.47,0.697171,0.00711549
20.48,0.697275,0.00674171
20.49,0.697546,0.00678852
20.5,0.698,0.00665996
20.51,0.69876,0.00701772
20.52,0.699754,0.00719742
20.53,0.700485,0.00700475
20.54,0.701568,0.00685725
20.55,0.702712,0.00731547
20.56,0.703972,0.00744746
20.57,0.705304,0.0078378
20.58,0.706631,0.00822341
20.59,0.708329,0.00819025
20.6,0.709549,0.00803119
20.61,0.710851,0.00771777
20.62,0.711752,0.00737149
20.63,0.712403,0.007291
20.64,0.71319,0.00739749
20.65,0.713711,0.00741644
20.66,0.713923,0.00754078
20.67,0.714553,0.00739281
20.68,0.715043,0.00735085
20.69,0.715511,0.0070304
20.7,0.716155,0.00696127
20.71,0.716923,0.00669811
20.72,0.717799,0.00673347
20.73,0.71877,0.00667687
20.74,0.719904,0.0069576
20.75,0.721177,0.00696794
20.76,0.722545,0.00729919
20.77,0.724063,0.00747221
20.78,0.725707,0.00767626
20.79,0.72665,0.00781881
20.8,0.727926,0.00745338
20.81,0.72909,0.00706644
20.82,0.729878,0.00627613
20.83,0.730513,0.00602695
20.84,0.73122,0.00671632
20.85,0.731547,0.00649299
20.86,0.731977,0.0061736
20.87,0.732348,0.00579273
20.88,0.733068,0.00580029
20.89,0.733701,0.0056543
20.9,0.734341,0.00565349
20.91,0.734833,0.00555752
20.92,0.735586,0.00554305
20.93,0.736439,0.00568447
20.94,0.737463,0.00593288
20.95,0.738806,0.00630367
20.96,0.740202,0.0068138
20.97,0.741268,0.00718772
20.98,0.742649,0.00737506
20.99,0.744213,0.00713356
21,0.745708,0.00701574
21.01,0.747144,0.00669912
21.02,0.748153,0.00590034
21.03,0.748656,0.00597699
21.04,0.749254,0.00633205
21.05,0.749738,0.00619497
21.06,0.750134,0.00609242
21.07,0.750478,0.00632371
21.08,0.750887,0.00608327
21.09,0.751146,0.00588897
21.1,0.751645,0.00566632
21.11,0.752067,0.00553741
21.12,0.752712,0.00566876
21.13,0.753646,0.00561158
21.14,0.754594,0.00564633
21.15,0.755934,0.00591636
21.16,0.757381,0.00654521
21.17,0.758808,0.00713276
21.18,0.760515,0.00740735
21.19,0.761844,0.00750977
21.2,0.762785,0.00732612
21.21,0.764149,0.00713275
21.22,0.764874,0.00649596
21.23,0.765335,0.00619745
21.24,0.765917,0.00657063
21.25,0.766196,0.00634922
21.26,0.766629,0.00640804
21.27,0.766717,0.00638026
21.28,0.7671,0.00614983
21.29,0.767572,0.00587487
21.3,0.768037,0.00556587
21.31,0.768633,0.00548477
21.32,0.769385,0.00574157
21.33,0.77054,0.00603808
21.34,0.771204,0.00659015
21.35,0.772029,0.00694109
21.36,0.772794,0.00751122
21.37,0.773813,0.00792491
21.38,0.775255,0.00800205
21.39,0.776472,0.00855623
21.4,0.777861,0.0084065
21.41,0.779053,0.00825669
21.42,0.780128,0.00801799
21.43,0.780907,0.00769218
21.44,0.781684,0.00782165
21.45,0.782041,0.00788822
21.46,0.782561,0.00775786
21.47,0.783092,0.00766827
21.48,0.783134,0.00782124
21.49,0.78383,0.00743552
21.5,0.784434,0.00703347
21.51,0.785255,0.00661401
21.52,0.786222,0.00627024
21.53,0.787261,0.00635783
21.54,0.788222,0.00630687
21.55,0.7893,0.00639416
21.56,0.790506,0.0065528
21.57,0.792412,0.0064436
21.58,0.794194,0.00657312
21.59,0.795526,0.0066338
21.6,0.796748,0.00649472
21.61,0.798038,0.00614976
21.62,0.798872,0.00578077
21.63,0.799384,0.00569158
21.64,0.799604,0.00602517
21.65,0.800129,0.00625984
21.66,0.800805,0.00639805
21.67,0.801503,0.0061915
21.68,0.801762,0.00596623
21.69,0.802232,0.00586557
21.7,0.802605,0.00600257
21.71,0.802997,0.00593979
21.72,0.803549,0.00614607
21.73,0.804109,0.00677554
21.74,0.805058,0.00674271
21.75,0.80613,0.00698819
21.76,0.807097,0.00713079
21.77,0.808215,0.00759681
21.78,0.809817,0.00764018
21.79,0.810942,0.00759707
21.8,0.812444,0.0071604
21.81,0.813696,0.00683265
21.82,0.814687,0.00665148
21.83,0.815115,0.00657204
21.84,0.815961,0.00636699
21.85,0.816495,0.00632686
21.86,0.816944,0.00659476
21.87,0.817005,0.00660525
21.88,0.81743,0.00646704
21.89,0.817861,0.00644353
21.9,0.818535,0.00599208
21.91,0.818697,0.00598775
21.92,0.819212,0.00590124
21.93,0.819943,0.00596051
21.94,0.820784,0.00616276
21.95,0.821915,0.00630532
21.96,0.82304,0.00646646
21.97,0.824548,0.00681033
21.98,0.82623,0.00698528
21.99,0.827317,0.00719247
22,0.828381,0.00698119
22.01,0.829712,0.00665299
22.02,0.830768,0.00612979
22.03,0.831683,0.00587665
22.04,0.83223,0.00584723
22.05,0.832666,0.0059558
22.06,0.833103,0.0059892
22.07,0.833433,0.00589647
22.08,0.833599,0.00593259
22.09,0.833886,0.0055463
22.1,0.834212,0.00572566
22.11,0.835144,0.00554383
22.12,0.835626,0.0057357
22.13,0.836423,0.00593042
22.14,0.837359,0.00619236
22.15,0.838502,0.00667626
22.16,0.839593,0.00687183
22.17,0.841244,0.00711719
22.18,0.842615,0.00723477
22.19,0.843978,0.00770969
22.2,0.845058,0.00719785
22.21,0.846502,0.0069278
22.22,0.847353,0.0067508
22.23,0.847975,0.00669384
22.24,0.84842,0.00666743
22.25,0.848784,0.00649956
22.26,0.849005,0.00647071
22.27,0.849396,0.00637515
22.28,0.849819,0.0063253
22.29,0.850446,0.00603279
22.3,0.851024,0.00568053
22.31,0.851771,0.00513491
22.32,0.852345,0.00519901
22.33,0.852994,0.00535623
22.34,0.854027,0.00551201
22.35,0.854918,0.0059515
22.36,0.856213,0.00639475
22.37,0.857287,0.00631193
22.38,0.858735,0.00697174
22.39,0.860248,0.0069964
22.4,0.861611,0.00678103
22.41,0.862684,0.00655619
22.42,0.863612,0.00625284
22.43,0.864382,0.00557675
22.44,0.864931,0.00539672
22.45,0.865537,0.00545701
22.46,0.865851,0.00548887
22.47,0.866083,0.00543022
22.48,0.866576,0.00537515
22.49,0.8672,0.00520619
22.5,0.86767,0.00512512
22.51,0.868254,0.0050234
22.52,0.868793,0.00535894
22.53,0.869478,0.00580053
22.54,0.870481,0.00584034
22.55,0.871338,0.00638073
22.56,0.87195,0.00702816
22.57,0.873101,0.00754398
22.58,0.874429,0.00780314
22.59,0.875499,0.00773212
22.6,0.876651,0.00754495
22.61,0.877989,0.00722047
22.62,0.87884,0.00673998
22.63,0.879386,0.00677197
22.64,0.879826,0.00667026
22.65,0.879929,0.00687723
22.66,0.880124,0.00698401
22.67,0.88017,0.00718317
22.68,0.880563,0.00708821
22.69,0.881141,0.00683717
22.7,0.88158,0.00650569
22.71,0.88228,0.00615372
22.72,0.882602,0.00625808
22.73,0.883391,0.00602002
22.74,0.884302,0.0061007
22.75,0.885352,0.00630923
22.76,0.885926,0.00683308
22.77,0.887156,0.00687411
22.78,0.888766,0.0067734
22.79,0.890075,0.00699292
22.8,0.891191,0.00713609
22.81,0.89223,0.00712869
22.82,0.893051,0.00685829
22.83,0.893691,0.00619967
22.84,0.894049,0.00575084
22.85,0.89426,0.00602511
22.86,0.895131,0.00564811
22.87,0.89573,0.00559175
22.88,0.896095,0.00564871
22.89,0.896723,0.00516911
22.9,0.897154,0.00508342
22.91,0.897793,0.00487814
22.92,0.898339,0.00499362
22.93,0.899176,0.00515742
22.94,0.900106,0.00532775
22.95,0.900984,0.00574501
22.96,0.902184,0.00583599
22.97,0.903438,0.00635203
22.98,0.904933,0.00672009
22.99,0.906453,0.00680727
23,0.908002,0.0067306
23.01,0.90937,0.00641486
23.02,0.910193,0.00594134
23.03,0.910602,0.00572162
23.04,0.911024,0.00569273
23.05,0.911646,0.00573528
23.06,0.911843,0.00584537
23.07,0.912109,0.00594489
23.08,0.91267,0.00581175
23.09,0.913319,0.00555502
23.1,0.913966,0.00528402
23.11,0.914383,0.00520994
23.12,0.915287,0.00501303
23.13,0.916313,0.00512959
23.14,0.917082,0.00531513
23.15,0.918312,0.005829
23.16,0.9195,0.00611238
23.17,0.920964,0.0065739
23.18,0.922535,0.00664169
23.19,0.923676,0.00706213
23.2,0.924772,0.00702548
23.21,0.925853,0.00665403
23.22,0.926864,0.00649072
23.23,0.927613,0.00589843
23.24,0.928118,0.00583722
23.25,0.928421,0.00560102
23.26,0.929036,0.00523309
23.27,0.929656,0.00486167
23.28,0.930245,0.00471007
23.29,0.930848,0.00448143
23.3,0.931444,0.00398415
23.31,0.931756,0.00409312
23.32,0.932161,0.00405172
23.33,0.93287,0.00394353
23.34,0.933662,0.00441208
23.35,0.934471,0.00493301
23.36,0.935595,0.00528659
23.37,0.936766,0.00603087
23.38,0.938066,0.00642409
23.39,0.939758,0.00688774
23.4,0.940596,0.00721892
23.41,0.941849,0.00713092
23.42,0.942751,0.0066631
23.43,0.943128,0.00623852
23.44,0.943352,0.00621159
23.45,0.9438,0.00653862
23.46,0.944323,0.00651781
23.47,0.944794,0.00628203
23.48,0.945412,0.00625409
23.49,0.945679,0.00646312
23.5,0.94606,0.00619529
23.51,0.946666,0.00588189
23.52,0.947194,0.00551738
23.53,0.948052,0.00537468
23.54,0.948812,0.00581472
23.55,0.950179,0.00615056
23.56,0.951506,0.00663642
23.57,0.953094,0.00700468
23.58,0.954728,0.00724058
23.59,0.956139,0.00769402
23.6,0.957469,0.00781877
23.61,0.958827,0.00771429
23.62,0.959712,0.00728805
23.63,0.960507,0.00621421
23.64,0.961146,0.00577284
23.65,0.961621,0.00591856
23.66,0.961737,0.00562587
23.67,0.962122,0.00577387
23.68,0.962831,0.00549942
23.69,0.963345,0.00561815
23.7,0.963862,0.00541474
23.71,0.964489,0.0053691
23.72,0.965145,0.00529875
23.73,0.96587,0.00549815
23.74,0.966603,0.00599043
23.75,0.967632,0.00663347
23.76,0.968692,0.0073472
23.77,0.96967,0.00796036
23.78,0.970975,0.00834392
23.79,0.97231,0.00874549
23.8,0.973622,0.00878941
23.81,0.974927,0.0083745
23.82,0.975738,0.00811864
23.83,0.976186,0.00734774
23.84,0.976906,0.00693457
23.85,0.977656,0.00720912
23.86,0.977957,0.00717771
23.87,0.978672,0.00715023
23.88,0.978878,0.00721416
23.89,0.979353,0.00708603
23.9,0.97999,0.00679671
23.91,0.980241,0.00680402
23.92,0.98074,0.00647752
23.93,0.981219,0.00665111
23.94,0.982019,0.00687591
23.95,0.98302,0.00727497
23.96,0.984271,0.00778798
23.97,0.985648,0.00830321
23.98,0.987065,0.0086252
23.99,0.988025,0.00889883
24,0.989013,0.0090625
24.01,0.990279,0.00854684
24.02,0.990945,0.00823222
24.03,0.991763,0.00746439
24.04,0.992305,0.00716974
24.05,0.992756,0.00709763
24.06,0.993103,0.00707277
24.07,0.993709,0.00677558
24.08,0.99429,0.00670811
24.09,0.994886,0.00636447
24.1,0.995474,0.00612532
24.11,0.996188,0.00561213
24.12,0.996908,0.00519935
24.13,0.997707,0.00533298
24.14,0.9988,0.00593777
24.15,0.999984,0.00690882
24.16,1.00134,0.00727116
24.17,1.0026,0.00777463
24.18,1.00422,0.0078861
24.19,1.00566,0.00795891
24.2,1.00663,0.00774782
24.21,1.00785,0.00763192
24.22,1.00848,0.00708249
24.23,1.00901,0.00636388
24.24,1.00938,0.00575885
24.25,1.00961,0.00574556
24.26,1.01003,0.00565608
24.27,1.01039,0.00578786
24.28,1.01075,0.00558656
24.29,1.01093,0.00561118
24.3,1.01167,0.00514107
24.31,1.01225,0.00513629
24.32,1.01289,0.0050083
24.33,1.01351,0.00516617
24.34,1.01428,0.0054735
24.35,1.01534,0.00564035
24.36,1.01651,0.00612167
24.37,1.01764,0.00654304
24.38,1.01945,0.00685889
24.39,1.02066,0.0071403
24.4,1.02178,0.00740673
24.41,1.02308,0.00732647
24.42,1.02401,0.00674645
24.43,1.0246,0.00565559
24.44,1.02515,0.00516683
24.45,1.02555,0.00488595
24.46,1.0262,0.00483629
24.47,1.02659,0.00489101
24.48,1.02704,0.00476592
24.49,1.02763,0.00461015
24.5,1.02808,0.00434629
24.51,1.02852,0.00406299
24.52,1.02926,0.00378942
24.53,1.03004,0.00364749
24.54,1.03114,0.00374077
24.55,1.03232,0.00423699
24.56,1.0335,0.00470141
24.57,1.03491,0.00532741
24.58,1.03651,0.00586772
24.59,1.03774,0.00637143
24.6,1.03921,0.00632067
24.61,1.0406,0.00616869
24.62,1.04139,0.00601225
24.63,1.04201,0.00511275
24.64,1.04254,0.00477635
24.65,1.04282,0.00463884
24.66,1.04328,0.0047405
24.67,1.04382,0.00459382
24.68,1.04408,0.00410832
24.69,1.04431,0.00407374
24.7,1.0452,0.0038643
24.71,1.04579,0.00367329
24.72,1.0466,0.00350678
24.73,1.04736,0.00342855
24.74,1.04885,0.00371468
24.75,1.04975,0.00401315
24.76,1.05085,0.00437494
24.77,1.05214,0.00520486
24.78,1.05364,0.00557667
24.79,1.05522,0.00605042
24.8,1.05645,0.00641021
24.81,1.05797,0.00660052
24.82,1.05883,0.00601568
24.83,1.05962,0.00547541
24.84,1.06014,0.00514382
24.85,1.0606,0.00498435
24.86,1.06081,0.00450095
24.87,1.0612,0.00444073
24.88,1.06174,0.00443971
24.89,1.06213,0.00427032
24.9,1.06236,0.0037909
24.91,1.06312,0.00341094
24.92,1.064,0.00317716
24.93,1.06466,0.00324568
24.94,1.06542,0.00317555
24.95,1.06649,0.00366628
24.96,1.06759,0.003901
24.97,1.06861,0.00467442
24.98,1.0699,0.00511705
24.99,1.07114,0.0054118
25,1.0725,0.00595766
25.01,1.07381,0.00598288
25.02,1.07463,0.00589279
25.03,1.07527,0.00530212
25.04,1.07579,0.00469501
25.05,1.07635,0.00457785
25.06,1.07676,0.00459776
25.07,1.07693,0.0044255
25.08,1.07704,0.00427806
25.09,1.07755,0.00377701
25.1,1.07805,0.00386172
25.11,1.07846,0.00355191
25.12,1.07916,0.00325084
25.13,1.07991,0.00313755
25.14,1.08064,0.00336266
25.15,1.0817,0.00383364
25.16,1.08292,0.00399415
25.17,1.08405,0.00449566
25.18,1.08516,0.00488639
25.19,1.08614,0.00540417
25.2,1.08713,0.00536909
25.21,1.08865,0.00516696
25.22,1.08945,0.00505494
25.23,1.08991,0.00433554
25.24,1.09043,0.0037338
25.25,1.09104,0.00377204
25.26,1.09139,0.00391596
25.27,1.09176,0.00404183
25.28,1.09208,0.00423746
25.29,1.09251,0.00411355
25.3,1.09297,0.00411199
25.31,1.09327,0.00390345
25.32,1.09369,0.00384498
25.33,1.09416,0.00410113
25.34,1.09485,0.00440629
25.35,1.09584,0.00450672
25.36,1.09688,0.00496653
25.37,1.09805,0.00538461
25.38,1.09926,0.00600696
25.39,1.10071,0.00636984
25.4,1.10217,0.00634205
25.41,1.10356,0.00617406
25.42,1.10441,0.00599736
25.43,1.10494,0.00557323
25.44,1.10547,0.00535898
25.45,1.10574,0.00570637
25.46,1.10628,0.00579337
25.47,1.10678,0.0057733
25.48,1.10716,0.00559118
25.49,1.10786,0.00521773
25.5,1.10825,0.00505234
25.51,1.10898,0.00462931
25.52,1.10939,0.00440473
25.53,1.11029,0.00412835
25.54,1.11139,0.00447358
25.55,1.11269,0.00478439
25.56,1.11387,0.00556142
25.57,1.11555,0.00577483
25.58,1.11693,0.00635391
25.59,1.11836,0.00646526
25.6,1.11958,0.0068461
25.61,1.12076,0.00671021
25.62,1.12169,0.00650817
25.63,1.12249,0.00582451
25.64,1.123,0.00544439
25.65,1.12342,0.00509047
25.66,1.12355,0.00520194
25.67,1.12382,0.00521649
25.68,1.12422,0.00498206
25.69,1.12456,0.00505347
25.7,1.12535,0.00465934
25.71,1.12595,0.00460094
25.72,1.12671,0.00446956
25.73,1.12732,0.00459054
25.74,1.12788,0.0049999
25.75,1.12896,0.00536002
25.76,1.13029,0.00595426
25.77,1.13161,0.0065237
25.78,1.13336,0.00705916
25.79,1.13466,0.00726202
25.8,1.13572,0.0074092
25.81,1.13727,0.00744258
25.82,1.13801,0.00729576
25.83,1.13876,0.0068113
25.84,1.13942,0.00640575
25.85,1.13968,0.00607799
25.86,1.14016,0.00623899
25.87,1.14019,0.00584746
25.88,1.14048,0.00585937
25.89,1.14115,0.00545258
25.9,1.14166,0.00513338
25.91,1.14231,0.00474201
25.92,1.14298,0.00454292
25.93,1.14384,0.00494832
25.94,1.14472,0.00513622
25.95,1.14598,0.0055848
25.96,1.14716,0.00638703
25.97,1.14838,0.00700903
25.98,1.14971,0.00719433
25.99,1.15109,0.00756838
26,1.15211,0.0074401
26.01,1.15352,0.00708729
26.02,1.15437,0.0066812
26.03,1.15502,0.0058641
26.04,1.15549,0.00556929
26.05,1.15606,0.00563675
26.06,1.15659,0.00556635
26.07,1.15673,0.00538471
26.08,1.15723,0.00493736
26.09,1.15731,0.00447895
26.1,1.15774,0.00426864
26.11,1.15823,0.00397794
26.12,1.15916,0.00385903
26.13,1.16001,0.00385803
26.14,1.16106,0.00419776
26.15,1.16208,0.00462562
26.16,1.16345,0.00502983
26.17,1.16465,0.00521873
26.18,1.16611,0.00559769
26.19,1.1673,0.00583078
26.2,1.16851,0.00580809
26.21,1.16974,0.00566567
26.22,1.17028,0.00493434
26.23,1.17099,0.00464676
26.24,1.17131,0.00431903
26.25,1.17178,0.00459342
26.26,1.17219,0.00451359
26.27,1.17276,0.00438833
26.28,1.17289,0.0042055
26.29,1.1735,0.00389467
26.3,1.17396,0.00369627
26.31,1.17438,0.00369042
26.32,1.1751,0.00307084
26.33,1.17587,0.00314702
26.34,1.17707,0.00336579
26.35,1.17841,0.00386539
26.36,1.1798,0.00394011
26.37,1.181,0.00450567
26.38,1.18235,0.0049769
26.39,1.18366,0.00528376
26.4,1.18487,0.00555629
26.41,1.18611,0.00570041
26.42,1.18685,0.00511872
26.43,1.18744,0.00436221
26.44,1.18791,0.00398886
26.45,1.18864,0.00384368
26.46,1.18884,0.00387349
26.47,1.1894,0.00378582
26.48,1.18972,0.00353903
26.49,1.19015,0.00341304
26.5,1.19065,0.00327857
26.51,1.1912,0.00278295
26.52,1.19144,0.0026401
26.53,1.19209,0.00278747
26.54,1.19281,0.00303877
26.55,1.19388,0.00362906
26.56,1.19482,0.00417269
26.57,1.19603,0.00463376
26.58,1.19744,0.00505029
26.59,1.19884,0.00533902
26.6,1.20004,0.00535104
26.61,1.20147,0.00531361
26.62,1.2024,0.00494375
26.63,1.20305,0.00460795
26.64,1.20339,0.00477465
26.65,1.20373,0.00457124
26.66,1.20428,0.00457867
26.67,1.20474,0.00431131
26.68,1.20532,0.00392585
26.69,1.20569,0.00397466
26.7,1.20651,0.00377566
26.71,1.20724,0.0035657
26.72,1.20771,0.00367375
26.73,1.209,0.00354042
26.74,1.20982,0.00360969
26.75,1.21076,0.00365579
26.76,1.21171,0.00423075
26.77,1.21303,0.00473332
26.78,1.21419,0.00511655
26.79,1.21549,0.0055384
26.8,1.21658,0.00594583
26.81,1.21773,0.00587147
26.82,1.21888,0.00520864
26.83,1.21956,0.00445717
26.84,1.22028,0.00444819
26.85,1.22042,0.00416537
26.86,1.22054,0.00424181
26.87,1.22095,0.00430802
26.88,1.22144,0.0040807
26.89,1.22186,0.00365104
26.9,1.2223,0.00337915
26.91,1.22278,0.00350137
26.92,1.22342,0.00380897
26.93,1.22415,0.00434241
26.94,1.22508,0.0047996
26.95,1.22618,0.00517342
26.96,1.22709,0.00551185
26.97,1.22822,0.00560035
26.98,1.22931,0.00604043
26.99,1.23065,0.00592114
27,1.23153,0.00596248
27.01,1.23281,0.00573067
27.02,1.23371,0.00547443
27.03,1.23433,0.00543423
27.04,1.23493,0.00570486
27.05,1.23517,0.00574682
27.06,1.23546,0.00563445
27.07,1.23588,0.0052661
27.08,1.23607,0.00544393
27.09,1.23651,0.00528529
27.1,1.23694,0.00500264
27.11,1.23726,0.00500321
27.12,1.23793,0.00484736
27.13,1.23868,0.00495618
27.14,1.23956,0.00484235
27.15,1.24064,0.00494214
27.16,1.24177,0.00533991
27.17,1.24319,0.00578723
27.18,1.24444,0.0060969
27.19,1.24534,0.00623001
27.2,1.24636,0.00595688
27.21,1.24743,0.00575681
27.22,1.24816,0.00548149
27.23,1.2488,0.00505756
27.24,1.24912,0.00491933
27.25,1.24964,0.00505643
27.26,1.24974,0.00521197
27.27,1.24984,0.00534227
27.28,1.2501,0.00537253
27.29,1.25056,0.00513548
27.3,1.2509,0.00494747
27.31,1.25156,0.00493381
27.32,1.2522,0.00492444
27.33,1.25272,0.00514262
27.34,1.25357,0.00556025
27.35,1.25474,0.00586187
27.36,1.25574,0.0064428
27.37,1.25674,0.00672499
27.38,1.25785,0.00708524
27.39,1.25916,0.00739958
27.4,1.26009,0.00723572
27.41,1.26112,0.00694754
27.42,1.26193,0.00673377
27.43,1.2625,0.00631232
27.44,1.26297,0.00633967
27.45,1.26335,0.0066411
27.46,1.26336,0.0069974
27.47,1.26379,0.0071065
27.48,1.26428,0.00692098
27.49,1.26479,0.00658613
27.5,1.26546,0.00622401
27.51,1.2662,0.00561459
27.52,1.2669,0.00537389
27.53,1.26774,0.00533152
27.54,1.26859,0.00527682
27.55,1.26963,0.005186
27.56,1.27063,0.00530849
27.57,1.27194,0.00520178
27.58,1.27345,0.0054164
27.59,1.27475,0.00596146
27.6,1.27589,0.00616798
27.61,1.27684,0.00588474
27.62,1.27767,0.00561179
27.63,1.27819,0.00495478
27.64,1.27849,0.00467089
27.65,1.27878,0.00496457
27.66,1.27917,0.00478144
27.67,1.27948,0.00478001
27.68,1.28012,0.00480974
27.69,1.28062,0.00447207
27.7,1.28077,0.00461318
27.71,1.28128,0.00473795
27.72,1.28218,0.00458263
27.73,1.28282,0.00505632
27.74,1.28374,0.00502844
27.75,1.28458,0.00571217
27.76,1.28558,0.0058242
27.77,1.28699,0.00633178
27.78,1.28838,0.00664258
27.79,1.28933,0.00684931
27.8,1.2904,0.00668018
27.81,1.29206,0.00664553
27.82,1.29318,0.00660092
27.83,1.29373,0.00618051
27.84,1.2939,0.00608994
27.85,1.29417,0.00644206
27.86,1.29453,0.00638462
27.87,1.29477,0.00624529
27.88,1.29509,0.00616057
27.89,1.29543,0.00627591
27.9,1.29577,0.00641305
27.91,1.29661,0.00583907
27.92,1.29714,0.00573095
27.93,1.2979,0.00572063
27.94,1.29873,0.00588411
27.95,1.29959,0.00596917
27.96,1.30053,0.00630097
27.97,1.30198,0.00623791
27.98,1.30328,0.00659477
27.99,1.30452,0.00712229
28,1.30546,0.00734733
28.01,1.30657,0.00700209
28.02,1.30737,0.00690205
28.03,1.30811,0.00595812
28.04,1.3083,0.00565097
28.05,1.30884,0.00561884
28.06,1.30924,0.00572467
28.07,1.30951,0.00566022
28.08,1.30988,0.00557068
28.09,1.31035,0.00503666
28.1,1.31073,0.00496647
28.11,1.31121,0.00495328
28.12,1.31175,0.00492915
28.13,1.31257,0.00495589
28.14,1.31382,0.00500283
28.15,1.31466,0.00556744
28.16,1.31592,0.00627025
28.17,1.31698,0.00662655
28.18,1.31824,0.00679429
28.19,1.31927,0.00689145
28.2,1.32006,0.00689957
28.21,1.32125,0.00681711
28.22,1.32198,0.00674033
28.23,1.32238,0.00635663
28.24,1.3229,0.00604271
28.25,1.32352,0.00601265
28.26,1.32361,0.00635569
28.27,1.32382,0.00629003
28.28,1.32408,0.00635334
28.29,1.3246,0.00623149
28.3,1.32501,0.00602833
28.31,1.32541,0.00593288
28.32,1.32614,0.00563999
28.33,1.32669,0.00558469
28.34,1.32754,0.00568902
28.35,1.32857,0.00584762
28.36,1.3295,0.00608166
28.37,1.33082,0.0062588
28.38,1.33211,0.00668053
28.39,1.33288,0.00668985
28.4,1.33391,0.00675886
28.41,1.33512,0.00654364
28.42,1.33585,0.00611342
28.43,1.33638,0.00544124
28.44,1.33655,0.00493894
28.45,1.3371,0.00483614
28.46,1.33759,0.00487813
28.47,1.33802,0.00471628
28.48,1.33851,0.00490285
28.49,1.33911,0.00474339
28.5,1.33954,0.00490581
28.51,1.33981,0.00496623
28.52,1.34048,0.00464737
28.53,1.34115,0.00483905
28.54,1.34192,0.00513487
28.55,1.34291,0.00545533
28.56,1.34411,0.0057753
28.57,1.34542,0.00604888
28.58,1.34671,0.00634876
28.59,1.34789,0.00680308
28.6,1.34887,0.0070005
28.61,1.35035,0.00711177
28.62,1.35132,0.00685463
28.63,1.35179,0.00632189
28.64,1.35209,0.00599473
28.65,1.35245,0.00588925
28.66,1.35265,0.00590188
28.67,1.35279,0.00613558
28.68,1.35305,0.00637049
28.69,1.35358,0.00645234
28.7,1.35431,0.00630906
28.71,1.3548,0.00606208
28.72,1.35544,0.00585795
28.73,1.35639,0.00552466
28.74,1.35725,0.00572946
28.75,1.35834,0.00603768
28.76,1.35916,0.00633002
28.77,1.36033,0.00672444
28.78,1.36162,0.00730873
28.79,1.36289,0.00787501
28.8,1.36351,0.00833921
28.81,1.36428,0.0085212
28.82,1.36507,0.00836449
28.83,1.36566,0.00769321
28.84,1.36599,0.00691587
28.85,1.36637,0.00694411
28.86,1.36692,0.00705334
28.87,1.36698,0.00702008
28.88,1.3671,0.00690444
28.89,1.36762,0.00698833
28.9,1.36786,0.00721266
28.91,1.36836,0.00741629
28.92,1.36905,0.00723933
28.93,1.37008,0.0069928
28.94,1.37109,0.00705961
28.95,1.37206,0.00745009
28.96,1.37317,0.00773145
28.97,1.37413,0.00831636
28.98,1.37513,0.00898942
28.99,1.37631,0.0092847
29,1.37761,0.0096728
29.01,1.37863,0.00958831
29.02,1.37888,0.00929783
29.03,1.3791,0.00843424
29.04,1.37918,0.00762012
29.05,1.37934,0.00772885
29.06,1.38003,0.00754323
29.07,1.38045,0.00719461
29.08,1.38105,0.00709331
29.09,1.38165,0.00707934
29.1,1.38232,0.00700732
29.11,1.38268,0.00692307
29.12,1.3832,0.00690998
29.13,1.3838,0.00680033
29.14,1.38484,0.00661334
29.15,1.38586,0.00679106
29.16,1.38684,0.00685044
29.17,1.38804,0.00702643
29.18,1.38929,0.00729303
29.19,1.39032,0.00758086
29.2,1.39146,0.0075605
29.21,1.39256,0.00746113
29.22,1.39328,0.0070871
29.23,1.39391,0.00616171
29.24,1.39433,0.00542046
29.25,1.39472,0.00555769
29.26,1.39528,0.00560228
29.27,1.39593,0.00552643
29.28,1.39637,0.00524362
29.29,1.39703,0.00495406
29.3,1.39745,0.00516717
29.31,1.39768,0.00502917
29.32,1.39828,0.00515747
29.33,1.39897,0.0051986
29.34,1.39963,0.00561386
29.35,1.40063,0.00614716
29.36,1.40168,0.00648767
29.37,1.40266,0.00705423
29.38,1.4037,0.00780004
29.39,1.40491,0.00799664
29.4,1.40596,0.00853908
29.41,1.40716,0.00838436
29.42,1.4078,0.0078647
29.43,1.40817,0.00651461
29.44,1.40871,0.0053061
29.45,1.40906,0.00536194
29.46,1.40936,0.00546832
29.47,1.40948,0.00571002
29.48,1.40996,0.00538528
29.49,1.41046,0.00524142
29.5,1.41073,0.0049609
29.51,1.41119,0.00522022
29.52,1.4121,0.00509118
29.53,1.41305,0.00536058
29.54,1.41387,0.00553767
29.55,1.41496,0.00589584
29.56,1.41581,0.00636615
29.57,1.41664,0.00682523
29.58,1.41782,0.00691222
29.59,1.41895,0.00734696
29.6,1.42009,0.00743817
29.61,1.42085,0.00730217
29.62,1.42165,0.00683554
29.63,1.42202,0.00601395
29.64,1.42251,0.00501984
29.65,1.42293,0.00494043
29.66,1.42313,0.00478518
29.67,1.42345,0.00481796
29.68,1.42403,0.00487346
29.69,1.42477,0.00465642
29.7,1.42506,0.00456848
29.71,1.42585,0.00432844
29.72,1.42666,0.00426508
29.73,1.42753,0.00411334
29.74,1.42805,0.00461255
29.75,1.42894,0.00497534
29.76,1.42991,0.00544102
29.77,1.43045,0.00585552
29.78,1.43141,0.00634968
29.79,1.43239,0.00674789
29.8,1.43335,0.00665915
29.81,1.43419,0.00681558
29.82,1.43479,0.00601176
29.83,1.4352,0.00422056
29.84,1.43568,0.00296817
29.85,1.43592,0.00297361
29.86,1.4362,0.00319723
29.87,1.43687,0.00319903
29.88,1.4373,0.00302247
29.89,1.43764,0.00286024
29.9,1.43783,0.00277215
29.91,1.43843,0.00262901
29.92,1.43922,0.00243142
29.93,1.44006,0.00240726
29.94,1.44105,0.00235932
29.95,1.44228,0.00270785
29.96,1.44332,0.0031933
29.97,1.44446,0.00331133
29.98,1.44572,0.00412175
29.99,1.44688,0.00455121
30,1.44775,0.0044531
30.01,1.44874,0.00457476
30.02,1.44975,0.00424328
30.03,1.45028,0.00397391
30.04,1.45092,0.00369173
30.05,1.45159,0.00376615
30.06,1.45158,0.00332204
30.07,1.45209,0.00331026
30.08,1.45258,0.0031089
30.09,1.453,0.00296434
30.1,1.45382,0.00315345
30.11,1.45427,0.00290511
30.12,1.45455,0.00271879
30.13,1.45538,0.00279695
30.14,1.45624,0.00307957
30.15,1.45743,0.00342679
30.16,1.45847,0.00365038
30.17,1.45949,0.0038682
30.18,1.46055,0.0043245
30.19,1.46139,0.00468942
30.2,1.46243,0.00508455
30.21,1.46312,0.00469343
30.22,1.46386,0.00372108
30.23,1.46431,0.00207548
30.24,1.46445,0.00250302
30.25,1.46502,0.00257946
30.26,1.46541,0.00251418
30.27,1.46578,0.00237425
30.28,1.46623,0.00231825
30.29,1.46668,0.00227419
30.3,1.46723,0.00242776
30.31,1.46768,0.00256046
30.32,1.46837,0.00289487
30.33,1.46913,0.00310401
30.34,1.46985,0.00312315
30.35,1.47084,0.00344847
30.36,1.47162,0.00368831
30.37,1.47293,0.00451422
30.38,1.47431,0.00507013
30.39,1.47545,0.00551839
30.4,1.47692,0.00604162
30.41,1.47787,0.005978
30.42,1.47881,0.00593043
30.43,1.47911,0.00596252
30.44,1.47943,0.00622386
30.45,1.47966,0.00595697
30.46,1.48026,0.00605566
30.47,1.48098,0.00622206
30.48,1.48163,0.00632695
30.49,1.48203,0.00612657
30.5,1.48264,0.00603175
30.51,1.48298,0.00568937
30.52,1.4837,0.00567465
30.53,1.48437,0.00548485
30.54,1.48521,0.00545927
30.55,1.48622,0.00558106
30.56,1.48704,0.00534941
30.57,1.48819,0.00548373
30.58,1.48886,0.00501725
30.59,1.48936,0.00465203
30.6,1.49004,0.00423907
30.61,1.49078,0.00368888
30.62,1.49121,0.00308576
30.63,1.49155,0.00405451
30.64,1.49196,0.00569167
30.65,1.49237,0.00578785
30.66,1.49284,0.00593887
30.67,1.49296,0.00567971
30.68,1.49351,0.00568113
30.69,1.49379,0.00553022
30.7,1.49403,0.00537446
30.71,1.49433,0.00527076
30.72,1.49525,0.00554051
30.73,1.4964,0.00583605
30.74,1.49729,0.00596983
30.75,1.49825,0.00610853
30.76,1.49924,0.00630443
30.77,1.50016,0.00650984
30.78,1.50148,0.00680879
30.79,1.5024,0.00673746
30.8,1.50314,0.00646028
30.81,1.50403,0.00626497
30.82,1.50462,0.00599218
30.83,1.50525,0.00648072
30.84,1.50567,0.0069121
30.85,1.50591,0.00663306
30.86,1.5064,0.00666221
30.87,1.50686,0.00662095
30.88,1.50717,0.00639441
30.89,1.50763,0.00624241
30.9,1.50777,0.00580694
30.91,1.50817,0.00558231
30.92,1.50882,0.00549991
30.93,1.50939,0.00524668
30.94,1.51018,0.00516682
30.95,1.51103,0.00508538
30.96,1.51178,0.0049266
30.97,1.51299,0.00512303
30.98,1.51424,0.00531886
30.99,1.51473,0.00482073
31,1.5153,0.00442292
31.01,1.51612,0.00414098
31.02,1.51664,0.00393845
31.03,1.51745,0.0052186
31.04,1.5182,0.00716279
31.05,1.51857,0.00714993
31.06,1.51878,0.00695342
31.07,1.51931,0.00716101
31.08,1.51942,0.00687756
31.09,1.52028,0.00727754
31.1,1.52081,0.00733485
31.11,1.52133,0.00733156
31.12,1.5219,0.00736135
31.13,1.52252,0.00733691
31.14,1.5235,0.00756829
31.15,1.52435,0.00766563
31.16,1.52507,0.00767983
31.17,1.52607,0.00793743
31.18,1.52695,0.00786807
31.19,1.52802,0.00796382
31.2,1.52912,0.00795833
31.21,1.5302,0.0079039
31.22,1.53079,0.00769296
31.23,1.53124,0.00793212
31.24,1.53185,0.00870123
31.25,1.53227,0.0086092
31.26,1.53248,0.00832803
31.27,1.53272,0.00807816
31.28,1.53304,0.00787142
31.29,1.53368,0.00794952
31.3,1.53411,0.00779404
31.31,1.53439,0.00741212
31.32,1.53492,0.00720608
31.33,1.53545,0.00692982
31.34,1.53665,0.00731225
31.35,1.53732,0.00705945
31.36,1.53787,0.00670365
31.37,1.53874,0.00658201
31.38,1.53949,0.00645561
31.39,1.54044,0.00639054
31.4,1.54089,0.00577297
31.41,1.54159,0.00538337
31.42,1.54217,0.00504212
31.43,1.5426,0.00593184
31.44,1.54266,0.00687204
31.45,1.5431,0.00687875
31.46,1.54356,0.00699648
31.47,1.54377,0.00688873
31.48,1.5441,0.00682829
31.49,1.54444,0.0067644
31.5,1.54477,0.00687619
31.51,1.5452,0.00682374
31.52,1.54581,0.00699955
31.53,1.54645,0.00707406
31.54,1.54744,0.007444
31.55,1.54836,0.00769894
31.56,1.54909,0.00772354
31.57,1.54973,0.00764567
31.58,1.55058,0.00776541
31.59,1.55179,0.00794695
31.6,1.55292,0.00803196
31.61,1.55391,0.00801479
31.62,1.55469,0.00803569
31.63,1.55525,0.00822712
31.64,1.55554,0.00850625
31.65,1.55617,0.00866945
31.66,1.55636,0.00840275
31.67,1.55671,0.00830024
31.68,1.55726,0.0083129
31.69,1.55753,0.00801789
31.7,1.55805,0.0079882
31.71,1.55854,0.00789998
31.72,1.55909,0.00785083
31.73,1.5596,0.00770722
31.74,1.56038,0.00784997
31.75,1.56088,0.0075362
31.76,1.56142,0.00724082
31.77,1.562,0.0070583
31.78,1.56263,0.00684605
31.79,1.56297,0.0064155
31.8,1.56363,0.00605313
31.81,1.56428,0.00567365
31.82,1.56459,0.00498501
31.83,1.56505,0.00559258
31.84,1.56556,0.00667566
31.85,1.56607,0.00675055
31.86,1.56617,0.00645678
31.87,1.56638,0.00626574
31.88,1.56673,0.00622976
31.89,1.56704,0.00620593
31.9,1.56713,0.0059551
31.91,1.56765,0.00616415
31.92,1.56816,0.00627457
31.93,1.56918,0.00683038
31.94,1.56972,0.00689218
31.95,1.57064,0.00730262
31.96,1.57128,0.00739599
31.97,1.57222,0.00773205
31.98,1.57344,0.0081731
31.99,1.57443,0.00811458
32,1.57532,0.00792952
32.01,1.57625,0.0077212
32.02,1.57696,0.00750375
32.03,1.57737,0.00776208
32.04,1.57792,0.0083692
32.05,1.57824,0.00819415
32.06,1.57875,0.00834175
32.07,1.57903,0.0081925
32.08,1.57948,0.00825343
32.09,1.57973,0.0080415
32.1,1.58013,0.00786277
32.11,1.58059,0.00769328
32.12,1.58127,0.00772975
32.13,1.58183,0.00764896
32.14,1.5822,0.00727818
32.15,1.58289,0.00725697
32.16,1.58346,0.00701807
32.17,1.58413,0.00669682
32.18,1.58489,0.0065307
32.19,1.58568,0.00635978
32.2,1.58593,0.00546181
32.21,1.5866,0.00500624
32.22,1.58693,0.00478845
32.23,1.58729,0.00602365
32.24,1.58776,0.00769396
32.25,1.58807,0.00759986
32.26,1.58837,0.00755969
32.27,1.58861,0.00750131
32.28,1.58854,0.00714155
32.29,1.58864,0.00693493
32.3,1.5887,0.00673666
32.31,1.5891,0.00684919
32.32,1.58941,0.00677197
32.33,1.58998,0.00687321
32.34,1.59058,0.00692469
32.35,1.59117,0.00693009
32.36,1.59171,0.00700063
32.37,1.59254,0.00727847
32.38,1.59345,0.00749984
32.39,1.5943,0.00755455
32.4,1.59525,0.00740938
32.41,1.59618,0.00723804
32.42,1.59707,0.0072409
32.43,1.59757,0.00761941
32.44,1.59809,0.00841728
32.45,1.59859,0.00844278
32.46,1.5988,0.00838404
32.47,1.59897,0.00819074
32.48,1.59923,0.00794303
32.49,1.59946,0.00780035
32.5,1.59964,0.00753627
32.51,1.60024,0.00760513
32.52,1.60081,0.00760958
32.53,1.60138,0.00751649
32.54,1.60186,0.00731523
32.55,1.60219,0.006881
32.56,1.60278,0.00665513
32.57,1.60327,0.00621192
32.58,1.60351,0.00568504
32.59,1.60388,0.00522355
32.6,1.60427,0.00491324
32.61,1.60498,0.00476878
32.62,1.6053,0.00449686
32.63,1.60575,0.00576417
32.64,1.60613,0.00735722
32.65,1.6067,0.00750652
32.66,1.60703,0.00751758
32.67,1.60742,0.00761405
32.68,1.60747,0.00745534
32.69,1.60732,0.0072002
32.7,1.60761,0.00739844
32.71,1.60813,0.00764532
32.72,1.60876,0.00791095
32.73,1.60925,0.00806579
32.74,1.60986,0.00814005
32.75,1.61062,0.00830321
32.76,1.61131,0.00855059
32.77,1.61212,0.0088314
32.78,1.61287,0.00888991
32.79,1.6136,0.00873821
32.8,1.61473,0.00862901
32.81,1.61534,0.00843577
32.82,1.61596,0.00812121
32.83,1.61656,0.00873941
32.84,1.61704,0.00940997
32.85,1.61758,0.00954854
32.86,1.61804,0.00969862
32.87,1.61822,0.00969888
32.88,1.61853,0.00964728
32.89,1.61892,0.00979128
32.9,1.61961,0.010027
32.91,1.62,0.010093
32.92,1.6201,0.00988627
32.93,1.62062,0.00966247
32.94,1.62118,0.00927024
32.95,1.62175,0.00892036
32.96,1.62245,0.0088192
32.97,1.62285,0.00838725
32.98,1.62318,0.00779909
32.99,1.62329,0.00697039
33,1.62399,0.00655759
33.01,1.62456,0.00622727
33.02,1.62507,0.00622895
33.03,1.62555,0.00775331
33.04,1.62601,0.00960486
33.05,1.62603,0.00935554
33.06,1.62618,0.00926395
33.07,1.62653,0.00940929
33.08,1.62652,0.00930186
33.09,1.62664,0.00930553
33.1,1.62666,0.00922291
33.11,1.62691,0.00934342
33.12,1.62701,0.0091619
33.13,1.62752,0.00936328
33.14,1.62776,0.00907791
33.15,1.62839,0.00910391
33.16,1.62889,0.0091129
33.17,1.62938,0.0088724
33.18,1.62994,0.00875797
33.19,1.63041,0.00863032
33.2,1.63135,0.00860346
33.21,1.63192,0.00814872
33.22,1.63245,0.00789185
33.23,1.63317,0.00842012
33.24,1.63328,0.00899612
33.25,1.63362,0.00893687
33.26,1.63387,0.00874237
33.27,1.634,0.00865128
33.28,1.63425,0.00857524
33.29,1.63458,0.00842088
33.3,1.63492,0.00840245
33.31,1.63527,0.00833906
33.32,1.63519,0.00768547
33.33,1.63573,0.00758386
33.34,1.63622,0.00764045
33.35,1.63663,0.00748523
33.36,1.63685,0.00739979
33.37,1.63738,0.00718763
33.38,1.63713,0.00639611
33.39,1.63732,0.00588218
33.4,1.63775,0.00565766
33.41,1.63827,0.00527949
33.42,1.63854,0.00489253
33.43,1.63896,0.00557863
33.44,1.63948,0.00704838
33.45,1.63985,0.00707731
33.46,1.64006,0.00708475
33.47,1.64036,0.00715037
33.48,1.64054,0.00713912
33.49,1.64059,0.00702795
33.5,1.64032,0.00686542
33.51,1.64039,0.0068185
33.52,1.64043,0.0068099
33.53,1.64088,0.00692786
33.54,1.64151,0.00691711
33.55,1.64214,0.00693229
33.56,1.64253,0.0069433
33.57,1.6428,0.006788
33.58,1.64334,0.00679878
33.59,1.6441,0.00688124
33.6,1.64507,0.00695309
33.61,1.64579,0.00665466
33.62,1.6459,0.0064156
33.63,1.64665,0.00695716
33.64,1.64718,0.00790889
33.65,1.64757,0.00796543
33.66,1.64802,0.00821039
33.67,1.64799,0.00801786
33.68,1.6481,0.00811371
33.69,1.64829,0.00825949
33.7,1.64855,0.00826137
33.71,1.64884,0.00793731
33.72,1.64891,0.00758128
33.73,1.64891,0.00704055
33.74,1.64933,0.00675204
33.75,1.64968,0.00658239
33.76,1.64984,0.00618356
33.77,1.65056,0.00615511
33.78,1.65077,0.0057067
33.79,1.65097,0.00491366
33.8,1.65153,0.00469031
33.81,1.65171,0.0042181
33.82,1.65242,0.0042878
33.83,1.65269,0.00553049
33.84,1.65312,0.00692897
33.85,1.65309,0.00667567
33.86,1.65313,0.00658771
33.87,1.65326,0.00660019
33.88,1.65301,0.00626122
33.89,1.65282,0.00587014
33.9,1.65252,0.00553271
33.91,1.65274,0.00558999
33.92,1.65327,0.00595376
33.93,1.65374,0.00608895
33.94,1.65407,0.00595848
33.95,1.65451,0.00596761
33.96,1.6548,0.00571494
33.97,1.65504,0.00552216
33.98,1.65545,0.00548699
33.99,1.65588,0.00523993
34,1.65639,0.00473911
34.01,1.65704,0.00434448
34.02,1.65738,0.00400568
34.03,1.65766,0.00457937
34.04,1.65798,0.00506229
34.05,1.65828,0.00491755
34.06,1.65818,0.00495377
34.07,1.6582,0.00499522
34.08,1.65785,0.00483163
34.09,1.6577,0.00466128
34.1,1.65784,0.00461563
34.11,1.65782,0.00430309
34.12,1.65805,0.00421803
34.13,1.65833,0.00398274
34.14,1.65868,0.00352818
34.15,1.65904,0.00315353
34.16,1.6593,0.00276588
34.17,1.65979,0.00272587
34.18,1.66037,0.00249734
34.19,1.66034,0.00176299
34.2,1.66067,0.00154311
34.21,1.66106,0.00165023
34.22,1.66119,0.00130132
34.23,1.66186,0.0033575
34.24,1.66241,0.00524644
34.25,1.66274,0.00547312
34.26,1.66266,0.0053326
34.27,1.66273,0.00534899
34.28,1.66266,0.00521587
34.29,1.66259,0.00514654
34.3,1.66256,0.00512591
34.31,1.66231,0.00481311
34.32,1.66221,0.00471373
34.33,1.66257,0.00471755
34.34,1.66295,0.00456908
34.35,1.66335,0.00427336
34.36,1.66341,0.00399593
34.37,1.66411,0.00408264
34.38,1.66429,0.00421943
34.39,1.66482,0.00411495
34.4,1.66535,0.00421101
34.41,1.66564,0.00398499
34.42,1.66576,0.00416627
34.43,1.66614,0.0049048
34.44,1.66677,0.005859
34.45,1.66683,0.00572739
34.46,1.66695,0.00564117
34.47,1.66695,0.00536571
34.48,1.66688,0.0052203
34.49,1.66668,0.00537673
34.5,1.66693,0.00527455
34.51,1.66692,0.00522313
34.52,1.66692,0.00486419
34.53,1.66678,0.00456085
34.54,1.66705,0.00420993
34.55,1.66739,0.00391575
34.56,1.66753,0.00363052
34.57,1.66792,0.00358132
34.58,1.66802,0.00339528
34.59,1.66824,0.0028889
34.6,1.66851,0.00239761
34.61,1.66878,0.0017919
34.62,1.66912,0.00192028
34.63,1.66937,0.0040661
34.64,1.66961,0.00589175
34.65,1.6699,0.00603622
34.66,1.67003,0.00633511
34.67,1.66973,0.00632118
34.68,1.66977,0.00631504
34.69,1.66966,0.00642838
34.7,1.66927,0.00641729
34.71,1.66913,0.00660462
34.72,1.66918,0.00647094
34.73,1.6693,0.00646272
34.74,1.66979,0.0064869
34.75,1.66982,0.00637889
34.76,1.6702,0.00647369
34.77,1.67045,0.00664584
34.78,1.67055,0.00673494
34.79,1.67094,0.0066084
34.8,1.67149,0.00639836
34.81,1.67157,0.00607519
34.82,1.67166,0.00619549
34.83,1.67189,0.00693862
34.84,1.67243,0.00718239
34.85,1.67231,0.00719061
34.86,1.6724,0.00698494
34.87,1.67238,0.00673997
34.88,1.67221,0.00676203
34.89,1.67267,0.00657027
34.9,1.67256,0.00642827
34.91,1.6726,0.00581929
34.92,1.67271,0.00576635
34.93,1.67249,0.00565104
34.94,1.67269,0.00542124
34.95,1.67318,0.00546452
34.96,1.67336,0.00529424
34.97,1.67346,0.00529859
34.98,1.67352,0.00508165
34.99,1.67356,0.00444421
35,1.67361,0.00387287
35.01,1.67388,0.00355367
35.02,1.67425,0.00276858
35.03,1.67466,0.00353436
35.04,1.67477,0.00506326
35.05,1.67497,0.0049056
35.06,1.67474,0.00496814
35.07,1.67474,0.00513241
35.08,1.67461,0.005035
35.09,1.67435,0.00512504
35.1,1.67388,0.00488274
35.11,1.67376,0.00492701
35.12,1.6737,0.00490404
35.13,1.67398,0.00503641
35.14,1.67418,0.00506354
35.15,1.67461,0.00526244
35.16,1.67474,0.00511752
35.17,1.67529,0.00537833
35.18,1.67548,0.00547166
35.19,1.67585,0.00568052
35.2,1.6765,0.0057299
35.21,1.67674,0.00559779
35.22,1.67711,0.0053562
35.23,1.67713,0.00567915
35.24,1.67736,0.00607442
35.25,1.67739,0.00633023
35.26,1.67726,0.00626238
35.27,1.67703,0.00627323
35.28,1.67722,0.0064422
35.29,1.67706,0.00636861
35.3,1.67659,0.00588161
35.31,1.67635,0.00581943
35.32,1.67647,0.00585974
35.33,1.67668,0.00566007
35.34,1.67678,0.00529217
35.35,1.6768,0.00506459
35.36,1.67688,0.00492189
35.37,1.67714,0.0048702
35.38,1.6774,0.00445226
35.39,1.67749,0.00430356
35.4,1.67722,0.00401415
35.41,1.67735,0.00370214
35.42,1.67783,0.00299959
35.43,1.67806,0.00367429
35.44,1.67797,0.00481549
35.45,1.67832,0.00465929
35.46,1.67878,0.00503302
35.47,1.6786,0.00507523
35.48,1.67825,0.00489688
35.49,1.67799,0.00499419
35.5,1.67764,0.00476634
35.51,1.67746,0.00480505
35.52,1.67749,0.00525758
35.53,1.67744,0.00552174
35.54,1.6774,0.00598601
35.55,1.67744,0.00618616
35.56,1.67763,0.00610828
35.57,1.67759,0.00572133
35.58,1.67761,0.00578676
35.59,1.67765,0.0060409
35.6,1.67816,0.00594332
35.61,1.67843,0.00550752
35.62,1.67869,0.00499813
35.63,1.6789,0.00548342
35.64,1.67932,0.00596274
35.65,1.67967,0.00561712
35.66,1.67984,0.00560742
35.67,1.67991,0.00558513
35.68,1.67977,0.0052088
35.69,1.67937,0.00543084
35.7,1.67928,0.0052443
35.71,1.67876,0.00513555
35.72,1.67876,0.00473422
35.73,1.67897,0.00439178
35.74,1.67866,0.00419784
35.75,1.67884,0.00390339
35.76,1.67898,0.0037639
35.77,1.6789,0.00389379
35.78,1.67903,0.0034005
35.79,1.67931,0.00290998
35.8,1.67965,0.00245948
35.81,1.67985,0.00214641
35.82,1.68017,0.0013738
35.83,1.68051,0.00283719
35.84,1.68102,0.00414059
35.85,1.6809,0.00376538
35.86,1.68074,0.0039133
35.87,1.68074,0.00371323
35.88,1.68014,0.0034805
35.89,1.67988,0.00357773
35.9,1.67956,0.00369465
35.91,1.67958,0.00358632
35.92,1.67934,0.00359024
35.93,1.67933,0.00353341
35.94,1.67898,0.00363451
35.95,1.67927,0.0035497
35.96,1.67913,0.0038266
35.97,1.67897,0.00398766
35.98,1.67912,0.00408973
35.99,1.67918,0.0044902
36,1.67956,0.00437262
36.01,1.67982,0.00433513
36.02,1.6801,0.00437801
36.03,1.68012,0.00511554
36.04,1.68011,0.00605576
36.05,1.68004,0.00589745
36.06,1.67991,0.00568298
36.07,1.6797,0.00563766
36.08,1.67921,0.00579863
36.09,1.67924,0.00550014
36.1,1.67903,0.00541124
36.11,1.67877,0.00515273
36.12,1.67865,0.00521931
36.13,1.67869,0.00508788
36.14,1.67878,0.00510116
36.15,1.67882,0.0051119
36.16,1.67861,0.00555648
36.17,1.6786,0.00548647
36.18,1.67904,0.00484197
36.19,1.6793,0.00461272
36.2,1.67967,0.0039052
36.21,1.67985,0.00374997
36.22,1.68014,0.00351153
36.23,1.68011,0.00502485
36.24,1.68,0.00690358
36.25,1.67993,0.00670825
36.26,1.67986,0.00686661
36.27,1.67979,0.00677538
36.28,1.67935,0.00655576
36.29,1.67921,0.00638846
36.3,1.67908,0.00647307
36.31,1.67904,0.00625126
36.32,1.67892,0.00624917
36.33,1.67884,0.00636369
36.34,1.67893,0.00665135
36.35,1.67928,0.00676857
36.36,1.67899,0.00730616
36.37,1.67911,0.00734439
36.38,1.67902,0.00765183
36.39,1.67908,0.00783023
36.4,1.6796,0.00728457
36.41,1.67959,0.00685861
36.42,1.6801,0.00641171
36.43,1.68025,0.00703923
36.44,1.68019,0.00736671
36.45,1.68003,0.00741824
36.46,1.68013,0.00730552
36.47,1.67977,0.00740437
36.48,1.67946,0.00757287
36.49,1.67937,0.00741775
36.5,1.67927,0.00718632
36.51,1.67942,0.00698
36.52,1.67922,0.00695763
36.53,1.67933,0.00682111
36.54,1.67958,0.00656129
36.55,1.67958,0.00637804
36.56,1.67966,0.00638922
36.57,1.67973,0.00591255
36.58,1.68033,0.00535565
36.59,1.68109,0.00461599
36.6,1.68166,0.00401094
36.61,1.68195,0.00354971
36.62,1.68233,0.00351629
36.63,1.68255,0.00540576
36.64,1.68234,0.00708254
36.65,1.68221,0.00711981
36.66,1.68191,0.00713026
36.67,1.68166,0.00710792
36.68,1.68122,0.0069709
36.69,1.68109,0.00705696
36.7,1.6807,0.00702308
36.71,1.68047,0.00677396
36.72,1.68031,0.00689016
36.73,1.68022,0.00699008
36.74,1.68008,0.00691436
36.75,1.67993,0.00704174
36.76,1.68013,0.00736068
36.77,1.68032,0.00752952
36.78,1.6802,0.00747362
36.79,1.68022,0.00767729
36.8,1.68058,0.00743834
36.81,1.6808,0.00725252
36.82,1.68083,0.00699568
36.83,1.68093,0.00747135
36.84,1.68114,0.00786792
36.85,1.68084,0.00807476
36.86,1.68097,0.00790076
36.87,1.68095,0.00792719
36.88,1.68068,0.00780483
36.89,1.68035,0.00783569
36.9,1.68001,0.00782326
36.91,1.67999,0.00772802
36.92,1.67988,0.0076862
36.93,1.6795,0.00779956
36.94,1.67937,0.00781204
36.95,1.67911,0.00802277
36.96,1.67928,0.00791422
36.97,1.6788,0.00814615
36.98,1.67889,0.00770628
36.99,1.67931,0.00712879
37,1.67974,0.00647857
37.01,1.67986,0.00618187
37.02,1.6804,0.00595345
37.03,1.68037,0.0076178
37.04,1.68064,0.00916588
37.05,1.68051,0.00930475
37.06,1.68034,0.00899906
37.07,1.6804,0.00862406
37.08,1.67993,0.00868007
37.09,1.67947,0.00862052
37.1,1.6794,0.00860802
37.11,1.67927,0.00870611
37.12,1.67905,0.00867806
37.13,1.67889,0.00898074
37.14,1.67875,0.00912424
37.15,1.67891,0.00889574
37.16,1.67907,0.0086747
37.17,1.67931,0.00861222
37.18,1.67968,0.00801298
37.19,1.6796,0.00822871
37.2,1.67996,0.008132
37.21,1.68018,0.00760318
37.22,1.68041,0.00728995
37.23,1.6806,0.00756142
37.24,1.68075,0.00819502
37.25,1.68059,0.0083898
37.26,1.68039,0.00832493
37.27,1.68015,0.00828268
37.28,1.68002,0.00814455
37.29,1.67993,0.00792987
37.3,1.67988,0.00774941
37.31,1.67981,0.00737911
37.32,1.67973,0.0073684
37.33,1.67958,0.00731807
37.34,1.6795,0.00715193
37.35,1.67963,0.0071447
37.36,1.67967,0.00683301
37.37,1.67989,0.00653917
37.38,1.68053,0.00584226
37.39,1.68102,0.00521785
37.4,1.68135,0.00420338
37.41,1.68148,0.00380864
37.42,1.68165,0.00367871
37.43,1.6816,0.00560786
37.44,1.68171,0.00738966
37.45,1.68174,0.00754208
37.46,1.68171,0.00754846
37.47,1.68148,0.00731724
37.48,1.68142,0.00734863
37.49,1.68098,0.00732167
37.5,1.68049,0.00724065
37.51,1.68029,0.00698973
37.52,1.68013,0.00719701
37.53,1.67989,0.00724042
37.54,1.6799,0.00725293
37.55,1.68007,0.00711943
37.56,1.68022,0.00673616
37.57,1.68037,0.00657572
37.58,1.68028,0.00691202
37.59,1.68022,0.00718348
37.6,1.68027,0.00714156
37.61,1.68081,0.00660259
37.62,1.68076,0.00638872
37.63,1.68055,0.00705974
37.64,1.68051,0.00760297
37.65,1.68064,0.00743431
37.66,1.68049,0.00736604
37.67,1.68022,0.00717313
37.68,1.68023,0.00687403
37.69,1.68017,0.00675253
37.7,1.68008,0.00650276
37.71,1.67997,0.00622203
37.72,1.67991,0.00635008
37.73,1.68012,0.00622072
37.74,1.67974,0.00655296
37.75,1.67967,0.0066499
37.76,1.67983,0.00653785
37.77,1.6798,0.00649898
37.78,1.68042,0.00564476
37.79,1.68101,0.00480974
37.8,1.68137,0.00439618
37.81,1.68154,0.00417046
37.82,1.68191,0.00405994
37.83,1.68216,0.00570886
37.84,1.68229,0.00682421
37.85,1.68231,0.00675143
37.86,1.68225,0.00680296
37.87,1.68196,0.00685181
37.88,1.6817,0.00648061
37.89,1.68132,0.00634511
37.9,1.68084,0.00645549
37.91,1.68097,0.00607786
37.92,1.68089,0.00615111
37.93,1.68119,0.00596819
37.94,1.6813,0.00569038
37.95,1.68166,0.00577184
37.96,1.68173,0.00583467
37.97,1.68208,0.00577837
37.98,1.68227,0.00585884
37.99,1.68256,0.00575533
38,1.68228,0.00618247
38.01,1.68246,0.00587865
38.02,1.6826,0.00568333
38.03,1.68248,0.00609757
38.04,1.68222,0.00699919
38.05,1.68221,0.00691251
38.06,1.68203,0.00688757
38.07,1.6818,0.00680942
38.08,1.68143,0.00684855
38.09,1.68164,0.00619641
38.1,1.68152,0.00604856
38.11,1.68128,0.00599345
38.12,1.68119,0.00582602
38.13,1.68142,0.00560463
38.14,1.68147,0.00553437
38.15,1.68169,0.00543652
38.16,1.68174,0.00557607
38.17,1.68193,0.00562911
38.18,1.68248,0.00519974
38.19,1.68335,0.00454601
38.2,1.684,0.00421846
38.21,1.68428,0.00377908
38.22,1.68483,0.00297031
38.23,1.685,0.00399751
38.24,1.68496,0.00558927
38.25,1.685,0.00551245
38.26,1.68478,0.00566518
38.27,1.68427,0.00568987
38.28,1.6841,0.00560378
38.29,1.68386,0.00560112
38.3,1.68361,0.00534957
38.31,1.68357,0.0051566
38.32,1.68335,0.00517008
38.33,1.68396,0.00478392
38.34,1.68411,0.00471437
38.35,1.68444,0.00477204
38.36,1.68454,0.00483782
38.37,1.68499,0.00473778
38.38,1.68491,0.00499551
38.39,1.68482,0.00538889
38.4,1.68535,0.00502401
38.41,1.68583,0.00452049
38.42,1.68632,0.00393047
38.43,1.68633,0.00384697
38.44,1.68614,0.00426128
38.45,1.68589,0.0043268
38.46,1.6858,0.00425613
38.47,1.68591,0.0039573
38.48,1.68574,0.0037831
38.49,1.6855,0.00371916
38.5,1.68513,0.00399268
38.51,1.68492,0.00399083
38.52,1.68512,0.00380978
38.53,1.68526,0.00387423
38.54,1.68546,0.00393324
38.55,1.68584,0.00388695
38.56,1.68594,0.00419683
38.57,1.68645,0.00440769
38.58,1.68692,0.00431961
38.59,1.6874,0.00448628
38.6,1.68791,0.00423606
38.61,1.68822,0.00385805
38.62,1.68862,0.00350901
38.63,1.68877,0.00368332
38.64,1.6888,0.00463359
38.65,1.68883,0.00444882
38.66,1.6887,0.00449426
38.67,1.68846,0.00433075
38.68,1.6881,0.00422901
38.69,1.68807,0.00389672
38.7,1.68804,0.00366419
38.71,1.68772,0.00388724
38.72,1.68774,0.00389134
38.73,1.68781,0.00406388
38.74,1.68772,0.00441946
38.75,1.6883,0.00435914
38.76,1.6887,0.00443021
38.77,1.68898,0.00476229
38.78,1.68911,0.00497452
38.79,1.68959,0.00509187
38.8,1.68984,0.00514634
38.81,1.68995,0.00499034
38.82,1.69003,0.00479997
38.83,1.69013,0.00486757
38.84,1.68983,0.00520965
38.85,1.68955,0.00531546
38.86,1.68952,0.00504761
38.87,1.68899,0.00533391
38.88,1.68867,0.00543519
38.89,1.68838,0.00544732
38.9,1.68834,0.00525251
38.91,1.68809,0.00535851
38.92,1.68841,0.00507459
38.93,1.68881,0.00483311
38.94,1.68903,0.00506724
38.95,1.6892,0.00547061
38.96,1.68967,0.00556813
38.97,1.68987,0.00613816
38.98,1.69021,0.00633813
38.99,1.69059,0.00635638
39,1.69101,0.00622455
39.01,1.6914,0.00591654
39.02,1.69158,0.00564209
39.03,1.69143,0.00624781
39.04,1.69168,0.00690939
39.05,1.6918,0.00666507
39.06,1.6915,0.00679286
39.07,1.69121,0.00685435
39.08,1.69101,0.00679878
39.09,1.69091,0.00659492
39.1,1.69063,0.0067363
39.11,1.69079,0.00655791
39.12,1.69084,0.00667462
39.13,1.69109,0.00672908
39.14,1.69132,0.00682603
39.15,1.6916,0.00691595
39.16,1.6922,0.00673804
39.17,1.69286,0.00646052
39.18,1.69329,0.0064628
39.19,1.69348,0.00665093
39.2,1.69367,0.00709217
39.21,1.69388,0.00711197
39.22,1.69401,0.00722493
39.23,1.69386,0.00763139
39.24,1.69359,0.00818493
39.25,1.69352,0.00804895
39.26,1.69339,0.00800909
39.27,1.69346,0.0078431
39.28,1.69325,0.00776398
39.29,1.69312,0.00752588
39.3,1.69289,0.0075707
39.31,1.69321,0.00724258
39.32,1.69336,0.00729891
39.33,1.69355,0.00750412
39.34,1.69385,0.00752681
39.35,1.69436,0.00767525
39.36,1.69467,0.00799985
39.37,1.69512,0.00826036
39.38,1.69541,0.0087327
39.39,1.69573,0.00893423
39.4,1.69644,0.00871311
39.41,1.69674,0.00889057
39.42,1.69697,0.00868015
39.43,1.69723,0.00913388
39.44,1.69721,0.00961864
39.45,1.6969,0.00975772
39.46,1.69689,0.00956169
39.47,1.6964,0.00985882
39.48,1.69622,0.0096698
39.49,1.69604,0.00958104
39.5,1.69607,0.00952575
39.51,1.69649,0.00933257
39.52,1.69652,0.00942248
39.53,1.69632,0.0100388
39.54,1.69682,0.0100605
39.55,1.69721,0.0101813
39.56,1.6976,0.0100883
39.57,1.69803,0.0100003
39.58,1.6982,0.0101923
39.59,1.69838,0.0104763
39.6,1.69858,0.0107648
39.61,1.69879,0.0112599
39.62,1.69905,0.0113317
39.63,1.69903,0.0117764
39.64,1.69898,0.0122465
39.65,1.69884,0.0120296
39.66,1.69867,0.0117215
39.67,1.6983,0.0117229
39.68,1.69802,0.0119233
39.69,1.69782,0.0117055
39.7,1.69767,0.0116636
39.71,1.69775,0.0115399
39.72,1.69811,0.0114788
39.73,1.69848,0.0113978
39.74,1.69858,0.0118076
39.75,1.69872,0.0121055
39.76,1.69902,0.0124025
39.77,1.69919,0.0129509
39.78,1.69947,0.0133407
39.79,1.69989,0.0132824
39.8,1.70056,0.0128706
39.81,1.70092,0.0127222
39.82,1.70116,0.0124215
39.83,1.70133,0.0126746
39.84,1.70138,0.0131205
39.85,1.70131,0.0130262
39.86,1.70107,0.0130324
39.87,1.70112,0.0128878
39.88,1.701,0.0126741
39.89,1.70096,0.0125379
39.9,1.70076,0.0125108
39.91,1.70084,0.0123787
39.92,1.70107,0.0121894
39.93,1.70154,0.0117898
39.94,1.70208,0.011624
39.95,1.70219,0.0119089
39.96,1.70239,0.0118445
39.97,1.70263,0.0119683
39.98,1.70313,0.0118771
39.99,1.70325,0.0122135
40,1.70369,0.0125079
40.01,1.7039,0.013089
40.02,1.70418,0.0134683
40.03,1.70425,0.0140041
40.04,1.70417,0.0143126
40.05,1.70418,0.014356
40.06,1.70393,0.014214
40.07,1.70371,0.0139645
40.08,1.70351,0.0137316
40.09,1.70336,0.0134585
40.1,1.70301,0.0133828
40.11,1.70349,0.0130741
40.12,1.70357,0.0132089
40.13,1.70388,0.0131097
40.14,1.70458,0.0129637
40.15,1.70465,0.0133844
40.16,1.70481,0.0137569
40.17,1.70507,0.0138641
40.18,1.70581,0.0142253
40.19,1.70637,0.0144701
40.2,1.70677,0.0146345
40.21,1.70709,0.0147171
40.22,1.70721,0.0145187
40.23,1.70709,0.0148376
40.24,1.70686,0.0156365
40.25,1.70693,0.0155378
40.26,1.70679,0.0154023
40.27,1.70647,0.015079
40.28,1.70611,0.015048
40.29,1.7062,0.0144307
40.3,1.706,0.0141996
40.31,1.70631,0.0140176
40.32,1.70668,0.0137762
40.33,1.7069,0.0139118
40.34,1.70715,0.0137809
40.35,1.7077,0.0134413
40.36,1.70804,0.0134133
40.37,1.70837,0.0133624
40.38,1.70863,0.0134904
40.39,1.70916,0.0134027
40.4,1.7092,0.0138916
40.41,1.70943,0.0141633
40.42,1.70946,0.0146107
40.43,1.70968,0.015341
40.44,1.70933,0.0162897
40.45,1.70915,0.0162048
40.46,1.70898,0.0159292
40.47,1.70866,0.0156167
40.48,1.70848,0.0155017
40.49,1.70833,0.0153088
40.5,1.70838,0.0149243
40.51,1.70826,0.0148339
40.52,1.70877,0.014247
40.53,1.70931,0.0140034
40.54,1.7094,0.0143791
40.55,1.70971,0.0144313
40.56,1.70993,0.0145907
40.57,1.71059,0.0144858
40.58,1.71085,0.0148224
40.59,1.71134,0.0148464
40.6,1.7115,0.0148746
40.61,1.7116,0.0152673
40.62,1.71153,0.0157053
40.63,1.71179,0.0164139
40.64,1.71181,0.0171904
40.65,1.71191,0.0169377
40.66,1.71178,0.0169046
40.67,1.71189,0.0165875
40.68,1.71202,0.0162958
40.69,1.71179,0.0160737
40.7,1.71194,0.0155789
40.71,1.71186,0.015538
40.72,1.71202,0.0151442
40.73,1.71218,0.0147284
40.74,1.71242,0.0146628
40.75,1.71233,0.0146173
40.76,1.71244,0.0144614
40.77,1.71241,0.0143451
40.78,1.71253,0.014199
40.79,1.71278,0.0145669
40.8,1.71281,0.0148261
40.81,1.71261,0.0152497
40.82,1.71297,0.0153897
40.83,1.71289,0.016378
40.84,1.71289,0.0168497
40.85,1.71298,0.016569
40.86,1.71289,0.0166625
40.87,1.7124,0.0167192
40.88,1.71202,0.0168409
40.89,1.71196,0.0166813
40.9,1.71173,0.016488
40.91,1.71164,0.0163798
40.92,1.71191,0.0162151
40.93,1.71233,0.0161033
40.94,1.71252,0.0161005
40.95,1.71284,0.0161564
40.96,1.71331,0.0162791
40.97,1.71365,0.0163593
40.98,1.71421,0.0162545
40.99,1.7147,0.0162512
41,1.71485,0.0164129
41.01,1.71531,0.0166256
41.02,1.71526,0.0169113
41.03,1.71497,0.0184004
41.04,1.71493,0.0196201
41.05,1.71478,0.0196689
41.06,1.71451,0.0197172
41.07,1.71429,0.019505
41.08,1.71416,0.0192688
41.09,1.71383,0.0190493
41.1,1.7136,0.0186719
41.11,1.71377,0.0180286
41.12,1.71426,0.0172528
41.13,1.71455,0.0168871
41.14,1.7148,0.0162825
41.15,1.71481,0.0160612
41.16,1.71519,0.0154271
41.17,1.71529,0.0151491
41.18,1.71559,0.0147731
41.19,1.71592,0.0146782
41.2,1.71617,0.0149002
41.21,1.71627,0.0153674
41.22,1.71661,0.0155779
41.23,1.7167,0.0165004
41.24,1.7169,0.0172706
41.25,1.71688,0.0172001
41.26,1.71687,0.017131
41.27,1.71662,0.0173741
41.28,1.71623,0.0173159
41.29,1.71608,0.0171624
41.3,1.71583,0.0173348
41.31,1.71614,0.0171073
41.32,1.71593,0.0172722
41.33,1.71627,0.0172786
41.34,1.71674,0.0170976
41.35,1.71688,0.0173334
41.36,1.7172,0.0173802
41.37,1.71741,0.0175598
41.38,1.71783,0.0178665
41.39,1.71811,0.0179584
41.4,1.71864,0.0176405
41.41,1.71881,0.0178013
41.42,1.71874,0.0180386
41.43,1.71856,0.0192793
41.44,1.71878,0.0203972
41.45,1.7187,0.020463
41.46,1.71849,0.0205118
41.47,1.71831,0.0204466
41.48,1.71802,0.0203512
41.49,1.7177,0.019967
41.5,1.71774,0.0194341
41.51,1.7181,0.0185161
41.52,1.7184,0.0177517
41.53,1.71864,0.0171902
41.54,1.71895,0.0166399
41.55,1.71955,0.0161032
41.56,1.71982,0.015529
41.57,1.71991,0.0152113
41.58,1.7201,0.015066
41.59,1.72035,0.015251
41.6,1.72084,0.0150855
41.61,1.72107,0.0152333
41.62,1.72126,0.0155083
41.63,1.72165,0.0160821
41.64,1.72177,0.0168528
41.65,1.72188,0.0165046
41.66,1.7217,0.0163273
41.67,1.72166,0.0161122
41.68,1.72113,0.0161866
41.69,1.72103,0.0160241
41.7,1.72098,0.0157686
41.71,1.721,0.0155603
41.72,1.72123,0.0153954
41.73,1.72163,0.0153065
41.74,1.72178,0.0156127
41.75,1.72205,0.0156728
41.76,1.72254,0.0155522
41.77,1.72292,0.0157557
41.78,1.7234,0.0157427
41.79,1.72399,0.0155072
41.8,1.72445,0.0155201
41.81,1.725,0.015367
41.82,1.7254,0.0157279
41.83,1.72549,0.0172562
41.84,1.72541,0.0182343
41.85,1.72527,0.0183369
41.86,1.72529,0.0181258
41.87,1.72534,0.017862
41.88,1.72504,0.0177492
41.89,1.72481,0.0176781
41.9,1.72484,0.0170152
41.91,1.72476,0.0163744
41.92,1.72493,0.0157625
41.93,1.72506,0.0152775
41.94,1.72548,0.014632
41.95,1.72593,0.0139768
41.96,1.72623,0.013418
41.97,1.72626,0.013042
41.98,1.72686,0.01267
41.99,1.72734,0.0123903
42,1.72764,0.0125445
42.01,1.72785,0.012942
42.02,1.72821,0.0132642
42.03,1.72856,0.0143375
42.04,1.728,0.015438
42.05,1.72793,0.0153638
42.06,1.72781,0.0150852
42.07,1.7273,0.0154076
42.08,1.72725,0.0154417
42.09,1.72707,0.0152507
42.1,1.72695,0.0153741
42.11,1.7271,0.015116
42.12,1.7275,0.0148034
42.13,1.72752,0.0148879
42.14,1.72773,0.0149137
42.15,1.72836,0.0147217
42.16,1.72826,0.0149941
42.17,1.72867,0.0149708
42.18,1.72922,0.0149508
42.19,1.73013,0.0147497
42.2,1.73068,0.0148606
42.21,1.73136,0.0146708
42.22,1.73164,0.0147825
42.23,1.73191,0.0159314
42.24,1.73191,0.0172797
42.25,1.73192,0.0171896
42.26,1.73178,0.0172121
42.27,1.73127,0.0174395
42.28,1.73144,0.016888
42.29,1.73135,0.0162997
42.3,1.73108,0.0158828
42.31,1.73115,0.0151373
42.32,1.73114,0.0147845
42.33,1.73131,0.0142315
42.34,1.73169,0.0135514
42.35,1.73224,0.0128746
42.36,1.73241,0.0125256
42.37,1.73282,0.0120027
42.38,1.7328,0.0119281
42.39,1.7329,0.011961
42.4,1.73299,0.0122438
42.41,1.73357,0.0121885
42.42,1.73362,0.0125818
42.43,1.7335,0.0137805
42.44,1.73351,0.0146125
42.45,1.7335,0.0144816
42.46,1.73313,0.0146862
42.47,1.73307,0.0146702
42.48,1.7327,0.0145985
42.49,1.73261,0.0144331
42.5,1.73237,0.0146713
42.51,1.73211,0.0146286
42.52,1.73217,0.0144921
42.53,1.73241,0.0144146
42.54,1.73271,0.014274
42.55,1.73311,0.0142856
42.56,1.73326,0.0146362
42.57,1.73354,0.0148584
42.58,1.73417,0.0148088
42.59,1.7347,0.014935
42.6,1.73526,0.0148913
42.61,1.73538,0.0151285
42.62,1.73557,0.0155984
42.63,1.73591,0.0169284
42.64,1.73609,0.0182213
42.65,1.73614,0.0183922
42.66,1.73601,0.0183473
42.67,1.73601,0.0182393
42.68,1.73597,0.0178205
42.69,1.73587,0.0175298
42.7,1.73579,0.0171613
42.71,1.73572,0.0167047
42.72,1.73577,0.0161178
42.73,1.73611,0.0153888
42.74,1.73635,0.0147659
42.75,1.73667,0.0142258
42.76,1.7374,0.0134024
42.77,1.73784,0.0131086
42.78,1.73793,0.0129436
42.79,1.73842,0.0127387
42.8,1.73875,0.0126499
42.81,1.73922,0.0128318
42.82,1.73919,0.01369
42.83,1.7394,0.0149472
42.84,1.73959,0.015661
42.85,1.73967,0.0155117
42.86,1.73962,0.0157436
42.87,1.73949,0.0155727
42.88,1.73934,0.0154874
42.89,1.73934,0.0154655
42.9,1.7388,0.0157334
42.91,1.73893,0.015589
42.92,1.73904,0.0157169
42.93,1.73956,0.015581
42.94,1.74001,0.0154067
42.95,1.74024,0.0151863
42.96,1.74041,0.0153976
42.97,1.74059,0.0154934
42.98,1.74104,0.0156628
42.99,1.74167,0.015647
43,1.74248,0.015519
43.01,1.74285,0.015836
43.02,1.7427,0.01653
43.03,1.74292,0.0180376
43.04,1.74295,0.0193458
43.05,1.74317,0.0191142
43.06,1.74326,0.0191402
43.07,1.74313,0.0190778
43.08,1.74303,0.0188361
43.09,1.74269,0.0186588
43.1,1.74226,0.0183298
43.11,1.74219,0.0177684
43.12,1.74254,0.017084
43.13,1.74261,0.0166438
43.14,1.74292,0.0159633
43.15,1.74326,0.01541
43.16,1.74377,0.014653
43.17,1.74422,0.0140767
43.18,1.74438,0.0138633
43.19,1.7448,0.0134169
43.2,1.7454,0.0131316
43.21,1.74574,0.0131215
43.22,1.74574,0.0137615
43.23,1.74591,0.0146872
43.24,1.74603,0.0159576
43.25,1.74613,0.0159113
43.26,1.74573,0.0161219
43.27,1.74565,0.0158819
43.28,1.74535,0.0157589
43.29,1.7452,0.0157763
43.3,1.7452,0.0153552
43.31,1.7449,0.0155226
43.32,1.74501,0.0156826
43.33,1.74548,0.0153906
43.34,1.74578,0.0151742
43.35,1.74612,0.0150673
43.36,1.74643,0.0151878
43.37,1.74675,0.0153417
43.38,1.74741,0.0154538
43.39,1.74799,0.0155691
43.4,1.74836,0.0155228
43.41,1.74861,0.0157152
43.42,1.74861,0.0162905
43.43,1.7488,0.0176766
43.44,1.74888,0.0190254
43.45,1.7489,0.0190354
43.46,1.74878,0.0190987
43.47,1.74867,0.0189642
43.48,1.74853,0.0187022
43.49,1.74858,0.0182083
43.5,1.74831,0.0178291
43.51,1.74858,0.0172547
43.52,1.74871,0.0167651
43.53,1.74921,0.0159169
43.54,1.7498,0.0149108
43.55,1.75045,0.0141366
43.56,1.75091,0.01345
43.57,1.75133,0.0127372
43.58,1.75134,0.0125933
43.59,1.75178,0.0125316
43.6,1.75235,0.0124772
43.61,1.75283,0.012479
43.62,1.75309,0.0129945
43.63,1.75334,0.0142375
43.64,1.75304,0.0153463
43.65,1.75325,0.0150587
43.66,1.7531,0.0148849
43.67,1.75302,0.0146924
43.68,1.753,0.0146291
43.69,1.7529,0.014431
43.7,1.75255,0.0145598
43.71,1.75234,0.0145894
43.72,1.75241,0.0147133
43.73,1.75284,0.0144328
43.74,1.75293,0.0146232
43.75,1.75332,0.0145023
43.76,1.75362,0.0145473
43.77,1.75385,0.0147028
43.78,1.75438,0.0148536
43.79,1.75521,0.0145392
43.8,1.75533,0.0149221
43.81,1.75582,0.0149083
43.82,1.75605,0.0155935
43.83,1.75599,0.0171804
43.84,1.75589,0.0183056
43.85,1.75602,0.0182189
43.86,1.7559,0.0182286
43.87,1.75553,0.0181975
43.88,1.75506,0.0182322
43.89,1.75483,0.0180792
43.9,1.75453,0.0177181
43.91,1.75461,0.0170151
43.92,1.75458,0.016441
43.93,1.75509,0.0156302
43.94,1.75542,0.0150625
43.95,1.75555,0.0145476
43.96,1.7558,0.0140717
43.97,1.75589,0.0137865
43.98,1.7564,0.0133186
43.99,1.75656,0.0133751
44,1.75669,0.0135216
44.01,1.75665,0.0139251
44.02,1.7568,0.014515
44.03,1.75688,0.0156249
44.04,1.75687,0.0166932
44.05,1.75667,0.0167955
44.06,1.75631,0.0170899
44.07,1.7561,0.01716
44.08,1.75587,0.0172808
44.09,1.75556,0.0174351
44.1,1.75546,0.0174963
44.11,1.75547,0.0175208
44.12,1.75568,0.0174123
44.13,1.75588,0.0175564
44.14,1.7563,0.0173317
44.15,1.75664,0.0170946
44.16,1.75656,0.0173212
44.17,1.75702,0.017186
44.18,1.75774,0.0169024
44.19,1.7584,0.0168926
44.2,1.75906,0.0168283
44.21,1.75945,0.0168779
44.22,1.75998,0.0171577
44.23,1.76,0.0189817
44.24,1.76015,0.0202717
44.25,1.76012,0.0204478
44.26,1.75986,0.0205803
44.27,1.75949,0.0207415
44.28,1.75944,0.0204729
44.29,1.75931,0.0202136
44.3,1.75898,0.0198433
44.31,1.75879,0.0194733
44.32,1.75924,0.0187074
44.33,1.75975,0.0177849
44.34,1.76026,0.0168953
44.35,1.76094,0.0158835
44.36,1.76146,0.0149721
44.37,1.76192,0.0142421
44.38,1.76226,0.0137643
44.39,1.76289,0.0132741
44.4,1.76323,0.0132868
44.41,1.76368,0.0133161
44.42,1.76413,0.013621
44.43,1.76446,0.0144911
44.44,1.76443,0.0155041
44.45,1.76405,0.0156648
44.46,1.7638,0.015869
44.47,1.76362,0.0159175
44.48,1.76335,0.0160419
44.49,1.76329,0.0160327
44.5,1.7627,0.0161933
44.51,1.76286,0.0158398
44.52,1.76301,0.0155728
44.53,1.76326,0.0154511
44.54,1.76364,0.0152032
44.55,1.76398,0.0150306
44.56,1.76422,0.0151663
44.57,1.76454,0.0151335
44.58,1.76496,0.0153701
44.59,1.76536,0.0155431
44.6,1.76571,0.0155991
44.61,1.76612,0.0157719
44.62,1.76634,0.016345
44.63,1.76642,0.0179871
44.64,1.76639,0.0194942
44.65,1.76621,0.0196326
44.66,1.76617,0.0195302
44.67,1.76597,0.0195929
44.68,1.76589,0.0193304
44.69,1.76574,0.0189481
44.7,1.76549,0.0186408
44.71,1.76563,0.0178626
44.72,1.76587,0.0173029
44.73,1.76623,0.0165063
44.74,1.76689,0.0157105
44.75,1.76711,0.0152186
44.76,1.76763,0.0145907
44.77,1.76803,0.0139909
44.78,1.76841,0.0137582
44.79,1.76865,0.0139351
44.8,1.76908,0.014034
44.81,1.76933,0.014385
44.82,1.76957,0.0150584
44.83,1.76962,0.0162107
44.84,1.77007,0.0165767
44.85,1.76979,0.0168527
44.86,1.77001,0.016591
44.87,1.76993,0.016346
44.88,1.76981,0.0163551
44.89,1.76962,0.0162833
44.9,1.76942,0.016316
44.91,1.76978,0.0159164
44.92,1.76974,0.0159396
44.93,1.77,0.0158208
44.94,1.7704,0.0156707
44.95,1.77087,0.0156284
44.96,1.77131,0.0154737
44.97,1.7716,0.0156066
44.98,1.77208,0.0157977
44.99,1.77277,0.0156739
45,1.77315,0.0159278
45.01,1.77372,0.0159747
45.02,1.77405,0.0165738
45.03,1.77439,0.0180155
45.04,1.77431,0.0194826
45.05,1.77444,0.0193162
45.06,1.77444,0.0192571
45.07,1.77413,0.0192578
45.08,1.77398,0.0189407
45.09,1.77378,0.0184933
45.1,1.77358,0.0179832
45.11,1.77373,0.0174067
45.12,1.77406,0.0166661
45.13,1.77436,0.0160018
45.14,1.77486,0.0151627
45.15,1.77535,0.014349
45.16,1.77594,0.013763
45.17,1.77624,0.0134064
45.18,1.77693,0.0127065
45.19,1.77728,0.0125219
45.2,1.77732,0.0127905
45.21,1.77747,0.0131851
45.22,1.77798,0.0134267
45.23,1.7784,0.0145927
45.24,1.77852,0.0157484
45.25,1.77806,0.0160625
45.26,1.778,0.0159734
45.27,1.77766,0.0160911
45.28,1.7773,0.0160624
45.29,1.77692,0.0160663
45.3,1.77647,0.0163859
45.31,1.77637,0.0163802
45.32,1.77655,0.0163481
45.33,1.77679,0.0161604
45.34,1.77715,0.0158926
45.35,1.77731,0.0160769
45.36,1.77744,0.0160612
45.37,1.77775,0.0161803
45.38,1.77829,0.0162618
45.39,1.77855,0.0166303
45.4,1.7789,0.016815
45.41,1.77966,0.0167418
45.42,1.77981,0.0173224
45.43,1.78017,0.0189118
45.44,1.78035,0.0205393
45.45,1.78031,0.0206485
45.46,1.78008,0.0206321
45.47,1.78005,0.0203175
45.48,1.77983,0.0203344
45.49,1.77994,0.0200195
45.5,1.78,0.0197364
45.51,1.77978,0.0198825
45.52,1.77992,0.0198611
45.53,1.78011,0.0197323
45.54,1.78047,0.0194837
45.55,1.78083,0.0194176
45.56,1.78153,0.0190116
45.57,1.78182,0.0189603
45.58,1.782,0.0189722
45.59,1.7819,0.0192099
45.6,1.78232,0.0189937
45.61,1.78309,0.0186516
45.62,1.7834,0.0192552
45.63,1.78352,0.0209278
45.64,1.78369,0.0223004
45.65,1.78366,0.0221825
45.66,1.78327,0.0222205
45.67,1.78285,0.022435
45.68,1.78264,0.0223281
45.69,1.78256,0.0220554
45.7,1.78248,0.0218304
45.71,1.78251,0.0216912
45.72,1.7826,0.0213237
45.73,1.78265,0.0212844
45.74,1.78283,0.021247
45.75,1.78337,0.0209089
45.76,1.7839,0.020499
45.77,1.78425,0.0202984
45.78,1.78486,0.0200708
45.79,1.78554,0.0197519
45.8,1.78629,0.0192814
45.81,1.78686,0.0190951
45.82,1.78729,0.0189727
45.83,1.78773,0.0197214
45.84,1.78779,0.0206787
45.85,1.78772,0.0207386
45.86,1.7875,0.0208515
45.87,1.78738,0.0207341
45.88,1.78737,0.0204835
45.89,1.78734,0.0203243
45.9,1.78733,0.0200355
45.91,1.78704,0.0201445
45.92,1.78714,0.020162
45.93,1.78739,0.0199908
45.94,1.78792,0.019761
45.95,1.78823,0.0195933
45.96,1.78847,0.0194773
45.97,1.7889,0.0192042
45.98,1.78948,0.018753
45.99,1.79003,0.0182565
46,1.79023,0.0180819
46.01,1.79095,0.0175838
46.02,1.79103,0.0180894
46.03,1.7917,0.0191702
46.04,1.79171,0.0205379
46.05,1.79147,0.0206379
46.06,1.79128,0.0206061
46.07,1.79093,0.0205743
46.08,1.79089,0.0202638
46.09,1.79068,0.0200544
46.1,1.79036,0.0199526
46.11,1.79008,0.0199871
46.12,1.79008,0.0197468
46.13,1.79033,0.0195175
46.14,1.79094,0.0190347
46.15,1.79145,0.0186715
46.16,1.79193,0.0183416
46.17,1.79248,0.0178919
46.18,1.79304,0.0174037
46.19,1.7937,0.0171054
46.2,1.79449,0.0165006
46.21,1.79518,0.0159467
46.22,1.79535,0.0158011
46.23,1.79535,0.0165042
46.24,1.79552,0.0172237
46.25,1.7956,0.0171372
46.26,1.7953,0.0172858
46.27,1.79512,0.017192
46.28,1.79508,0.0168968
46.29,1.79484,0.016953
46.3,1.79461,0.0168336
46.31,1.79437,0.0168175
46.32,1.79429,0.0168736
46.33,1.79441,0.0167059
46.34,1.79458,0.0166526
46.35,1.79514,0.0161307
46.36,1.79537,0.0160522
46.37,1.79552,0.015892
46.38,1.79593,0.015544
46.39,1.79653,0.0147745
46.4,1.79674,0.0143925
46.41,1.79734,0.0136923
46.42,1.79765,0.0138826
46.43,1.79779,0.0152943
46.44,1.7978,0.0167091
46.45,1.79813,0.0163317
46.46,1.79795,0.0163403
46.47,1.79775,0.0161543
46.48,1.79779,0.0157251
46.49,1.79755,0.015506
46.5,1.79745,0.0152414
46.51,1.79741,0.0149646
46.52,1.79748,0.0147275
46.53,1.79783,0.0143762
46.54,1.79812,0.014124
46.55,1.79814,0.0141108
46.56,1.79854,0.0137402
46.57,1.79903,0.0132738
46.58,1.79949,0.0128386
46.59,1.80027,0.0122882
46.6,1.80113,0.0116207
46.61,1.802,0.0107072
46.62,1.80237,0.0103198
46.63,1.8026,0.0106913
46.64,1.80289,0.0112685
46.65,1.80253,0.011573
46.66,1.80223,0.0116565
46.67,1.80224,0.0113903
46.68,1.80205,0.0112856
46.69,1.80167,0.0113941
46.7,1.80172,0.0110342
46.71,1.80179,0.0107981
46.72,1.8021,0.0104235
46.73,1.80234,0.01021
46.74,1.80246,0.0101733
46.75,1.80271,0.010093
46.76,1.80327,0.00973996
46.77,1.8038,0.00943751
46.78,1.80451,0.00889196
46.79,1.80503,0.00834735
46.8,1.80528,0.00802056
46.81,1.80594,0.00747691
46.82,1.80649,0.00761031
46.83,1.80652,0.00954158
46.84,1.80646,0.0110342
46.85,1.80628,0.0110512
46.86,1.80648,0.0106492
46.87,1.80637,0.0104353
46.88,1.80619,0.0102856
46.89,1.8059,0.0101983
46.9,1.80607,0.00967058
46.91,1.80578,0.00977641
46.92,1.80565,0.00988158
46.93,1.806,0.0095932
46.94,1.8066,0.00922698
46.95,1.80683,0.00923478
46.96,1.80734,0.0088955
46.97,1.80793,0.00857461
46.98,1.80837,0.00852037
46.99,1.80881,0.00852561
47,1.80982,0.00805814
47.01,1.81049,0.00746462
47.02,1.81127,0.00720049
47.03,1.81135,0.00780663
47.04,1.81129,0.00893292
47.05,1.81138,0.00894578
47.06,1.81158,0.00873626
47.07,1.81171,0.00839517
47.08,1.81168,0.00808475
47.09,1.81148,0.00769638
47.1,1.81142,0.00736273
47.11,1.81108,0.00737133
47.12,1.81104,0.00718455
47.13,1.81116,0.00710778
47.14,1.8116,0.00710271
47.15,1.81187,0.00731255
47.16,1.81251,0.00720172
47.17,1.81301,0.00722462
47.18,1.81351,0.00732276
47.19,1.81426,0.00712918
47.2,1.81497,0.00695414
47.21,1.81572,0.00661516
47.22,1.81561,0.00713549
47.23,1.81581,0.00848098
47.24,1.81607,0.00947666
47.25,1.81589,0.00961291
47.26,1.81588,0.00934206
47.27,1.81532,0.00953091
47.28,1.81504,0.00943585
47.29,1.8148,0.00953985
47.3,1.81456,0.009682
47.31,1.81447,0.00974038
47.32,1.81423,0.0101245
47.33,1.81453,0.0100915
47.34,1.81462,0.0103601
47.35,1.81495,0.0103713
47.36,1.81533,0.0104192
47.37,1.81592,0.0102351
47.38,1.81635,0.0102086
47.39,1.81739,0.00998499
47.4,1.81834,0.00989884
47.41,1.81899,0.00975365
47.42,1.8195,0.00976567
47.43,1.81997,0.01038
47.44,1.82043,0.0108316
47.45,1.82029,0.0108236
47.46,1.82035,0.0108859
47.47,1.81994,0.0109601
47.48,1.81965,0.0108491
47.49,1.81943,0.0108759
47.5,1.81935,0.0107646
47.51,1.8191,0.0106917
47.52,1.81915,0.0102989
47.53,1.81959,0.00999735
47.54,1.82,0.00974431
47.55,1.82046,0.00945411
47.56,1.821,0.00919449
47.57,1.82132,0.00954491
47.58,1.82183,0.00977828
47.59,1.8226,0.0095459
47.6,1.82313,0.00975985
47.61,1.82396,0.00954255
47.62,1.82435,0.0093371
47.63,1.82417,0.00967544
47.64,1.82418,0.0107006
47.65,1.82372,0.0110763
47.66,1.82374,0.0109937
47.67,1.82357,0.0107967
47.68,1.82328,0.0106422
47.69,1.82289,0.0105822
47.7,1.82227,0.0106931
47.71,1.82251,0.0103887
47.72,1.82258,0.0104468
47.73,1.82299,0.0105212
47.74,1.82333,0.0106814
47.75,1.82362,0.0105547
47.76,1.82422,0.0103161
47.77,1.8249,0.0104573
47.78,1.82528,0.010547
47.79,1.82609,0.0102825
47.8,1.82691,0.010272
47.81,1.82766,0.01026
47.82,1.82828,0.0101086
47.83,1.82866,0.0104631
47.84,1.8288,0.0108794
47.85,1.82872,0.0110511
47.86,1.82877,0.0110862
47.87,1.82837,0.0112099
47.88,1.82822,0.0110018
47.89,1.82796,0.0107513
47.9,1.82804,0.0102729
47.91,1.8282,0.0100794
47.92,1.82802,0.010103
47.93,1.82806,0.0101176
47.94,1.82834,0.00985449
47.95,1.8285,0.00992335
47.96,1.82919,0.00992269
47.97,1.82998,0.00988977
47.98,1.83066,0.00998333
47.99,1.83133,0.00989002
48,1.83219,0.00989348
48.01,1.83291,0.00959854
48.02,1.83331,0.00961201
48.03,1.83346,0.0100617
48.04,1.83391,0.0105898
48.05,1.83394,0.0104466
48.06,1.834,0.0103941
48.07,1.8339,0.0102376
48.08,1.83341,0.010323
48.09,1.83333,0.0104247
48.1,1.83304,0.0105541
48.11,1.83262,0.0106389
48.12,1.83267,0.0107555
48.13,1.83278,0.010568
48.14,1.83307,0.0105738
48.15,1.83312,0.0102863
48.16,1.83343,0.0105807
48.17,1.83359,0.0108303
48.18,1.83402,0.0107665
48.19,1.83511,0.0104099
48.2,1.83596,0.0106002
48.21,1.83649,0.0103585
48.22,1.83682,0.0101738
48.23,1.83716,0.0110314
48.24,1.83724,0.0114493
48.25,1.83743,0.011438
48.26,1.83748,0.0112404
48.27,1.83738,0.0112136
48.28,1.83714,0.0113644
48.29,1.83679,0.0111538
48.3,1.83657,0.0106218
48.31,1.83633,0.0106066
48.32,1.83661,0.0104613
48.33,1.83652,0.0104106
48.34,1.83675,0.0103134
48.35,1.83722,0.00999161
48.36,1.83766,0.00977128
48.37,1.83819,0.00960017
48.38,1.83875,0.00940741
48.39,1.8393,0.00938724
48.4,1.83952,0.00946523
48.41,1.84008,0.00938051
48.42,1.84056,0.00927346
48.43,1.84066,0.00999434
48.44,1.8406,0.0107083
48.45,1.84077,0.0107058
48.46,1.84048,0.0109276
48.47,1.84007,0.0111136
48.48,1.83965,0.0112717
48.49,1.8393,0.0113319
48.5,1.83929,0.0112386
48.51,1.83939,0.0111513
48.52,1.83951,0.0112598
48.53,1.83963,0.0112946
48.54,1.83991,0.0111896
48.55,1.84009,0.0111779
48.56,1.84049,0.0109785
48.57,1.84087,0.0110393
48.58,1.84117,0.0110994
48.59,1.84185,0.0109886
48.6,1.84253,0.0110302
48.61,1.84318,0.0109873
48.62,1.84379,0.0108031
48.63,1.84405,0.0110332
48.64,1.84429,0.0115846
48.65,1.84416,0.011486
48.66,1.84398,0.011388
48.67,1.84368,0.011068
48.68,1.84372,0.0108917
48.69,1.84346,0.010599
48.7,1.84306,0.0102124
48.71,1.84309,0.0100347
48.72,1.84304,0.00981946
48.73,1.8431,0.00991632
48.74,1.84329,0.00994662
48.75,1.84336,0.00995967
48.76,1.84398,0.00986583
48.77,1.84434,0.0100607
48.78,1.84503,0.00995242
48.79,1.84544,0.00973481
48.8,1.84613,0.00962022
48.81,1.84694,0.00951619
48.82,1.84726,0.00928667
48.83,1.84744,0.0102229
48.84,1.84746,0.0112306
48.85,1.84755,0.0111738
48.86,1.84723,0.0109859
48.87,1.8469,0.0110439
48.88,1.84625,0.0111011
48.89,1.84587,0.0114603
48.9,1.84569,0.0114587
48.91,1.84558,0.0115537
48.92,1.8458,0.0118036
48.93,1.84601,0.0117521
48.94,1.8464,0.0118131
48.95,1.84693,0.0116116
48.96,1.84711,0.0119293
48.97,1.84748,0.0116533
48.98,1.8481,0.0117039
48.99,1.84858,0.0113449
49,1.84935,0.0113882
49.01,1.84988,0.0111457
49.02,1.85047,0.0108245
49.03,1.85062,0.0111125
49.04,1.85066,0.0116703
49.05,1.85083,0.0114623
49.06,1.85078,0.0116441
49.07,1.85092,0.0114393
49.08,1.85036,0.0117207
49.09,1.85031,0.0117427
49.1,1.84997,0.0115947
49.11,1.84976,0.0119116
49.12,1.84979,0.0119409
49.13,1.84973,0.0118564
49.14,1.85009,0.0118654
49.15,1.85024,0.0120878
49.16,1.85051,0.0123112
49.17,1.85093,0.0125388
49.18,1.85157,0.0123994
49.19,1.85245,0.0123149
49.2,1.8532,0.0121774
49.21,1.85411,0.0119713
49.22,1.85498,0.0118413
49.23,1.8551,0.0122433
49.24,1.85527,0.013113
49.25,1.85542,0.013176
49.26,1.85536,0.013239
49.27,1.85514,0.0131831
49.28,1.85471,0.0131394
49.29,1.85416,0.013292
49.3,1.85387,0.0132274
49.31,1.85381,0.0130366
49.32,1.8536,0.0131413
49.33,1.85404,0.0128875
49.34,1.8545,0.0128829
49.35,1.85515,0.0129579
49.36,1.8555,0.0125584
49.37,1.85555,0.0125543
49.38,1.85592,0.0125249
49.39,1.8563,0.0123525
49.4,1.85686,0.0120602
49.41,1.85739,0.0116436
49.42,1.8577,0.0114767
49.43,1.85817,0.0113988
49.44,1.85845,0.0116867
49.45,1.85862,0.0119277
49.46,1.85829,0.0119314
49.47,1.85809,0.0116669
49.48,1.85795,0.0115693
49.49,1.85764,0.0112464
49.5,1.85732,0.0111002
49.51,1.8572,0.0109769
49.52,1.85725,0.0109824
49.53,1.85752,0.0110955
49.54,1.85752,0.0111672
49.55,1.85793,0.0114127
49.56,1.85835,0.0112958
49.57,1.85893,0.0113
49.58,1.85951,0.0111361
49.59,1.86045,0.0108783
49.6,1.86131,0.010728
49.61,1.86177,0.0105386
49.62,1.86219,0.010206
49.63,1.8624,0.0109631
49.64,1.86278,0.0117015
49.65,1.86285,0.0116134
49.66,1.86284,0.0117403
49.67,1.8627,0.0115462
49.68,1.8624,0.0111531
49.69,1.86195,0.0110552
49.7,1.86193,0.0109556
49.71,1.86166,0.0108388
49.72,1.86186,0.010698
49.73,1.86192,0.0106178
49.74,1.86217,0.0106195
49.75,1.86231,0.0105062
49.76,1.8626,0.0108526
49.77,1.86288,0.0106276
49.78,1.8635,0.0105883
49.79,1.86448,0.0101124
49.8,1.86518,0.0102967
49.81,1.866,0.00998031
49.82,1.86685,0.00978217
49.83,1.86709,0.00970577
49.84,1.86745,0.0101748
49.85,1.8677,0.0103279
49.86,1.86766,0.00992868
49.87,1.86774,0.00995255
49.88,1.86753,0.00977326
49.89,1.86767,0.00957609
49.9,1.86766,0.0096625
49.91,1.8677,0.00957555
49.92,1.86774,0.00942913
49.93,1.86779,0.00928891
49.94,1.86811,0.00963283
49.95,1.86857,0.0099961
49.96,1.86877,0.0096916
49.97,1.8691,0.0098125
49.98,1.86977,0.00991687
49.99,1.87051,0.0100023
50,1.87084,0.0102356
50.01,1.87123,0.00968955
50.02,1.8718,0.00939321
50.03,1.87207,0.0101793
50.04,1.87233,0.0109258
50.05,1.87238,0.0108985
50.06,1.87218,0.0108647
50.07,1.87209,0.0104469
50.08,1.87163,0.0105115
50.09,1.87135,0.0105335
50.1,1.87089,0.0102527
50.11,1.87082,0.0103289
50.12,1.87121,0.0105831
50.13,1.8715,0.010573
50.14,1.87182,0.0107011
50.15,1.87213,0.0106862
50.16,1.87239,0.0105907
50.17,1.87284,0.0105729
50.18,1.87343,0.0103874
50.19,1.87407,0.0103518
50.2,1.87487,0.0100885
50.21,1.87545,0.00976035
50.22,1.87595,0.00939965
50.23,1.87627,0.00958723
50.24,1.87641,0.0102375
50.25,1.87659,0.0100335
50.26,1.87663,0.00962769
50.27,1.87671,0.00962709
50.28,1.87666,0.00976996
50.29,1.87658,0.00968783
50.3,1.87652,0.0096172
50.31,1.8761,0.00948015
50.32,1.87615,0.00947538
50.33,1.87606,0.00950738
50.34,1.87639,0.00977085
50.35,1.87673,0.00997586
50.36,1.87703,0.00991095
50.37,1.87735,0.00993345
50.38,1.87787,0.0099177
50.39,1.87842,0.0102505
50.4,1.87945,0.0101076
50.41,1.88015,0.0101066
50.42,1.88045,0.0101806
50.43,1.8809,0.0106108
50.44,1.88118,0.0117902
50.45,1.88118,0.0116618
50.46,1.881,0.0116829
50.47,1.88067,0.0118477
50.48,1.88032,0.0118097
50.49,1.88,0.0115052
50.5,1.87963,0.0112956
50.51,1.87969,0.0110512
50.52,1.87981,0.010944
50.53,1.87973,0.0111607
50.54,1.87993,0.0114425
50.55,1.88037,0.0114161
50.56,1.88072,0.0111878
50.57,1.88139,0.0110068
50.58,1.88199,0.011035
50.59,1.88268,0.0111004
50.6,1.88326,0.0107349
50.61,1.88402,0.0104474
50.62,1.88472,0.0102934
50.63,1.88506,0.0102382
50.64,1.8855,0.0105244
50.65,1.88584,0.0104558
50.66,1.88571,0.0103366
50.67,1.88551,0.010435
50.68,1.88514,0.0103608
50.69,1.88487,0.0101273
50.7,1.88461,0.0097638
50.71,1.8845,0.00936432
50.72,1.88446,0.00939822
50.73,1.88482,0.00936013
50.74,1.88541,0.00961624
50.75,1.88563,0.00999194
50.76,1.88562,0.009717
50.77,1.88596,0.00956112
50.78,1.8867,0.00945776
50.79,1.88726,0.00935924
50.8,1.88797,0.00914109
50.81,1.88878,0.00883623
50.82,1.88928,0.00848651
50.83,1.88964,0.00924323
50.84,1.8898,0.00989493
50.85,1.89013,0.00967462
50.86,1.89005,0.00945401
50.87,1.88978,0.00931981
50.88,1.88951,0.00944923
50.89,1.88914,0.00932424
50.9,1.88898,0.00966253
50.91,1.88911,0.00981951
50.92,1.88895,0.00976912
50.93,1.88947,0.00993384
50.94,1.89012,0.00980832
50.95,1.89055,0.0100324
50.96,1.8912,0.00989606
50.97,1.89163,0.010145
50.98,1.89222,0.0102008
50.99,1.89324,0.0102883
51,1.89403,0.0100687
51.01,1.89502,0.0100012
51.02,1.89531,0.00992496
51.03,1.8959,0.0104087
51.04,1.89628,0.0109236
51.05,1.89647,0.0109178
51.06,1.89657,0.0108726
51.07,1.89658,0.0109736
51.08,1.89645,0.0105635
51.09,1.89637,0.0106245
51.1,1.89604,0.0103464
51.11,1.89594,0.010179
51.12,1.89607,0.00997312
51.13,1.8961,0.00985033
51.14,1.89659,0.00977303
51.15,1.89664,0.00958505
51.16,1.89693,0.00976595
51.17,1.89739,0.00958688
51.18,1.89793,0.00965022
51.19,1.89888,0.00939628
51.2,1.89973,0.00905461
51.21,1.90022,0.00854927
51.22,1.90068,0.00832537
51.23,1.90064,0.00897579
51.24,1.90091,0.00967669
51.25,1.90129,0.00945983
51.26,1.9009,0.0091548
51.27,1.90076,0.00914357
51.28,1.9004,0.00906178
51.29,1.90018,0.0090961
51.3,1.90008,0.0090677
51.31,1.9,0.0089775
51.32,1.90006,0.00928675
51.33,1.9005,0.0090294
51.34,1.90091,0.00906866
51.35,1.90114,0.00898198
51.36,1.90162,0.00930283
51.37,1.90222,0.00925749
51.38,1.90274,0.00923903
51.39,1.9033,0.0090155
51.4,1.90431,0.00916373
51.41,1.90499,0.00905377
51.42,1.90549,0.00876678
51.43,1.90594,0.00916692
51.44,1.90656,0.00987401
51.45,1.90668,0.00984722
51.46,1.90673,0.00987906
51.47,1.90663,0.00971751
51.48,1.90631,0.00955463
51.49,1.90602,0.00950169
51.5,1.90589,0.00945329
51.51,1.90554,0.00926154
51.52,1.90551,0.00917923
51.53,1.90558,0.00922786
51.54,1.90602,0.00923466
51.55,1.90635,0.00926318
51.56,1.90671,0.00940014
51.57,1.90728,0.00970046
51.58,1.90823,0.00969654
51.59,1.90896,0.0095397
51.6,1.91003,0.00985678
51.61,1.91116,0.0100514
51.62,1.91165,0.0101822
51.63,1.91197,0.0109976
51.64,1.91241,0.0118176
51.65,1.91274,0.0118662
51.66,1.91274,0.0119141
51.67,1.91256,0.0118487
51.68,1.91229,0.0118318
51.69,1.91198,0.0116764
51.7,1.91156,0.0113648
51.71,1.91145,0.0115095
51.72,1.91183,0.011531
51.73,1.9121,0.0115962
51.74,1.91252,0.0114779
51.75,1.91321,0.0113845
51.76,1.91378,0.0115377
51.77,1.91428,0.0117057
51.78,1.91503,0.0115934
51.79,1.91584,0.0115745
51.8,1.91663,0.0112768
51.81,1.91706,0.0110183
51.82,1.91792,0.010641
51.83,1.91865,0.0108723
51.84,1.91923,0.0114785
51.85,1.91963,0.0116829
51.86,1.91953,0.0115893
51.87,1.91969,0.0115427
51.88,1.91949,0.0115778
51.89,1.91895,0.0110765
51.9,1.91889,0.0107276
51.91,1.9187,0.0105943
51.92,1.91878,0.0108736
51.93,1.91879,0.0108481
51.94,1.9188,0.0106109
51.95,1.91932,0.0109574
51.96,1.91965,0.0109698
51.97,1.92007,0.0113561
51.98,1.92116,0.0114868
51.99,1.92247,0.0116672
52,1.92338,0.0116048
52.01,1.92384,0.0111462
52.02,1.9241,0.0107572
52.03,1.9244,0.0112729
52.04,1.92434,0.0119859
52.05,1.92464,0.011876
52.06,1.92472,0.0121153
52.07,1.92448,0.0121453
52.08,1.92412,0.0121933
52.09,1.92377,0.0123123
52.1,1.9238,0.0121659
52.11,1.92389,0.012235
52.12,1.92412,0.0122303
52.13,1.92426,0.0124838
52.14,1.92498,0.0123419
52.15,1.92551,0.0123251
52.16,1.92601,0.0122242
52.17,1.92641,0.0117305
52.18,1.92667,0.0114233
52.19,1.92735,0.0111874
52.2,1.928,0.0109019
52.21,1.92857,0.0102762
52.22,1.92894,0.00987873
52.23,1.92925,0.00981405
52.24,1.92937,0.0101112
52.25,1.92972,0.0100779
52.26,1.92993,0.0101697
52.27,1.92973,0.0102858
52.28,1.92971,0.0103319
52.29,1.92972,0.00996474
52.3,1.92946,0.00964134
52.31,1.92931,0.00936078
52.32,1.92922,0.00931423
52.33,1.92963,0.00960264
52.34,1.92979,0.00960375
52.35,1.92983,0.00995648
52.36,1.93032,0.0105094
52.37,1.93102,0.0103581
52.38,1.93172,0.0104726
52.39,1.93232,0.0101976
52.4,1.9331,0.00984536
52.41,1.93356,0.0094336
52.42,1.93418,0.00954286
52.43,1.93474,0.0101222
52.44,1.9354,0.0109908
52.45,1.93576,0.0111507
52.46,1.93603,0.011256
52.47,1.93574,0.0113639
52.48,1.93549,0.011461
52.49,1.93527,0.0114407
52.5,1.93523,0.0115096
52.51,1.93523,0.0111624
52.52,1.93519,0.0109324
52.53,1.93545,0.0111707
52.54,1.93582,0.0111729
52.55,1.93645,0.0112449
52.56,1.93735,0.0112471
52.57,1.93746,0.0110209
52.58,1.93775,0.0109211
52.59,1.93837,0.0112326
52.6,1.93878,0.0108935
52.61,1.93927,0.0104233
52.62,1.93954,0.00999569
52.63,1.94049,0.0100047
52.64,1.94084,0.0104971
52.65,1.94119,0.010621
52.66,1.94116,0.0103336
52.67,1.94089,0.00992368
52.68,1.9408,0.00966955
52.69,1.94074,0.00965409
52.7,1.94088,0.00976413
52.71,1.94081,0.00965454
52.72,1.94092,0.0096758
52.73,1.94106,0.00970164
52.74,1.94132,0.0101244
52.75,1.94183,0.0105123
52.76,1.94239,0.0111065
52.77,1.94304,0.0114732
52.78,1.94359,0.0114222
52.79,1.94467,0.0113908
52.8,1.94598,0.0113719
52.81,1.94689,0.0112766
52.82,1.94748,0.010981
52.83,1.94793,0.0114998
52.84,1.94848,0.0123088
52.85,1.94891,0.0123698
52.86,1.94896,0.0123
52.87,1.94896,0.0123815
52.88,1.94878,0.0124274
52.89,1.9485,0.0121866
52.9,1.9482,0.0120301
52.91,1.94792,0.01197
52.92,1.9479,0.0119528
52.93,1.94808,0.0120901
52.94,1.94841,0.0120031
52.95,1.94858,0.0118774
52.96,1.94886,0.0117157
52.97,1.94939,0.0117714
52.98,1.94983,0.0114124
52.99,1.95053,0.0112053
53,1.95111,0.0106453
53.01,1.95163,0.00994653
53.02,1.95218,0.00952059
53.03,1.95246,0.00931665
53.04,1.95303,0.009693
53.05,1.95337,0.0098662
53.06,1.95381,0.00997283
53.07,1.95407,0.0101141
53.08,1.95383,0.00993757
53.09,1.95383,0.00953731
53.1,1.95426,0.00978448
53.11,1.95418,0.00945774
53.12,1.95425,0.0095057
53.13,1.9544,0.00936186
53.14,1.9547,0.00938082
53.15,1.95491,0.00936452
53.16,1.95556,0.00948625
53.17,1.9562,0.0096909
53.18,1.95673,0.00971249
53.19,1.95759,0.00950943
53.2,1.95886,0.00946233
53.21,1.95969,0.00898467
53.22,1.96065,0.00900123
53.23,1.96114,0.00936572
53.24,1.96199,0.010313
53.25,1.96238,0.0103182
53.26,1.96244,0.0102531
53.27,1.96267,0.010197
53.28,1.96247,0.0100074
53.29,1.96233,0.00978457
53.3,1.96202,0.00958075
53.31,1.96206,0.00946271
53.32,1.96232,0.00942344
53.33,1.96269,0.00925013
53.34,1.96322,0.00932642
53.35,1.96382,0.00910606
53.36,1.96429,0.00898503
53.37,1.96489,0.00888397
53.38,1.96546,0.00883322
53.39,1.96578,0.00864479
53.4,1.96642,0.00847037
53.41,1.96701,0.00819939
53.42,1.96769,0.00814858
53.43,1.96815,0.00836469
53.44,1.96862,0.00858937
53.45,1.96902,0.00868834
53.46,1.96912,0.00868039
53.47,1.96916,0.00862649
53.48,1.96924,0.0085421
53.49,1.96901,0.0083057
53.5,1.96894,0.00815045
53.51,1.96879,0.00790947
53.52,1.96885,0.00763688
53.53,1.96937,0.00764601
53.54,1.9699,0.00771809
53.55,1.96998,0.00717841
53.56,1.97049,0.00707355
53.57,1.97078,0.00666085
53.58,1.97168,0.00670712
53.59,1.97263,0.00671616
53.6,1.97373,0.00688594
53.61,1.97469,0.00685277
53.62,1.97556,0.00676833
53.63,1.97639,0.00703307
53.64,1.97675,0.00730715
53.65,1.97705,0.00713847
53.66,1.9771,0.00698624
53.67,1.97711,0.0068875
53.68,1.977,0.00692142
53.69,1.97701,0.00696754
53.7,1.97721,0.00719487
53.71,1.9772,0.00700269
53.72,1.97761,0.00716764
53.73,1.97829,0.00740273
53.74,1.97879,0.00739198
53.75,1.97952,0.00759858
53.76,1.98004,0.00760871
53.77,1.98058,0.0077418
53.78,1.98106,0.00785874
53.79,1.98177,0.00799405
53.8,1.98244,0.00797363
53.81,1.98319,0.00795294
53.82,1.98353,0.00763497
53.83,1.98426,0.0082156
53.84,1.98488,0.00881524
53.85,1.98532,0.00897949
53.86,1.98549,0.00897688
53.87,1.98589,0.00932011
53.88,1.9859,0.00923681
53.89,1.98591,0.00917016
53.9,1.98585,0.00893355
53.91,1.98594,0.00874062
53.92,1.98626,0.00866113
53.93,1.98634,0.00824607
53.94,1.98717,0.00839758
53.95,1.98794,0.00849589
53.96,1.98854,0.00850713
53.97,1.98909,0.00841302
53.98,1.98973,0.00828339
53.99,1.99071,0.00841178
54,1.99161,0.00836732
54.01,1.99263,0.00818604
54.02,1.99334,0.00782301
54.03,1.99405,0.00777271
54.04,1.99456,0.00804253
54.05,1.99498,0.00811065
54.06,1.99494,0.00787813
54.07,1.99482,0.00774424
54.08,1.99481,0.00769925
54.09,1.99485,0.00781345
54.1,1.99467,0.00749901
54.11,1.9953,0.00794703
54.12,1.99572,0.00799415
54.13,1.99616,0.00796624
54.14,1.99647,0.00772318
54.15,1.99731,0.00799675
54.16,1.99802,0.00818926
54.17,1.99864,0.00825399
54.18,1.99922,0.0083865
54.19,1.99972,0.0082616
54.2,2.00023,0.00818336
54.21,2.00087,0.00800043
54.22,2.00142,0.00788027
54.23,2.00185,0.00797136
54.24,2.00191,0.0079342
54.25,2.00245,0.00813868
54.26,2.00244,0.00793372
54.27,2.00292,0.00829458
54.28,2.00287,0.00816659
54.29,2.00277,0.00795547
54.3,2.00268,0.00768378
54.31,2.00274,0.00741558
54.32,2.00317,0.00738129
54.33,2.00374,0.00736422
54.34,2.00422,0.00723049
54.35,2.00491,0.00727169
54.36,2.00606,0.00781445
54.37,2.00687,0.00800598
54.38,2.00814,0.00856103
54.39,2.00904,0.00856979
54.4,2.01031,0.00881035
54.41,2.01107,0.00855062
54.42,2.0117,0.00821735
54.43,2.01184,0.00743278
54.44,2.01236,0.00763518
54.45,2.01285,0.0077903
54.46,2.01305,0.00774817
54.47,2.01303,0.00761905
54.48,2.01323,0.00778848
54.49,2.01335,0.00788885
54.5,2.01341,0.00785595
54.51,2.01345,0.00764318
54.52,2.01393,0.00777006
54.53,2.01441,0.00772871
54.54,2.01512,0.00787216
54.55,2.0157,0.00783531
54.56,2.01626,0.00777908
54.57,2.01685,0.00780103
54.58,2.01748,0.0078639
54.59,2.01806,0.00772531
54.6,2.01869,0.00743367
54.61,2.01969,0.00758115
54.62,2.02027,0.00748954
54.63,2.0208,0.00789106
54.64,2.02092,0.00814578
54.65,2.02099,0.00785917
54.66,2.02123,0.00790002
54.67,2.02133,0.00781935
54.68,2.02155,0.00792239
54.69,2.02203,0.00832354
54.7,2.02211,0.00815855
54.71,2.02225,0.00796045
54.72,2.02263,0.00785678
54.73,2.02294,0.00749151
54.74,2.02362,0.00745381
54.75,2.02446,0.00751609
54.76,2.02542,0.00782298
54.77,2.02588,0.00764799
54.78,2.02635,0.00750523
54.79,2.02726,0.00753134
54.8,2.02859,0.00776172
54.81,2.02941,0.00753822
54.82,2.02993,0.00714761
54.83,2.03054,0.00729468
54.84,2.03117,0.00784338
54.85,2.03123,0.00760408
54.86,2.03154,0.00778376
54.87,2.03171,0.00777973
54.88,2.03179,0.00767895
54.89,2.03207,0.00774761
54.9,2.03214,0.00748745
54.91,2.03268,0.00751884
54.92,2.03312,0.0074589
54.93,2.03353,0.00718753
54.94,2.0342,0.00713067
54.95,2.03472,0.00699326
54.96,2.0353,0.0070049
54.97,2.03606,0.00716082
54.98,2.03694,0.00746557
54.99,2.0378,0.00759247
55,2.0388,0.00753497
55.01,2.03946,0.00731713
55.02,2.04036,0.00745766
55.03,2.04083,0.00781082
55.04,2.0416,0.0088554
55.05,2.04181,0.00880307
55.06,2.04187,0.00874672
55.07,2.04202,0.00862867
55.08,2.04203,0.0084977
55.09,2.04226,0.00853716
55.1,2.04246,0.00845323
55.11,2.04244,0.00807362
55.12,2.04298,0.00818374
55.13,2.04346,0.00807489
55.14,2.04431,0.00806753
55.15,2.04513,0.00835118
55.16,2.0461,0.00866238
55.17,2.047,0.00877163
55.18,2.04758,0.00894263
55.19,2.04815,0.00908809
55.2,2.04943,0.00915048
55.21,2.05011,0.00904901
55.22,2.05073,0.00888021
55.23,2.05112,0.00929545
55.24,2.05117,0.00974705
55.25,2.05168,0.0100329
55.26,2.05217,0.0100073
55.27,2.05222,0.00982203
55.28,2.05234,0.00985183
55.29,2.05235,0.00982083
55.3,2.0526,0.00994853
55.31,2.05298,0.00993336
55.32,2.05319,0.00978136
55.33,2.05377,0.00959295
55.34,2.05432,0.00980411
55.35,2.05535,0.0102398
55.36,2.05607,0.0103065
55.37,2.05681,0.0105942
55.38,2.05763,0.0109307
55.39,2.05861,0.0109378
55.4,2.05967,0.0112617
55.41,2.06017,0.0108029
55.42,2.06093,0.0108458
55.43,2.06142,0.0115486
55.44,2.06207,0.012228
55.45,2.06247,0.0122553
55.46,2.06284,0.0123041
55.47,2.06304,0.0123715
55.48,2.06307,0.0124534
55.49,2.06315,0.0124676
55.5,2.06294,0.0122102
55.51,2.06296,0.0119715
55.52,2.0634,0.0119486
55.53,2.06377,0.0118338
55.54,2.06447,0.0118496
55.55,2.06514,0.0120723
55.56,2.0658,0.0123265
55.57,2.06636,0.012216
55.58,2.06705,0.0122776
55.59,2.06802,0.0122927
55.6,2.06899,0.0124027
55.61,2.06991,0.0124625
55.62,2.071,0.0126635
55.63,2.0718,0.0138115
55.64,2.07213,0.0148707
55.65,2.07244,0.0150891
55.66,2.07273,0.0147954
55.67,2.07332,0.0152052
55.68,2.07339,0.0152537
55.69,2.07352,0.0151223
55.7,2.07362,0.0147041
55.71,2.07415,0.0150631
55.72,2.07482,0.015109
55.73,2.07542,0.0152716
55.74,2.07613,0.0153072
55.75,2.07642,0.0151111
55.76,2.07707,0.0152741
55.77,2.07752,0.0150684
55.78,2.07835,0.0149427
55.79,2.07901,0.0149557
55.8,2.0803,0.0150529
55.81,2.08107,0.0150454
55.82,2.08198,0.0153669
55.83,2.08266,0.0163766
55.84,2.08285,0.0171829
55.85,2.08325,0.0169787
55.86,2.08338,0.0167956
55.87,2.08351,0.0168972
55.88,2.08357,0.0167576
55.89,2.08366,0.0165725
55.9,2.08363,0.0164279
55.91,2.08419,0.016453
55.92,2.08476,0.0168612
55.93,2.08536,0.0168578
55.94,2.08603,0.016832
55.95,2.0866,0.0170398
55.96,2.08714,0.0170391
55.97,2.08789,0.0167895
55.98,2.08845,0.0168765
55.99,2.08945,0.0167882
56,2.09107,0.0168577
56.01,2.09197,0.016573
56.02,2.09269,0.0167513
56.03,2.09331,0.0177629
56.04,2.09386,0.0190442
56.05,2.09414,0.0190383
56.06,2.09443,0.0189642
56.07,2.0947,0.0190249
56.08,2.09491,0.0191517
56.09,2.0949,0.0190494
56.1,2.09518,0.0187236
56.11,2.09542,0.0184943
56.12,2.09578,0.0182835
56.13,2.09632,0.0183345
56.14,2.09717,0.0182697
56.15,2.0984,0.0186386
56.16,2.09902,0.0185528
56.17,2.10001,0.0182862
56.18,2.10084,0.0184211
56.19,2.10169,0.0181492
56.2,2.10261,0.0176561
56.21,2.10358,0.017383
56.22,2.10425,0.0173181
56.23,2.10469,0.0180533
56.24,2.10535,0.0189544
56.25,2.10572,0.019143
56.26,2.10592,0.0191339
56.27,2.10619,0.0191886
56.28,2.10651,0.0189787
56.29,2.10662,0.0190883
56.3,2.10699,0.0191708
56.31,2.10702,0.0186249
56.32,2.10742,0.0185014
56.33,2.10803,0.0186277
56.34,2.10852,0.0182235
56.35,2.10916,0.0180313
56.36,2.10988,0.0180483
56.37,2.11037,0.017742
56.38,2.11102,0.017487
56.39,2.11181,0.0174515
56.4,2.11296,0.0172386
56.41,2.11384,0.0169218
56.42,2.11453,0.0170276
56.43,2.11513,0.0181084
56.44,2.11566,0.019014
56.45,2.11588,0.0190038
56.46,2.11606,0.0190004
56.47,2.11618,0.0190537
56.48,2.1162,0.019128
56.49,2.11653,0.0192537
56.5,2.11662,0.0194003
56.51,2.11684,0.0193797
56.52,2.11718,0.0192919
56.53,2.11789,0.0193139
56.54,2.11857,0.0192472
56.55,2.1194,0.019172
56.56,2.12027,0.0192325
56.57,2.12081,0.018848
56.58,2.12114,0.0184211
56.59,2.12205,0.0181877
56.6,2.12328,0.0180574
56.61,2.12411,0.0176474
56.62,2.12473,0.0174377
56.63,2.12526,0.0183
56.64,2.12577,0.0192577
56.65,2.12606,0.0190196
56.66,2.12615,0.0190656
56.67,2.1262,0.0190899
56.68,2.12634,0.0190062
56.69,2.12629,0.0189019
56.7,2.12628,0.0188199
56.71,2.12656,0.0189816
56.72,2.12674,0.0187998
56.73,2.12737,0.0185008
56.74,2.12815,0.0183754
56.75,2.1288,0.0183415
56.76,2.12973,0.0186084
56.77,2.13057,0.0187922
56.78,2.13134,0.0189712
56.79,2.13202,0.0185782
56.8,2.13348,0.0185056
56.81,2.1345,0.0186706
56.82,2.1352,0.0186677
56.83,2.13586,0.0197633
56.84,2.13638,0.0205373
56.85,2.13646,0.0204128
56.86,2.13665,0.0202058
56.87,2.13662,0.0199835
56.88,2.13628,0.0198184
56.89,2.13638,0.0196822
56.9,2.13656,0.0194306
56.91,2.13696,0.0193389
56.92,2.13733,0.0192279
56.93,2.13772,0.0191326
56.94,2.13823,0.018829
56.95,2.13897,0.0184622
56.96,2.1397,0.0181882
56.97,2.14019,0.017788
56.98,2.14083,0.0174799
56.99,2.14147,0.0170342
57,2.14218,0.0164453
57.01,2.14304,0.0164381
57.02,2.14376,0.0163493
57.03,2.14421,0.0173778
57.04,2.14484,0.0185925
57.05,2.14525,0.0187936
57.06,2.14523,0.0185398
57.07,2.14511,0.018473
57.08,2.14517,0.0183379
57.09,2.14515,0.018192
57.1,2.14529,0.017838
57.11,2.1454,0.0175945
57.12,2.1457,0.0174746
57.13,2.14632,0.0169138
57.14,2.14705,0.0167757
57.15,2.14805,0.0166022
57.16,2.14882,0.0164898
57.17,2.14949,0.0162611
57.18,2.15026,0.0161127
57.19,2.15131,0.0160375
57.2,2.15223,0.0158679
57.21,2.15341,0.0155341
57.22,2.15433,0.0156102
57.23,2.15491,0.0166247
57.24,2.15537,0.0176499
57.25,2.15619,0.0178855
57.26,2.15665,0.0179111
57.27,2.15668,0.0175915
57.28,2.15685,0.0176136
57.29,2.15707,0.0174621
57.3,2.15745,0.0174765
57.31,2.15761,0.0173644
57.32,2.15818,0.0176696
57.33,2.15865,0.0174487
57.34,2.15941,0.0170744
57.35,2.16014,0.0171082
57.36,2.16069,0.0169239
57.37,2.16139,0.0169915
57.38,2.16215,0.0169271
57.39,2.16302,0.016629
57.4,2.16382,0.0160974
57.41,2.16479,0.0158654
57.42,2.1654,0.0159311
57.43,2.1661,0.0168029
57.44,2.16639,0.017671
57.45,2.16693,0.017616
57.46,2.1672,0.0175978
57.47,2.16745,0.0176465
57.48,2.16744,0.0175129
57.49,2.16736,0.0175779
57.5,2.16742,0.017287
57.51,2.16783,0.0172669
57.52,2.1683,0.0172444
57.53,2.16881,0.0171263
57.54,2.1695,0.0168972
57.55,2.17007,0.016769
57.56,2.17136,0.0168363
57.57,2.17205,0.0168946
57.58,2.1727,0.0168237
57.59,2.17397,0.016662
57.6,2.17511,0.0163143
57.61,2.17593,0.0159072
57.62,2.17693,0.0159366
57.63,2.17767,0.0168401
57.64,2.17825,0.017744
57.65,2.17868,0.0176558
57.66,2.17887,0.0175372
57.67,2.17923,0.0178431
57.68,2.17974,0.0178314
57.69,2.17963,0.0175489
57.7,2.17977,0.0175842
57.71,2.17983,0.0172112
57.72,2.18044,0.0171987
57.73,2.18126,0.0172633
57.74,2.18205,0.017043
57.75,2.18257,0.0168168
57.76,2.18327,0.0166789
57.77,2.18429,0.0167683
57.78,2.18506,0.0166504
57.79,2.18595,0.0166045
57.8,2.18702,0.0163224
57.81,2.18792,0.0159671
57.82,2.18872,0.0161266
57.83,2.18942,0.0173067
57.84,2.19,0.0184705
57.85,2.19037,0.0184733
57.86,2.19053,0.0182764
57.87,2.19069,0.0181685
57.88,2.19059,0.0179483
57.89,2.19069,0.0178578
57.9,2.19072,0.0177823
57.91,2.19085,0.0174629
57.92,2.19167,0.0176545
57.93,2.19221,0.0176495
57.94,2.19298,0.0175506
57.95,2.19374,0.0174525
57.96,2.19453,0.0172046
57.97,2.19525,0.017211
57.98,2.19625,0.0170483
57.99,2.19722,0.0168993
58,2.19822,0.0161423
58.01,2.19923,0.0157342
58.02,2.20035,0.0159717
58.03,2.20106,0.0170133
58.04,2.20171,0.0183137
58.05,2.20192,0.0185366
58.06,2.20203,0.0184734
58.07,2.20202,0.0186257
58.08,2.20205,0.0186274
58.09,2.20187,0.0186728
58.1,2.20216,0.0185933
58.11,2.20235,0.018349
58.12,2.2026,0.0181042
58.13,2.20304,0.0181624
58.14,2.20366,0.0179369
58.15,2.20462,0.0179503
58.16,2.20548,0.0177905
58.17,2.20615,0.017602
58.18,2.20671,0.017173
58.19,2.20756,0.0168968
58.2,2.2085,0.0168387
58.21,2.20953,0.0167855
58.22,2.21036,0.0170306
58.23,2.21101,0.0182355
58.24,2.21156,0.0192834
58.25,2.21215,0.0192566
58.26,2.21258,0.0194193
58.27,2.2129,0.0195026
58.28,2.21298,0.0193887
58.29,2.21322,0.0193945
58.3,2.21348,0.019416
58.31,2.21342,0.0188888
58.32,2.21383,0.0186493
58.33,2.21456,0.0187221
58.34,2.21556,0.0187088
58.35,2.21634,0.0185004
58.36,2.21754,0.0187644
58.37,2.21825,0.0186533
58.38,2.21905,0.0183184
58.39,2.21994,0.0178884
58.4,2.22095,0.017529
58.41,2.22191,0.0173862
58.42,2.22256,0.0172515
58.43,2.22315,0.0182715
58.44,2.22333,0.0193477
58.45,2.22368,0.0192097
58.46,2.22375,0.0190854
58.47,2.22398,0.0189226
58.48,2.22398,0.0188138
58.49,2.22422,0.0186545
58.5,2.22407,0.0184405
58.51,2.22457,0.0185784
58.52,2.22515,0.0184362
58.53,2.22567,0.0180182
58.54,2.22671,0.0180554
58.55,2.2275,0.0177438
58.56,2.22838,0.0177758
58.57,2.22886,0.0175958
58.58,2.22953,0.0173674
58.59,2.23051,0.0170749
58.6,2.23145,0.0168883
58.61,2.23222,0.0164535
58.62,2.23299,0.0163569
58.63,2.23373,0.0174125
58.64,2.23411,0.0184314
58.65,2.23406,0.0181511
58.66,2.23425,0.0181522
58.67,2.23419,0.0180982
58.68,2.23437,0.0181285
58.69,2.2347,0.0180767
58.7,2.23482,0.0180082
58.71,2.23507,0.0177009
58.72,2.2357,0.0176212
58.73,2.23626,0.0176302
58.74,2.23705,0.0178506
58.75,2.23774,0.0177429
58.76,2.2389,0.0182214
58.77,2.2397,0.0182152
58.78,2.24043,0.0175711
58.79,2.24146,0.0175083
58.8,2.24283,0.0172228
58.81,2.24383,0.0168175
58.82,2.24452,0.0167904
58.83,2.24505,0.0180864
58.84,2.24531,0.0190668
58.85,2.24562,0.0189198
58.86,2.24571,0.0187015
58.87,2.24601,0.0188284
58.88,2.24619,0.0188131
58.89,2.24641,0.0188977
58.9,2.2467,0.019052
58.91,2.24696,0.0190986
58.92,2.24763,0.018991
58.93,2.24838,0.018881
58.94,2.24891,0.0185438
58.95,2.2495,0.0184519
58.96,2.25038,0.0182298
58.97,2.2511,0.0179398
58.98,2.25185,0.0178138
58.99,2.25276,0.0172549
59,2.25354,0.0166582
59.01,2.25459,0.0163308
59.02,2.25559,0.0164669
59.03,2.25649,0.0176356
59.04,2.25696,0.0187949
59.05,2.25738,0.0188347
59.06,2.2574,0.0187419
59.07,2.25761,0.0188324
59.08,2.25757,0.0189738
59.09,2.25762,0.0189982
59.1,2.25826,0.0192317
59.11,2.2588,0.0190737
59.12,2.25935,0.0189633
59.13,2.25981,0.0188474
59.14,2.26056,0.0187235
59.15,2.26125,0.0184524
59.16,2.26206,0.0183175
59.17,2.26291,0.018239
59.18,2.26417,0.0183788
59.19,2.26534,0.0182541
59.2,2.26646,0.0178791
59.21,2.26761,0.0173847
59.22,2.26857,0.0175481
59.23,2.26925,0.0186766
59.24,2.2698,0.0200796
59.25,2.26991,0.0200209
59.26,2.27,0.0197184
59.27,2.27016,0.0196946
59.28,2.27035,0.019561
59.29,2.27033,0.0196321
59.3,2.27062,0.0193995
59.31,2.27068,0.0193563
59.32,2.27117,0.019206
59.33,2.27188,0.0193011
59.34,2.27283,0.0193583
59.35,2.27382,0.0193301
59.36,2.27433,0.0193074
59.37,2.27517,0.0194474
59.38,2.27593,0.0192668
59.39,2.27698,0.0189628
59.4,2.27811,0.0186738
59.41,2.27878,0.0183515
59.42,2.27973,0.0185391
59.43,2.28059,0.0198186
59.44,2.28128,0.021031
59.45,2.28165,0.0210399
59.46,2.28187,0.0210487
59.47,2.28193,0.0209
59.48,2.28175,0.0206476
59.49,2.28186,0.020599
59.5,2.28185,0.0205622
59.51,2.28217,0.0204682
59.52,2.28245,0.0202516
59.53,2.28296,0.0201663
59.54,2.28396,0.0201386
59.55,2.2848,0.0200494
59.56,2.28569,0.0197725
59.57,2.28656,0.0194452
59.58,2.28754,0.0192208
59.59,2.2888,0.0190686
59.6,2.29004,0.0187808
59.61,2.2915,0.0186028
59.62,2.2923,0.0185634
59.63,2.29281,0.019863
59.64,2.29315,0.0207914
59.65,2.29354,0.0209606
59.66,2.29401,0.0211869
59.67,2.29416,0.020961
59.68,2.29404,0.020704
59.69,2.29417,0.0206956
59.7,2.29463,0.0205982
59.71,2.29516,0.0207302
59.72,2.29576,0.0206025
59.73,2.29641,0.0206279
59.74,2.29699,0.0204774
59.75,2.29777,0.0204228
59.76,2.29854,0.0204501
59.77,2.2991,0.020364
59.78,2.29985,0.0199822
59.79,2.30081,0.0197261
59.8,2.30195,0.0194738
59.81,2.30289,0.0191561
59.82,2.30399,0.0190945
59.83,2.30457,0.01975
59.84,2.30536,0.0209108
59.85,2.30589,0.0210244
59.86,2.30602,0.0206221
59.87,2.30573,0.0200366
59.88,2.30591,0.0200992
59.89,2.30615,0.0198354
59.9,2.30623,0.0196491
59.91,2.30643,0.0195742
59.92,2.30675,0.0190389
59.93,2.30754,0.019222
59.94,2.30832,0.0191527
59.95,2.30919,0.0189028
59.96,2.31007,0.018633
59.97,2.31052,0.0184479
59.98,2.31127,0.0182266
59.99,2.31249,0.0181379
