qp_truth_t,qp_truth_cmd_vx,qp_truth_vx,qp_estimate_t,qp_estimate_cmd_vx,qp_estimate_vx,scripted_truth_t,scripted_truth_cmd_vx,scripted_truth_vx,scripted_estimate_t,scripted_estimate_cmd_vx,scripted_estimate_vx
0,0,0,0,0,0,0,0,0,0,0,0
0.02,0,-0.015415,0.02,0,-0.0138426,0.02,0,-0.0684156,0.02,0,-0.0617023
0.04,0,-0.0120778,0.04,0,-0.00923187,0.04,0,-0.0943391,0.04,0,-0.0748224
0.06,0,-0.00794496,0.06,0,-0.00369967,0.06,0,-0.0800204,0.06,0,-0.0611049
0.08,0,-0.00682277,0.08,0,-0.00360505,0.08,0,-0.061813,0.08,0,-0.0547786
0.1,0,-0.00622699,0.1,0,-0.0042497,0.1,0,-0.0474923,0.1,0,-0.0551894
0.12,0,-0.00597629,0.12,0,-0.00477395,0.12,0,-0.0405924,0.12,0,-0.0556943
0.14,0,-0.0060926,0.14,0,-0.00533709,0.14,0,-0.0404926,0.14,0,-0.0539742
0.16,0,-0.00626184,0.16,0,-0.00589976,0.16,0,-0.0415083,0.16,0,-0.0490245
0.18,0,-0.00631996,0.18,0,-0.00634907,0.18,0,-0.0376736,0.18,0,-0.0416601
0.2,0,-0.00630887,0.2,0,-0.0066746,0.2,0,-0.0244076,0.2,0,-0.0314846
0.22,0,-0.00629425,0.22,0,-0.00690166,0.22,0,-0.00800245,0.22,0,-0.0207792
0.24,0,-0.00629406,0.24,0,-0.00706784,0.24,0,0.00460742,0.24,0,-0.00925942
0.26,0,-0.00629624,0.26,0,-0.00718669,0.26,0,0.0108595,0.26,0,0.000168486
0.28,0,-0.00629431,0.28,0,-0.00726367,0.28,0,0.0106366,0.28,0,0.00540383
0.3,0,-0.00628876,0.3,0,-0.00730802,0.3,0,0.00776635,0.3,0,0.00751263
0.32,0,-0.00628266,0.32,0,-0.00732988,0.32,0,0.00590634,0.32,0,0.00712913
0.34,0,-0.00627593,0.34,0,-0.00732417,0.34,0,0.00539047,0.34,0,0.00647253
0.36,0,-0.00627189,0.36,0,-0.00729733,0.36,0,0.00525816,0.36,0,0.00598679
0.38,0,-0.00626865,0.38,0,-0.00726265,0.38,0,0.00478046,0.38,0,0.00575737
0.4,0,-0.00626505,0.4,0,-0.00721333,0.4,0,0.0038186,0.4,0,0.00544921
0.42,0,-0.00626602,0.42,0,-0.00715047,0.42,0,0.00278299,0.42,0,0.0048297
0.44,0,-0.0062636,0.44,0,-0.00707586,0.44,0,0.00208991,0.44,0,0.00410754
0.46,0,-0.00626379,0.46,0,-0.00699694,0.46,0,0.00184686,0.46,0,0.00337593
0.48,0,-0.00626432,0.48,0,-0.00691567,0.48,0,0.00189352,0.48,0,0.00286235
0.5,0,-0.00626645,0.5,0,-0.00685319,0.5,0,0.00199109,0.5,0,0.00252989
0.52,0,-0.00626863,0.52,0,-0.0068087,0.52,0,0.00198751,0.52,0,0.00235768
0.54,0,-0.00627246,0.54,0,-0.00677558,0.54,0,0.00186982,0.54,0,0.0022466
0.56,0,-0.00627348,0.56,0,-0.00674604,0.56,0,0.00170932,0.56,0,0.00214546
0.58,0,-0.00627654,0.58,0,-0.00671337,0.58,0,0.00157539,0.58,0,0.00203684
0.6,0,-0.0062822,0.6,0,-0.00668354,0.6,0,0.00148927,0.6,0,0.00191316
0.62,0,-0.00628454,0.62,0,-0.00665549,0.62,0,0.00143176,0.62,0,0.00179388
0.64,0,-0.00629173,0.64,0,-0.00662872,0.64,0,0.00137504,0.64,0,0.00167245
0.66,0,-0.00629546,0.66,0,-0.00660784,0.66,0,0.00130577,0.66,0,0.00156872
0.68,0,-0.0062981,0.68,0,-0.00658901,0.68,0,0.00122757,0.68,0,0.00146423
0.7,0,-0.00630523,0.7,0,-0.00657003,0.7,0,0.00115068,0.7,0,0.00138045
0.72,0,-0.00630731,0.72,0,-0.00655155,0.72,0,0.00108191,0.72,0,0.00129318
0.74,0,-0.0063148,0.74,0,-0.0065361,0.74,0,0.00102156,0.74,0,0.00122531
0.76,0,-0.006321,0.76,0,-0.00652313,0.76,0,0.000966244,0.76,0,0.00115154
0.78,0,-0.00632491,0.78,0,-0.00650941,0.78,0,0.000912827,0.78,0,0.00109222
0.8,0,-0.00633146,0.8,0,-0.00649697,0.8,0,0.000860376,0.8,0,0.00102136
0.82,0,-0.00634412,0.82,0,-0.00648726,0.82,0,0.000809661,0.82,0,0.000965839
0.84,0,-0.00636035,0.84,0,-0.00647364,0.84,0,0.000761743,0.84,0,0.000902751
0.86,0,-0.00638295,0.86,0,-0.00646047,0.86,0,0.000717029,0.86,0,0.000851468
0.88,0,-0.00640557,0.88,0,-0.006452,0.88,0,0.000675216,0.88,0,0.000790309
0.9,0,-0.00642996,0.9,0,-0.00644241,0.9,0,0.000635749,0.9,0,0.000739882
0.92,0,-0.00645095,0.92,0,-0.00643026,0.92,0,0.000598233,0.92,0,0.000685356
0.94,0,-0.00647323,0.94,0,-0.00640966,0.94,0,0.000562548,0.94,0,0.000641096
0.96,0,-0.00649584,0.96,0,-0.0063854,0.96,0,0.000528726,0.96,0,0.000602998
0.98,0,-0.00651694,0.98,0,-0.00635885,0.98,0,0.000496788,0.98,0,0.000565327
1,0,-0.00653444,1,0,-0.00632482,1,0,0.000466667,1,0,0.000541815
1.02,0,-0.00655332,1.02,0,-0.00629065,1.02,0,0.000438229,1.02,0,0.000505148
1.04,0,-0.00657446,1.04,0,-0.00625229,1.04,0,0.000411338,1.04,0,0.000481731
1.06,0,-0.00658939,1.06,0,-0.00621899,1.06,0,0.000385889,1.06,0,0.00044445
1.08,0,-0.00660543,1.08,0,-0.0061807,1.08,0,0.000361811,1.08,0,0.000421591
1.1,0,-0.00662053,1.1,0,-0.00614172,1.1,0,0.000339049,1.1,0,0.000389552
1.12,0,-0.00663088,1.12,0,-0.00610214,1.12,0,0.000317541,1.12,0,0.00036462
1.14,0,-0.0066352,1.14,0,-0.0060606,1.14,0,0.000297222,1.14,0,0.000339972
1.16,0,-0.00663317,1.16,0,-0.00601873,1.16,0,0.000278021,1.16,0,0.000306026
1.18,0,-0.00663381,1.18,0,-0.00598129,1.18,0,0.000259874,1.18,0,0.000284154
1.2,0,-0.00663058,1.2,0,-0.00594087,1.2,0,0.000242724,1.2,0,0.000256697
1.22,0,-0.00662655,1.22,0,-0.00589822,1.22,0,0.000226517,1.22,0,0.000243077
1.24,0,-0.00662644,1.24,0,-0.00586292,1.24,0,0.000211205,1.24,0,0.000232943
1.26,0,-0.0066196,1.26,0,-0.00582113,1.26,0,0.000196742,1.26,0,0.000217914
1.28,0,-0.00661555,1.28,0,-0.00577846,1.28,0,0.00018308,1.28,0,0.000211747
1.3,0,-0.00661231,1.3,0,-0.00574009,1.3,0,0.000170176,1.3,0,0.000190026
1.32,0,-0.00660614,1.32,0,-0.00569857,1.32,0,0.00015799,1.32,0,0.000181066
1.34,0,-0.00660089,1.34,0,-0.00566253,1.34,0,0.000146481,1.34,0,0.000169278
1.36,0,-0.00659836,1.36,0,-0.00562045,1.36,0,0.000135614,1.36,0,0.000151732
1.38,0,-0.00659527,1.38,0,-0.00557992,1.38,0,0.000125355,1.38,0,0.000141179
1.4,0,-0.00659088,1.4,0,-0.00554055,1.4,0,0.000115671,1.4,0,0.000119331
1.42,0,-0.00658878,1.42,0,-0.00550236,1.42,0,0.000106531,1.42,0,0.00010632
1.44,0,-0.00658294,1.44,0,-0.00545439,1.44,0,9.7905e-05,1.44,0,9.51335e-05
1.46,0,-0.0065792,1.46,0,-0.00541357,1.46,0,8.97656e-05,1.46,0,7.83297e-05
1.48,0,-0.00657556,1.48,0,-0.00537409,1.48,0,8.20866e-05,1.48,0,7.62779e-05
1.5,0,-0.00657143,1.5,0,-0.0053331,1.5,0,7.48431e-05,1.5,0,7.71406e-05
1.52,0,-0.00656935,1.52,0,-0.00528851,1.52,0,6.80116e-05,1.52,0,6.70769e-05
1.54,0,-0.0065598,1.54,0,-0.00524775,1.54,0,6.15699e-05,1.54,0,6.86966e-05
1.56,0,-0.00656118,1.56,0,-0.00520636,1.56,0,5.54967e-05,1.56,0,6.54322e-05
1.58,0,-0.00655345,1.58,0,-0.00516632,1.58,0,4.97723e-05,1.58,0,5.18199e-05
1.6,0,-0.00655201,1.6,0,-0.00512297,1.6,0,4.43777e-05,1.6,0,5.23556e-05
1.62,0,-0.00654784,1.62,0,-0.00508277,1.62,0,3.92949e-05,1.62,0,4.64545e-05
1.64,0,-0.00654528,1.64,0,-0.00503771,1.64,0,3.45073e-05,1.64,0,3.50327e-05
1.66,0,-0.0065409,1.66,0,-0.00499623,1.66,0,2.99986e-05,1.66,0,2.94612e-05
1.68,0,-0.00653663,1.68,0,-0.00494821,1.68,0,2.57538e-05,1.68,0,1.93217e-05
1.7,0,-0.00653369,1.7,0,-0.00490505,1.7,0,2.17585e-05,1.7,0,3.30405e-06
1.72,0,-0.00652783,1.72,0,-0.00486351,1.72,0,1.79992e-05,1.72,0,1.39676e-06
1.74,0,-0.00652525,1.74,0,-0.00481705,1.74,0,1.44631e-05,1.74,0,-9.7402e-07
1.76,0,-0.00652443,1.76,0,-0.00477568,1.76,0,1.11379e-05,1.76,0,-6.7154e-06
1.78,0,-0.00651894,1.78,0,-0.0047321,1.78,0,8.01215e-06,1.78,0,2.14664e-06
1.8,0,-0.00651775,1.8,0,-0.00469136,1.8,0,5.07503e-06,1.8,0,4.08057e-06
1.82,0,-0.00651183,1.82,0,-0.0046501,1.82,0,2.3162e-06,1.82,0,-2.69998e-06
1.84,0,-0.00651125,1.84,0,-0.00460434,1.84,0,-2.7407e-07,1.84,0,-7.12859e-07
1.86,0,-0.00650659,1.86,0,-0.00456191,1.86,0,-2.70501e-06,1.86,0,-9.51043e-07
1.88,0,-0.00650566,1.88,0,-0.00451585,1.88,0,-4.98535e-06,1.88,0,-9.27609e-06
1.9,0,-0.00649846,1.9,0,-0.00447204,1.9,0,-7.12334e-06,1.9,0,-9.22801e-06
1.92,0,-0.00650075,1.92,0,-0.00442361,1.92,0,-9.1268e-06,1.92,0,-1.39239e-05
1.94,0,-0.0064953,1.94,0,-0.00438231,1.94,0,-1.10031e-05,1.94,0,-2.16388e-05
1.96,0,-0.00649244,1.96,0,-0.00433599,1.96,0,-1.27593e-05,1.96,0,-3.43495e-05
1.98,0,-0.00648813,1.98,0,-0.00428776,1.98,0,-1.4402e-05,1.98,0,-3.76944e-05
2,0,-0.00648326,2,0,-0.00424137,2,0,-1.59374e-05,2,0,-4.02342e-05
2.02,0.00266667,-0.00640931,2.02,0.00266667,-0.00428942,2.02,0.00266667,-2.66373e-05,2.02,0.00266667,0.00254832
2.04,0.00533333,-0.00620024,2.04,0.00533333,-0.00412618,2.04,0.00533333,2.30041e-05,2.04,0.00533333,0.00560638
2.06,0.008,0.0112523,2.06,0.008,0.0101489,2.06,0.008,0.00502987,2.06,0.008,0.0119561
2.08,0.0106667,0.00607436,2.08,0.0106667,0.0035199,2.08,0.0106667,0.0123135,2.08,0.0106667,0.0192188
2.1,0.0133333,-0.00451495,2.1,0.0133333,-0.00477727,2.1,0.0133333,-0.00601493,2.1,0.0133333,0.000766092
2.12,0.016,-0.0124787,2.12,0.016,-0.0108746,2.12,0.016,-0.0378566,2.12,0.016,-0.0313242
2.14,0.0186667,-0.01743,2.14,0.0186667,-0.0145401,2.14,0.0186667,-0.0676124,2.14,0.0186667,-0.0611103
2.16,0.0213333,-0.0205175,2.16,0.0213333,-0.016702,2.16,0.0213333,-0.0865158,2.16,0.0213333,-0.0798594
2.18,0.024,-0.0212245,2.18,0.024,-0.0166941,2.18,0.024,-0.0893468,2.18,0.024,-0.0827843
2.2,0.0266667,-0.0185225,2.2,0.0266667,-0.0138631,2.2,0.0266667,-0.0966108,2.2,0.0266667,-0.0894859
2.22,0.0293333,-0.0114886,2.22,0.0293333,-0.00690282,2.22,0.0293333,-0.109223,2.22,0.0293333,-0.102703
2.24,0.032,-0.00704393,2.24,0.032,-0.00526306,2.24,0.032,-0.0993414,2.24,0.032,-0.0928799
2.26,0.0346667,0.0280916,2.26,0.0346667,0.0293346,2.26,0.0346667,-0.0801072,2.26,0.0346667,-0.0734692
2.28,0.0373333,0.0257063,2.28,0.0373333,0.0267513,2.28,0.0373333,-0.0761701,2.28,0.0373333,-0.0694874
2.3,0.04,0.0121302,2.3,0.04,0.0153047,2.3,0.04,-0.0945345,2.3,0.04,-0.0878933
2.32,0.0426667,0.00403302,2.32,0.0426667,0.0092342,2.32,0.0426667,-0.123664,2.32,0.0426667,-0.116748
2.34,0.0453333,0.000135197,2.34,0.0453333,0.00685211,2.34,0.0453333,-0.149433,2.34,0.0453333,-0.142053
2.36,0.048,-0.00215698,2.36,0.048,0.00566626,2.36,0.048,-0.1663,2.36,0.048,-0.158743
2.38,0.0506667,-0.00165565,2.38,0.0506667,0.00708748,2.38,0.0506667,-0.16687,2.38,0.0506667,-0.15942
2.4,0.0533333,0.00185737,2.4,0.0533333,0.0110405,2.4,0.0533333,-0.16346,2.4,0.0533333,-0.156716
2.42,0.056,0.0106143,2.42,0.056,0.0189344,2.42,0.056,-0.163117,2.42,0.056,-0.155898
2.44,0.0586667,0.00402969,2.44,0.0586667,0.00852861,2.44,0.0586667,-0.14095,2.44,0.0586667,-0.133182
2.46,0.0613333,-0.00163641,2.46,0.0613333,-0.00109751,2.46,0.0613333,-0.111672,2.46,0.0613333,-0.103576
2.48,0.064,0.00301682,2.48,0.064,0.00643503,2.48,0.064,-0.101481,2.48,0.064,-0.0937845
2.5,0.0666667,0.00324064,2.5,0.0666667,0.00960126,2.5,0.0666667,-0.109259,2.5,0.0666667,-0.102513
2.52,0.0693333,0.0011343,2.52,0.0693333,0.00898475,2.52,0.0693333,-0.126942,2.52,0.0693333,-0.121309
2.54,0.072,-0.000216957,2.54,0.072,0.00905757,2.54,0.072,-0.148562,2.54,0.072,-0.143126
2.56,0.0746667,-0.000409191,2.56,0.0746667,0.0100508,2.56,0.0746667,-0.165486,2.56,0.0746667,-0.158866
2.58,0.0773333,0.00223548,2.58,0.0773333,0.0139101,2.58,0.0773333,-0.16828,2.58,0.0773333,-0.155204
2.6,0.08,0.00646178,2.6,0.08,0.0186946,2.6,0.08,-0.151266,2.6,0.08,-0.11008
2.62,0.0826667,0.0164836,2.62,0.0826667,0.0296325,2.62,0.0826667,-0.143096,2.62,0.0826667,-0.098046
2.64,0.0853333,0.0154267,2.64,0.0853333,0.0239263,2.64,0.0853333,-0.109831,2.64,0.0853333,-0.0662722
2.66,0.088,0.0299605,2.66,0.088,0.0318984,2.66,0.088,-0.0774998,2.66,0.088,-0.0311595
2.68,0.0906667,0.0286585,2.68,0.0906667,0.0319514,2.68,0.0906667,-0.0663674,2.68,0.0906667,-0.0215786
2.7,0.0933333,0.019373,2.7,0.0933333,0.026744,2.7,0.0933333,-0.0709626,2.7,0.0933333,-0.0368138
2.72,0.096,0.0133252,2.72,0.096,0.023051,2.72,0.096,-0.0850028,2.72,0.096,-0.0572621
2.74,0.0986667,0.0116719,2.74,0.0986667,0.0235206,2.74,0.0986667,-0.107915,2.74,0.0986667,-0.0753815
2.76,0.101333,0.0115991,2.76,0.101333,0.025535,2.76,0.101333,-0.129901,2.76,0.101333,-0.0835501
2.78,0.104,0.0143359,2.78,0.104,0.0293351,2.78,0.104,-0.141767,2.78,0.104,-0.0633125
2.8,0.106667,0.0175731,2.8,0.106667,0.0337231,2.8,0.106667,-0.117001,2.8,0.106667,-0.0191693
2.82,0.109333,0.0274498,2.82,0.109333,0.0433479,2.82,0.109333,-0.103535,2.82,0.109333,-0.0130922
2.84,0.112,0.0263852,2.84,0.112,0.0336754,2.84,0.112,-0.0652006,2.84,0.112,5.14897e-05
2.86,0.114667,0.0406223,2.86,0.114667,0.0405578,2.86,0.114667,-0.0315583,2.86,0.114667,0.0284924
2.88,0.117333,0.0384652,2.88,0.117333,0.0408302,2.88,0.117333,-0.021448,2.88,0.117333,0.0324002
2.9,0.12,0.0281401,2.9,0.12,0.0355558,2.9,0.12,-0.0259924,2.9,0.12,0.00209221
2.92,0.122667,0.0212479,2.92,0.122667,0.0322708,2.92,0.122667,-0.0386265,2.92,0.122667,-0.0290137
2.94,0.125333,0.0199901,2.94,0.125333,0.0337716,2.94,0.125333,-0.0611142,2.94,0.125333,-0.0430137
2.96,0.128,0.0214895,2.96,0.128,0.0378003,2.96,0.128,-0.0833786,2.96,0.128,-0.0420119
2.98,0.130667,0.0240135,2.98,0.130667,0.0424735,2.98,0.130667,-0.0971853,2.98,0.130667,-0.0260317
3,0.133333,0.0283605,3,0.133333,0.0482349,3,0.133333,-0.0802332,3,0.133333,0.00327271
3.02,0.136,0.0379494,3.02,0.136,0.0562003,3.02,0.136,-0.0699731,3.02,0.136,-0.00422522
3.04,0.138667,0.0354991,3.04,0.138667,0.0443727,3.04,0.138667,-0.0302046,3.04,0.138667,-0.000923445
3.06,0.141333,0.0579682,3.06,0.141333,0.0583662,3.06,0.141333,0.00436183,3.06,0.141333,0.0135461
3.08,0.144,0.0524346,3.08,0.144,0.0552989,3.08,0.144,0.0130132,3.08,0.144,0.00857959
3.1,0.146667,0.0385716,3.1,0.146667,0.0477133,3.1,0.146667,0.00700635,3.1,0.146667,-0.0276003
3.12,0.149333,0.0309682,3.12,0.149333,0.0450441,3.12,0.149333,-0.00592827,3.12,0.149333,-0.0577651
3.14,0.152,0.0290973,3.14,0.152,0.0466633,3.14,0.152,-0.0295227,3.14,0.152,-0.0664891
3.16,0.154667,0.0303525,3.16,0.154667,0.0508773,3.16,0.154667,-0.0527894,3.16,0.154667,-0.0559698
3.18,0.157333,0.0335187,3.18,0.157333,0.057189,3.18,0.157333,-0.0679661,3.18,0.157333,-0.0298864
3.2,0.16,0.0384246,3.2,0.16,0.0645307,3.2,0.16,-0.0527351,3.2,0.16,0.0058596
3.22,0.162667,0.0473999,3.22,0.162667,0.0719559,3.22,0.162667,-0.0428564,3.22,0.162667,-0.00424022
3.24,0.165333,0.0478576,3.24,0.165333,0.0606707,3.24,0.165333,-0.00288099,3.24,0.165333,-0.00194368
3.26,0.168,0.0768861,3.26,0.168,0.0768762,3.26,0.168,0.0324841,3.26,0.168,0.0125422
3.28,0.170667,0.0685966,3.28,0.170667,0.0708992,3.28,0.170667,0.0401891,3.28,0.170667,0.00794766
3.3,0.173333,0.0523614,3.3,0.173333,0.0618514,3.3,0.173333,0.0329959,3.3,0.173333,-0.0254122
3.32,0.176,0.0451765,3.32,0.176,0.0595327,3.32,0.176,0.0212019,3.32,0.176,-0.0499704
3.34,0.178667,0.0439671,3.34,0.178667,0.062324,3.34,0.178667,-0.00115641,3.34,0.178667,-0.053678
3.36,0.181333,0.0458624,3.36,0.181333,0.0677625,3.36,0.181333,-0.0235408,3.36,0.181333,-0.0396609
3.38,0.184,0.0509179,3.38,0.184,0.0767913,3.38,0.184,-0.0393587,3.38,0.184,-0.0123535
3.4,0.186667,0.0565968,3.4,0.186667,0.0861368,3.4,0.186667,-0.0272262,3.4,0.186667,0.0265434
3.42,0.189333,0.0638697,3.42,0.189333,0.088582,3.42,0.189333,-0.0151092,3.42,0.189333,0.0186839
3.44,0.192,0.0621766,3.44,0.192,0.0721871,3.44,0.192,0.0258243,3.44,0.192,0.0228471
3.46,0.194667,0.0899274,3.46,0.194667,0.0885762,3.46,0.194667,0.062298,3.46,0.194667,0.0402974
3.48,0.197333,0.0804834,3.48,0.197333,0.0815171,3.48,0.197333,0.0691449,3.48,0.197333,0.0350157
3.5,0.2,0.0631968,3.5,0.2,0.0724086,3.5,0.2,0.0608074,3.5,0.2,0.00181228
3.52,0.202667,0.0561081,3.52,0.202667,0.0714851,3.52,0.202667,0.049107,3.52,0.202667,-0.0224911
3.54,0.205333,0.0551267,3.54,0.205333,0.0751083,3.54,0.205333,0.0265199,3.54,0.205333,-0.0277113
3.56,0.208,0.0583596,3.56,0.208,0.0825839,3.56,0.208,0.00254516,3.56,0.208,-0.0155296
3.58,0.210667,0.0653043,3.58,0.210667,0.0936063,3.58,0.210667,-0.0171218,3.58,0.210667,0.00924192
3.6,0.213333,0.0721228,3.6,0.213333,0.104211,3.6,0.213333,-0.00288967,3.6,0.213333,0.0524968
3.62,0.216,0.0772302,3.62,0.216,0.108034,3.62,0.216,0.00615732,3.62,0.216,0.0440343
3.64,0.218667,0.0758974,3.64,0.218667,0.0969362,3.64,0.218667,0.0501107,3.64,0.218667,0.0518473
3.66,0.221333,0.110384,3.66,0.221333,0.114018,3.66,0.221333,0.0873801,3.66,0.221333,0.0740944
3.68,0.224,0.0989855,3.68,0.224,0.103831,3.68,0.224,0.0935475,3.68,0.224,0.0697324
3.7,0.226667,0.0797083,3.7,0.226667,0.0929763,3.7,0.226667,0.0849179,3.7,0.226667,0.0365874
3.72,0.229333,0.072951,3.72,0.229333,0.0922004,3.72,0.229333,0.0743179,3.72,0.229333,0.0128458
3.74,0.232,0.0733538,3.74,0.232,0.09731,3.74,0.232,0.0528537,3.74,0.232,0.00708517
3.76,0.234667,0.0788874,3.76,0.234667,0.106905,3.76,0.234667,0.0296362,3.76,0.234667,0.0165646
3.78,0.237333,0.0881913,3.78,0.237333,0.12043,3.78,0.237333,0.00916929,3.78,0.237333,0.0422447
3.8,0.24,0.0966602,3.8,0.24,0.132872,3.8,0.24,0.0227288,3.8,0.24,0.083837
3.82,0.242667,0.0987077,3.82,0.242667,0.128732,3.82,0.242667,0.0313993,3.82,0.242667,0.0736785
3.84,0.245333,0.0941144,3.84,0.245333,0.107295,3.84,0.245333,0.0771548,3.84,0.245333,0.0808166
3.86,0.248,0.124103,3.86,0.248,0.126894,3.86,0.248,0.115076,3.86,0.248,0.10235
3.88,0.250667,0.111926,3.88,0.250667,0.116073,3.88,0.250667,0.120249,3.88,0.250667,0.0961371
3.9,0.253333,0.0937955,3.9,0.253333,0.107087,3.9,0.253333,0.111139,3.9,0.253333,0.0602109
3.92,0.256,0.0879408,3.92,0.256,0.108425,3.92,0.256,0.101182,3.92,0.256,0.0331666
3.94,0.258667,0.0899199,3.94,0.258667,0.115305,3.94,0.258667,0.0798085,3.94,0.258667,0.0250988
3.96,0.261333,0.0973239,3.96,0.261333,0.126839,3.96,0.261333,0.0559065,3.96,0.261333,0.0336741
3.98,0.264,0.108619,3.98,0.264,0.142183,3.98,0.264,0.0319201,3.98,0.264,0.0625819
4,0.266667,0.118347,4,0.266667,0.15583,4,0.266667,0.046884,4,0.266667,0.106972
4.02,0.269333,0.118484,4.02,0.269333,0.1572,4.02,0.269333,0.0566143,4.02,0.269333,0.0982107
4.04,0.272,0.113837,4.04,0.272,0.144215,4.04,0.272,0.104765,4.04,0.272,0.107538
4.06,0.274667,0.145958,4.06,0.274667,0.160363,4.06,0.274667,0.142825,4.06,0.274667,0.130833
4.08,0.277333,0.131464,4.08,0.277333,0.145961,4.08,0.277333,0.146694,4.08,0.277333,0.124506
4.1,0.28,0.112817,4.1,0.28,0.135446,4.1,0.28,0.137085,4.1,0.28,0.0883358
4.12,0.282667,0.108309,4.12,0.282667,0.136779,4.12,0.282667,0.127916,4.12,0.282667,0.060011
4.14,0.285333,0.112365,4.14,0.285333,0.144941,4.14,0.285333,0.107516,4.14,0.285333,0.0516236
4.16,0.288,0.122033,4.16,0.288,0.158279,4.16,0.288,0.0845068,4.16,0.288,0.0636919
4.18,0.290667,0.135752,4.18,0.290667,0.17595,4.18,0.290667,0.0603104,4.18,0.290667,0.0960692
4.2,0.293333,0.147284,4.2,0.293333,0.190059,4.2,0.293333,0.0729759,4.2,0.293333,0.136753
4.22,0.296,0.146346,4.22,0.296,0.177106,4.22,0.296,0.081319,4.22,0.296,0.123783
4.24,0.298667,0.137329,4.24,0.298667,0.152049,4.24,0.298667,0.131351,4.24,0.298667,0.13152
4.26,0.301333,0.167714,4.26,0.301333,0.175426,4.26,0.301333,0.170478,4.26,0.301333,0.153313
4.28,0.304,0.148723,4.28,0.304,0.15956,4.28,0.304,0.173068,4.28,0.304,0.145319
4.3,0.306667,0.131614,4.3,0.306667,0.151228,4.3,0.306667,0.162928,4.3,0.306667,0.108481
4.32,0.309333,0.128164,4.32,0.309333,0.155034,4.32,0.309333,0.154365,4.32,0.309333,0.0766301
4.34,0.312,0.133547,4.34,0.312,0.164562,4.34,0.312,0.134132,4.34,0.312,0.0672338
4.36,0.314667,0.144964,4.36,0.314667,0.179771,4.36,0.314667,0.110459,4.36,0.314667,0.0799607
4.38,0.317333,0.160761,4.38,0.317333,0.199449,4.38,0.317333,0.0829744,4.38,0.317333,0.116418
4.4,0.32,0.173703,4.4,0.32,0.21613,4.4,0.32,0.0962422,4.4,0.32,0.160235
4.42,0.322667,0.171814,4.42,0.322667,0.21586,4.42,0.322667,0.105495,4.42,0.322667,0.150556
4.44,0.325333,0.162902,4.44,0.325333,0.197691,4.44,0.325333,0.157536,4.44,0.325333,0.161223
4.46,0.328,0.192154,4.46,0.328,0.213036,4.46,0.328,0.197086,4.46,0.328,0.185335
4.48,0.330667,0.169847,4.48,0.330667,0.191375,4.48,0.330667,0.198354,4.48,0.330667,0.176993
4.5,0.333333,0.153273,4.5,0.333333,0.182932,4.5,0.333333,0.187596,4.5,0.333333,0.139507
4.52,0.336,0.151359,4.52,0.336,0.186766,4.52,0.336,0.179961,4.52,0.336,0.106461
4.54,0.338667,0.158671,4.54,0.338667,0.197692,4.54,0.338667,0.160847,4.54,0.338667,0.0979714
4.56,0.341333,0.172422,4.56,0.341333,0.214734,4.56,0.341333,0.13838,4.56,0.341333,0.113561
4.58,0.344,0.190896,4.58,0.344,0.236867,4.58,0.344,0.111062,4.58,0.344,0.152286
4.6,0.346667,0.205774,4.6,0.346667,0.252592,4.6,0.346667,0.121079,4.6,0.346667,0.193055
4.62,0.349333,0.203611,4.62,0.349333,0.233226,4.62,0.349333,0.129345,4.62,0.349333,0.178568
4.64,0.352,0.188218,4.64,0.352,0.205739,4.64,0.352,0.183339,4.64,0.352,0.186534
4.66,0.354667,0.210382,4.66,0.354667,0.22608,4.66,0.354667,0.224066,4.66,0.354667,0.209234
4.68,0.357333,0.184854,4.68,0.357333,0.20415,4.68,0.357333,0.224155,4.68,0.357333,0.198962
4.7,0.36,0.16865,4.7,0.36,0.193416,4.7,0.36,0.212271,4.7,0.36,0.161021
4.72,0.362667,0.168284,4.72,0.362667,0.200347,4.72,0.362667,0.205532,4.72,0.362667,0.125126
4.74,0.365333,0.177494,4.74,0.365333,0.213252,4.74,0.365333,0.186923,4.74,0.365333,0.115169
4.76,0.368,0.193522,4.76,0.368,0.232414,4.76,0.368,0.164236,4.76,0.368,0.13088
4.78,0.370667,0.214523,4.78,0.370667,0.256875,4.78,0.370667,0.133381,4.78,0.370667,0.172804
4.8,0.373333,0.230977,4.8,0.373333,0.276773,4.8,0.373333,0.144498,4.8,0.373333,0.215895
4.82,0.376,0.229264,4.82,0.376,0.272145,4.82,0.376,0.157195,4.82,0.376,0.208411
4.84,0.378667,0.212723,4.84,0.378667,0.246594,4.84,0.378667,0.212382,4.84,0.378667,0.21921
4.86,0.381333,0.235297,4.86,0.381333,0.259589,4.86,0.381333,0.253858,4.86,0.381333,0.243492
4.88,0.384,0.206658,4.88,0.384,0.234062,4.88,0.384,0.252789,4.88,0.384,0.232389
4.9,0.386667,0.190893,4.9,0.386667,0.225209,4.9,0.386667,0.239602,4.9,0.386667,0.193633
4.92,0.389333,0.19231,4.92,0.389333,0.231936,4.92,0.389333,0.232673,4.92,0.389333,0.157685
4.94,0.392,0.20345,4.94,0.392,0.246225,4.94,0.392,0.214713,4.94,0.392,0.149562
4.96,0.394667,0.221827,4.96,0.394667,0.26759,4.96,0.394667,0.193511,4.96,0.394667,0.168752
4.98,0.397333,0.245574,4.98,0.397333,0.294799,4.98,0.397333,0.163582,4.98,0.397333,0.212243
5,0.4,0.26393,5,0.4,0.311386,5,0.4,0.171537,5,0.4,0.251347
5.02,0.4,0.259932,5.02,0.4,0.284945,5.02,0.4,0.177926,5.02,0.4,0.235044
5.04,0.4,0.237268,5.04,0.4,0.256129,5.04,0.4,0.235986,5.04,0.4,0.244813
5.06,0.4,0.257403,5.06,0.4,0.276632,5.06,0.4,0.278751,5.06,0.4,0.268047
5.08,0.4,0.225439,5.08,0.4,0.2462,5.08,0.4,0.276846,5.08,0.4,0.255971
5.1,0.4,0.209439,5.1,0.4,0.232928,5.1,0.4,0.262691,5.1,0.4,0.217256
5.12,0.4,0.212001,5.12,0.4,0.241947,5.12,0.4,0.256615,5.12,0.4,0.177929
5.14,0.4,0.223635,5.14,0.4,0.256998,5.14,0.4,0.238333,5.14,0.4,0.166621
5.16,0.4,0.242446,5.16,0.4,0.278676,5.16,0.4,0.215076,5.16,0.4,0.183486
5.18,0.4,0.266493,5.18,0.4,0.306066,5.18,0.4,0.180482,5.18,0.4,0.227106
5.2,0.4,0.284406,5.2,0.4,0.327216,5.2,0.4,0.186613,5.2,0.4,0.267271
5.22,0.4,0.279064,5.22,0.4,0.317124,5.22,0.4,0.19448,5.22,0.4,0.256775
5.24,0.4,0.255201,5.24,0.4,0.287365,5.24,0.4,0.252966,5.24,0.4,0.269061
5.26,0.4,0.271185,5.26,0.4,0.296335,5.26,0.4,0.295883,5.26,0.4,0.292338
5.28,0.4,0.239059,5.28,0.4,0.267741,5.28,0.4,0.294124,5.28,0.4,0.278786
5.3,0.4,0.224761,5.3,0.4,0.258661,5.3,0.4,0.279955,5.3,0.4,0.237344
5.32,0.4,0.228999,5.32,0.4,0.26736,5.32,0.4,0.27206,5.32,0.4,0.196388
5.34,0.4,0.241693,5.34,0.4,0.282868,5.34,0.4,0.251452,5.34,0.4,0.185719
5.36,0.4,0.261506,5.36,0.4,0.305468,5.36,0.4,0.227443,5.36,0.4,0.204311
5.38,0.4,0.286694,5.38,0.4,0.333878,5.38,0.4,0.195377,5.38,0.4,0.244926
5.4,0.4,0.305679,5.4,0.4,0.345009,5.4,0.4,0.19698,5.4,0.4,0.278083
5.42,0.4,0.293094,5.42,0.4,0.310399,5.42,0.4,0.202488,5.42,0.4,0.262385
5.44,0.4,0.262887,5.44,0.4,0.282262,5.44,0.4,0.260018,5.44,0.4,0.268788
5.46,0.4,0.27851,5.46,0.4,0.297988,5.46,0.4,0.302868,5.46,0.4,0.285911
5.48,0.4,0.245723,5.48,0.4,0.265145,5.48,0.4,0.300848,5.48,0.4,0.268618
5.5,0.4,0.230915,5.5,0.4,0.2528,5.5,0.4,0.286411,5.5,0.4,0.224255
5.52,0.4,0.237135,5.52,0.4,0.263568,5.52,0.4,0.277151,5.52,0.4,0.17889
5.54,0.4,0.250401,5.54,0.4,0.280132,5.54,0.4,0.254682,5.54,0.4,0.165453
5.56,0.4,0.27058,5.56,0.4,0.302865,5.56,0.4,0.229295,5.56,0.4,0.18342
5.58,0.4,0.296399,5.58,0.4,0.33173,5.58,0.4,0.196331,5.58,0.4,0.228532
5.6,0.4,0.316054,5.6,0.4,0.353375,5.6,0.4,0.198004,5.6,0.4,0.269317
5.62,0.4,0.305234,5.62,0.4,0.335288,5.62,0.4,0.203967,5.62,0.4,0.256492
5.64,0.4,0.275338,5.64,0.4,0.302751,5.64,0.4,0.261402,5.64,0.4,0.2645
5.66,0.4,0.286954,5.66,0.4,0.309657,5.66,0.4,0.303756,5.66,0.4,0.282827
5.68,0.4,0.25511,5.68,0.4,0.281569,5.68,0.4,0.301474,5.68,0.4,0.266366
5.7,0.4,0.242161,5.7,0.4,0.272513,5.7,0.4,0.286944,5.7,0.4,0.222458
5.72,0.4,0.24941,5.72,0.4,0.283272,5.72,0.4,0.277086,5.72,0.4,0.179166
5.74,0.4,0.263434,5.74,0.4,0.299793,5.74,0.4,0.254299,5.74,0.4,0.169285
5.76,0.4,0.284409,5.76,0.4,0.323117,5.76,0.4,0.229472,5.76,0.4,0.190854
5.78,0.4,0.311162,5.78,0.4,0.35259,5.78,0.4,0.19911,5.78,0.4,0.236068
5.8,0.4,0.331086,5.8,0.4,0.366816,5.8,0.4,0.198799,5.8,0.4,0.273528
5.82,0.4,0.314425,5.82,0.4,0.332953,5.82,0.4,0.206711,5.82,0.4,0.260551
5.84,0.4,0.282389,5.84,0.4,0.303214,5.84,0.4,0.263097,5.84,0.4,0.264493
5.86,0.4,0.29505,5.86,0.4,0.313414,5.86,0.4,0.305711,5.86,0.4,0.278696
5.88,0.4,0.261033,5.88,0.4,0.280349,5.88,0.4,0.303395,5.88,0.4,0.259464
5.9,0.4,0.247423,5.9,0.4,0.269029,5.9,0.4,0.288666,5.9,0.4,0.213641
5.92,0.4,0.2556,5.92,0.4,0.280217,5.92,0.4,0.278476,5.92,0.4,0.1664
5.94,0.4,0.269912,5.94,0.4,0.297562,5.94,0.4,0.255141,5.94,0.4,0.152685
5.96,0.4,0.29089,5.96,0.4,0.320833,5.96,0.4,0.229332,5.96,0.4,0.172039
5.98,0.4,0.317852,5.98,0.4,0.350497,5.98,0.4,0.196777,5.98,0.4,0.221014
6,0.4,0.338486,6,0.4,0.372488,6,0.4,0.197685,6,0.4,0.265444
6.02,0.4,0.326528,6.02,0.4,0.351569,6.02,0.4,0.203156,6.02,0.4,0.255864
6.04,0.4,0.295369,6.04,0.4,0.318006,6.04,0.4,0.260522,6.04,0.4,0.26402
6.06,0.4,0.303252,6.06,0.4,0.321669,6.06,0.4,0.302851,6.06,0.4,0.281645
6.08,0.4,0.270493,6.08,0.4,0.291881,6.08,0.4,0.300505,6.08,0.4,0.265416
6.1,0.4,0.258461,6.1,0.4,0.282983,6.1,0.4,0.285904,6.1,0.4,0.221055
6.12,0.4,0.267028,6.12,0.4,0.294562,6.12,0.4,0.276023,6.12,0.4,0.175999
6.14,0.4,0.281851,6.14,0.4,0.311626,6.14,0.4,0.253164,6.14,0.4,0.166095
6.16,0.4,0.303576,6.16,0.4,0.335189,6.16,0.4,0.228278,6.16,0.4,0.189221
6.18,0.4,0.331265,6.18,0.4,0.365097,6.18,0.4,0.197657,6.18,0.4,0.237892
6.2,0.4,0.351284,6.2,0.4,0.383835,6.2,0.4,0.197983,6.2,0.4,0.277932
6.22,0.4,0.330792,6.22,0.4,0.354258,6.22,0.4,0.203289,6.22,0.4,0.26369
6.24,0.4,0.297669,6.24,0.4,0.321346,6.24,0.4,0.260578,6.24,0.4,0.26739
6.26,0.4,0.307023,6.26,0.4,0.326236,6.26,0.4,0.302994,6.26,0.4,0.280771
6.28,0.4,0.272214,6.28,0.4,0.293204,6.28,0.4,0.300689,6.28,0.4,0.260915
6.3,0.4,0.259514,6.3,0.4,0.282544,6.3,0.4,0.286078,6.3,0.4,0.21413
6.32,0.4,0.26833,6.32,0.4,0.293695,6.32,0.4,0.276324,6.32,0.4,0.164119
6.34,0.4,0.283001,6.34,0.4,0.3107,6.34,0.4,0.253227,6.34,0.4,0.149022
6.36,0.4,0.30415,6.36,0.4,0.33378,6.36,0.4,0.227543,6.36,0.4,0.169349
6.38,0.4,0.331421,6.38,0.4,0.363381,6.38,0.4,0.194642,6.38,0.4,0.221241
6.4,0.4,0.351679,6.4,0.4,0.382318,6.4,0.4,0.196768,6.4,0.4,0.267114
6.42,0.4,0.33377,6.42,0.4,0.352973,6.42,0.4,0.203301,6.42,0.4,0.259911
6.44,0.4,0.300598,6.44,0.4,0.319728,6.44,0.4,0.26077,6.44,0.4,0.267615
6.46,0.4,0.307669,6.46,0.4,0.322881,6.46,0.4,0.302872,6.46,0.4,0.282268
6.48,0.4,0.273907,6.48,0.4,0.290635,6.48,0.4,0.300497,6.48,0.4,0.264927
6.5,0.4,0.262099,6.5,0.4,0.280914,6.5,0.4,0.285929,6.5,0.4,0.219615
6.52,0.4,0.271234,6.52,0.4,0.292502,6.52,0.4,0.275966,6.52,0.4,0.173499
6.54,0.4,0.286153,6.54,0.4,0.309621,6.54,0.4,0.253051,6.54,0.4,0.163719
6.56,0.4,0.307672,6.56,0.4,0.33275,6.56,0.4,0.228189,6.56,0.4,0.188556
6.58,0.4,0.33532,6.58,0.4,0.362344,6.58,0.4,0.197794,6.58,0.4,0.239442
6.6,0.4,0.354859,6.6,0.4,0.383089,6.6,0.4,0.198004,6.6,0.4,0.280496
6.62,0.4,0.331771,6.62,0.4,0.358008,6.62,0.4,0.203272,6.62,0.4,0.267407
6.64,0.4,0.298238,6.64,0.4,0.323682,6.64,0.4,0.260549,6.64,0.4,0.270226
6.66,0.4,0.30842,6.66,0.4,0.327934,6.66,0.4,0.302903,6.66,0.4,0.281667
6.68,0.4,0.27224,6.68,0.4,0.294209,6.68,0.4,0.300525,6.68,0.4,0.260279
6.7,0.4,0.260419,6.7,0.4,0.284446,6.7,0.4,0.285901,6.7,0.4,0.212061
6.72,0.4,0.269386,6.72,0.4,0.295245,6.72,0.4,0.276177,6.72,0.4,0.160082
6.74,0.4,0.283643,6.74,0.4,0.311238,6.74,0.4,0.253105,6.74,0.4,0.143752
6.76,0.4,0.304432,6.76,0.4,0.333521,6.76,0.4,0.227434,6.76,0.4,0.16452
6.78,0.4,0.331585,6.78,0.4,0.362575,6.78,0.4,0.194654,6.78,0.4,0.218346
6.8,0.4,0.352159,6.8,0.4,0.382958,6.8,0.4,0.196673,6.8,0.4,0.265453
6.82,0.4,0.338099,6.82,0.4,0.357481,6.82,0.4,0.206142,6.82,0.4,0.262679
6.84,0.4,0.305104,6.84,0.4,0.323147,6.84,0.4,0.262784,6.84,0.4,0.269937
6.86,0.4,0.310607,6.86,0.4,0.324857,6.86,0.4,0.305006,6.86,0.4,0.282116
6.88,0.4,0.276263,6.88,0.4,0.2912,6.88,0.4,0.302628,6.88,0.4,0.263683
6.9,0.4,0.264233,6.9,0.4,0.28063,6.9,0.4,0.28796,6.9,0.4,0.217553
6.92,0.4,0.273203,6.92,0.4,0.291593,6.92,0.4,0.277574,6.92,0.4,0.170965
6.94,0.4,0.287872,6.94,0.4,0.308348,6.94,0.4,0.254409,6.94,0.4,0.161998
6.96,0.4,0.309139,6.96,0.4,0.331075,6.96,0.4,0.229412,6.96,0.4,0.188258
6.98,0.4,0.336558,6.98,0.4,0.360237,6.98,0.4,0.199257,6.98,0.4,0.240777
7,0.4,0.356393,7,0.4,0.381739,7,0.4,0.198544,7,0.4,0.282438
7.02,0.4,0.33536,7.02,0.4,0.360694,7.02,0.4,0.203007,7.02,0.4,0.270051
7.04,0.4,0.301422,7.04,0.4,0.325519,7.04,0.4,0.260163,7.04,0.4,0.272756
7.06,0.4,0.309176,7.06,0.4,0.326722,7.06,0.4,0.302639,7.06,0.4,0.28338
7.08,0.4,0.272271,7.08,0.4,0.291562,7.08,0.4,0.300265,7.08,0.4,0.261149
7.1,0.4,0.25918,7.1,0.4,0.280068,7.1,0.4,0.285618,7.1,0.4,0.211831
7.12,0.4,0.268378,7.12,0.4,0.290596,7.12,0.4,0.27593,7.12,0.4,0.158226
7.14,0.4,0.283297,7.14,0.4,0.306899,7.14,0.4,0.252881,7.14,0.4,0.140073
7.16,0.4,0.304457,7.16,0.4,0.32922,7.16,0.4,0.227213,7.16,0.4,0.16039
7.18,0.4,0.331771,7.18,0.4,0.357998,7.18,0.4,0.194362,7.18,0.4,0.215086
7.2,0.4,0.352282,7.2,0.4,0.378839,7.2,0.4,0.196558,7.2,0.4,0.262395
7.22,0.4,0.335857,7.22,0.4,0.355749,7.22,0.4,0.203136,7.22,0.4,0.260415
7.24,0.4,0.302612,7.24,0.4,0.321133,7.24,0.4,0.260613,7.24,0.4,0.270209
7.26,0.4,0.308594,7.26,0.4,0.322568,7.26,0.4,0.302713,7.26,0.4,0.283041
7.28,0.4,0.273535,7.28,0.4,0.287908,7.28,0.4,0.300343,7.28,0.4,0.265805
7.3,0.4,0.261631,7.3,0.4,0.277284,7.3,0.4,0.285778,7.3,0.4,0.220288
7.32,0.4,0.271183,7.32,0.4,0.288517,7.32,0.4,0.275822,7.32,0.4,0.173477
7.34,0.4,0.286254,7.34,0.4,0.305401,7.34,0.4,0.252903,7.34,0.4,0.164436
7.36,0.4,0.307773,7.36,0.4,0.328232,7.36,0.4,0.228039,7.36,0.4,0.1913
7.38,0.4,0.335401,7.38,0.4,0.35746,7.38,0.4,0.197654,7.38,0.4,0.244644
7.4,0.4,0.355379,7.4,0.4,0.379083,7.4,0.4,0.197953,7.4,0.4,0.28647
7.42,0.4,0.334134,7.42,0.4,0.358127,7.42,0.4,0.203291,7.42,0.4,0.275106
7.44,0.4,0.300244,7.44,0.4,0.323071,7.44,0.4,0.260551,7.44,0.4,0.27796
7.46,0.4,0.307946,7.46,0.4,0.324567,7.46,0.4,0.302864,7.46,0.4,0.287735
7.48,0.4,0.271096,7.48,0.4,0.288555,7.48,0.4,0.300475,7.48,0.4,0.264386
7.5,0.4,0.258137,7.5,0.4,0.276765,7.5,0.4,0.28585,7.5,0.4,0.213621
7.52,0.4,0.267622,7.52,0.4,0.287317,7.52,0.4,0.276097,7.52,0.4,0.15775
7.54,0.4,0.282673,7.54,0.4,0.303647,7.54,0.4,0.253,7.54,0.4,0.136644
7.56,0.4,0.303853,7.56,0.4,0.325711,7.56,0.4,0.22734,7.56,0.4,0.155052
7.58,0.4,0.331187,7.58,0.4,0.354208,7.58,0.4,0.19467,7.58,0.4,0.209514
7.6,0.4,0.351816,7.6,0.4,0.375825,7.6,0.4,0.196691,7.6,0.4,0.256382
7.62,0.4,0.336825,7.62,0.4,0.358201,7.62,0.4,0.203171,7.62,0.4,0.257094
7.64,0.4,0.30376,7.64,0.4,0.323576,7.64,0.4,0.260635,7.64,0.4,0.269273
7.66,0.4,0.310487,7.66,0.4,0.324799,7.66,0.4,0.302704,7.66,0.4,0.28295
7.68,0.4,0.274834,7.68,0.4,0.288869,7.68,0.4,0.300282,7.68,0.4,0.266171
7.7,0.4,0.263769,7.7,0.4,0.279047,7.7,0.4,0.285706,7.7,0.4,0.220699
7.72,0.4,0.273132,7.72,0.4,0.289904,7.72,0.4,0.275775,7.72,0.4,0.173858
7.74,0.4,0.287559,7.74,0.4,0.305858,7.74,0.4,0.252876,7.74,0.4,0.165244
7.76,0.4,0.308708,7.76,0.4,0.328054,7.76,0.4,0.228016,7.76,0.4,0.192654
7.78,0.4,0.336145,7.78,0.4,0.35686,7.78,0.4,0.197709,7.78,0.4,0.246119
7.8,0.4,0.356444,7.8,0.4,0.378289,7.8,0.4,0.197903,7.8,0.4,0.287203
7.82,0.4,0.33817,7.82,0.4,0.358406,7.82,0.4,0.20625,7.82,0.4,0.278559
7.84,0.4,0.304122,7.84,0.4,0.323238,7.84,0.4,0.262657,7.84,0.4,0.281604
7.86,0.4,0.310559,7.86,0.4,0.324424,7.86,0.4,0.305083,7.86,0.4,0.290929
7.88,0.4,0.27333,7.88,0.4,0.287697,7.88,0.4,0.302698,7.88,0.4,0.266806
7.9,0.4,0.260109,7.9,0.4,0.275367,7.9,0.4,0.287977,7.9,0.4,0.21481
7.92,0.4,0.269348,7.92,0.4,0.285579,7.92,0.4,0.277767,7.92,0.4,0.156947
7.94,0.4,0.284183,7.94,0.4,0.301664,7.94,0.4,0.254395,7.94,0.4,0.133161
7.96,0.4,0.305191,7.96,0.4,0.323522,7.96,0.4,0.228608,7.96,0.4,0.149138
7.98,0.4,0.332354,7.98,0.4,0.351765,7.98,0.4,0.196227,7.98,0.4,0.20177
8,0.4,0.352901,8,0.4,0.373573,8,0.4,0.197327,8,0.4,0.24658
8.02,0.4,0.339329,8.02,0.4,0.360993,8.02,0.4,0.202994,8.02,0.4,0.251089
8.04,0.4,0.30644,8.04,0.4,0.327252,8.04,0.4,0.260348,8.04,0.4,0.267078
8.06,0.4,0.312323,8.06,0.4,0.326948,8.06,0.4,0.302546,8.06,0.4,0.283226
8.08,0.4,0.275566,8.08,0.4,0.289802,8.08,0.4,0.300132,8.08,0.4,0.268164
8.1,0.4,0.264242,8.1,0.4,0.279631,8.1,0.4,0.285519,8.1,0.4,0.22303
8.12,0.4,0.273616,8.12,0.4,0.290309,8.12,0.4,0.275625,8.12,0.4,0.17669
8.14,0.4,0.28804,8.14,0.4,0.305939,8.14,0.4,0.252757,8.14,0.4,0.16841
8.16,0.4,0.309168,8.16,0.4,0.327922,8.16,0.4,0.227907,8.16,0.4,0.195761
8.18,0.4,0.336604,8.18,0.4,0.356532,8.18,0.4,0.197535,8.18,0.4,0.247518
8.2,0.4,0.356895,8.2,0.4,0.377682,8.2,0.4,0.197863,8.2,0.4,0.286368
8.22,0.4,0.338759,8.22,0.4,0.357362,8.22,0.4,0.206285,8.22,0.4,0.276897
8.24,0.4,0.304643,8.24,0.4,0.322096,8.24,0.4,0.262689,8.24,0.4,0.280544
8.26,0.4,0.310654,8.26,0.4,0.323342,8.26,0.4,0.305124,8.26,0.4,0.29014
8.28,0.4,0.273117,8.28,0.4,0.286053,8.28,0.4,0.30277,8.28,0.4,0.26591
8.3,0.4,0.259836,8.3,0.4,0.273424,8.3,0.4,0.288035,8.3,0.4,0.213508
8.32,0.4,0.26918,8.32,0.4,0.283481,8.32,0.4,0.277779,8.32,0.4,0.154674
8.34,0.4,0.2841,8.34,0.4,0.299644,8.34,0.4,0.254385,8.34,0.4,0.128618
8.36,0.4,0.305125,8.36,0.4,0.321354,8.36,0.4,0.228607,8.36,0.4,0.141039
8.38,0.4,0.332321,8.38,0.4,0.349435,8.38,0.4,0.196243,8.38,0.4,0.190783
8.4,0.4,0.352898,8.4,0.4,0.371164,8.4,0.4,0.197394,8.4,0.4,0.231529
8.42,0.4,0.339854,8.42,0.4,0.360498,8.42,0.4,0.203105,8.42,0.4,0.241066
8.44,0.4,0.307055,8.44,0.4,0.327556,8.44,0.4,0.260439,8.44,0.4,0.263177
8.46,0.4,0.311303,8.46,0.4,0.325487,8.46,0.4,0.302612,8.46,0.4,0.284097
8.48,0.4,0.274223,8.48,0.4,0.288478,8.48,0.4,0.300191,8.48,0.4,0.272471
8.5,0.4,0.261887,8.5,0.4,0.277344,8.5,0.4,0.285574,8.5,0.4,0.228386
8.52,0.4,0.271657,8.52,0.4,0.2883,8.52,0.4,0.275631,8.52,0.4,0.182276
8.54,0.4,0.286787,8.54,0.4,0.304503,8.54,0.4,0.252723,8.54,0.4,0.173504
8.56,0.4,0.308281,8.56,0.4,0.326848,8.56,0.4,0.227872,8.56,0.4,0.199889
8.58,0.4,0.335889,8.58,0.4,0.355599,8.58,0.4,0.197563,8.58,0.4,0.250101
8.6,0.4,0.35613,8.6,0.4,0.3764,8.6,0.4,0.197883,8.6,0.4,0.28662
8.62,0.4,0.336873,8.62,0.4,0.353722,8.62,0.4,0.206314,8.62,0.4,0.277134
8.64,0.4,0.302826,8.64,0.4,0.318751,8.64,0.4,0.262706,8.64,0.4,0.282152
8.66,0.4,0.310664,8.66,0.4,0.322096,8.66,0.4,0.305123,8.66,0.4,0.293248
8.68,0.4,0.272245,8.68,0.4,0.283684,8.68,0.4,0.302755,8.68,0.4,0.270065
8.7,0.4,0.26003,8.7,0.4,0.272019,8.7,0.4,0.288015,8.7,0.4,0.217836
8.72,0.4,0.269548,8.72,0.4,0.282143,8.72,0.4,0.277742,8.72,0.4,0.158382
8.74,0.4,0.284124,8.74,0.4,0.297946,8.74,0.4,0.254333,8.74,0.4,0.130784
8.76,0.4,0.304915,8.76,0.4,0.319396,8.76,0.4,0.228555,8.76,0.4,0.140145
8.78,0.4,0.332053,8.78,0.4,0.347397,8.78,0.4,0.19623,8.78,0.4,0.185731
8.8,0.4,0.352627,8.8,0.4,0.368939,8.8,0.4,0.197373,8.8,0.4,0.223451
8.82,0.4,0.341981,8.82,0.4,0.361796,8.82,0.4,0.203086,8.82,0.4,0.235265
8.84,0.4,0.309915,8.84,0.4,0.330922,8.84,0.4,0.260419,8.84,0.4,0.263559
8.86,0.4,0.312737,8.86,0.4,0.327535,8.86,0.4,0.302582,8.86,0.4,0.284228
8.88,0.4,0.275446,8.88,0.4,0.290299,8.88,0.4,0.300152,8.88,0.4,0.271698
8.9,0.4,0.263118,8.9,0.4,0.279235,8.9,0.4,0.285532,8.9,0.4,0.228833
8.92,0.4,0.272758,8.92,0.4,0.289981,8.92,0.4,0.275588,8.92,0.4,0.18242
8.94,0.4,0.287691,8.94,0.4,0.305957,8.94,0.4,0.252677,8.94,0.4,0.172712
8.96,0.4,0.309045,8.96,0.4,0.32818,8.96,0.4,0.227828,8.96,0.4,0.198966
8.98,0.4,0.336518,8.98,0.4,0.35678,8.98,0.4,0.197533,8.98,0.4,0.249962
9,0.4,0.35667,9,0.4,0.377232,9,0.4,0.197858,9,0.4,0.286071
9.02,0.4,0.337484,9.02,0.4,0.353391,9.02,0.4,0.203216,9.02,0.4,0.269018
9.04,0.4,0.303339,9.04,0.4,0.318277,9.04,0.4,0.260469,9.04,0.4,0.274148
9.06,0.4,0.310739,9.06,0.4,0.321593,9.06,0.4,0.302779,9.06,0.4,0.286375
9.08,0.4,0.271938,9.08,0.4,0.282823,9.08,0.4,0.300392,9.08,0.4,0.261485
9.1,0.4,0.2598,9.1,0.4,0.271272,9.1,0.4,0.285749,9.1,0.4,0.208737
9.12,0.4,0.269497,9.12,0.4,0.281627,9.12,0.4,0.275975,9.12,0.4,0.150316
9.14,0.4,0.28415,9.14,0.4,0.297589,9.14,0.4,0.252863,9.14,0.4,0.124118
9.16,0.4,0.30503,9.16,0.4,0.319225,9.16,0.4,0.227205,9.16,0.4,0.133629
9.18,0.4,0.332238,9.18,0.4,0.347337,9.18,0.4,0.194579,9.18,0.4,0.177465
9.2,0.4,0.35283,9.2,0.4,0.369039,9.2,0.4,0.196664,9.2,0.4,0.213895
9.22,0.4,0.34057,9.22,0.4,0.361087,9.22,0.4,0.203203,9.22,0.4,0.228253
9.24,0.4,0.307897,9.24,0.4,0.32963,9.24,0.4,0.260648,9.24,0.4,0.259053
9.26,0.4,0.311271,9.26,0.4,0.326464,9.26,0.4,0.302674,9.26,0.4,0.278549
9.28,0.4,0.274148,9.28,0.4,0.289388,9.28,0.4,0.300236,9.28,0.4,0.264025
9.3,0.4,0.261941,9.3,0.4,0.27845,9.3,0.4,0.285653,9.3,0.4,0.219896
9.32,0.4,0.271877,9.32,0.4,0.289509,9.32,0.4,0.275682,9.32,0.4,0.170334
9.34,0.4,0.287009,9.34,0.4,0.30566,9.34,0.4,0.252749,9.34,0.4,0.158909
9.36,0.4,0.308468,9.36,0.4,0.328,9.36,0.4,0.227897,9.36,0.4,0.186834
9.38,0.4,0.336025,9.38,0.4,0.356676,9.38,0.4,0.197693,9.38,0.4,0.24145
9.4,0.4,0.356374,9.4,0.4,0.377528,9.4,0.4,0.197901,9.4,0.4,0.280478
9.42,0.4,0.337896,9.42,0.4,0.355377,9.42,0.4,0.203197,9.42,0.4,0.263837
9.44,0.4,0.303757,9.44,0.4,0.320025,9.44,0.4,0.260447,9.44,0.4,0.268659
9.46,0.4,0.309565,9.46,0.4,0.321526,9.46,0.4,0.302732,9.46,0.4,0.278337
9.48,0.4,0.270993,9.48,0.4,0.282546,9.48,0.4,0.300305,9.48,0.4,0.250079
9.5,0.4,0.257659,9.5,0.4,0.269355,9.5,0.4,0.285661,9.5,0.4,0.19005
9.52,0.4,0.26755,9.52,0.4,0.279532,9.52,0.4,0.275925,9.52,0.4,0.12989
9.54,0.4,0.282867,9.54,0.4,0.296071,9.54,0.4,0.252846,9.54,0.4,0.106039
9.56,0.4,0.304117,9.56,0.4,0.317973,9.56,0.4,0.227196,9.56,0.4,0.119312
9.58,0.4,0.331467,9.58,0.4,0.346167,9.58,0.4,0.194621,9.58,0.4,0.16518
9.6,0.4,0.352145,9.6,0.4,0.367883,9.6,0.4,0.196623,9.6,0.4,0.200586
9.62,0.4,0.33975,9.62,0.4,0.360787,9.62,0.4,0.206107,9.62,0.4,0.218717
9.64,0.4,0.306938,9.64,0.4,0.329452,9.64,0.4,0.262729,9.64,0.4,0.252785
9.66,0.4,0.312376,9.66,0.4,0.32778,9.66,0.4,0.304887,9.66,0.4,0.271565
9.68,0.4,0.274613,9.68,0.4,0.289466,9.68,0.4,0.302462,9.68,0.4,0.253824
9.7,0.4,0.263222,9.7,0.4,0.279158,9.7,0.4,0.287774,9.7,0.4,0.206514
9.72,0.4,0.273119,9.72,0.4,0.290169,9.72,0.4,0.277371,9.72,0.4,0.154153
9.74,0.4,0.287798,9.74,0.4,0.305828,9.74,0.4,0.254195,9.74,0.4,0.140629
9.76,0.4,0.308972,9.76,0.4,0.327873,9.76,0.4,0.229217,9.76,0.4,0.170575
9.78,0.4,0.336441,9.78,0.4,0.356497,9.78,0.4,0.19926,9.78,0.4,0.23098
9.8,0.4,0.35706,9.8,0.4,0.377858,9.8,0.4,0.198515,9.8,0.4,0.274253
9.82,0.4,0.34205,9.82,0.4,0.358656,9.82,0.4,0.202983,9.82,0.4,0.262392
9.84,0.4,0.308072,9.84,0.4,0.322952,9.84,0.4,0.260112,9.84,0.4,0.269901
9.86,0.4,0.312095,9.86,0.4,0.322802,9.86,0.4,0.302531,9.86,0.4,0.278873
9.88,0.4,0.272976,9.88,0.4,0.282979,9.88,0.4,0.300112,9.88,0.4,0.24807
9.9,0.4,0.259494,9.9,0.4,0.269451,9.9,0.4,0.285446,9.9,0.4,0.183405
9.92,0.4,0.269072,9.92,0.4,0.27925,9.92,0.4,0.275741,9.92,0.4,0.11918
9.94,0.4,0.284101,9.94,0.4,0.295553,9.94,0.4,0.252681,9.94,0.4,0.0929146
9.96,0.4,0.305174,9.96,0.4,0.31716,9.96,0.4,0.22703,9.96,0.4,0.107079
9.98,0.4,0.332377,9.98,0.4,0.345066,9.98,0.4,0.194356,9.98,0.4,0.153539
10,0.4,0.35287,10,0.4,0.366462,10,0.4,0.196525,10,0.4,0.18725
10.02,0.4,0.340042,10.02,0.4,0.359829,10.02,0.4,0.203105,10.02,0.4,0.205882
10.04,0.4,0.307247,10.04,0.4,0.329594,10.04,0.4,0.260562,10.04,0.4,0.244938
10.06,0.4,0.312192,10.06,0.4,0.327381,10.06,0.4,0.302611,10.06,0.4,0.267847
10.08,0.4,0.274254,10.08,0.4,0.288849,10.08,0.4,0.300201,10.08,0.4,0.251865
10.1,0.4,0.262956,10.1,0.4,0.278742,10.1,0.4,0.285618,10.1,0.4,0.204474
10.12,0.4,0.272959,10.12,0.4,0.289789,10.12,0.4,0.275647,10.12,0.4,0.149796
10.14,0.4,0.287684,10.14,0.4,0.305418,10.14,0.4,0.252719,10.14,0.4,0.132516
10.16,0.4,0.308934,10.16,0.4,0.32747,10.16,0.4,0.22787,10.16,0.4,0.162109
10.18,0.4,0.336454,10.18,0.4,0.356075,10.18,0.4,0.197632,10.18,0.4,0.22696
10.2,0.4,0.356983,10.2,0.4,0.377042,10.2,0.4,0.197914,10.2,0.4,0.273143
10.22,0.4,0.340456,10.22,0.4,0.356035,10.22,0.4,0.20326,10.22,0.4,0.267914
10.24,0.4,0.306284,10.24,0.4,0.320466,10.24,0.4,0.2605,10.24,0.4,0.280772
10.26,0.4,0.310806,10.26,0.4,0.321149,10.26,0.4,0.302768,10.26,0.4,0.290611
10.28,0.4,0.271941,10.28,0.4,0.281665,10.28,0.4,0.300344,10.28,0.4,0.258146
10.3,0.4,0.258556,10.3,0.4,0.268327,10.3,0.4,0.285702,10.3,0.4,0.190453
10.32,0.4,0.26836,10.32,0.4,0.278427,10.32,0.4,0.275937,10.32,0.4,0.122871
10.34,0.4,0.28354,10.34,0.4,0.294916,10.34,0.4,0.252832,10.34,0.4,0.0927691
10.36,0.4,0.304692,10.36,0.4,0.316694,10.36,0.4,0.227185,10.36,0.4,0.10551
10.38,0.4,0.331972,10.38,0.4,0.344704,10.38,0.4,0.194655,10.38,0.4,0.150679
10.4,0.4,0.352535,10.4,0.4,0.366155,10.4,0.4,0.196655,10.4,0.4,0.183627
10.42,0.4,0.34,10.42,0.4,0.35959,10.42,0.4,0.203141,10.42,0.4,0.202671
10.44,0.4,0.307266,10.44,0.4,0.329409,10.44,0.4,0.260591,10.44,0.4,0.241152
10.46,0.4,0.310784,10.46,0.4,0.325741,10.46,0.4,0.302618,10.46,0.4,0.265277
10.48,0.4,0.272888,10.48,0.4,0.287437,10.48,0.4,0.300164,10.48,0.4,0.25087
10.5,0.4,0.260549,10.5,0.4,0.27633,10.5,0.4,0.285574,10.5,0.4,0.204714
10.52,0.4,0.270879,10.52,0.4,0.287656,10.52,0.4,0.275632,10.52,0.4,0.148857
10.54,0.4,0.2863,10.54,0.4,0.303951,10.54,0.4,0.252726,10.54,0.4,0.12843
10.56,0.4,0.307905,10.56,0.4,0.326375,10.56,0.4,0.227879,10.56,0.4,0.156284
10.58,0.4,0.335588,10.58,0.4,0.355151,10.58,0.4,0.197692,10.58,0.4,0.221555
10.6,0.4,0.356157,10.6,0.4,0.376226,10.6,0.4,0.197874,10.6,0.4,0.268296
10.62,0.4,0.339108,10.62,0.4,0.354727,10.62,0.4,0.206225,10.62,0.4,0.266637
10.64,0.4,0.305012,10.64,0.4,0.319368,10.64,0.4,0.262618,10.64,0.4,0.280801
10.66,0.4,0.311554,10.66,0.4,0.321639,10.66,0.4,0.305007,10.66,0.4,0.290542
10.68,0.4,0.271909,10.68,0.4,0.281595,10.68,0.4,0.302593,10.68,0.4,0.257142
10.7,0.4,0.259488,10.7,0.4,0.269338,10.7,0.4,0.28786,10.7,0.4,0.188738
10.72,0.4,0.269274,10.72,0.4,0.279463,10.72,0.4,0.277639,10.72,0.4,0.119839
10.74,0.4,0.284033,10.74,0.4,0.295528,10.74,0.4,0.254262,10.74,0.4,0.0876723
10.76,0.4,0.304876,10.76,0.4,0.316933,10.76,0.4,0.228485,10.76,0.4,0.0989178
10.78,0.4,0.332033,10.78,0.4,0.344788,10.78,0.4,0.196211,10.78,0.4,0.142153
10.8,0.4,0.352531,10.8,0.4,0.366085,10.8,0.4,0.197297,10.8,0.4,0.175645
10.82,0.4,0.343098,10.82,0.4,0.361091,10.82,0.4,0.202973,10.82,0.4,0.196111
10.84,0.4,0.311535,10.84,0.4,0.332858,10.84,0.4,0.260315,10.84,0.4,0.233972
10.86,0.4,0.313355,10.86,0.4,0.32794,10.86,0.4,0.302479,10.86,0.4,0.258464
10.88,0.4,0.274893,10.88,0.4,0.289149,10.88,0.4,0.300039,10.88,0.4,0.246305
10.9,0.4,0.26238,10.9,0.4,0.27793,10.9,0.4,0.285427,10.9,0.4,0.202933
10.92,0.4,0.272356,10.92,0.4,0.289126,10.92,0.4,0.27552,10.92,0.4,0.147654
10.94,0.4,0.287453,10.94,0.4,0.30515,10.94,0.4,0.25263,10.94,0.4,0.125829
10.96,0.4,0.308856,10.96,0.4,0.327414,10.96,0.4,0.227777,10.96,0.4,0.151972
10.98,0.4,0.33636,10.98,0.4,0.356013,10.98,0.4,0.197487,10.98,0.4,0.217414
11,0.4,0.35675,11,0.4,0.377058,11,0.4,0.19782,11,0.4,0.264151
11.02,0.4,0.339511,11.02,0.4,0.356484,11.02,0.4,0.203184,11.02,0.4,0.26096
11.04,0.4,0.305345,11.04,0.4,0.321008,11.04,0.4,0.260435,11.04,0.4,0.276506
11.06,0.4,0.31157,11.06,0.4,0.322573,11.06,0.4,0.302736,11.06,0.4,0.287064
11.08,0.4,0.271825,11.08,0.4,0.282132,11.08,0.4,0.300344,11.08,0.4,0.254982
11.1,0.4,0.259487,11.1,0.4,0.269954,11.1,0.4,0.285702,11.1,0.4,0.187995
11.12,0.4,0.26937,11.12,0.4,0.280284,11.12,0.4,0.275935,11.12,0.4,0.119607
11.14,0.4,0.284166,11.14,0.4,0.296461,11.14,0.4,0.252831,11.14,0.4,0.0876144
11.16,0.4,0.305063,11.16,0.4,0.318056,11.16,0.4,0.227181,11.16,0.4,0.0981505
11.18,0.4,0.332276,11.18,0.4,0.346076,11.18,0.4,0.194597,11.18,0.4,0.139515
11.2,0.4,0.352798,11.2,0.4,0.367503,11.2,0.4,0.196676,11.2,0.4,0.173952
11.22,0.4,0.341863,11.22,0.4,0.361435,11.22,0.4,0.203217,11.22,0.4,0.195669
11.24,0.4,0.309586,11.24,0.4,0.331658,11.24,0.4,0.260656,11.24,0.4,0.232622
11.26,0.4,0.311937,11.26,0.4,0.326988,11.26,0.4,0.302667,11.26,0.4,0.256167
11.28,0.4,0.273783,11.28,0.4,0.288352,11.28,0.4,0.300219,11.28,0.4,0.244446
11.3,0.4,0.261416,11.3,0.4,0.277158,11.3,0.4,0.285632,11.3,0.4,0.202
11.32,0.4,0.271651,11.32,0.4,0.288498,11.32,0.4,0.275654,11.32,0.4,0.146703
11.34,0.4,0.286927,11.34,0.4,0.304824,11.34,0.4,0.252719,11.34,0.4,0.125288
11.36,0.4,0.308436,11.36,0.4,0.327245,11.36,0.4,0.227872,11.36,0.4,0.151116
11.38,0.4,0.336016,11.38,0.4,0.355963,11.38,0.4,0.197719,11.38,0.4,0.214472
11.4,0.4,0.356517,11.4,0.4,0.37726,11.4,0.4,0.19791,11.4,0.4,0.260235
11.42,0.4,0.339487,11.42,0.4,0.357272,11.42,0.4,0.203201,11.42,0.4,0.254651
11.44,0.4,0.305328,11.44,0.4,0.321667,11.44,0.4,0.260443,11.44,0.4,0.268756
11.46,0.4,0.310179,11.46,0.4,0.321793,11.46,0.4,0.302716,11.46,0.4,0.279113
11.48,0.4,0.270725,11.48,0.4,0.281739,11.48,0.4,0.300277,11.48,0.4,0.248426
11.5,0.4,0.257225,11.5,0.4,0.268107,11.5,0.4,0.285628,11.5,0.4,0.183778
11.52,0.4,0.267298,11.52,0.4,0.278109,11.52,0.4,0.275888,11.52,0.4,0.117357
11.54,0.4,0.282755,11.54,0.4,0.294801,11.54,0.4,0.252805,11.54,0.4,0.0868713
11.56,0.4,0.304057,11.56,0.4,0.316667,11.56,0.4,0.227159,11.56,0.4,0.0969339
11.58,0.4,0.331456,11.58,0.4,0.344776,11.58,0.4,0.194629,11.58,0.4,0.136244
11.6,0.4,0.35212,11.6,0.4,0.36631,11.6,0.4,0.196617,11.6,0.4,0.17259
11.62,0.4,0.340965,11.62,0.4,0.361155,11.62,0.4,0.206097,11.62,0.4,0.197517
11.64,0.4,0.308425,11.64,0.4,0.331384,11.64,0.4,0.262716,11.64,0.4,0.232404
11.66,0.4,0.312952,11.66,0.4,0.328516,11.66,0.4,0.304862,11.66,0.4,0.254357
11.68,0.4,0.274271,11.68,0.4,0.289368,11.68,0.4,0.302428,11.68,0.4,0.241401
11.7,0.4,0.262761,11.7,0.4,0.279037,11.7,0.4,0.287735,11.7,0.4,0.198238
11.72,0.4,0.272904,11.72,0.4,0.290296,11.72,0.4,0.27733,11.72,0.4,0.143125
11.74,0.4,0.287712,11.74,0.4,0.306104,11.74,0.4,0.254153,11.74,0.4,0.122282
11.76,0.4,0.308924,11.76,0.4,0.328126,11.76,0.4,0.229179,11.76,0.4,0.147446
11.78,0.4,0.336412,11.78,0.4,0.356651,11.78,0.4,0.199258,11.78,0.4,0.209164
11.8,0.4,0.357064,11.8,0.4,0.378147,11.8,0.4,0.198508,11.8,0.4,0.254078
11.82,0.4,0.343357,11.82,0.4,0.361457,11.82,0.4,0.202976,11.82,0.4,0.244911
11.84,0.4,0.309554,11.84,0.4,0.325882,11.84,0.4,0.2601,11.84,0.4,0.2572
11.86,0.4,0.312701,11.86,0.4,0.32455,11.86,0.4,0.302509,11.86,0.4,0.267692
11.88,0.4,0.272821,11.88,0.4,0.284273,11.88,0.4,0.300082,11.88,0.4,0.238732
11.9,0.4,0.25915,11.9,0.4,0.270619,11.9,0.4,0.285412,11.9,0.4,0.176438
11.92,0.4,0.268878,11.92,0.4,0.280472,11.92,0.4,0.275704,11.92,0.4,0.112642
11.94,0.4,0.284028,11.94,0.4,0.296881,11.94,0.4,0.252641,11.94,0.4,0.0846456
11.96,0.4,0.30513,11.96,0.4,0.318627,11.96,0.4,0.226993,11.96,0.4,0.0948197
11.98,0.4,0.332358,11.98,0.4,0.346643,11.98,0.4,0.194354,11.98,0.4,0.130777
12,0.4,0.352819,12,0.4,0.368002,12,0.4,0.196519,12,0.4,0.168322
12.02,0.3995,0.341023,12.02,0.3995,0.360603,12.02,0.3995,0.203188,12.02,0.3995,0.194465
12.04,0.399,0.308447,12.04,0.399,0.329396,12.04,0.399,0.260746,12.04,0.399,0.230778
12.06,0.3985,0.312422,12.06,0.3985,0.32628,12.06,0.3985,0.302882,12.06,0.3985,0.252809
12.08,0.398,0.273575,12.08,0.398,0.287078,12.08,0.398,0.300678,12.08,0.398,0.241312
12.1,0.3975,0.26221,12.1,0.3975,0.276851,12.1,0.3975,0.286209,12.1,0.3975,0.199806
12.12,0.397,0.272387,12.12,0.397,0.288159,12.12,0.397,0.276038,12.12,0.397,0.145191
12.14,0.3965,0.287196,12.14,0.3965,0.304105,12.14,0.3965,0.252565,12.14,0.3965,0.123683
12.16,0.396,0.308193,12.16,0.396,0.325939,12.16,0.396,0.227191,12.16,0.396,0.146566
12.18,0.3955,0.335416,12.18,0.3955,0.354203,12.18,0.3955,0.196491,12.18,0.3955,0.206819
12.2,0.395,0.355747,12.2,0.395,0.375449,12.2,0.395,0.196122,12.2,0.395,0.250886
12.22,0.3945,0.340064,12.22,0.3945,0.358165,12.22,0.3945,0.202226,12.22,0.3945,0.240937
12.24,0.394,0.306028,12.24,0.394,0.322688,12.24,0.394,0.259158,12.24,0.394,0.252722
12.26,0.3935,0.309568,12.26,0.3935,0.321362,12.26,0.3935,0.301385,12.26,0.3935,0.264338
12.28,0.393,0.270675,12.28,0.393,0.281926,12.28,0.393,0.299215,12.28,0.393,0.237754
12.3,0.3925,0.257518,12.3,0.3925,0.268852,12.3,0.3925,0.284485,12.3,0.3925,0.177812
12.32,0.392,0.267577,12.32,0.392,0.279088,12.32,0.392,0.273801,12.32,0.392,0.116897
12.34,0.3915,0.282794,12.34,0.3915,0.295435,12.34,0.3915,0.249271,12.34,0.3915,0.0893707
12.36,0.391,0.303572,12.36,0.391,0.316861,12.36,0.391,0.222409,12.36,0.391,0.0968247
12.38,0.3905,0.330188,12.38,0.3905,0.344224,12.38,0.3905,0.188884,12.38,0.3905,0.129159
12.4,0.39,0.350304,12.4,0.39,0.365168,12.4,0.39,0.191511,12.4,0.39,0.168321
12.42,0.3895,0.337709,12.42,0.3895,0.357188,12.42,0.3895,0.198477,12.42,0.3895,0.195789
12.44,0.389,0.304554,12.44,0.389,0.325221,12.44,0.389,0.255526,12.44,0.389,0.229807
12.46,0.3885,0.305807,12.46,0.3885,0.319623,12.46,0.3885,0.297214,12.46,0.3885,0.249811
12.48,0.388,0.26726,12.48,0.388,0.280698,12.48,0.388,0.295068,12.48,0.388,0.237726
12.5,0.3875,0.25518,12.5,0.3875,0.269783,12.5,0.3875,0.281185,12.5,0.3875,0.195779
12.52,0.387,0.265323,12.52,0.387,0.280846,12.52,0.387,0.27053,12.52,0.387,0.143181
12.54,0.3865,0.280554,12.54,0.3865,0.297128,12.54,0.3865,0.246201,12.54,0.3865,0.124948
12.56,0.386,0.301487,12.56,0.386,0.31889,12.56,0.386,0.220926,12.56,0.386,0.147212
12.58,0.3855,0.328323,12.58,0.3855,0.346739,12.58,0.3855,0.193137,12.58,0.3855,0.200133
12.6,0.385,0.348393,12.6,0.385,0.367675,12.6,0.385,0.190381,12.6,0.385,0.2425
12.62,0.3845,0.332992,12.62,0.3845,0.350926,12.62,0.3845,0.197674,12.62,0.3845,0.23018
12.64,0.384,0.299673,12.64,0.384,0.316428,12.64,0.384,0.252401,12.64,0.384,0.23665
12.66,0.3835,0.305191,12.66,0.3835,0.316699,12.66,0.3835,0.294963,12.66,0.3835,0.246912
12.68,0.383,0.268422,12.68,0.383,0.279162,12.68,0.383,0.293767,12.68,0.383,0.221074
12.7,0.3825,0.257471,12.7,0.3825,0.268306,12.7,0.3825,0.278975,12.7,0.3825,0.16432
12.72,0.382,0.267593,12.72,0.382,0.278965,12.72,0.382,0.266355,12.72,0.382,0.107591
12.74,0.3815,0.282056,12.74,0.3815,0.294713,12.74,0.3815,0.240261,12.74,0.3815,0.0816519
12.76,0.381,0.302091,12.76,0.381,0.3155,12.76,0.381,0.212257,12.76,0.381,0.0881341
12.78,0.3805,0.327973,12.78,0.3805,0.342217,12.78,0.3805,0.178275,12.78,0.3805,0.120286
12.8,0.38,0.347841,12.8,0.38,0.362945,12.8,0.38,0.182278,12.8,0.38,0.162335
12.82,0.3795,0.33816,12.82,0.3795,0.356808,12.82,0.3795,0.189893,12.82,0.3795,0.183512
12.84,0.379,0.305699,12.84,0.379,0.32571,12.84,0.379,0.246414,12.84,0.379,0.212708
12.86,0.3785,0.303698,12.86,0.3785,0.317139,12.86,0.3785,0.287682,12.86,0.3785,0.230816
12.88,0.378,0.264676,12.88,0.378,0.277363,12.88,0.378,0.28546,12.88,0.378,0.219188
12.9,0.3775,0.252959,12.9,0.3775,0.266514,12.9,0.3775,0.271834,12.9,0.3775,0.180698
12.92,0.377,0.262711,12.92,0.377,0.277009,12.92,0.377,0.260737,12.92,0.377,0.135696
12.94,0.3765,0.277192,12.94,0.3765,0.292514,12.94,0.3765,0.235942,12.94,0.3765,0.122079
12.96,0.376,0.297482,12.96,0.376,0.31357,12.96,0.376,0.210707,12.96,0.376,0.143582
12.98,0.3755,0.323793,12.98,0.3755,0.340781,12.98,0.3755,0.184289,12.98,0.3755,0.190425
13,0.375,0.343321,13,0.375,0.361387,13,0.375,0.181314,13,0.375,0.230789
13.02,0.3745,0.32608,13.02,0.3745,0.345195,13.02,0.3745,0.183869,13.02,0.3745,0.212058
13.04,0.374,0.292959,13.04,0.374,0.311242,13.04,0.374,0.238125,13.04,0.374,0.215358
13.06,0.3735,0.297862,13.06,0.3735,0.310439,13.06,0.3735,0.280455,13.06,0.3735,0.225882
13.08,0.373,0.264199,13.08,0.373,0.2758,13.08,0.373,0.280407,13.08,0.373,0.203044
13.1,0.3725,0.254859,13.1,0.3725,0.266524,13.1,0.3725,0.266413,13.1,0.3725,0.150837
13.12,0.372,0.265394,13.12,0.372,0.277521,13.12,0.372,0.253907,13.12,0.372,0.101813
13.14,0.3715,0.279811,13.14,0.3715,0.292846,13.14,0.3715,0.227702,13.14,0.3715,0.0788588
13.16,0.371,0.299604,13.16,0.371,0.31311,13.16,0.371,0.1987,13.16,0.371,0.0843605
13.18,0.3705,0.32515,13.18,0.3705,0.339278,13.18,0.3705,0.164415,13.18,0.3705,0.11425
13.2,0.37,0.344966,13.2,0.37,0.359671,13.2,0.37,0.172781,13.2,0.37,0.157984
13.22,0.3695,0.334485,13.22,0.3695,0.352712,13.22,0.3695,0.182746,13.22,0.3695,0.170653
13.24,0.369,0.301483,13.24,0.369,0.320522,13.24,0.369,0.238763,13.24,0.369,0.196575
13.26,0.3685,0.298507,13.26,0.3685,0.311309,13.26,0.3685,0.279304,13.26,0.3685,0.216392
13.28,0.368,0.259571,13.28,0.368,0.27153,13.28,0.368,0.276936,13.28,0.368,0.206936
13.3,0.3675,0.248283,13.3,0.3675,0.260659,13.3,0.3675,0.263426,13.3,0.3675,0.173899
13.32,0.367,0.257905,13.32,0.367,0.270497,13.32,0.367,0.251665,13.32,0.367,0.139918
13.34,0.3665,0.272097,13.34,0.3665,0.285525,13.34,0.3665,0.226134,13.34,0.3665,0.129851
13.36,0.366,0.292005,13.36,0.366,0.305979,13.36,0.366,0.200452,13.36,0.366,0.147164
13.38,0.3655,0.318053,13.38,0.3655,0.332715,13.38,0.3655,0.174752,13.38,0.3655,0.185286
13.4,0.365,0.337495,13.4,0.365,0.353308,13.4,0.365,0.171544,13.4,0.365,0.218377
13.42,0.3645,0.320469,13.42,0.3645,0.339307,13.42,0.3645,0.172474,13.42,0.3645,0.196508
13.44,0.364,0.287876,13.44,0.364,0.306291,13.44,0.364,0.225271,13.44,0.364,0.199789
13.46,0.3635,0.289928,13.46,0.3635,0.302574,13.46,0.3635,0.267292,13.46,0.3635,0.213137
13.48,0.363,0.259268,13.48,0.363,0.271156,13.48,0.363,0.268306,13.48,0.363,0.194715
13.5,0.3625,0.250584,13.5,0.3625,0.262807,13.5,0.3625,0.255125,13.5,0.3625,0.148791
13.52,0.362,0.261699,13.52,0.362,0.274534,13.52,0.362,0.242523,13.52,0.362,0.113053
13.54,0.3615,0.276573,13.54,0.3615,0.290166,13.54,0.3615,0.21614,13.54,0.3615,0.0938492
13.56,0.361,0.296433,13.56,0.361,0.310411,13.56,0.361,0.186379,13.56,0.361,0.09536
13.58,0.3605,0.321707,13.58,0.3605,0.33616,13.58,0.3605,0.152661,13.58,0.3605,0.117241
13.6,0.36,0.341621,13.6,0.36,0.356544,13.6,0.36,0.163889,13.6,0.36,0.155218
13.62,0.3595,0.331103,13.62,0.3595,0.348276,13.62,0.3595,0.179055,13.62,0.3595,0.156793
13.64,0.359,0.297874,13.64,0.359,0.314849,13.64,0.359,0.233705,13.64,0.359,0.182055
13.66,0.3585,0.295428,13.66,0.3585,0.307173,13.66,0.3585,0.273411,13.66,0.3585,0.207988
13.68,0.358,0.255863,13.68,0.358,0.267002,13.68,0.358,0.270772,13.68,0.358,0.202031
13.7,0.3575,0.24574,13.7,0.3575,0.256988,13.7,0.3575,0.257126,13.7,0.3575,0.176327
13.72,0.357,0.255017,13.72,0.357,0.266237,13.72,0.357,0.244564,13.72,0.357,0.154326
13.74,0.3565,0.268364,13.74,0.3565,0.280383,13.74,0.3565,0.218141,13.74,0.3565,0.144227
13.76,0.356,0.287612,13.76,0.356,0.300115,13.76,0.356,0.191544,13.76,0.356,0.152968
13.78,0.3555,0.313278,13.78,0.3555,0.326383,13.78,0.3555,0.166027,13.78,0.3555,0.17942
13.8,0.355,0.33292,13.8,0.355,0.346919,13.8,0.355,0.161722,13.8,0.355,0.197961
13.82,0.3545,0.318882,13.82,0.3545,0.33643,13.82,0.3545,0.161101,13.82,0.3545,0.1745
13.84,0.354,0.28696,13.84,0.354,0.304598,13.84,0.354,0.212122,13.84,0.354,0.184947
13.86,0.3535,0.285742,13.86,0.3535,0.29788,13.86,0.3535,0.253974,13.86,0.3535,0.205194
13.88,0.353,0.257427,13.88,0.353,0.268582,13.88,0.353,0.256092,13.88,0.353,0.192862
13.9,0.3525,0.250302,13.9,0.3525,0.261938,13.9,0.3525,0.243825,13.9,0.3525,0.158891
13.92,0.352,0.261236,13.92,0.352,0.273816,13.92,0.352,0.231188,13.92,0.352,0.135804
13.94,0.3515,0.275583,13.94,0.3515,0.288866,13.94,0.3515,0.204617,13.94,0.3515,0.11859
13.96,0.351,0.295011,13.96,0.351,0.308631,13.96,0.351,0.174538,13.96,0.351,0.112624
13.98,0.3505,0.319755,13.98,0.3505,0.333819,13.98,0.3505,0.141509,13.98,0.3505,0.121058
14,0.35,0.339453,14,0.35,0.353912,14,0.35,0.155666,14,0.35,0.143683
14.02,0.35,0.328869,14.02,0.35,0.344724,14.02,0.35,0.168887,14.02,0.35,0.128046
14.04,0.35,0.295834,14.04,0.35,0.311194,14.04,0.35,0.223293,14.04,0.35,0.160038
14.06,0.35,0.292162,14.06,0.35,0.302834,14.06,0.35,0.261817,14.06,0.35,0.195406
14.08,0.35,0.252196,14.08,0.35,0.262238,14.08,0.35,0.258722,14.08,0.35,0.193637
14.1,0.35,0.242381,14.1,0.35,0.252221,14.1,0.35,0.244963,14.1,0.35,0.179125
14.12,0.35,0.2513,14.12,0.35,0.261138,14.12,0.35,0.23225,14.12,0.35,0.167227
14.14,0.35,0.26447,14.14,0.35,0.275321,14.14,0.35,0.205595,14.14,0.35,0.154209
14.16,0.35,0.2836,14.16,0.35,0.294931,14.16,0.35,0.179079,14.16,0.35,0.151072
14.18,0.35,0.309325,14.18,0.35,0.321237,14.18,0.35,0.153743,14.18,0.35,0.164061
14.2,0.35,0.328942,14.2,0.35,0.34202,14.2,0.35,0.151131,14.2,0.35,0.173542
14.22,0.35,0.313847,14.22,0.35,0.331732,14.22,0.35,0.15065,14.22,0.35,0.150352
14.24,0.35,0.282344,14.24,0.35,0.300447,14.24,0.35,0.200603,14.24,0.35,0.178928
14.26,0.35,0.2799,14.26,0.35,0.292497,14.26,0.35,0.242262,14.26,0.35,0.211854
14.28,0.35,0.253875,14.28,0.35,0.265091,14.28,0.35,0.245391,14.28,0.35,0.210024
14.3,0.35,0.248553,14.3,0.35,0.260011,14.3,0.35,0.234274,14.3,0.35,0.190198
14.32,0.35,0.259817,14.32,0.35,0.272115,14.32,0.35,0.222359,14.32,0.35,0.173457
14.34,0.35,0.274284,14.34,0.35,0.28701,14.34,0.35,0.196494,14.34,0.35,0.153452
14.36,0.35,0.293965,14.36,0.35,0.306828,14.36,0.35,0.167216,14.36,0.35,0.136008
14.38,0.35,0.318947,14.38,0.35,0.332114,14.38,0.35,0.135066,14.38,0.35,0.127238
14.4,0.35,0.338963,14.4,0.35,0.352342,14.4,0.35,0.151901,14.4,0.35,0.144609
14.42,0.35,0.329107,14.42,0.35,0.344254,14.42,0.35,0.166781,14.42,0.35,0.128473
14.44,0.35,0.296425,14.44,0.35,0.311244,14.44,0.35,0.220909,14.44,0.35,0.167664
14.46,0.35,0.292656,14.46,0.35,0.302699,14.46,0.35,0.2588,14.46,0.35,0.207104
14.48,0.35,0.252509,14.48,0.35,0.262142,14.48,0.35,0.255365,14.48,0.35,0.204223
14.5,0.35,0.240851,14.5,0.35,0.24998,14.5,0.35,0.241376,14.5,0.35,0.192526
14.52,0.35,0.249476,14.52,0.35,0.258511,14.52,0.35,0.228413,14.52,0.35,0.184067
14.54,0.35,0.263375,14.54,0.35,0.273396,14.54,0.35,0.201758,14.54,0.35,0.165694
14.56,0.35,0.282764,14.56,0.35,0.293187,14.56,0.35,0.17524,14.56,0.35,0.15132
14.58,0.35,0.308629,14.58,0.35,0.319408,14.58,0.35,0.148894,14.58,0.35,0.146825
14.6,0.35,0.32854,14.6,0.35,0.340276,14.6,0.35,0.147637,14.6,0.35,0.154624
14.62,0.35,0.314575,14.62,0.35,0.332081,14.62,0.35,0.151777,14.62,0.35,0.13916
14.64,0.35,0.28336,14.64,0.35,0.301602,14.64,0.35,0.200789,14.64,0.35,0.179029
14.66,0.35,0.282129,14.66,0.35,0.295163,14.66,0.35,0.242369,14.66,0.35,0.219056
14.68,0.35,0.255859,14.68,0.35,0.267377,14.68,0.35,0.245724,14.68,0.35,0.220272
14.7,0.35,0.251421,14.7,0.35,0.262998,14.7,0.35,0.234588,14.7,0.35,0.207189
14.72,0.35,0.262234,14.72,0.35,0.274512,14.72,0.35,0.22222,14.72,0.35,0.195103
14.74,0.35,0.276189,14.74,0.35,0.288712,14.74,0.35,0.196157,14.74,0.35,0.17289
14.76,0.35,0.295678,14.76,0.35,0.30824,14.76,0.35,0.166905,14.76,0.35,0.149096
14.78,0.35,0.320627,14.78,0.35,0.333415,14.78,0.35,0.13478,14.78,0.35,0.127724
14.8,0.35,0.340567,14.8,0.35,0.353538,14.8,0.35,0.151711,14.8,0.35,0.146694
14.82,0.35,0.3322,14.82,0.35,0.346275,14.82,0.35,0.166548,14.82,0.35,0.139737
14.84,0.35,0.299995,14.84,0.35,0.313611,14.84,0.35,0.220582,14.84,0.35,0.184236
14.86,0.35,0.29517,14.86,0.35,0.304355,14.86,0.35,0.258483,14.86,0.35,0.224515
14.88,0.35,0.254756,14.88,0.35,0.263441,14.88,0.35,0.255072,14.88,0.35,0.221018
14.9,0.35,0.242702,14.9,0.35,0.250666,14.9,0.35,0.241033,14.9,0.35,0.209435
14.92,0.35,0.251052,14.92,0.35,0.258795,14.92,0.35,0.227962,14.92,0.35,0.203024
14.94,0.35,0.264763,14.94,0.35,0.273393,14.94,0.35,0.201268,14.94,0.35,0.18287
14.96,0.35,0.284022,14.96,0.35,0.292929,14.96,0.35,0.174804,14.96,0.35,0.162623
14.98,0.35,0.309808,14.98,0.35,0.318992,14.98,0.35,0.14847,14.98,0.35,0.146905
15,0.35,0.329699,15,0.35,0.339757,15,0.35,0.147476,15,0.35,0.150377
15.02,0.35,0.315744,15.02,0.35,0.331965,15.02,0.35,0.148316,15.02,0.35,0.134688
15.04,0.35,0.284512,15.04,0.35,0.30195,15.04,0.35,0.198354,15.04,0.35,0.181956
15.06,0.35,0.282147,15.06,0.35,0.294229,15.06,0.35,0.239804,15.06,0.35,0.224475
15.08,0.35,0.25581,15.08,0.35,0.266262,15.08,0.35,0.243097,15.08,0.35,0.226071
15.1,0.35,0.251903,15.1,0.35,0.26244,15.1,0.35,0.232231,15.1,0.35,0.214568
15.12,0.35,0.262787,15.12,0.35,0.274,15.12,0.35,0.220402,15.12,0.35,0.205933
15.14,0.35,0.276796,15.14,0.35,0.288199,15.14,0.35,0.194693,15.14,0.35,0.183447
15.16,0.35,0.296422,15.16,0.35,0.307782,15.16,0.35,0.165631,15.16,0.35,0.156777
15.18,0.35,0.321503,15.18,0.35,0.332999,15.18,0.35,0.133867,15.18,0.35,0.130141
15.2,0.35,0.34156,15.2,0.35,0.353172,15.2,0.35,0.151499,15.2,0.35,0.148311
15.22,0.35,0.331025,15.22,0.35,0.344748,15.22,0.35,0.166928,15.22,0.35,0.14915
15.24,0.35,0.297992,15.24,0.35,0.31156,15.24,0.35,0.221006,15.24,0.35,0.197435
15.26,0.35,0.29454,15.26,0.35,0.303313,15.26,0.35,0.258738,15.26,0.35,0.238091
15.28,0.35,0.254089,15.28,0.35,0.262083,15.28,0.35,0.255249,15.28,0.35,0.234343
15.3,0.35,0.243352,15.3,0.35,0.250643,15.3,0.35,0.241215,15.3,0.35,0.222427
15.32,0.35,0.252131,15.32,0.35,0.259219,15.32,0.35,0.228074,15.32,0.35,0.216108
15.34,0.35,0.265447,15.34,0.35,0.27337,15.34,0.35,0.201349,15.34,0.35,0.194754
15.36,0.35,0.2845,15.36,0.35,0.292625,15.36,0.35,0.174884,15.36,0.35,0.171476
15.38,0.35,0.310202,15.38,0.35,0.318503,15.38,0.35,0.148734,15.38,0.35,0.149981
15.4,0.35,0.330211,15.4,0.35,0.339176,15.4,0.35,0.147517,15.4,0.35,0.150032
15.42,0.35,0.317807,15.42,0.35,0.332722,15.42,0.35,0.148126,15.42,0.35,0.139131
15.44,0.35,0.286822,15.44,0.35,0.303362,15.44,0.35,0.198149,15.44,0.35,0.188202
15.46,0.35,0.282093,15.46,0.35,0.293276,15.46,0.35,0.239606,15.46,0.35,0.231292
15.48,0.35,0.255357,15.48,0.35,0.264501,15.48,0.35,0.242863,15.48,0.35,0.233119
15.5,0.35,0.250925,15.5,0.35,0.259812,15.5,0.35,0.231984,15.5,0.35,0.221802
15.52,0.35,0.262073,15.52,0.35,0.271509,15.52,0.35,0.220201,15.52,0.35,0.213218
15.54,0.35,0.276493,15.54,0.35,0.286041,15.54,0.35,0.194531,15.54,0.35,0.189929
15.56,0.35,0.296358,15.56,0.35,0.305824,15.56,0.35,0.165482,15.56,0.35,0.161776
15.58,0.35,0.321548,15.58,0.35,0.331125,15.58,0.35,0.133704,15.58,0.35,0.132598
15.6,0.35,0.341629,15.6,0.35,0.351301,15.6,0.35,0.151331,15.6,0.35,0.149779
15.62,0.35,0.329166,15.62,0.35,0.341702,15.62,0.35,0.166754,15.62,0.35,0.155235
15.64,0.35,0.295757,15.64,0.35,0.308233,15.64,0.35,0.220848,15.64,0.35,0.205907
15.66,0.35,0.293715,15.66,0.35,0.3013,15.66,0.35,0.258589,15.66,0.35,0.246388
15.68,0.35,0.253224,15.68,0.35,0.259725,15.68,0.35,0.255104,15.68,0.35,0.242852
15.7,0.35,0.242161,15.7,0.35,0.247837,15.7,0.35,0.241084,15.7,0.35,0.230605
15.72,0.35,0.250988,15.72,0.35,0.256412,15.72,0.35,0.227992,15.72,0.35,0.222833
15.74,0.35,0.264542,15.74,0.35,0.270736,15.74,0.35,0.201299,15.74,0.35,0.199996
15.76,0.35,0.283685,15.76,0.35,0.290049,15.76,0.35,0.174836,15.76,0.35,0.175438
15.78,0.35,0.309454,15.78,0.35,0.315946,15.78,0.35,0.148647,15.78,0.35,0.151604
15.8,0.35,0.329629,15.8,0.35,0.336662,15.8,0.35,0.147453,15.8,0.35,0.151345
15.82,0.35,0.318126,15.82,0.35,0.331497,15.82,0.35,0.148091,15.82,0.35,0.144289
15.84,0.35,0.287362,15.84,0.35,0.30329,15.84,0.35,0.198124,15.84,0.35,0.193572
15.86,0.35,0.282297,15.86,0.35,0.293048,15.86,0.35,0.239583,15.86,0.35,0.236699
15.88,0.35,0.255482,15.88,0.35,0.264273,15.88,0.35,0.242844,15.88,0.35,0.238966
15.9,0.35,0.251142,15.9,0.35,0.259825,15.9,0.35,0.231971,15.9,0.35,0.227743
15.92,0.35,0.262237,15.92,0.35,0.271468,15.92,0.35,0.2202,15.92,0.35,0.218145
15.94,0.35,0.276584,15.94,0.35,0.2859,15.94,0.35,0.194539,15.94,0.35,0.193601
15.96,0.35,0.296394,15.96,0.35,0.305598,15.96,0.35,0.165494,15.96,0.35,0.164567
15.98,0.35,0.321531,15.98,0.35,0.330743,15.98,0.35,0.133714,15.98,0.35,0.134092
16,0.35,0.341567,16,0.35,0.35081,16,0.35,0.151344,16,0.35,0.151344
16.02,0.35,0.329433,16.02,0.35,0.342797,16.02,0.35,0.16677,16.02,0.35,0.159372
16.04,0.35,0.296133,16.04,0.35,0.310288,16.04,0.35,0.220863,16.04,0.35,0.210792
16.06,0.35,0.293742,16.06,0.35,0.302836,16.06,0.35,0.258603,16.06,0.35,0.250568
16.08,0.35,0.253741,16.08,0.35,0.261801,16.08,0.35,0.25512,16.08,0.35,0.247139
16.1,0.35,0.241075,16.1,0.35,0.248382,16.1,0.35,0.241099,16.1,0.35,0.234612
16.12,0.35,0.249561,16.12,0.35,0.256636,16.12,0.35,0.228004,16.12,0.35,0.225317
16.14,0.35,0.263758,16.14,0.35,0.271431,16.14,0.35,0.201311,16.14,0.35,0.201223
16.16,0.35,0.283183,16.16,0.35,0.291097,16.16,0.35,0.174852,16.16,0.35,0.17613
16.18,0.35,0.309073,16.18,0.35,0.317235,16.18,0.35,0.148675,16.18,0.35,0.151824
16.2,0.35,0.329293,16.2,0.35,0.338092,16.2,0.35,0.147472,16.2,0.35,0.151585
16.22,0.35,0.317321,16.22,0.35,0.331567,16.22,0.35,0.151619,16.22,0.35,0.150211
16.24,0.35,0.286472,16.24,0.35,0.302001,16.24,0.35,0.200604,16.24,0.35,0.198613
16.26,0.35,0.283676,16.26,0.35,0.294611,16.26,0.35,0.242141,16.26,0.35,0.24155
16.28,0.35,0.256835,16.28,0.35,0.265687,16.28,0.35,0.245465,16.28,0.35,0.243858
16.3,0.35,0.25296,16.3,0.35,0.261398,16.3,0.35,0.234324,16.3,0.35,0.232527
16.32,0.35,0.2638,16.32,0.35,0.272965,16.32,0.35,0.221955,16.32,0.35,0.221665
16.34,0.35,0.277787,16.34,0.35,0.287187,16.34,0.35,0.195909,16.34,0.35,0.196208
16.36,0.35,0.297424,16.36,0.35,0.306877,16.36,0.35,0.166703,16.36,0.35,0.166965
16.38,0.35,0.322519,16.38,0.35,0.332191,16.38,0.35,0.134626,16.38,0.35,0.135976
16.4,0.35,0.342564,16.4,0.35,0.352395,16.4,0.35,0.151563,16.4,0.35,0.152209
16.42,0.35,0.333115,16.42,0.35,0.34596,16.42,0.35,0.170155,16.42,0.35,0.164706
16.44,0.35,0.300184,16.44,0.35,0.3136,16.44,0.35,0.223462,16.44,0.35,0.216073
16.46,0.35,0.297027,16.46,0.35,0.305726,16.46,0.35,0.261415,16.46,0.35,0.255759
16.48,0.35,0.256414,16.48,0.35,0.264277,16.48,0.35,0.258075,16.48,0.35,0.252231
16.5,0.35,0.245016,16.5,0.35,0.252339,16.5,0.35,0.243823,16.5,0.35,0.239325
16.52,0.35,0.253411,16.52,0.35,0.260644,16.52,0.35,0.230205,16.52,0.35,0.228964
16.54,0.35,0.266641,16.54,0.35,0.274601,16.54,0.35,0.203243,16.54,0.35,0.20385
16.56,0.35,0.28561,16.56,0.35,0.293844,16.56,0.35,0.176558,16.56,0.35,0.177923
16.58,0.35,0.311242,16.58,0.35,0.319739,16.58,0.35,0.150379,16.58,0.35,0.15252
16.6,0.35,0.331302,16.6,0.35,0.340402,16.6,0.35,0.148378,16.6,0.35,0.151519
16.62,0.35,0.320007,16.62,0.35,0.334127,16.62,0.35,0.148159,16.62,0.35,0.147265
16.64,0.35,0.289132,16.64,0.35,0.304848,16.64,0.35,0.198057,16.64,0.35,0.196538
16.66,0.35,0.284899,16.66,0.35,0.296006,16.66,0.35,0.239711,16.66,0.35,0.239418
16.68,0.35,0.257763,16.68,0.35,0.266813,16.68,0.35,0.243068,16.68,0.35,0.241924
16.7,0.35,0.253977,16.7,0.35,0.262671,16.7,0.35,0.2322,16.7,0.35,0.230955
16.72,0.35,0.264644,16.72,0.35,0.274131,16.72,0.35,0.22036,16.72,0.35,0.220484
16.74,0.35,0.278464,16.74,0.35,0.288263,16.74,0.35,0.194595,16.74,0.35,0.195031
16.76,0.35,0.297995,16.76,0.35,0.307874,16.76,0.35,0.165462,16.76,0.35,0.165457
16.78,0.35,0.323004,16.78,0.35,0.333167,16.78,0.35,0.133724,16.78,0.35,0.134831
16.8,0.35,0.342945,16.8,0.35,0.353345,16.8,0.35,0.151612,16.8,0.35,0.152636
16.82,0.35,0.3315,16.82,0.35,0.34513,16.82,0.35,0.167192,16.82,0.35,0.162857
16.84,0.35,0.298179,16.84,0.35,0.312177,16.84,0.35,0.221212,16.84,0.35,0.215126
16.86,0.35,0.29478,16.86,0.35,0.303985,16.86,0.35,0.258924,16.86,0.35,0.254334
16.88,0.35,0.255003,16.88,0.35,0.263502,16.88,0.35,0.255462,16.88,0.35,0.250658
16.9,0.35,0.242414,16.9,0.35,0.25022,16.9,0.35,0.241363,16.9,0.35,0.237827
16.92,0.35,0.250759,16.92,0.35,0.258426,16.92,0.35,0.228021,16.92,0.35,0.227296
16.94,0.35,0.264802,16.94,0.35,0.273192,16.94,0.35,0.201181,16.94,0.35,0.201917
16.96,0.35,0.284147,16.96,0.35,0.292755,16.96,0.35,0.174729,16.96,0.35,0.176
16.98,0.35,0.309988,16.98,0.35,0.318797,16.98,0.35,0.148657,16.98,0.35,0.150922
17,0.35,0.330061,17,0.35,0.339608,17,0.35,0.147572,17,0.35,0.150602
17.02,0.35,0.316853,17.02,0.35,0.331911,17.02,0.35,0.148288,17.02,0.35,0.147685
17.04,0.35,0.285775,17.04,0.35,0.301954,17.04,0.35,0.198271,17.04,0.35,0.196877
17.06,0.35,0.281816,17.06,0.35,0.292864,17.06,0.35,0.23967,17.06,0.35,0.239238
17.08,0.35,0.254725,17.08,0.35,0.264119,17.08,0.35,0.242906,17.08,0.35,0.241454
17.1,0.35,0.250038,17.1,0.35,0.25944,17.1,0.35,0.232011,17.1,0.35,0.230538
17.12,0.35,0.261522,17.12,0.35,0.271641,17.12,0.35,0.220137,17.12,0.35,0.220027
17.14,0.35,0.276206,17.14,0.35,0.286609,17.14,0.35,0.194405,17.14,0.35,0.194652
17.16,0.35,0.296244,17.16,0.35,0.306731,17.16,0.35,0.165369,17.16,0.35,0.165293
17.18,0.35,0.321608,17.18,0.35,0.332364,17.18,0.35,0.13366,17.18,0.35,0.134443
17.2,0.35,0.341842,17.2,0.35,0.352907,17.2,0.35,0.151298,17.2,0.35,0.15164
17.22,0.35,0.329607,17.22,0.35,0.343533,17.22,0.35,0.170492,17.22,0.35,0.16625
17.24,0.35,0.296104,17.24,0.35,0.309965,17.24,0.35,0.223847,17.24,0.35,0.218197
17.26,0.35,0.294421,17.26,0.35,0.303526,17.26,0.35,0.261627,17.26,0.35,0.257231
17.28,0.35,0.254202,17.28,0.35,0.262561,17.28,0.35,0.258203,17.28,0.35,0.253686
17.3,0.35,0.242807,17.3,0.35,0.25049,17.3,0.35,0.243951,17.3,0.35,0.240747
17.32,0.35,0.251417,17.32,0.35,0.258859,17.32,0.35,0.230263,17.32,0.35,0.229853
17.34,0.35,0.264959,17.34,0.35,0.27314,17.34,0.35,0.203267,17.34,0.35,0.204317
17.36,0.35,0.284051,17.36,0.35,0.292503,17.36,0.35,0.176577,17.36,0.35,0.178137
17.38,0.35,0.30976,17.38,0.35,0.318455,17.38,0.35,0.150583,17.38,0.35,0.15278
17.4,0.35,0.330017,17.4,0.35,0.339252,17.4,0.35,0.148361,17.4,0.35,0.151056
17.42,0.35,0.319939,17.42,0.35,0.333453,17.42,0.35,0.14795,17.42,0.35,0.147398
17.44,0.35,0.289469,17.44,0.35,0.304416,17.44,0.35,0.197835,17.44,0.35,0.196958
17.46,0.35,0.284861,17.46,0.35,0.29523,17.46,0.35,0.239497,17.46,0.35,0.239758
17.48,0.35,0.257706,17.48,0.35,0.266348,17.48,0.35,0.242822,17.48,0.35,0.242279
17.5,0.35,0.25413,17.5,0.35,0.262497,17.5,0.35,0.231943,17.5,0.35,0.231303
17.52,0.35,0.264739,17.52,0.35,0.273978,17.52,0.35,0.220153,17.52,0.35,0.220754
17.54,0.35,0.278497,17.54,0.35,0.288075,17.54,0.35,0.194431,17.54,0.35,0.195282
17.56,0.35,0.29799,17.56,0.35,0.307651,17.56,0.35,0.165311,17.56,0.35,0.16568
17.58,0.35,0.322941,17.58,0.35,0.332925,17.58,0.35,0.133556,17.58,0.35,0.134396
17.6,0.35,0.342827,17.6,0.35,0.353054,17.6,0.35,0.151445,17.6,0.35,0.151601
17.62,0.35,0.331859,17.62,0.35,0.345128,17.62,0.35,0.167022,17.62,0.35,0.163267
17.64,0.35,0.298721,17.64,0.35,0.312308,17.64,0.35,0.221058,17.64,0.35,0.216103
17.66,0.35,0.295707,17.66,0.35,0.304248,17.66,0.35,0.258779,17.66,0.35,0.254903
17.68,0.35,0.255288,17.68,0.35,0.262944,17.68,0.35,0.255323,17.68,0.35,0.251494
17.7,0.35,0.244304,17.7,0.35,0.251253,17.7,0.35,0.241238,17.7,0.35,0.238597
17.72,0.35,0.252986,17.72,0.35,0.259698,17.72,0.35,0.227939,17.72,0.35,0.227719
17.74,0.35,0.266345,17.74,0.35,0.273761,17.74,0.35,0.201129,17.74,0.35,0.202132
17.76,0.35,0.285436,17.76,0.35,0.293031,17.76,0.35,0.17468,17.76,0.35,0.176116
17.78,0.35,0.311172,17.78,0.35,0.318958,17.78,0.35,0.148573,17.78,0.35,0.150572
17.8,0.35,0.331054,17.8,0.35,0.339597,17.8,0.35,0.147511,17.8,0.35,0.150364
17.82,0.35,0.317235,17.82,0.35,0.332035,17.82,0.35,0.148258,17.82,0.35,0.148332
17.84,0.35,0.285984,17.84,0.35,0.302133,17.84,0.35,0.19825,17.84,0.35,0.198102
17.86,0.35,0.281884,17.86,0.35,0.292748,17.86,0.35,0.239649,17.86,0.35,0.240442
17.88,0.35,0.254895,17.88,0.35,0.263771,17.88,0.35,0.242889,17.88,0.35,0.243007
17.9,0.35,0.250258,17.9,0.35,0.258977,17.9,0.35,0.231999,17.9,0.35,0.232127
17.92,0.35,0.261781,17.92,0.35,0.27115,17.92,0.35,0.220135,17.92,0.35,0.221234
17.94,0.35,0.276469,17.94,0.35,0.286073,17.94,0.35,0.194411,17.94,0.35,0.195694
17.96,0.35,0.29652,17.96,0.35,0.306151,17.96,0.35,0.16538,17.96,0.35,0.166359
17.98,0.35,0.321899,17.98,0.35,0.331668,17.98,0.35,0.13367,17.98,0.35,0.134798
18,0.35,0.34214,18,0.35,0.352104,18,0.35,0.15131,18,0.35,0.151506
18.02,0.35,0.329275,18.02,0.35,0.343176,18.02,0.35,0.166744,18.02,0.35,0.163765
18.04,0.35,0.295696,18.04,0.35,0.309949,18.04,0.35,0.220834,18.04,0.35,0.21699
18.06,0.35,0.293395,18.06,0.35,0.302559,18.06,0.35,0.258543,18.06,0.35,0.255769
18.08,0.35,0.253438,18.08,0.35,0.261727,18.08,0.35,0.255038,18.08,0.35,0.252182
18.1,0.35,0.240643,18.1,0.35,0.248055,18.1,0.35,0.241018,18.1,0.35,0.239237
18.12,0.35,0.24909,18.12,0.35,0.256266,18.12,0.35,0.227923,18.12,0.35,0.228348
18.14,0.35,0.263386,18.14,0.35,0.271281,18.14,0.35,0.201217,18.14,0.35,0.202729
18.16,0.35,0.282829,18.16,0.35,0.290946,18.16,0.35,0.17475,18.16,0.35,0.176458
18.18,0.35,0.308733,18.18,0.35,0.317084,18.18,0.35,0.148589,18.18,0.35,0.150895
18.2,0.35,0.329013,18.2,0.35,0.338016,18.2,0.35,0.147402,18.2,0.35,0.150175
18.22,0.35,0.317272,18.22,0.35,0.332477,18.22,0.35,0.151577,18.22,0.35,0.151707
18.24,0.35,0.286475,18.24,0.35,0.303334,18.24,0.35,0.200563,18.24,0.35,0.200629
18.26,0.35,0.283613,18.26,0.35,0.295286,18.26,0.35,0.242098,18.26,0.35,0.243169
18.28,0.35,0.256665,18.28,0.35,0.265966,18.28,0.35,0.245421,18.28,0.35,0.245907
18.3,0.35,0.252873,18.3,0.35,0.261734,18.3,0.35,0.234279,18.3,0.35,0.234778
18.32,0.35,0.263855,18.32,0.35,0.273598,18.32,0.35,0.221922,18.32,0.35,0.223359
18.34,0.35,0.277934,18.34,0.35,0.288024,18.34,0.35,0.195883,18.34,0.35,0.197438
18.36,0.35,0.297622,18.36,0.35,0.30775,18.36,0.35,0.166674,18.36,0.35,0.167756
18.38,0.35,0.322763,18.38,0.35,0.333088,18.38,0.35,0.134591,18.38,0.35,0.135845
18.4,0.35,0.342838,18.4,0.35,0.353351,18.4,0.35,0.151539,18.4,0.35,0.151902
18.42,0.35,0.332859,18.42,0.35,0.347025,18.42,0.35,0.166392,18.42,0.35,0.164121
18.44,0.35,0.299927,18.44,0.35,0.315061,18.44,0.35,0.22044,18.44,0.35,0.21748
18.46,0.35,0.296487,18.46,0.35,0.306177,18.46,0.35,0.25832,18.46,0.35,0.256199
18.48,0.35,0.2557,18.48,0.35,0.264226,18.48,0.35,0.254896,18.48,0.35,0.252646
18.5,0.35,0.244517,18.5,0.35,0.252315,18.5,0.35,0.24087,18.5,0.35,0.239543
18.52,0.35,0.253044,18.52,0.35,0.260655,18.52,0.35,0.227842,18.52,0.35,0.228289
18.54,0.35,0.266345,18.54,0.35,0.274751,18.54,0.35,0.201167,18.54,0.35,0.202415
18.56,0.35,0.285392,18.56,0.35,0.293989,18.56,0.35,0.174705,18.56,0.35,0.176023
18.58,0.35,0.311104,18.58,0.35,0.319964,18.58,0.35,0.148376,18.58,0.35,0.150054
18.6,0.35,0.331005,18.6,0.35,0.340684,18.6,0.35,0.147396,18.6,0.35,0.149745
18.62,0.35,0.317499,18.62,0.35,0.333231,18.62,0.35,0.148262,18.62,0.35,0.148445
18.64,0.35,0.286286,18.64,0.35,0.303163,18.64,0.35,0.198303,18.64,0.35,0.19828
18.66,0.35,0.282934,18.66,0.35,0.294528,18.66,0.35,0.239748,18.66,0.35,0.240629
18.68,0.35,0.256284,18.68,0.35,0.265232,18.68,0.35,0.243039,18.68,0.35,0.243353
18.7,0.35,0.252764,18.7,0.35,0.261008,18.7,0.35,0.232173,18.7,0.35,0.232454
18.72,0.35,0.263837,18.72,0.35,0.272935,18.72,0.35,0.220357,18.72,0.35,0.221405
18.74,0.35,0.277961,18.74,0.35,0.287421,18.74,0.35,0.194659,18.74,0.35,0.195853
18.76,0.35,0.297713,18.76,0.35,0.307259,18.76,0.35,0.165606,18.76,0.35,0.166352
18.78,0.35,0.322919,18.78,0.35,0.332683,18.78,0.35,0.133845,18.78,0.35,0.134522
18.8,0.35,0.343028,18.8,0.35,0.353013,18.8,0.35,0.151484,18.8,0.35,0.151361
18.82,0.35,0.331346,18.82,0.35,0.345693,18.82,0.35,0.166922,18.82,0.35,0.165335
18.84,0.35,0.297902,18.84,0.35,0.313092,18.84,0.35,0.220998,18.84,0.35,0.218836
18.86,0.35,0.29469,18.86,0.35,0.304296,18.86,0.35,0.258719,18.86,0.35,0.257296
18.88,0.35,0.254902,18.88,0.35,0.263333,18.88,0.35,0.255228,18.88,0.35,0.253785
18.9,0.35,0.242169,18.9,0.35,0.249413,18.9,0.35,0.241193,18.9,0.35,0.240621
18.92,0.35,0.250465,18.92,0.35,0.25735,18.92,0.35,0.22805,18.92,0.35,0.228949
18.94,0.35,0.264563,18.94,0.35,0.272242,18.94,0.35,0.201326,18.94,0.35,0.202877
18.96,0.35,0.283916,18.96,0.35,0.291841,18.96,0.35,0.174867,18.96,0.35,0.176571
18.98,0.35,0.309762,18.98,0.35,0.317904,18.98,0.35,0.148754,18.98,0.35,0.150823
19,0.35,0.329879,19,0.35,0.338829,19,0.35,0.147533,19,0.35,0.150485
19.02,0.35,0.316811,19.02,0.35,0.33222,19.02,0.35,0.148137,19.02,0.35,0.149007
19.04,0.35,0.285763,19.04,0.35,0.302765,19.04,0.35,0.198152,19.04,0.35,0.198839
19.06,0.35,0.281765,19.06,0.35,0.293199,19.06,0.35,0.239598,19.06,0.35,0.241178
19.08,0.35,0.254601,19.08,0.35,0.263588,19.08,0.35,0.242846,19.08,0.35,0.243878
19.1,0.35,0.249973,19.1,0.35,0.258548,19.1,0.35,0.231962,19.1,0.35,0.232972
19.12,0.35,0.261585,19.12,0.35,0.270931,19.12,0.35,0.220169,19.12,0.35,0.22176
19.14,0.35,0.276338,19.14,0.35,0.286033,19.14,0.35,0.194495,19.14,0.35,0.196084
19.16,0.35,0.296417,19.16,0.35,0.306135,19.16,0.35,0.165455,19.16,0.35,0.16669
19.18,0.35,0.321815,19.18,0.35,0.33174,19.18,0.35,0.133693,19.18,0.35,0.134912
19.2,0.35,0.342084,19.2,0.35,0.352213,19.2,0.35,0.151315,19.2,0.35,0.151613
19.22,0.35,0.329904,19.22,0.35,0.345113,19.22,0.35,0.170497,19.22,0.35,0.168935
19.24,0.35,0.296394,19.24,0.35,0.312456,19.24,0.35,0.223853,19.24,0.35,0.221619
19.26,0.35,0.294731,19.26,0.35,0.305043,19.26,0.35,0.261653,19.26,0.35,0.260204
19.28,0.35,0.254511,19.28,0.35,0.263632,19.28,0.35,0.258245,19.28,0.35,0.256789
19.3,0.35,0.243061,19.3,0.35,0.251381,19.3,0.35,0.243994,19.3,0.35,0.243458
19.32,0.35,0.251627,19.32,0.35,0.259659,19.32,0.35,0.230312,19.32,0.35,0.231221
19.34,0.35,0.265177,19.34,0.35,0.274009,19.34,0.35,0.203332,19.34,0.35,0.204814
19.36,0.35,0.284282,19.36,0.35,0.293393,19.36,0.35,0.176652,19.36,0.35,0.178187
19.38,0.35,0.310002,19.38,0.35,0.319408,19.38,0.35,0.150666,19.38,0.35,0.15247
19.4,0.35,0.330247,19.4,0.35,0.340265,19.4,0.35,0.148425,19.4,0.35,0.151085
19.42,0.35,0.319612,19.42,0.35,0.334607,19.42,0.35,0.147997,19.42,0.35,0.148667
19.44,0.35,0.288968,19.44,0.35,0.305617,19.44,0.35,0.197874,19.44,0.35,0.198221
19.46,0.35,0.284662,19.46,0.35,0.296318,19.46,0.35,0.239531,19.46,0.35,0.240618
19.48,0.35,0.257418,19.48,0.35,0.266609,19.48,0.35,0.242854,19.48,0.35,0.243469
19.5,0.35,0.253802,19.5,0.35,0.262339,19.5,0.35,0.231973,19.5,0.35,0.232637
19.52,0.35,0.264589,19.52,0.35,0.274078,19.52,0.35,0.220168,19.52,0.35,0.221422
19.54,0.35,0.278475,19.54,0.35,0.288422,19.54,0.35,0.194438,19.54,0.35,0.195593
19.56,0.35,0.29806,19.56,0.35,0.308107,19.56,0.35,0.165326,19.56,0.35,0.166167
19.58,0.35,0.323109,19.58,0.35,0.333448,19.58,0.35,0.133585,19.58,0.35,0.134432
19.6,0.35,0.343075,19.6,0.35,0.353623,19.6,0.35,0.15146,19.6,0.35,0.151207
19.62,0.35,0.331935,19.62,0.35,0.346051,19.62,0.35,0.167025,19.62,0.35,0.164891
19.64,0.35,0.2987,19.64,0.35,0.313306,19.64,0.35,0.221059,19.64,0.35,0.218183
19.66,0.35,0.295759,19.66,0.35,0.304862,19.66,0.35,0.258778,19.66,0.35,0.256406
19.68,0.35,0.255407,19.68,0.35,0.263619,19.68,0.35,0.255319,19.68,0.35,0.252839
19.7,0.35,0.244353,19.7,0.35,0.251898,19.7,0.35,0.241234,19.7,0.35,0.23974
19.72,0.35,0.252985,19.72,0.35,0.260268,19.72,0.35,0.227941,19.72,0.35,0.22798
19.74,0.35,0.266358,19.74,0.35,0.274386,19.74,0.35,0.201132,19.74,0.35,0.201827
19.76,0.35,0.285458,19.76,0.35,0.293697,19.76,0.35,0.174683,19.76,0.35,0.175454
19.78,0.35,0.3112,19.78,0.35,0.319669,19.78,0.35,0.14858,19.78,0.35,0.149795
19.8,0.35,0.331093,19.8,0.35,0.340452,19.8,0.35,0.147512,19.8,0.35,0.149479
19.82,0.35,0.317076,19.82,0.35,0.332544,19.82,0.35,0.148253,19.82,0.35,0.148165
19.84,0.35,0.285794,19.84,0.35,0.302271,19.84,0.35,0.198244,19.84,0.35,0.197759
19.86,0.35,0.281786,19.86,0.35,0.292736,19.86,0.35,0.239645,19.86,0.35,0.239753
19.88,0.35,0.254733,19.88,0.35,0.263356,19.88,0.35,0.242885,19.88,0.35,0.242632
19.9,0.35,0.250105,19.9,0.35,0.258364,19.9,0.35,0.231995,19.9,0.35,0.231817
19.92,0.35,0.261746,19.92,0.35,0.270801,19.92,0.35,0.220132,19.92,0.35,0.220762
19.94,0.35,0.276519,19.94,0.35,0.285917,19.94,0.35,0.194409,19.94,0.35,0.195306
19.96,0.35,0.296611,19.96,0.35,0.306035,19.96,0.35,0.165377,19.96,0.35,0.166176
19.98,0.35,0.322043,19.98,0.35,0.331603,19.98,0.35,0.133667,19.98,0.35,0.13403
20,0.35,0.342331,20,0.35,0.352078,20,0.35,0.151309,20,0.35,0.150521
20.02,0.35,0.329455,20.02,0.35,0.343444,20.02,0.35,0.166744,20.02,0.35,0.164895
20.04,0.35,0.295846,20.04,0.35,0.310213,20.04,0.35,0.220833,20.04,0.35,0.218535
20.06,0.35,0.293561,20.06,0.35,0.302549,20.06,0.35,0.258541,20.06,0.35,0.256784
20.08,0.35,0.253624,20.08,0.35,0.26172,20.08,0.35,0.255036,20.08,0.35,0.253289
20.1,0.35,0.240778,20.1,0.35,0.247769,20.1,0.35,0.241015,20.1,0.35,0.240268
20.12,0.35,0.249189,20.12,0.35,0.255789,20.12,0.35,0.227919,20.12,0.35,0.228717
20.14,0.35,0.263504,20.14,0.35,0.270772,20.14,0.35,0.201211,20.14,0.35,0.202694
20.16,0.35,0.282961,20.16,0.35,0.290415,20.16,0.35,0.174746,20.16,0.35,0.176322
20.18,0.35,0.308883,20.18,0.35,0.316526,20.18,0.35,0.14859,20.18,0.35,0.15053
20.2,0.35,0.329132,20.2,0.35,0.337474,20.2,0.35,0.147404,20.2,0.35,0.149863
20.22,0.35,0.316954,20.22,0.35,0.331813,20.22,0.35,0.151579,20.22,0.35,0.152148
20.24,0.35,0.286073,20.24,0.35,0.302592,20.24,0.35,0.200564,20.24,0.35,0.20149
20.26,0.35,0.283427,20.26,0.35,0.294666,20.26,0.35,0.242097,20.26,0.35,0.243964
20.28,0.35,0.256421,20.28,0.35,0.264918,20.28,0.35,0.245418,20.28,0.35,0.246987
20.3,0.35,0.252607,20.3,0.35,0.260392,20.3,0.35,0.234276,20.3,0.35,0.235935
20.32,0.35,0.263729,20.32,0.35,0.272249,20.32,0.35,0.221916,20.32,0.35,0.224024
20.34,0.35,0.277901,20.34,0.35,0.286706,20.34,0.35,0.195876,20.34,0.35,0.198015
20.36,0.35,0.297665,20.36,0.35,0.306485,20.36,0.35,0.166669,20.36,0.35,0.168434
20.38,0.35,0.322878,20.38,0.35,0.331858,20.38,0.35,0.134588,20.38,0.35,0.136007
20.4,0.35,0.343011,20.4,0.35,0.352108,20.4,0.35,0.151537,20.4,0.35,0.151629
20.42,0.35,0.332963,20.42,0.35,0.345909,20.42,0.35,0.16639,20.42,0.35,0.165838
20.44,0.35,0.299967,20.44,0.35,0.314028,20.44,0.35,0.220437,20.44,0.35,0.21945
20.46,0.35,0.296572,20.46,0.35,0.305243,20.46,0.35,0.258316,20.46,0.35,0.257816
20.48,0.35,0.255829,20.48,0.35,0.263282,20.48,0.35,0.254891,20.48,0.35,0.254418
20.5,0.35,0.244599,20.5,0.35,0.251306,20.5,0.35,0.240864,20.5,0.35,0.241287
20.52,0.35,0.25309,20.52,0.35,0.259536,20.52,0.35,0.227837,20.52,0.35,0.22954
20.54,0.35,0.2664,20.54,0.35,0.273558,20.54,0.35,0.201162,20.54,0.35,0.203306
20.56,0.35,0.285457,20.56,0.35,0.292806,20.56,0.35,0.1747,20.56,0.35,0.17682
20.58,0.35,0.311176,20.58,0.35,0.318751,20.58,0.35,0.148375,20.58,0.35,0.150715
20.6,0.35,0.331076,20.6,0.35,0.339435,20.6,0.35,0.147395,20.6,0.35,0.150163
20.62,0.35,0.317327,20.62,0.35,0.33146,20.62,0.35,0.14826,20.62,0.35,0.149511
20.64,0.35,0.286077,20.64,0.35,0.301222,20.64,0.35,0.198301,20.64,0.35,0.19978
20.66,0.35,0.282859,20.66,0.35,0.29306,20.66,0.35,0.239745,20.66,0.35,0.241968
20.68,0.35,0.256143,20.68,0.35,0.263905,20.68,0.35,0.243035,20.68,0.35,0.244944
20.7,0.35,0.252621,20.7,0.35,0.259755,20.7,0.35,0.232169,20.7,0.35,0.23419
20.72,0.35,0.26381,20.72,0.35,0.271782,20.72,0.35,0.220353,20.72,0.35,0.222831
20.74,0.35,0.27801,20.74,0.35,0.286333,20.74,0.35,0.194654,20.74,0.35,0.196981
20.76,0.35,0.297807,20.76,0.35,0.306173,20.76,0.35,0.165602,20.76,0.35,0.167443
20.78,0.35,0.323058,20.78,0.35,0.331628,20.78,0.35,0.133842,20.78,0.35,0.135284
20.8,0.35,0.343208,20.8,0.35,0.351893,20.8,0.35,0.151482,20.8,0.35,0.151929
20.82,0.35,0.331466,20.82,0.35,0.344426,20.82,0.35,0.16692,20.82,0.35,0.166972
20.84,0.35,0.297987,20.84,0.35,0.31178,20.84,0.35,0.220996,20.84,0.35,0.220736
20.86,0.35,0.294802,20.86,0.35,0.30342,20.86,0.35,0.258716,20.86,0.35,0.259006
20.88,0.35,0.25504,20.88,0.35,0.262471,20.88,0.35,0.255223,20.88,0.35,0.255498
20.9,0.35,0.242273,20.9,0.35,0.24875,20.9,0.35,0.241189,20.9,0.35,0.242187
20.92,0.35,0.250541,20.92,0.35,0.256714,20.92,0.35,0.228046,20.92,0.35,0.229738
20.94,0.35,0.26465,20.94,0.35,0.271492,20.94,0.35,0.201322,20.94,0.35,0.203184
20.96,0.35,0.284017,20.96,0.35,0.291074,20.96,0.35,0.174864,20.96,0.35,0.176669
20.98,0.35,0.309874,20.98,0.35,0.317102,20.98,0.35,0.148754,20.98,0.35,0.150797
21,0.35,0.329958,21,0.35,0.337904,21,0.35,0.147533,21,0.35,0.150336
21.02,0.35,0.316586,21.02,0.35,0.330358,21.02,0.35,0.148137,21.02,0.35,0.149887
21.04,0.35,0.285487,21.04,0.35,0.300446,21.04,0.35,0.198151,21.04,0.35,0.199979
21.06,0.35,0.281635,21.06,0.35,0.29159,21.06,0.35,0.239596,21.06,0.35,0.242144
21.08,0.35,0.25442,21.08,0.35,0.262028,21.08,0.35,0.242844,21.08,0.35,0.245038
21.1,0.35,0.249768,21.1,0.35,0.257017,21.1,0.35,0.231959,21.1,0.35,0.234099
21.12,0.35,0.261489,21.12,0.35,0.269511,21.12,0.35,0.220166,21.12,0.35,0.222461
21.14,0.35,0.276324,21.14,0.35,0.284682,21.14,0.35,0.194491,21.14,0.35,0.196479
21.16,0.35,0.296452,21.16,0.35,0.304847,21.16,0.35,0.165452,21.16,0.35,0.167035
21.18,0.35,0.3219,21.18,0.35,0.330512,21.18,0.35,0.133692,21.18,0.35,0.135099
21.2,0.35,0.342212,21.2,0.35,0.35105,21.2,0.35,0.151313,21.2,0.35,0.151516
21.22,0.35,0.330013,21.22,0.35,0.343476,21.22,0.35,0.170495,21.22,0.35,0.170434
21.24,0.35,0.296478,21.24,0.35,0.31059,21.24,0.35,0.223852,21.24,0.35,0.22346
21.26,0.35,0.294826,21.26,0.35,0.303712,21.26,0.35,0.26165,21.26,0.35,0.261735
21.28,0.35,0.254606,21.28,0.35,0.262229,21.28,0.35,0.258242,21.28,0.35,0.258329
21.3,0.35,0.24312,21.3,0.35,0.24988,21.3,0.35,0.243991,21.3,0.35,0.244777
21.32,0.35,0.251665,21.32,0.35,0.258075,21.32,0.35,0.230309,21.32,0.35,0.231782
21.34,0.35,0.265216,21.34,0.35,0.272258,21.34,0.35,0.203329,21.34,0.35,0.204868
21.36,0.35,0.284335,21.36,0.35,0.291502,21.36,0.35,0.176649,21.36,0.35,0.178011
21.38,0.35,0.310074,21.38,0.35,0.317425,21.38,0.35,0.150666,21.38,0.35,0.15225
21.4,0.35,0.3303,21.4,0.35,0.338101,21.4,0.35,0.148425,21.4,0.35,0.150813
21.42,0.35,0.319455,21.42,0.35,0.332368,21.42,0.35,0.147997,21.42,0.35,0.149598
21.44,0.35,0.288749,21.44,0.35,0.303345,21.44,0.35,0.197873,21.44,0.35,0.199814
21.46,0.35,0.284562,21.46,0.35,0.294322,21.46,0.35,0.23953,21.46,0.35,0.24224
21.48,0.35,0.257266,21.48,0.35,0.264416,21.48,0.35,0.242852,21.48,0.35,0.245381
21.5,0.35,0.25365,21.5,0.35,0.260031,21.5,0.35,0.231971,21.5,0.35,0.234494
21.52,0.35,0.264539,21.52,0.35,0.271772,21.52,0.35,0.220165,21.52,0.35,0.223039
21.54,0.35,0.278489,21.54,0.35,0.286068,21.54,0.35,0.194435,21.54,0.35,0.19719
21.56,0.35,0.298112,21.56,0.35,0.305723,21.56,0.35,0.165323,21.56,0.35,0.167588
21.58,0.35,0.323205,21.58,0.35,0.331002,21.58,0.35,0.133584,21.58,0.35,0.135226
21.6,0.35,0.343211,21.6,0.35,0.3511,21.6,0.35,0.151458,21.6,0.35,0.151897
21.62,0.35,0.332014,21.62,0.35,0.344079,21.62,0.35,0.167024,21.62,0.35,0.167963
21.64,0.35,0.298737,21.64,0.35,0.311813,21.64,0.35,0.221057,21.64,0.35,0.22188
21.66,0.35,0.295834,21.66,0.35,0.303741,21.66,0.35,0.258776,21.66,0.35,0.260192
21.68,0.35,0.255514,21.68,0.35,0.262114,21.68,0.35,0.255316,21.68,0.35,0.256842
21.7,0.35,0.244428,21.7,0.35,0.250237,21.7,0.35,0.241232,21.7,0.35,0.243384
21.72,0.35,0.253031,21.72,0.35,0.258569,21.72,0.35,0.227938,21.72,0.35,0.230534
21.74,0.35,0.266405,21.74,0.35,0.272588,21.74,0.35,0.20113,21.74,0.35,0.203605
21.76,0.35,0.285516,21.76,0.35,0.291849,21.76,0.35,0.174681,21.76,0.35,0.176967
21.78,0.35,0.311276,21.78,0.35,0.317747,21.78,0.35,0.14858,21.78,0.35,0.151203
21.8,0.35,0.331139,21.8,0.35,0.338423,21.8,0.35,0.147511,21.8,0.35,0.150855
21.82,0.35,0.316951,21.82,0.35,0.330665,21.82,0.35,0.148253,21.82,0.35,0.150665
21.84,0.35,0.28564,21.84,0.35,0.300611,21.84,0.35,0.198244,21.84,0.35,0.200833
21.86,0.35,0.281709,21.86,0.35,0.291621,21.86,0.35,0.239644,21.86,0.35,0.243021
21.88,0.35,0.254608,21.88,0.35,0.262074,21.88,0.35,0.242883,21.88,0.35,0.246027
21.9,0.35,0.24997,21.9,0.35,0.256969,21.9,0.35,0.231993,21.9,0.35,0.23508
21.92,0.35,0.261696,21.92,0.35,0.269397,21.92,0.35,0.22013,21.92,0.35,0.223212
21.94,0.35,0.276526,21.94,0.35,0.284545,21.94,0.35,0.194407,21.94,0.35,0.19708
21.96,0.35,0.296654,21.96,0.35,0.304686,21.96,0.35,0.165375,21.96,0.35,0.167479
21.98,0.35,0.322116,21.98,0.35,0.330316,21.98,0.35,0.133666,21.98,0.35,0.135312
22,0.35,0.342431,22,0.35,0.350814,22,0.35,0.151308,22,0.35,0.151907
22.02,0.351,0.32958,22.02,0.351,0.34276,22.02,0.351,0.16661,22.02,0.351,0.167272
22.04,0.352,0.296016,22.04,0.352,0.309981,22.04,0.352,0.220553,22.04,0.352,0.220876
22.06,0.353,0.294027,22.06,0.353,0.302834,22.06,0.353,0.25814,22.06,0.353,0.258891
22.08,0.354,0.254078,22.08,0.354,0.261803,22.08,0.354,0.254376,22.08,0.354,0.25518
22.1,0.355,0.241228,22.1,0.355,0.248042,22.1,0.355,0.24025,22.1,0.355,0.24168
22.12,0.356,0.249786,22.12,0.356,0.256258,22.12,0.356,0.227472,22.12,0.356,0.229292
22.14,0.357,0.264379,22.14,0.357,0.271407,22.14,0.357,0.201594,22.14,0.357,0.203357
22.16,0.358,0.284219,22.16,0.358,0.291433,22.16,0.358,0.1762,22.16,0.358,0.177943
22.18,0.359,0.310671,22.18,0.359,0.318102,22.18,0.359,0.150861,22.18,0.359,0.153299
22.2,0.36,0.331405,22.2,0.36,0.339506,22.2,0.36,0.150557,22.2,0.36,0.153866
22.22,0.361,0.31939,22.22,0.361,0.333365,22.22,0.361,0.154719,22.22,0.361,0.156512
22.24,0.362,0.288522,22.24,0.362,0.30381,22.24,0.362,0.204257,22.24,0.362,0.206432
22.26,0.363,0.287156,22.26,0.363,0.297501,22.26,0.363,0.246397,22.26,0.363,0.249461
22.28,0.364,0.259119,22.28,0.364,0.266794,22.28,0.364,0.249453,22.28,0.364,0.252389
22.3,0.365,0.254505,22.3,0.365,0.261447,22.3,0.365,0.238104,22.3,0.365,0.24093
22.32,0.366,0.265529,22.32,0.366,0.273303,22.32,0.366,0.226629,22.32,0.366,0.229454
22.34,0.367,0.280054,22.34,0.367,0.288217,22.34,0.367,0.202154,22.34,0.367,0.204762
22.36,0.368,0.300651,22.36,0.368,0.308863,22.36,0.368,0.174638,22.36,0.368,0.176847
22.38,0.369,0.327011,22.38,0.369,0.335469,22.38,0.369,0.142398,22.38,0.369,0.14403
22.4,0.37,0.34773,22.4,0.37,0.356368,22.4,0.37,0.160114,22.4,0.37,0.160667
22.42,0.371,0.339256,22.42,0.371,0.351211,22.42,0.371,0.175011,22.42,0.371,0.17569
22.44,0.372,0.307162,22.44,0.372,0.320806,22.44,0.372,0.230319,22.44,0.372,0.230574
22.46,0.373,0.305754,22.46,0.373,0.314165,22.46,0.373,0.268783,22.46,0.373,0.269573
22.48,0.374,0.263949,22.48,0.374,0.271068,22.48,0.374,0.26462,22.48,0.374,0.265495
22.5,0.375,0.251967,22.5,0.375,0.258918,22.5,0.375,0.250325,22.5,0.375,0.251782
22.52,0.376,0.261118,22.52,0.376,0.268022,22.52,0.376,0.239376,22.52,0.376,0.241399
22.54,0.377,0.275069,22.54,0.377,0.28273,22.54,0.377,0.215746,22.54,0.377,0.217812
22.56,0.378,0.295222,22.56,0.378,0.303249,22.56,0.378,0.191844,22.56,0.378,0.193811
22.58,0.379,0.322207,22.58,0.379,0.330618,22.58,0.379,0.164637,22.58,0.379,0.167268
22.6,0.38,0.342984,22.6,0.38,0.352141,22.6,0.38,0.165879,22.6,0.38,0.16925
22.62,0.381,0.329391,22.62,0.381,0.343008,22.62,0.381,0.168675,22.62,0.381,0.170305
22.64,0.382,0.297577,22.64,0.382,0.311922,22.64,0.382,0.221934,22.64,0.382,0.223488
22.66,0.383,0.298018,22.66,0.383,0.307762,22.66,0.383,0.264573,22.66,0.383,0.266913
22.68,0.384,0.266438,22.68,0.384,0.273731,22.68,0.384,0.266164,22.68,0.384,0.268339
22.7,0.385,0.259426,22.7,0.385,0.266459,22.7,0.385,0.253901,22.7,0.385,0.256014
22.72,0.386,0.270238,22.72,0.386,0.278288,22.72,0.386,0.243695,22.72,0.386,0.245724
22.74,0.387,0.285156,22.74,0.387,0.293773,22.74,0.387,0.22058,22.74,0.387,0.222522
22.76,0.388,0.306578,22.76,0.388,0.315383,22.76,0.388,0.194101,22.76,0.388,0.195814
22.78,0.389,0.334071,22.78,0.389,0.343217,22.78,0.389,0.16063,22.78,0.389,0.161811
22.8,0.39,0.355143,22.8,0.39,0.364638,22.8,0.39,0.176619,22.8,0.39,0.176837
22.82,0.391,0.344258,22.82,0.391,0.357084,22.82,0.391,0.190668,22.82,0.391,0.190611
22.84,0.392,0.311226,22.84,0.392,0.324884,22.84,0.392,0.247566,22.84,0.392,0.246863
22.86,0.393,0.312178,22.86,0.393,0.32071,22.86,0.393,0.287119,22.86,0.393,0.286909
22.88,0.394,0.270467,22.88,0.394,0.278011,22.88,0.394,0.282752,22.88,0.394,0.282543
22.9,0.395,0.256119,22.9,0.395,0.263661,22.9,0.395,0.2682,22.9,0.395,0.268538
22.92,0.396,0.265463,22.92,0.396,0.272995,22.92,0.396,0.25838,22.92,0.396,0.25944
22.94,0.397,0.280676,22.94,0.397,0.289016,22.94,0.397,0.236433,22.94,0.397,0.237786
22.96,0.398,0.301942,22.96,0.398,0.310661,22.96,0.398,0.213941,22.96,0.398,0.215295
22.98,0.399,0.329863,22.98,0.399,0.338989,22.98,0.399,0.186968,22.98,0.399,0.188723
23,0.4,0.35123,23,0.4,0.361038,23,0.4,0.187298,23,0.4,0.189876
23.02,0.401,0.338588,23.02,0.401,0.352529,23.02,0.401,0.189229,23.02,0.401,0.189482
23.04,0.402,0.306539,23.04,0.402,0.321588,23.04,0.402,0.244748,23.04,0.402,0.245135
23.06,0.403,0.30836,23.06,0.403,0.318157,23.06,0.403,0.287906,23.06,0.403,0.289091
23.08,0.404,0.272337,23.08,0.404,0.280176,23.08,0.404,0.287588,23.08,0.404,0.288556
23.1,0.405,0.261606,23.1,0.405,0.269714,23.1,0.405,0.273803,23.1,0.405,0.274723
23.12,0.406,0.272584,23.12,0.406,0.281694,23.12,0.406,0.264154,23.12,0.406,0.265256
23.14,0.407,0.288534,23.14,0.407,0.298297,23.14,0.407,0.242035,23.14,0.407,0.243407
23.16,0.408,0.311076,23.16,0.408,0.321034,23.16,0.408,0.216826,23.16,0.408,0.217853
23.18,0.409,0.339878,23.18,0.409,0.350154,23.18,0.409,0.18278,23.18,0.409,0.182847
23.2,0.41,0.361465,23.2,0.41,0.372186,23.2,0.41,0.194132,23.2,0.41,0.193816
23.22,0.411,0.349768,23.22,0.411,0.363711,23.22,0.411,0.209269,23.22,0.411,0.209059
23.24,0.412,0.316402,23.24,0.412,0.330762,23.24,0.412,0.266667,23.24,0.412,0.26587
23.26,0.413,0.321876,23.26,0.413,0.330642,23.26,0.413,0.307885,23.26,0.413,0.307502
23.28,0.414,0.278558,23.28,0.414,0.286165,23.28,0.414,0.303405,23.28,0.414,0.302983
23.3,0.415,0.264315,23.3,0.415,0.272025,23.3,0.415,0.288074,23.3,0.415,0.288191
23.32,0.416,0.273855,23.32,0.416,0.281811,23.32,0.416,0.278833,23.32,0.416,0.279465
23.34,0.417,0.288965,23.34,0.417,0.297716,23.34,0.417,0.258278,23.34,0.417,0.25914
23.36,0.418,0.310686,23.36,0.418,0.319957,23.36,0.418,0.236863,23.36,0.418,0.237721
23.38,0.419,0.339255,23.38,0.419,0.349127,23.38,0.419,0.209787,23.38,0.419,0.211042
23.4,0.42,0.360717,23.4,0.42,0.371162,23.4,0.42,0.208565,23.4,0.42,0.210635
23.42,0.421,0.35186,23.42,0.421,0.364691,23.42,0.421,0.208312,23.42,0.421,0.20827
23.44,0.422,0.320944,23.44,0.422,0.335006,23.44,0.422,0.266074,23.44,0.422,0.265728
23.46,0.423,0.32307,23.46,0.423,0.332209,23.46,0.423,0.309965,23.46,0.423,0.310209
23.48,0.424,0.282783,23.48,0.424,0.289636,23.48,0.424,0.307864,23.48,0.424,0.308018
23.5,0.425,0.270842,23.5,0.425,0.278043,23.5,0.425,0.292664,23.5,0.425,0.292913
23.52,0.426,0.280963,23.52,0.426,0.289333,23.52,0.426,0.283881,23.52,0.426,0.28432
23.54,0.427,0.29626,23.54,0.427,0.305515,23.54,0.427,0.263111,23.54,0.427,0.264072
23.56,0.428,0.319032,23.56,0.428,0.328763,23.56,0.428,0.239605,23.56,0.428,0.24033
23.58,0.429,0.348489,23.58,0.429,0.358782,23.58,0.429,0.20641,23.58,0.429,0.205896
23.6,0.43,0.370024,23.6,0.43,0.381012,23.6,0.43,0.213294,23.6,0.43,0.211871
23.62,0.431,0.358453,23.62,0.431,0.371794,23.62,0.431,0.222028,23.62,0.431,0.221394
23.64,0.432,0.325422,23.64,0.432,0.338994,23.64,0.432,0.281679,23.64,0.432,0.280778
23.66,0.433,0.332587,23.66,0.433,0.340237,23.66,0.433,0.32413,23.66,0.433,0.323491
23.68,0.434,0.288142,23.68,0.434,0.294225,23.68,0.434,0.319282,23.68,0.434,0.318719
23.7,0.435,0.27286,23.7,0.435,0.278962,23.7,0.435,0.303079,23.7,0.435,0.303032
23.72,0.436,0.282224,23.72,0.436,0.288768,23.72,0.436,0.295666,23.72,0.436,0.296254
23.74,0.437,0.297498,23.74,0.437,0.304966,23.74,0.437,0.277085,23.74,0.437,0.277957
23.76,0.438,0.319763,23.76,0.438,0.327788,23.76,0.438,0.256415,23.76,0.438,0.257334
23.78,0.439,0.349071,23.78,0.439,0.357685,23.78,0.439,0.227501,23.78,0.439,0.228669
23.8,0.44,0.370559,23.8,0.44,0.379855,23.8,0.44,0.226979,23.8,0.44,0.229218
23.82,0.441,0.361449,23.82,0.441,0.373874,23.82,0.441,0.228159,23.82,0.441,0.228845
23.84,0.442,0.330272,23.84,0.442,0.345738,23.84,0.442,0.287981,23.84,0.442,0.288595
23.86,0.443,0.333319,23.86,0.443,0.342872,23.86,0.443,0.332155,23.86,0.443,0.333483
23.88,0.444,0.289052,23.88,0.444,0.296675,23.88,0.444,0.328438,23.88,0.444,0.329887
23.9,0.445,0.2736,23.9,0.445,0.28164,23.9,0.445,0.311986,23.9,0.445,0.31356
23.92,0.446,0.283702,23.92,0.446,0.292746,23.92,0.446,0.304087,23.92,0.446,0.305703
23.94,0.447,0.300037,23.94,0.447,0.3099,23.94,0.447,0.284861,23.94,0.447,0.286603
23.96,0.448,0.324014,23.96,0.448,0.334308,23.96,0.448,0.262768,23.96,0.448,0.264067
23.98,0.449,0.354808,23.98,0.449,0.365648,23.98,0.449,0.230405,23.98,0.449,0.230091
24,0.45,0.376894,24,0.45,0.388432,24,0.45,0.233244,24,0.45,0.232018
24.02,0.45,0.363485,24.02,0.45,0.377954,24.02,0.45,0.239277,24.02,0.45,0.239102
24.04,0.45,0.329963,24.04,0.45,0.344859,24.04,0.45,0.300337,24.04,0.45,0.299878
24.06,0.45,0.338907,24.06,0.45,0.347791,24.06,0.45,0.343942,24.06,0.45,0.343544
24.08,0.45,0.29395,24.08,0.45,0.301231,24.08,0.45,0.33901,24.08,0.45,0.338809
24.1,0.45,0.276006,24.1,0.45,0.283159,24.1,0.45,0.321874,24.1,0.45,0.322278
24.12,0.45,0.285558,24.12,0.45,0.292913,24.12,0.45,0.314505,24.12,0.45,0.315187
24.14,0.45,0.301893,24.14,0.45,0.310281,24.14,0.45,0.296002,24.14,0.45,0.296803
24.16,0.45,0.325375,24.16,0.45,0.334289,24.16,0.45,0.274735,24.16,0.45,0.275556
24.18,0.45,0.35546,24.18,0.45,0.364941,24.18,0.45,0.243874,24.18,0.45,0.244913
24.2,0.45,0.377134,24.2,0.45,0.387235,24.2,0.45,0.242448,24.2,0.45,0.244718
24.22,0.45,0.368554,24.22,0.45,0.381654,24.22,0.45,0.247992,24.22,0.45,0.249499
24.24,0.45,0.336886,24.24,0.45,0.352724,24.24,0.45,0.307915,24.24,0.45,0.309214
24.26,0.45,0.34168,24.26,0.45,0.351071,24.26,0.45,0.351933,24.26,0.45,0.354017
24.28,0.45,0.293888,24.28,0.45,0.301541,24.28,0.45,0.347113,24.28,0.45,0.349508
24.3,0.45,0.277957,24.3,0.45,0.286085,24.3,0.45,0.330033,24.3,0.45,0.332644
24.32,0.45,0.287878,24.32,0.45,0.296924,24.32,0.45,0.321512,24.32,0.45,0.323876
24.34,0.45,0.303866,24.34,0.45,0.313764,24.34,0.45,0.301493,24.34,0.45,0.303875
24.36,0.45,0.32761,24.36,0.45,0.337934,24.36,0.45,0.278867,24.36,0.45,0.280935
24.38,0.45,0.358227,24.38,0.45,0.369126,24.38,0.45,0.247255,24.38,0.45,0.248006
24.4,0.45,0.379906,24.4,0.45,0.391443,24.4,0.45,0.24491,24.4,0.45,0.244539
24.42,0.45,0.367161,24.42,0.45,0.38132,24.42,0.45,0.246852,24.42,0.45,0.247941
24.44,0.45,0.333581,24.44,0.45,0.348252,24.44,0.45,0.30758,24.44,0.45,0.308517
24.46,0.45,0.342988,24.46,0.45,0.351215,24.46,0.45,0.351336,24.46,0.45,0.352446
24.48,0.45,0.296595,24.48,0.45,0.303417,24.48,0.45,0.346345,24.48,0.45,0.347667
24.5,0.45,0.279752,24.5,0.45,0.286627,24.5,0.45,0.329335,24.5,0.45,0.331247
24.52,0.45,0.288928,24.52,0.45,0.296097,24.52,0.45,0.321272,24.52,0.45,0.323038
24.54,0.45,0.304453,24.54,0.45,0.312671,24.54,0.45,0.301521,24.54,0.45,0.303134
24.56,0.45,0.327422,24.56,0.45,0.336142,24.56,0.45,0.27963,24.56,0.45,0.281099
24.58,0.45,0.357255,24.58,0.45,0.366493,24.58,0.45,0.250063,24.58,0.45,0.251756
24.6,0.45,0.378665,24.6,0.45,0.388544,24.6,0.45,0.246644,24.6,0.45,0.249493
24.62,0.45,0.36965,24.62,0.45,0.38205,24.62,0.45,0.247807,24.62,0.45,0.250222
24.64,0.45,0.338348,24.64,0.45,0.353663,24.64,0.45,0.308587,24.64,0.45,0.310614
24.66,0.45,0.342148,24.66,0.45,0.351247,24.66,0.45,0.352489,24.66,0.45,0.355265
24.68,0.45,0.294214,24.68,0.45,0.301717,24.68,0.45,0.347492,24.68,0.45,0.350648
24.7,0.45,0.278344,24.7,0.45,0.28639,24.7,0.45,0.330339,24.7,0.45,0.333625
24.72,0.45,0.28823,24.72,0.45,0.297206,24.72,0.45,0.322151,24.72,0.45,0.324931
24.74,0.45,0.304104,24.74,0.45,0.313919,24.74,0.45,0.302006,24.74,0.45,0.304522
24.76,0.45,0.32771,24.76,0.45,0.337957,24.76,0.45,0.279186,24.76,0.45,0.281282
24.78,0.45,0.358157,24.78,0.45,0.368989,24.78,0.45,0.247195,24.78,0.45,0.248006
24.8,0.45,0.379688,24.8,0.45,0.391235,24.8,0.45,0.245333,24.8,0.45,0.245227
24.82,0.45,0.366292,24.82,0.45,0.381077,24.82,0.45,0.248071,24.82,0.45,0.249523
24.84,0.45,0.332465,24.84,0.45,0.348146,24.84,0.45,0.308889,24.84,0.45,0.310171
24.86,0.45,0.340342,24.86,0.45,0.349859,24.86,0.45,0.352459,24.86,0.45,0.353671
24.88,0.45,0.295016,24.88,0.45,0.303026,24.88,0.45,0.347412,24.88,0.45,0.348695
24.9,0.45,0.27699,24.9,0.45,0.284901,24.9,0.45,0.330374,24.9,0.45,0.332237
24.92,0.45,0.286454,24.92,0.45,0.294489,24.92,0.45,0.322033,24.92,0.45,0.323758
24.94,0.45,0.302824,24.94,0.45,0.311827,24.94,0.45,0.301953,24.94,0.45,0.303391
24.96,0.45,0.32636,24.96,0.45,0.335867,24.96,0.45,0.279895,24.96,0.45,0.281172
24.98,0.45,0.3565,24.98,0.45,0.366501,24.98,0.45,0.250414,24.98,0.45,0.251939
25,0.45,0.378183,25,0.45,0.388696,25,0.45,0.246755,25,0.45,0.249372
25.02,0.45,0.3674,25.02,0.45,0.38144,25.02,0.45,0.247831,25.02,0.45,0.249458
25.04,0.45,0.334616,25.04,0.45,0.351381,25.04,0.45,0.308587,25.04,0.45,0.309732
25.06,0.45,0.338974,25.06,0.45,0.349235,25.06,0.45,0.352433,25.06,0.45,0.35423
25.08,0.45,0.291367,25.08,0.45,0.300106,25.08,0.45,0.347388,25.08,0.45,0.349547
25.1,0.45,0.274008,25.1,0.45,0.283127,25.1,0.45,0.330229,25.1,0.45,0.332472
25.12,0.45,0.284147,25.12,0.45,0.293756,25.12,0.45,0.322046,25.12,0.45,0.323929
25.14,0.45,0.300953,25.14,0.45,0.311316,25.14,0.45,0.301865,25.14,0.45,0.30371
25.16,0.45,0.325022,25.16,0.45,0.335797,25.16,0.45,0.279014,25.16,0.45,0.280481
25.18,0.45,0.355716,25.18,0.45,0.367073,25.18,0.45,0.246982,25.18,0.45,0.246984
25.2,0.45,0.377525,25.2,0.45,0.389589,25.2,0.45,0.245182,25.2,0.45,0.244357
25.22,0.45,0.365397,25.22,0.45,0.380214,25.22,0.45,0.251164,25.22,0.45,0.252084
25.24,0.45,0.331872,25.24,0.45,0.347231,25.24,0.45,0.311031,25.24,0.45,0.311888
25.26,0.45,0.341733,25.26,0.45,0.350655,25.26,0.45,0.354672,25.26,0.45,0.355349
25.28,0.45,0.29537,25.28,0.45,0.302969,25.28,0.45,0.349632,25.28,0.45,0.350418
25.3,0.45,0.278586,25.3,0.45,0.286253,25.3,0.45,0.33254,25.3,0.45,0.333981
25.32,0.45,0.288009,25.32,0.45,0.296008,25.32,0.45,0.323716,25.32,0.45,0.325133
25.34,0.45,0.303781,25.34,0.45,0.312962,25.34,0.45,0.303335,25.34,0.45,0.304731
25.36,0.45,0.326922,25.36,0.45,0.336726,25.36,0.45,0.281162,25.36,0.45,0.282473
25.38,0.45,0.356887,25.38,0.45,0.367362,25.38,0.45,0.252015,25.38,0.45,0.25363
25.4,0.45,0.37839,25.4,0.45,0.389566,25.4,0.45,0.247449,25.4,0.45,0.250352
25.42,0.45,0.36982,25.42,0.45,0.383023,25.42,0.45,0.247672,25.42,0.45,0.249363
25.44,0.45,0.338842,25.44,0.45,0.354262,25.44,0.45,0.308354,25.44,0.45,0.309366
25.46,0.45,0.342629,25.46,0.45,0.351716,25.46,0.45,0.352291,25.46,0.45,0.354033
25.48,0.45,0.29415,25.48,0.45,0.301871,25.48,0.45,0.347226,25.48,0.45,0.349361
25.5,0.45,0.278016,25.5,0.45,0.28635,25.5,0.45,0.330038,25.5,0.45,0.332317
25.52,0.45,0.287838,25.52,0.45,0.297017,25.52,0.45,0.321894,25.52,0.45,0.323778
25.54,0.45,0.303668,25.54,0.45,0.313747,25.54,0.45,0.301728,25.54,0.45,0.303541
25.56,0.45,0.327129,25.56,0.45,0.33766,25.56,0.45,0.278858,25.56,0.45,0.280289
25.58,0.45,0.357422,25.58,0.45,0.368591,25.58,0.45,0.246686,25.58,0.45,0.246772
25.6,0.45,0.378858,25.6,0.45,0.390768,25.6,0.45,0.245057,25.6,0.45,0.244191
25.62,0.45,0.366949,25.62,0.45,0.381199,25.62,0.45,0.248018,25.62,0.45,0.248779
25.64,0.45,0.333877,25.64,0.45,0.348817,25.64,0.45,0.30885,25.64,0.45,0.309256
25.66,0.45,0.342532,25.66,0.45,0.351053,25.66,0.45,0.352416,25.66,0.45,0.352633
25.68,0.45,0.296064,25.68,0.45,0.303519,25.68,0.45,0.347402,25.68,0.45,0.347797
25.7,0.45,0.279541,25.7,0.45,0.287313,25.7,0.45,0.330375,25.7,0.45,0.331413
25.72,0.45,0.288999,25.72,0.45,0.297254,25.72,0.45,0.321988,25.72,0.45,0.323025
25.74,0.45,0.304645,25.74,0.45,0.314025,25.74,0.45,0.301867,25.74,0.45,0.302795
25.76,0.45,0.327796,25.76,0.45,0.337767,25.76,0.45,0.279801,25.76,0.45,0.280683
25.78,0.45,0.357749,25.78,0.45,0.368351,25.78,0.45,0.250271,25.78,0.45,0.251498
25.8,0.45,0.379208,25.8,0.45,0.390482,25.8,0.45,0.246714,25.8,0.45,0.249247
25.82,0.45,0.368841,25.82,0.45,0.382557,25.82,0.45,0.247884,25.82,0.45,0.249747
25.84,0.45,0.336234,25.84,0.45,0.351411,25.84,0.45,0.308636,25.84,0.45,0.310212
25.86,0.45,0.340207,25.86,0.45,0.349196,25.86,0.45,0.352459,25.86,0.45,0.354811
25.88,0.45,0.292479,25.88,0.45,0.300251,25.88,0.45,0.347413,25.88,0.45,0.350157
25.9,0.45,0.274915,25.9,0.45,0.283097,25.9,0.45,0.330262,25.9,0.45,0.33311
25.92,0.45,0.284912,25.92,0.45,0.293531,25.92,0.45,0.322047,25.92,0.45,0.324301
25.94,0.45,0.301568,25.94,0.45,0.310991,25.94,0.45,0.301832,25.94,0.45,0.304026
25.96,0.45,0.325473,25.96,0.45,0.335277,25.96,0.45,0.278978,25.96,0.45,0.280773
25.98,0.45,0.355998,25.98,0.45,0.366339,25.98,0.45,0.246959,25.98,0.45,0.247664
26,0.45,0.377675,26,0.45,0.388641,26,0.45,0.245171,26,0.45,0.244528
26.02,0.45,0.364926,26.02,0.45,0.378578,26.02,0.45,0.247999,26.02,0.45,0.249357
26.04,0.45,0.331445,26.04,0.45,0.345856,26.04,0.45,0.308832,26.04,0.45,0.310179
26.06,0.45,0.339143,26.06,0.45,0.347723,26.06,0.45,0.35238,26.06,0.45,0.353715
26.08,0.45,0.293298,26.08,0.45,0.300794,26.08,0.45,0.347324,26.08,0.45,0.348803
26.1,0.45,0.275422,26.1,0.45,0.283162,26.1,0.45,0.330288,26.1,0.45,0.332412
26.12,0.45,0.28523,26.12,0.45,0.293283,26.12,0.45,0.321949,26.12,0.45,0.324053
26.14,0.45,0.301852,26.14,0.45,0.310796,26.14,0.45,0.301867,26.14,0.45,0.303804
26.16,0.45,0.325604,26.16,0.45,0.335028,26.16,0.45,0.279801,26.16,0.45,0.281564
26.18,0.45,0.355923,26.18,0.45,0.365875,26.18,0.45,0.250285,26.18,0.45,0.252126
26.2,0.45,0.377704,26.2,0.45,0.38824,26.2,0.45,0.246655,26.2,0.45,0.249911
26.22,0.45,0.367559,26.22,0.45,0.381313,26.22,0.45,0.250988,26.22,0.45,0.253456
26.24,0.45,0.334516,26.24,0.45,0.350282,26.24,0.45,0.310764,26.24,0.45,0.313184
26.26,0.45,0.3407,26.26,0.45,0.350231,26.26,0.45,0.354709,26.26,0.45,0.358076
26.28,0.45,0.292499,26.28,0.45,0.300868,26.28,0.45,0.349679,26.28,0.45,0.353574
26.3,0.45,0.276086,26.3,0.45,0.285056,26.3,0.45,0.332441,26.3,0.45,0.336427
26.32,0.45,0.286151,26.32,0.45,0.295773,26.32,0.45,0.323743,26.32,0.45,0.327163
26.34,0.45,0.302322,26.34,0.45,0.312795,26.34,0.45,0.303256,26.34,0.45,0.306345
26.36,0.45,0.325866,26.36,0.45,0.336832,26.36,0.45,0.280304,26.36,0.45,0.282898
26.38,0.45,0.356236,26.38,0.45,0.367797,26.38,0.45,0.248704,26.38,0.45,0.249758
26.4,0.45,0.3778,26.4,0.45,0.39002,26.4,0.45,0.245844,26.4,0.45,0.245923
26.42,0.45,0.367645,26.42,0.45,0.381715,26.42,0.45,0.247608,26.42,0.45,0.249701
26.44,0.45,0.33564,26.44,0.45,0.350711,26.44,0.45,0.308304,26.44,0.45,0.310179
26.46,0.45,0.343188,26.46,0.45,0.352074,26.46,0.45,0.351965,26.46,0.45,0.353697
26.48,0.45,0.296048,26.48,0.45,0.303893,26.48,0.45,0.346906,26.48,0.45,0.348813
26.5,0.45,0.279551,26.5,0.45,0.287732,26.5,0.45,0.329857,26.5,0.45,0.3324
26.52,0.45,0.289038,26.52,0.45,0.297843,26.52,0.45,0.321619,26.52,0.45,0.323928
26.54,0.45,0.304653,26.54,0.45,0.314658,26.54,0.45,0.301608,26.54,0.45,0.303592
26.56,0.45,0.327823,26.56,0.45,0.338461,26.56,0.45,0.279551,26.56,0.45,0.281303
26.58,0.45,0.357807,26.58,0.45,0.369191,26.58,0.45,0.249892,26.58,0.45,0.252016
26.6,0.45,0.379221,26.6,0.45,0.391369,26.6,0.45,0.246492,26.6,0.45,0.249951
26.62,0.45,0.368742,26.62,0.45,0.383391,26.62,0.45,0.247773,26.62,0.45,0.250488
26.64,0.45,0.336052,26.64,0.45,0.352129,26.64,0.45,0.308553,26.64,0.45,0.310843
26.66,0.45,0.341433,26.66,0.45,0.350846,26.66,0.45,0.352418,26.66,0.45,0.355416
26.68,0.45,0.293195,26.68,0.45,0.301408,26.68,0.45,0.34741,26.68,0.45,0.350734
26.7,0.45,0.276888,26.7,0.45,0.285696,26.7,0.45,0.330261,26.7,0.45,0.333682
26.72,0.45,0.286893,26.72,0.45,0.296432,26.72,0.45,0.322056,26.72,0.45,0.324898
26.74,0.45,0.302907,26.74,0.45,0.31345,26.74,0.45,0.301866,26.74,0.45,0.304259
26.76,0.45,0.326371,26.76,0.45,0.337505,26.76,0.45,0.279018,26.76,0.45,0.280939
26.78,0.45,0.356639,26.78,0.45,0.368438,26.78,0.45,0.246935,26.78,0.45,0.247597
26.8,0.45,0.378099,26.8,0.45,0.390619,26.8,0.45,0.245187,26.8,0.45,0.244591
26.82,0.45,0.3667,26.82,0.45,0.381606,26.82,0.45,0.248042,26.82,0.45,0.249511
26.84,0.45,0.333884,26.84,0.45,0.349656,26.84,0.45,0.308871,26.84,0.45,0.310041
26.86,0.45,0.340384,26.86,0.45,0.349871,26.86,0.45,0.352422,26.86,0.45,0.353225
26.88,0.45,0.294286,26.88,0.45,0.302534,26.88,0.45,0.347376,26.88,0.45,0.348299
26.9,0.45,0.276558,26.9,0.45,0.284924,26.9,0.45,0.330348,26.9,0.45,0.331975
26.92,0.45,0.286354,26.92,0.45,0.294974,26.92,0.45,0.32199,26.92,0.45,0.323529
26.94,0.45,0.30287,26.94,0.45,0.312661,26.94,0.45,0.301893,26.94,0.45,0.303388
26.96,0.45,0.326588,26.96,0.45,0.337112,26.96,0.45,0.279831,26.96,0.45,0.281288
26.98,0.45,0.356893,26.98,0.45,0.368209,26.98,0.45,0.250326,26.98,0.45,0.252187
27,0.45,0.378616,27,0.45,0.39071,27,0.45,0.246697,27,0.45,0.249796
27.02,0.45,0.366548,27.02,0.45,0.382098,27.02,0.45,0.247798,27.02,0.45,0.250103
27.04,0.45,0.332904,27.04,0.45,0.349904,27.04,0.45,0.308561,27.04,0.45,0.31053
27.06,0.45,0.338323,27.06,0.45,0.348772,27.06,0.45,0.352411,27.06,0.45,0.3552
27.08,0.45,0.290598,27.08,0.45,0.299708,27.08,0.45,0.347368,27.08,0.45,0.350599
27.1,0.45,0.272819,27.1,0.45,0.282251,27.1,0.45,0.330213,27.1,0.45,0.333537
27.12,0.45,0.282991,27.12,0.45,0.292741,27.12,0.45,0.322035,27.12,0.45,0.324783
27.14,0.45,0.299902,27.14,0.45,0.31054,27.14,0.45,0.301861,27.14,0.45,0.304397
27.16,0.45,0.323868,27.16,0.45,0.334997,27.16,0.45,0.27901,27.16,0.45,0.281157
27.18,0.45,0.354419,27.18,0.45,0.366228,27.18,0.45,0.246946,27.18,0.45,0.247911
27.2,0.45,0.376147,27.2,0.45,0.388662,27.2,0.45,0.245154,27.2,0.45,0.245028
27.22,0.45,0.365886,27.22,0.45,0.381727,27.22,0.45,0.25114,27.22,0.45,0.252646
27.24,0.45,0.333304,27.24,0.45,0.351185,27.24,0.45,0.311012,27.24,0.45,0.312355
27.26,0.45,0.34183,27.26,0.45,0.352679,27.26,0.45,0.354666,27.26,0.45,0.355798
27.28,0.45,0.294879,27.28,0.45,0.304513,27.28,0.45,0.349633,27.28,0.45,0.350843
27.3,0.45,0.278352,27.3,0.45,0.288393,27.3,0.45,0.332545,27.3,0.45,0.334408
27.32,0.45,0.288087,27.32,0.45,0.298655,27.32,0.45,0.323726,27.32,0.45,0.325603
27.34,0.45,0.303998,27.34,0.45,0.315673,27.34,0.45,0.303354,27.34,0.45,0.305151
27.36,0.45,0.327352,27.36,0.45,0.339625,27.36,0.45,0.281181,27.36,0.45,0.282744
27.38,0.45,0.357517,27.38,0.45,0.370537,27.38,0.45,0.252001,27.38,0.45,0.253818
27.4,0.45,0.379076,27.4,0.45,0.392845,27.4,0.45,0.247441,27.4,0.45,0.250427
27.42,0.45,0.369435,27.42,0.45,0.385007,27.42,0.45,0.247661,27.42,0.45,0.249589
27.44,0.45,0.337257,27.44,0.45,0.353697,27.44,0.45,0.308349,27.44,0.45,0.309717
27.46,0.45,0.342227,27.46,0.45,0.351765,27.46,0.45,0.352298,27.46,0.45,0.354387
27.48,0.45,0.293485,27.48,0.45,0.302006,27.48,0.45,0.347242,27.48,0.45,0.349754
27.5,0.45,0.276962,27.5,0.45,0.286012,27.5,0.45,0.330057,27.5,0.45,0.332717
27.52,0.45,0.286794,27.52,0.45,0.296444,27.52,0.45,0.321915,27.52,0.45,0.324023
27.54,0.45,0.302691,27.54,0.45,0.31344,27.54,0.45,0.301755,27.54,0.45,0.303617
27.56,0.45,0.326023,27.56,0.45,0.337369,27.56,0.45,0.278886,27.56,0.45,0.280423
27.58,0.45,0.356171,27.58,0.45,0.36826,27.58,0.45,0.246687,27.58,0.45,0.247018
27.6,0.45,0.377511,27.6,0.45,0.390369,27.6,0.45,0.245062,27.6,0.45,0.244063
27.62,0.45,0.367111,27.62,0.45,0.3817,27.62,0.45,0.248021,27.62,0.45,0.249245
27.64,0.45,0.335053,27.64,0.45,0.350027,27.64,0.45,0.308855,27.64,0.45,0.309908
27.66,0.45,0.340944,27.66,0.45,0.349408,27.66,0.45,0.352432,27.66,0.45,0.353372
27.68,0.45,0.294642,27.68,0.45,0.301791,27.68,0.45,0.347426,27.68,0.45,0.348587
27.7,0.45,0.277023,27.7,0.45,0.284265,27.7,0.45,0.330402,27.7,0.45,0.332219
27.72,0.45,0.286881,27.72,0.45,0.294383,27.72,0.45,0.322014,27.72,0.45,0.323649
27.74,0.45,0.303354,27.74,0.45,0.312016,27.74,0.45,0.301895,27.74,0.45,0.303418
27.76,0.45,0.327084,27.76,0.45,0.336427,27.76,0.45,0.27983,27.76,0.45,0.281391
27.78,0.45,0.357399,27.78,0.45,0.367481,27.78,0.45,0.250278,27.78,0.45,0.252402
27.8,0.45,0.379073,27.8,0.45,0.389901,27.8,0.45,0.246723,27.8,0.45,0.250041
27.82,0.45,0.366361,27.82,0.45,0.38096,27.82,0.45,0.24789,27.82,0.45,0.250935
27.84,0.45,0.332404,27.84,0.45,0.348496,27.84,0.45,0.308644,27.84,0.45,0.311459
27.86,0.45,0.338209,27.86,0.45,0.34781,27.86,0.45,0.352476,27.86,0.45,0.356166
27.88,0.45,0.290441,27.88,0.45,0.298665,27.88,0.45,0.347436,27.88,0.45,0.351647
27.9,0.45,0.272494,27.9,0.45,0.280994,27.9,0.45,0.330287,27.9,0.45,0.334575
27.92,0.45,0.282622,27.92,0.45,0.291384,27.92,0.45,0.322072,27.92,0.45,0.325571
27.94,0.45,0.299581,27.94,0.45,0.30918,27.94,0.45,0.301858,27.94,0.45,0.305045
27.96,0.45,0.323539,27.96,0.45,0.333574,27.96,0.45,0.279003,27.96,0.45,0.281765
27.98,0.45,0.354061,27.98,0.45,0.364644,27.98,0.45,0.246966,27.98,0.45,0.248357
28,0.45,0.375778,28,0.45,0.38697,28,0.45,0.245177,28,0.45,0.245628
28.02,0.45,0.364889,28.02,0.45,0.378831,28.02,0.45,0.248001,28.02,0.45,0.250898
28.04,0.45,0.332456,28.04,0.45,0.348041,28.04,0.45,0.308836,28.04,0.45,0.311417
28.06,0.45,0.339071,28.06,0.45,0.348247,28.06,0.45,0.352392,28.06,0.45,0.354855
28.08,0.45,0.292756,28.08,0.45,0.300513,28.08,0.45,0.347342,28.08,0.45,0.350138
28.1,0.45,0.275154,28.1,0.45,0.283187,28.1,0.45,0.330309,28.1,0.45,0.333738
28.12,0.45,0.285218,28.12,0.45,0.293623,28.12,0.45,0.321969,28.12,0.45,0.324807
28.14,0.45,0.301888,28.14,0.45,0.311227,28.14,0.45,0.301888,28.14,0.45,0.304077
28.16,0.45,0.325739,28.16,0.45,0.335655,28.16,0.45,0.279822,28.16,0.45,0.281852
28.18,0.45,0.356162,28.18,0.45,0.366725,28.18,0.45,0.250288,28.18,0.45,0.252727
28.2,0.45,0.377934,28.2,0.45,0.389222,28.2,0.45,0.24666,28.2,0.45,0.250456
28.22,0.45,0.366305,28.22,0.45,0.380743,28.22,0.45,0.247759,28.22,0.45,0.251314
28.24,0.45,0.332925,28.24,0.45,0.348893,28.24,0.45,0.308529,28.24,0.45,0.311559
28.26,0.45,0.338533,28.26,0.45,0.348199,28.26,0.45,0.352388,28.26,0.45,0.356013
28.28,0.45,0.290726,28.28,0.45,0.299015,28.28,0.45,0.347352,28.28,0.45,0.351527
28.3,0.45,0.272818,28.3,0.45,0.281452,28.3,0.45,0.330196,28.3,0.45,0.33457
28.32,0.45,0.282921,28.32,0.45,0.291929,28.32,0.45,0.322027,28.32,0.45,0.325442
28.34,0.45,0.299752,28.34,0.45,0.309741,28.34,0.45,0.301863,28.34,0.45,0.304652
28.36,0.45,0.323616,28.36,0.45,0.334184,28.36,0.45,0.279012,28.36,0.45,0.281358
28.38,0.45,0.354049,28.38,0.45,0.365293,28.38,0.45,0.246923,28.38,0.45,0.248279
28.4,0.45,0.375665,28.4,0.45,0.387618,28.4,0.45,0.245143,28.4,0.45,0.245346
28.42,0.45,0.365106,28.42,0.45,0.379576,28.42,0.45,0.247965,28.42,0.45,0.250538
28.44,0.45,0.332971,28.44,0.45,0.348951,28.44,0.45,0.308806,28.44,0.45,0.311005
28.46,0.45,0.339407,28.46,0.45,0.348811,28.46,0.45,0.352378,28.46,0.45,0.354282
28.48,0.45,0.29296,28.48,0.45,0.300765,28.48,0.45,0.34734,28.48,0.45,0.349566
28.5,0.45,0.27541,28.5,0.45,0.283431,28.5,0.45,0.33031,28.5,0.45,0.333154
28.52,0.45,0.285511,28.52,0.45,0.293892,28.52,0.45,0.321978,28.52,0.45,0.324233
28.54,0.45,0.302174,28.54,0.45,0.311687,28.54,0.45,0.30191,28.54,0.45,0.303666
28.56,0.45,0.326057,28.56,0.45,0.336234,28.56,0.45,0.279848,28.56,0.45,0.281467
28.58,0.45,0.356504,28.58,0.45,0.367395,28.58,0.45,0.250299,28.58,0.45,0.252291
28.6,0.45,0.37827,28.6,0.45,0.389895,28.6,0.45,0.246682,28.6,0.45,0.249728
28.62,0.45,0.366123,28.62,0.45,0.381149,28.62,0.45,0.247783,28.62,0.45,0.250901
28.64,0.45,0.332464,28.64,0.45,0.348787,28.64,0.45,0.308551,28.64,0.45,0.311191
28.66,0.45,0.338296,28.66,0.45,0.348001,28.66,0.45,0.352413,28.66,0.45,0.355717
28.68,0.45,0.290505,28.68,0.45,0.298846,28.68,0.45,0.34738,28.68,0.45,0.351227
28.7,0.45,0.272538,28.7,0.45,0.281114,28.7,0.45,0.330227,28.7,0.45,0.334225
28.72,0.45,0.282624,28.72,0.45,0.291479,28.72,0.45,0.322052,28.72,0.45,0.325101
28.74,0.45,0.299493,28.74,0.45,0.309341,28.74,0.45,0.301884,28.74,0.45,0.304253
28.76,0.45,0.323366,28.76,0.45,0.333794,28.76,0.45,0.279035,28.76,0.45,0.280981
28.78,0.45,0.353804,28.78,0.45,0.364834,28.78,0.45,0.246956,28.78,0.45,0.247913
28.8,0.45,0.37543,28.8,0.45,0.38717,28.8,0.45,0.245169,28.8,0.45,0.245213
28.82,0.45,0.365069,28.82,0.45,0.379275,28.82,0.45,0.247983,28.82,0.45,0.250366
28.84,0.45,0.333074,28.84,0.45,0.348787,28.84,0.45,0.308823,28.84,0.45,0.310887
28.86,0.45,0.339365,28.86,0.45,0.348333,28.86,0.45,0.352394,28.86,0.45,0.354363
28.88,0.45,0.292866,28.88,0.45,0.300117,28.88,0.45,0.347355,28.88,0.45,0.349662
28.9,0.45,0.275357,28.9,0.45,0.282765,28.9,0.45,0.330325,28.9,0.45,0.333255
28.92,0.45,0.285497,28.92,0.45,0.293248,28.92,0.45,0.32199,28.92,0.45,0.324356
28.94,0.45,0.302181,28.94,0.45,0.310961,28.94,0.45,0.30192,28.94,0.45,0.30382
28.96,0.45,0.326068,28.96,0.45,0.335445,28.96,0.45,0.279858,28.96,0.45,0.281671
28.98,0.45,0.356528,28.98,0.45,0.366617,28.98,0.45,0.250314,28.98,0.45,0.252622
29,0.45,0.37829,29,0.45,0.389125,29,0.45,0.246689,29,0.45,0.25004
29.02,0.45,0.366111,29.02,0.45,0.380654,29.02,0.45,0.247784,29.02,0.45,0.251517
29.04,0.45,0.332441,29.04,0.45,0.348716,29.04,0.45,0.308553,29.04,0.45,0.312054
29.06,0.45,0.338341,29.06,0.45,0.347915,29.06,0.45,0.352415,29.06,0.45,0.356664
29.08,0.45,0.290535,29.08,0.45,0.298564,29.08,0.45,0.347382,29.08,0.45,0.352218
29.1,0.45,0.272523,29.1,0.45,0.280754,29.1,0.45,0.330228,29.1,0.45,0.335204
29.12,0.45,0.282598,29.12,0.45,0.291081,29.12,0.45,0.322054,29.12,0.45,0.325951
29.14,0.45,0.299451,29.14,0.45,0.308955,29.14,0.45,0.301887,29.14,0.45,0.305078
29.16,0.45,0.323307,29.16,0.45,0.33345,29.16,0.45,0.279037,29.16,0.45,0.281899
29.18,0.45,0.353713,29.18,0.45,0.364526,29.18,0.45,0.246955,29.18,0.45,0.249034
29.2,0.45,0.375327,29.2,0.45,0.386914,29.2,0.45,0.245168,29.2,0.45,0.24625
29.22,0.45,0.365108,29.22,0.45,0.379356,29.22,0.45,0.247981,29.22,0.45,0.251164
29.24,0.45,0.333223,29.24,0.45,0.349356,29.24,0.45,0.308822,29.24,0.45,0.311755
29.26,0.45,0.339398,29.26,0.45,0.348703,29.26,0.45,0.352394,29.26,0.45,0.355403
29.28,0.45,0.292827,29.28,0.45,0.300265,29.28,0.45,0.347356,29.28,0.45,0.350669
29.3,0.45,0.275355,29.3,0.45,0.282955,29.3,0.45,0.330325,29.3,0.45,0.334149
29.32,0.45,0.285529,29.32,0.45,0.293506,29.32,0.45,0.321991,29.32,0.45,0.325263
29.34,0.45,0.302225,29.34,0.45,0.311274,29.34,0.45,0.301921,29.34,0.45,0.30452
29.36,0.45,0.326127,29.36,0.45,0.335768,29.36,0.45,0.279859,29.36,0.45,0.282226
29.38,0.45,0.356601,29.38,0.45,0.366917,29.38,0.45,0.250312,29.38,0.45,0.253018
29.4,0.45,0.37837,29.4,0.45,0.389359,29.4,0.45,0.246688,29.4,0.45,0.250052
29.42,0.45,0.366058,29.42,0.45,0.381015,29.42,0.45,0.247785,29.42,0.45,0.251219
29.44,0.45,0.332314,29.44,0.45,0.349298,29.44,0.45,0.308553,29.44,0.45,0.311533
29.46,0.45,0.338309,29.46,0.45,0.348541,29.46,0.45,0.352416,29.46,0.45,0.355989
29.48,0.45,0.290518,29.48,0.45,0.299285,29.48,0.45,0.347384,29.48,0.45,0.35143
29.5,0.45,0.27247,29.5,0.45,0.281521,29.5,0.45,0.33023,29.5,0.45,0.334446
29.52,0.45,0.28252,29.52,0.45,0.291884,29.52,0.45,0.322056,29.52,0.45,0.325336
29.54,0.45,0.299381,29.54,0.45,0.309776,29.54,0.45,0.301889,29.54,0.45,0.304615
29.56,0.45,0.323223,29.56,0.45,0.3343,29.56,0.45,0.279039,29.56,0.45,0.281338
29.58,0.45,0.353624,29.58,0.45,0.365495,29.58,0.45,0.246955,29.58,0.45,0.248389
29.6,0.45,0.375223,29.6,0.45,0.387903,29.6,0.45,0.245168,29.6,0.45,0.245692
29.62,0.45,0.365099,29.62,0.45,0.379843,29.62,0.45,0.247982,29.62,0.45,0.250423
29.64,0.45,0.333296,29.64,0.45,0.34892,29.64,0.45,0.308822,29.64,0.45,0.310901
29.66,0.45,0.339366,29.66,0.45,0.348402,29.66,0.45,0.352395,29.66,0.45,0.354364
29.68,0.45,0.29276,29.68,0.45,0.300215,29.68,0.45,0.347357,29.68,0.45,0.349494
29.7,0.45,0.27531,29.7,0.45,0.282878,29.7,0.45,0.330327,29.7,0.45,0.333075
29.72,0.45,0.285511,29.72,0.45,0.293393,29.72,0.45,0.321993,29.72,0.45,0.32434
29.74,0.45,0.302225,29.74,0.45,0.311219,29.74,0.45,0.301923,29.74,0.45,0.303782
29.76,0.45,0.326142,29.76,0.45,0.335759,29.76,0.45,0.279861,29.76,0.45,0.281511
29.78,0.45,0.356638,29.78,0.45,0.366895,29.78,0.45,0.250312,29.78,0.45,0.252385
29.8,0.45,0.378413,29.8,0.45,0.389376,29.8,0.45,0.246689,29.8,0.45,0.24971
29.82,0.45,0.365999,29.82,0.45,0.381164,29.82,0.45,0.247785,29.82,0.45,0.250658
29.84,0.45,0.332207,29.84,0.45,0.349526,29.84,0.45,0.308554,29.84,0.45,0.311172
29.86,0.45,0.338278,29.86,0.45,0.348765,29.86,0.45,0.352417,29.86,0.45,0.355756
29.88,0.45,0.290496,29.88,0.45,0.299567,29.88,0.45,0.347385,29.88,0.45,0.351184
29.9,0.45,0.272405,29.9,0.45,0.281722,29.9,0.45,0.330232,29.9,0.45,0.334108
29.92,0.45,0.282445,29.92,0.45,0.292048,29.92,0.45,0.322057,29.92,0.45,0.325358
29.94,0.45,0.299304,29.94,0.45,0.309889,29.94,0.45,0.30189,29.94,0.45,0.304867
29.96,0.45,0.323139,29.96,0.45,0.334366,29.96,0.45,0.27904,29.96,0.45,0.281532
29.98,0.45,0.353518,29.98,0.45,0.36543,29.98,0.45,0.246956,29.98,0.45,0.248139
30,0.45,0.375119,30,0.45,0.38777,30,0.45,0.245168,30,0.45,0.245571
30.02,0.4485,0.365074,30.02,0.4485,0.37966,30.02,0.4485,0.248104,30.02,0.4485,0.250329
30.04,0.447,0.333249,30.04,0.447,0.348785,30.04,0.447,0.309091,30.04,0.447,0.310985
30.06,0.4455,0.338732,30.06,0.4455,0.347909,30.06,0.4455,0.352578,30.06,0.4455,0.354324
30.08,0.444,0.292162,30.08,0.444,0.300018,30.08,0.444,0.347552,30.08,0.444,0.349305
30.1,0.4425,0.274797,30.1,0.4425,0.282922,30.1,0.4425,0.330751,30.1,0.4425,0.333074
30.12,0.441,0.284939,30.12,0.441,0.293451,30.12,0.441,0.322643,30.12,0.441,0.32475
30.14,0.4395,0.301449,30.14,0.4395,0.311048,30.14,0.4395,0.301982,30.14,0.4395,0.303725
30.16,0.438,0.324718,30.16,0.438,0.334986,30.16,0.438,0.278659,30.16,0.438,0.280268
30.18,0.4365,0.35412,30.18,0.4365,0.365113,30.18,0.4365,0.248047,30.18,0.4365,0.249935
30.2,0.435,0.374956,30.2,0.435,0.386706,30.2,0.435,0.242759,30.2,0.435,0.245704
30.22,0.4335,0.361655,30.22,0.4335,0.376948,30.22,0.4335,0.243784,30.22,0.4335,0.245975
30.24,0.432,0.327146,30.24,0.432,0.343455,30.24,0.432,0.303766,30.24,0.432,0.305469
30.26,0.4305,0.331473,30.26,0.4305,0.341523,30.26,0.4305,0.347433,30.26,0.4305,0.349717
30.28,0.429,0.284519,30.28,0.429,0.293541,30.28,0.429,0.343335,30.28,0.429,0.345894
30.3,0.4275,0.267074,30.3,0.4275,0.276333,30.3,0.4275,0.327459,30.3,0.4275,0.330235
30.32,0.426,0.27664,30.32,0.426,0.286118,30.32,0.426,0.318612,30.32,0.426,0.321249
30.34,0.4245,0.293031,30.34,0.4245,0.30344,30.34,0.4245,0.295621,30.34,0.4245,0.298192
30.36,0.423,0.315429,30.36,0.423,0.326408,30.36,0.423,0.270123,30.36,0.423,0.272235
30.38,0.4215,0.343901,30.38,0.4215,0.355569,30.38,0.4215,0.238195,30.38,0.4215,0.239194
30.4,0.42,0.364374,30.4,0.42,0.37686,30.4,0.42,0.232225,30.4,0.42,0.232648
30.42,0.4185,0.353127,30.42,0.4185,0.368431,30.42,0.4185,0.234305,30.42,0.4185,0.236205
30.44,0.417,0.32069,30.44,0.417,0.337144,30.44,0.417,0.293034,30.44,0.417,0.294798
30.46,0.4155,0.324894,30.46,0.4155,0.334892,30.46,0.4155,0.336326,30.46,0.4155,0.337979
30.48,0.414,0.282388,30.48,0.414,0.290957,30.48,0.414,0.333122,30.48,0.414,0.334732
30.5,0.4125,0.267341,30.5,0.4125,0.276182,30.5,0.4125,0.316999,30.5,0.4125,0.319186
30.52,0.411,0.277879,30.52,0.411,0.287174,30.52,0.411,0.305393,30.52,0.411,0.307914
30.54,0.4095,0.293999,30.54,0.4095,0.304316,30.54,0.4095,0.28006,30.54,0.4095,0.282501
30.56,0.408,0.315934,30.56,0.408,0.326859,30.56,0.408,0.253612,30.56,0.408,0.255802
30.58,0.4065,0.343596,30.58,0.4065,0.355131,30.58,0.4065,0.221524,30.58,0.4065,0.223844
30.6,0.405,0.363894,30.6,0.405,0.37614,30.6,0.405,0.219026,30.6,0.405,0.222268
30.62,0.4035,0.349019,30.62,0.4035,0.365945,30.62,0.4035,0.223732,30.62,0.4035,0.225258
30.64,0.402,0.313674,30.64,0.402,0.331474,30.64,0.402,0.281055,30.64,0.402,0.281907
30.66,0.4005,0.314959,30.66,0.4005,0.32653,30.66,0.4005,0.323168,30.66,0.4005,0.32457
30.68,0.399,0.270755,30.68,0.399,0.281333,30.68,0.399,0.31985,30.68,0.399,0.321439
30.7,0.3975,0.255523,30.7,0.3975,0.266226,30.7,0.3975,0.305209,30.7,0.3975,0.30706
30.72,0.396,0.264989,30.72,0.396,0.275622,30.72,0.396,0.293974,30.72,0.396,0.296071
30.74,0.3945,0.28054,30.74,0.3945,0.292212,30.74,0.3945,0.268102,30.74,0.3945,0.270176
30.76,0.393,0.301522,30.76,0.393,0.313894,30.76,0.393,0.241271,30.76,0.393,0.242844
30.78,0.3915,0.32838,30.78,0.3915,0.34145,30.78,0.3915,0.211923,30.78,0.3915,0.211855
30.8,0.39,0.348236,30.8,0.39,0.362026,30.8,0.39,0.206024,30.8,0.39,0.205162
30.82,0.3885,0.337693,30.82,0.3885,0.353841,30.82,0.3885,0.207272,30.82,0.3885,0.206996
30.84,0.387,0.306016,30.84,0.387,0.322725,30.84,0.387,0.263022,30.84,0.387,0.262392
30.86,0.3855,0.307618,30.86,0.3855,0.317925,30.86,0.3855,0.30548,30.86,0.3855,0.304487
30.88,0.384,0.271153,30.88,0.384,0.279886,30.88,0.384,0.304237,30.88,0.384,0.303042
30.9,0.3825,0.259665,30.9,0.3825,0.268646,30.9,0.3825,0.289294,30.9,0.3825,0.288917
30.92,0.381,0.270655,30.92,0.381,0.28033,30.92,0.381,0.275652,30.92,0.381,0.276203
30.94,0.3795,0.285923,30.94,0.3795,0.296678,30.94,0.3795,0.248051,30.94,0.3795,0.248996
30.96,0.378,0.306353,30.96,0.378,0.317678,30.96,0.378,0.21901,30.96,0.378,0.219743
30.98,0.3765,0.332276,30.98,0.3765,0.344272,30.98,0.3765,0.186145,30.98,0.3765,0.186822
31,0.375,0.351916,31,0.375,0.364569,31,0.375,0.188109,31,0.375,0.189964
31.02,0.3735,0.338117,31.02,0.3735,0.354595,31.02,0.3735,0.195923,31.02,0.3735,0.195588
31.04,0.372,0.303204,31.04,0.372,0.319958,31.04,0.372,0.252017,31.04,0.372,0.250929
31.06,0.3705,0.301287,31.06,0.3705,0.312306,31.06,0.3705,0.293173,31.06,0.3705,0.29245
31.08,0.369,0.259418,31.08,0.369,0.26991,31.08,0.369,0.290839,31.08,0.369,0.290109
31.1,0.3675,0.246185,31.1,0.3675,0.256741,31.1,0.3675,0.276979,31.1,0.3675,0.276713
31.12,0.366,0.255287,31.12,0.366,0.26564,31.12,0.366,0.264043,31.12,0.366,0.264704
31.14,0.3645,0.269846,31.14,0.3645,0.281261,31.14,0.3645,0.236311,31.14,0.3645,0.237469
31.16,0.363,0.289416,31.16,0.363,0.301369,31.16,0.363,0.208117,31.16,0.363,0.20873
31.18,0.3615,0.314799,31.18,0.3615,0.327354,31.18,0.3615,0.179122,31.18,0.3615,0.178041
31.2,0.36,0.334127,31.2,0.36,0.347461,31.2,0.36,0.17533,31.2,0.36,0.173311
31.22,0.3585,0.322465,31.22,0.3585,0.338901,31.22,0.3585,0.177287,31.22,0.3585,0.176231
31.24,0.357,0.29075,31.24,0.357,0.307586,31.24,0.357,0.229962,31.24,0.357,0.228724
31.26,0.3555,0.289378,31.26,0.3555,0.299995,31.26,0.3555,0.271568,31.26,0.3555,0.269908
31.28,0.354,0.258881,31.28,0.354,0.267825,31.28,0.354,0.272673,31.28,0.354,0.270725
31.3,0.3525,0.250904,31.3,0.3525,0.260083,31.3,0.3525,0.25924,31.3,0.3525,0.258192
31.32,0.351,0.262338,31.32,0.351,0.272371,31.32,0.351,0.244532,31.32,0.351,0.244869
31.34,0.3495,0.276973,31.34,0.3495,0.287975,31.34,0.3495,0.21594,31.34,0.3495,0.216872
31.36,0.348,0.296209,31.36,0.348,0.307663,31.36,0.348,0.185099,31.36,0.348,0.185804
31.38,0.3465,0.320608,31.38,0.3465,0.332623,31.38,0.3465,0.152798,31.38,0.3465,0.153281
31.4,0.345,0.339896,31.4,0.345,0.352459,31.4,0.345,0.159868,31.4,0.345,0.161279
31.42,0.3435,0.32659,31.42,0.3435,0.343646,31.42,0.3435,0.169485,31.42,0.3435,0.169087
31.44,0.342,0.292026,31.44,0.342,0.309501,31.44,0.342,0.223767,31.44,0.342,0.222922
31.46,0.3405,0.287641,31.46,0.3405,0.299315,31.46,0.3405,0.263682,31.46,0.3405,0.263241
31.48,0.339,0.248026,31.48,0.339,0.259142,31.48,0.339,0.262174,31.48,0.339,0.261886
31.5,0.3375,0.236472,31.5,0.3375,0.24733,31.5,0.3375,0.248979,31.5,0.3375,0.249217
31.52,0.336,0.244866,31.52,0.336,0.255424,31.52,0.336,0.23501,31.52,0.336,0.236112
31.54,0.3345,0.25846,31.54,0.3345,0.270096,31.54,0.3345,0.205738,31.54,0.3345,0.207212
31.56,0.333,0.276575,31.56,0.333,0.288786,31.56,0.333,0.176021,31.56,0.333,0.176875
31.58,0.3315,0.300459,31.58,0.3315,0.313252,31.58,0.3315,0.147386,31.58,0.3315,0.146205
31.6,0.33,0.319149,31.6,0.33,0.33271,31.6,0.33,0.144788,31.6,0.33,0.142852
31.62,0.3285,0.308668,31.62,0.3285,0.325119,31.62,0.3285,0.147832,31.62,0.3285,0.146594
31.64,0.327,0.277978,31.64,0.327,0.29475,31.64,0.327,0.19708,31.64,0.327,0.195909
31.66,0.3255,0.271721,31.66,0.3255,0.282682,31.66,0.3255,0.237884,31.66,0.3255,0.236238
31.68,0.324,0.247146,31.68,0.324,0.256289,31.68,0.324,0.241236,31.68,0.324,0.239457
31.7,0.3225,0.242909,31.7,0.3225,0.252471,31.7,0.3225,0.229264,31.7,0.3225,0.228589
31.72,0.321,0.254643,31.72,0.321,0.265371,31.72,0.321,0.213746,31.72,0.321,0.214273
31.74,0.3195,0.268499,31.74,0.3195,0.280073,31.74,0.3195,0.184823,31.74,0.3195,0.185691
31.76,0.318,0.286567,31.76,0.318,0.298572,31.76,0.318,0.153429,31.76,0.318,0.15424
31.78,0.3165,0.30951,31.78,0.3165,0.322088,31.78,0.3165,0.121943,31.78,0.3165,0.123079
31.8,0.315,0.328349,31.8,0.315,0.341673,31.8,0.315,0.132314,31.8,0.315,0.134509
31.82,0.3135,0.314652,31.82,0.3135,0.33285,31.82,0.3135,0.143512,31.82,0.3135,0.144442
31.84,0.312,0.280465,31.84,0.312,0.298797,31.84,0.312,0.196155,31.84,0.312,0.196329
31.86,0.3105,0.274447,31.86,0.3105,0.287022,31.86,0.3105,0.234714,31.86,0.3105,0.235366
31.88,0.309,0.237013,31.88,0.309,0.249354,31.88,0.309,0.234162,31.88,0.309,0.235154
31.9,0.3075,0.226774,31.9,0.3075,0.238072,31.9,0.3075,0.221263,31.9,0.3075,0.222614
31.92,0.306,0.234273,31.92,0.306,0.245454,31.92,0.306,0.205938,31.92,0.306,0.207614
31.94,0.3045,0.247143,31.94,0.3045,0.259252,31.94,0.3045,0.174695,31.94,0.3045,0.176456
31.96,0.303,0.263952,31.96,0.303,0.276403,31.96,0.303,0.143341,31.96,0.303,0.144403
31.98,0.3015,0.286501,31.98,0.3015,0.299256,31.98,0.3015,0.114866,31.98,0.3015,0.114296
32,0.3,0.304703,32,0.3,0.318112,32,0.3,0.113867,32,0.3,0.112041
32.02,0.3,0.295854,32.02,0.3,0.312685,32.02,0.3,0.118095,32.02,0.3,0.118076
32.04,0.3,0.266432,32.04,0.3,0.283956,32.04,0.3,0.163945,32.04,0.3,0.164381
32.06,0.3,0.254852,32.06,0.3,0.266493,32.06,0.3,0.203708,32.06,0.3,0.203997
32.08,0.3,0.235494,32.08,0.3,0.244902,32.08,0.3,0.20935,32.08,0.3,0.209839
32.1,0.3,0.235603,32.1,0.3,0.244931,32.1,0.3,0.199065,32.1,0.3,0.200534
32.12,0.3,0.247774,32.12,0.3,0.258421,32.12,0.3,0.183682,32.12,0.3,0.185814
32.14,0.3,0.261229,32.14,0.3,0.272621,32.14,0.3,0.155653,32.14,0.3,0.157715
32.16,0.3,0.278807,32.16,0.3,0.290434,32.16,0.3,0.126127,32.16,0.3,0.127892
32.18,0.3,0.301276,32.18,0.3,0.313328,32.18,0.3,0.0970745,32.18,0.3,0.0992166
32.2,0.3,0.320423,32.2,0.3,0.3332,32.2,0.3,0.111659,32.2,0.3,0.115134
32.22,0.3,0.306996,32.22,0.3,0.32491,32.22,0.3,0.123846,32.22,0.3,0.127361
32.24,0.3,0.273616,32.24,0.3,0.291567,32.24,0.3,0.174461,32.24,0.3,0.177447
32.26,0.3,0.267519,32.26,0.3,0.279919,32.26,0.3,0.211844,32.26,0.3,0.21546
32.28,0.3,0.231385,32.28,0.3,0.243539,32.28,0.3,0.211087,32.28,0.3,0.215298
32.3,0.3,0.221555,32.3,0.3,0.232121,32.3,0.3,0.198047,32.3,0.3,0.202294
32.32,0.3,0.229221,32.32,0.3,0.239813,32.32,0.3,0.182605,32.32,0.3,0.18635
32.34,0.3,0.242372,32.34,0.3,0.253801,32.34,0.3,0.151938,32.34,0.3,0.155314
32.36,0.3,0.259237,32.36,0.3,0.271021,32.36,0.3,0.121756,32.36,0.3,0.124331
32.38,0.3,0.28206,32.38,0.3,0.294085,32.38,0.3,0.0942194,32.38,0.3,0.0948699
32.4,0.3,0.300956,32.4,0.3,0.313536,32.4,0.3,0.0975952,32.4,0.3,0.0969774
32.42,0.3,0.294523,32.42,0.3,0.311269,32.42,0.3,0.106234,32.42,0.3,0.108895
32.44,0.3,0.266145,32.44,0.3,0.284438,32.44,0.3,0.151302,32.44,0.3,0.154742
32.46,0.3,0.252734,32.46,0.3,0.265196,32.46,0.3,0.190851,32.46,0.3,0.194382
32.48,0.3,0.234436,32.48,0.3,0.244449,32.48,0.3,0.197323,32.48,0.3,0.201187
32.5,0.3,0.23598,32.5,0.3,0.24547,32.5,0.3,0.188135,32.5,0.3,0.192785
32.52,0.3,0.248084,32.52,0.3,0.258781,32.52,0.3,0.174626,32.52,0.3,0.179242
32.54,0.3,0.261387,32.54,0.3,0.272663,32.54,0.3,0.148557,32.54,0.3,0.152466
32.56,0.3,0.278952,32.56,0.3,0.290432,32.56,0.3,0.120573,32.56,0.3,0.123859
32.58,0.3,0.301384,32.58,0.3,0.313242,32.58,0.3,0.0920558,32.58,0.3,0.0956857
32.6,0.3,0.320621,32.6,0.3,0.332984,32.6,0.3,0.109064,32.6,0.3,0.11395
32.62,0.3,0.309235,32.62,0.3,0.326339,32.62,0.3,0.122953,32.62,0.3,0.129224
32.64,0.3,0.276234,32.64,0.3,0.293828,32.64,0.3,0.173577,32.64,0.3,0.179969
32.66,0.3,0.270061,32.66,0.3,0.282137,32.66,0.3,0.210779,32.66,0.3,0.218115
32.68,0.3,0.233424,32.68,0.3,0.245305,32.68,0.3,0.209938,32.68,0.3,0.217931
32.7,0.3,0.223008,32.7,0.3,0.233426,32.7,0.3,0.19694,32.7,0.3,0.204542
32.72,0.3,0.230596,32.72,0.3,0.241045,32.72,0.3,0.181726,32.72,0.3,0.187917
32.74,0.3,0.243607,32.74,0.3,0.254923,32.74,0.3,0.151363,32.74,0.3,0.156624
32.76,0.3,0.260398,32.76,0.3,0.272072,32.76,0.3,0.121311,32.76,0.3,0.125639
32.78,0.3,0.2832,32.78,0.3,0.295181,32.78,0.3,0.0935936,32.78,0.3,0.0961987
32.8,0.3,0.302084,32.8,0.3,0.314706,32.8,0.3,0.0970508,32.8,0.3,0.0983169
32.82,0.3,0.29565,32.82,0.3,0.312348,32.82,0.3,0.105672,32.82,0.3,0.11055
32.84,0.3,0.26734,32.84,0.3,0.285489,32.84,0.3,0.150791,32.84,0.3,0.156511
32.86,0.3,0.254712,32.86,0.3,0.267401,32.86,0.3,0.190325,32.86,0.3,0.196135
32.88,0.3,0.236887,32.88,0.3,0.247159,32.88,0.3,0.196813,32.88,0.3,0.203016
32.9,0.3,0.239446,32.9,0.3,0.249139,32.9,0.3,0.187705,32.9,0.3,0.194387
32.92,0.3,0.250961,32.92,0.3,0.261977,32.92,0.3,0.174262,32.92,0.3,0.180278
32.94,0.3,0.263776,32.94,0.3,0.275394,32.94,0.3,0.148284,32.94,0.3,0.153069
32.96,0.3,0.281196,32.96,0.3,0.293109,32.96,0.3,0.120422,32.96,0.3,0.124362
32.98,0.3,0.303611,32.98,0.3,0.315928,32.98,0.3,0.0919907,32.98,0.3,0.0962826
33,0.3,0.322749,33,0.3,0.335632,33,0.3,0.109067,33,0.3,0.114603
33.02,0.3,0.310404,33.02,0.3,0.327802,33.02,0.3,0.123007,33.02,0.3,0.129958
33.04,0.3,0.277136,33.04,0.3,0.29461,33.04,0.3,0.17362,33.04,0.3,0.180411
33.06,0.3,0.270919,33.06,0.3,0.282878,33.06,0.3,0.210816,33.06,0.3,0.218363
33.08,0.3,0.234707,33.08,0.3,0.246503,33.08,0.3,0.209964,33.08,0.3,0.218086
33.1,0.3,0.223738,33.1,0.3,0.233782,33.1,0.3,0.196975,33.1,0.3,0.204654
33.12,0.3,0.231256,33.12,0.3,0.241333,33.12,0.3,0.181795,33.12,0.3,0.188023
33.14,0.3,0.244251,33.14,0.3,0.255196,33.14,0.3,0.151471,33.14,0.3,0.156705
33.16,0.3,0.261002,33.16,0.3,0.272261,33.16,0.3,0.121434,33.16,0.3,0.125743
33.18,0.3,0.283786,33.18,0.3,0.295267,33.18,0.3,0.0937466,33.18,0.3,0.0963595
33.2,0.3,0.302742,33.2,0.3,0.314753,33.2,0.3,0.0971186,33.2,0.3,0.0984328
33.22,0.3,0.29647,33.22,0.3,0.312287,33.22,0.3,0.102921,33.22,0.3,0.108606
33.24,0.3,0.268387,33.24,0.3,0.285944,33.24,0.3,0.148829,33.24,0.3,0.15541
33.26,0.3,0.253431,33.26,0.3,0.265343,33.26,0.3,0.188364,33.26,0.3,0.195113
33.28,0.3,0.235048,33.28,0.3,0.244619,33.28,0.3,0.194837,33.28,0.3,0.202018
33.3,0.3,0.237633,33.3,0.3,0.246772,33.3,0.3,0.185984,33.3,0.3,0.193557
33.32,0.3,0.249706,33.32,0.3,0.260108,33.32,0.3,0.17305,33.32,0.3,0.179648
33.34,0.3,0.263089,33.34,0.3,0.274039,33.34,0.3,0.147391,33.34,0.3,0.152562
33.36,0.3,0.280874,33.36,0.3,0.292032,33.36,0.3,0.119719,33.36,0.3,0.123884
33.38,0.3,0.303517,33.38,0.3,0.31503,33.38,0.3,0.0915094,33.38,0.3,0.0961274
33.4,0.3,0.322373,33.4,0.3,0.334748,33.4,0.3,0.109079,33.4,0.3,0.114675
33.42,0.3,0.306586,33.42,0.3,0.324415,33.42,0.3,0.127106,33.42,0.3,0.134101
33.44,0.3,0.273388,33.44,0.3,0.29089,33.44,0.3,0.177008,33.44,0.3,0.184067
33.46,0.3,0.269528,33.46,0.3,0.281446,33.46,0.3,0.214153,33.46,0.3,0.222047
33.48,0.3,0.23391,33.48,0.3,0.245904,33.48,0.3,0.213307,33.48,0.3,0.221822
33.5,0.3,0.222182,33.5,0.3,0.232321,33.5,0.3,0.200104,33.5,0.3,0.20814
33.52,0.3,0.229886,33.52,0.3,0.240058,33.52,0.3,0.184353,33.52,0.3,0.190795
33.54,0.3,0.243195,33.54,0.3,0.254132,33.54,0.3,0.153774,33.54,0.3,0.158973
33.56,0.3,0.260083,33.56,0.3,0.271221,33.56,0.3,0.12351,33.56,0.3,0.127652
33.58,0.3,0.28293,33.58,0.3,0.29426,33.58,0.3,0.0960086,33.58,0.3,0.0985733
33.6,0.3,0.302086,33.6,0.3,0.313791,33.6,0.3,0.0982116,33.6,0.3,0.0997733
33.62,0.3,0.297989,33.62,0.3,0.312634,33.62,0.3,0.102928,33.62,0.3,0.108548
33.64,0.3,0.271056,33.64,0.3,0.28793,33.64,0.3,0.14863,33.64,0.3,0.154973
33.66,0.3,0.255455,33.66,0.3,0.26685,33.66,0.3,0.188358,33.66,0.3,0.194974
33.68,0.3,0.236493,33.68,0.3,0.245605,33.68,0.3,0.194863,33.68,0.3,0.201888
33.7,0.3,0.238893,33.7,0.3,0.247748,33.7,0.3,0.185967,33.7,0.3,0.193463
33.72,0.3,0.250604,33.72,0.3,0.260738,33.72,0.3,0.172968,33.72,0.3,0.179688
33.74,0.3,0.263723,33.74,0.3,0.274357,33.74,0.3,0.147242,33.74,0.3,0.152695
33.76,0.3,0.281323,33.76,0.3,0.292176,33.76,0.3,0.119538,33.76,0.3,0.1239
33.78,0.3,0.303809,33.78,0.3,0.315034,33.78,0.3,0.091369,33.78,0.3,0.0960058
33.8,0.3,0.322552,33.8,0.3,0.33456,33.8,0.3,0.109085,33.8,0.3,0.114691
33.82,0.3,0.307073,33.82,0.3,0.323176,33.82,0.3,0.127145,33.82,0.3,0.134307
33.84,0.3,0.273917,33.84,0.3,0.289496,33.84,0.3,0.176986,33.84,0.3,0.184086
33.86,0.3,0.270238,33.86,0.3,0.280734,33.86,0.3,0.214126,33.86,0.3,0.221785
33.88,0.3,0.234178,33.88,0.3,0.244684,33.88,0.3,0.213304,33.88,0.3,0.221631
33.9,0.3,0.224505,33.9,0.3,0.233577,33.9,0.3,0.200067,33.9,0.3,0.208039
33.92,0.3,0.232391,33.92,0.3,0.241598,33.92,0.3,0.184228,33.92,0.3,0.190827
33.94,0.3,0.244943,33.94,0.3,0.255022,33.94,0.3,0.153601,33.94,0.3,0.159218
33.96,0.3,0.26154,33.96,0.3,0.271897,33.96,0.3,0.123349,33.96,0.3,0.128153
33.98,0.3,0.284284,33.98,0.3,0.294868,33.98,0.3,0.0958517,33.98,0.3,0.0992701
34,0.3,0.303274,34,0.3,0.314323,34,0.3,0.0981885,34,0.3,0.100528
34.02,0.3,0.298497,34.02,0.3,0.312651,34.02,0.3,0.103019,34.02,0.3,0.108677
34.04,0.3,0.271129,34.04,0.3,0.287212,34.04,0.3,0.148706,34.04,0.3,0.155145
34.06,0.3,0.255556,34.06,0.3,0.266398,34.06,0.3,0.188399,34.06,0.3,0.195055
34.08,0.3,0.236732,34.08,0.3,0.245424,34.08,0.3,0.194897,34.08,0.3,0.201916
34.1,0.3,0.239186,34.1,0.3,0.247674,34.1,0.3,0.185986,34.1,0.3,0.193346
34.12,0.3,0.250928,34.12,0.3,0.260651,34.12,0.3,0.172934,34.12,0.3,0.179469
34.14,0.3,0.264064,34.14,0.3,0.274255,34.14,0.3,0.147186,34.14,0.3,0.152474
34.16,0.3,0.281687,34.16,0.3,0.292105,34.16,0.3,0.11949,34.16,0.3,0.123802
34.18,0.3,0.304206,34.18,0.3,0.314982,34.18,0.3,0.09136,34.18,0.3,0.0958707
34.2,0.3,0.322886,34.2,0.3,0.334522,34.2,0.3,0.109082,34.2,0.3,0.114275
34.22,0.3,0.306683,34.22,0.3,0.322926,34.22,0.3,0.123497,34.22,0.3,0.13042
34.24,0.3,0.273432,34.24,0.3,0.289238,34.24,0.3,0.174061,34.24,0.3,0.181086
34.26,0.3,0.269307,34.26,0.3,0.279944,34.26,0.3,0.21113,34.26,0.3,0.218845
34.28,0.3,0.233722,34.28,0.3,0.244151,34.28,0.3,0.210227,34.28,0.3,0.218469
34.3,0.3,0.222462,34.3,0.3,0.231369,34.3,0.3,0.197193,34.3,0.3,0.205055
34.32,0.3,0.230268,34.32,0.3,0.23937,34.32,0.3,0.18187,34.32,0.3,0.188339
34.34,0.3,0.243522,34.34,0.3,0.253523,34.34,0.3,0.151471,34.34,0.3,0.15692
34.36,0.3,0.260451,34.36,0.3,0.270776,34.36,0.3,0.121438,34.36,0.3,0.126024
34.38,0.3,0.283377,34.38,0.3,0.293941,34.38,0.3,0.0938998,34.38,0.3,0.0970022
34.4,0.3,0.302473,34.4,0.3,0.313633,34.4,0.3,0.0972087,34.4,0.3,0.0994466
34.42,0.3,0.296386,34.42,0.3,0.311909,34.42,0.3,0.105647,34.42,0.3,0.110864
34.44,0.3,0.268299,34.44,0.3,0.285659,34.44,0.3,0.150716,34.44,0.3,0.156818
34.46,0.3,0.254327,34.46,0.3,0.266345,34.46,0.3,0.190233,34.46,0.3,0.196715
34.48,0.3,0.235866,34.48,0.3,0.245583,34.48,0.3,0.196687,34.48,0.3,0.203418
34.5,0.3,0.238261,34.5,0.3,0.247554,34.5,0.3,0.187552,34.5,0.3,0.194718
34.52,0.3,0.250348,34.52,0.3,0.260732,34.52,0.3,0.174076,34.52,0.3,0.180434
34.54,0.3,0.263789,34.54,0.3,0.274591,34.54,0.3,0.1481,34.54,0.3,0.153178
34.56,0.3,0.281646,34.56,0.3,0.292641,34.56,0.3,0.120274,34.56,0.3,0.124327
34.58,0.3,0.304354,34.58,0.3,0.31572,34.58,0.3,0.0918841,34.58,0.3,0.0961512
34.6,0.3,0.323284,34.6,0.3,0.335532,34.6,0.3,0.108932,34.6,0.3,0.114175
34.62,0.3,0.307501,34.62,0.3,0.324592,34.62,0.3,0.122844,34.62,0.3,0.129469
34.64,0.3,0.274154,34.64,0.3,0.290834,34.64,0.3,0.173454,34.64,0.3,0.18005
34.66,0.3,0.27,34.66,0.3,0.281321,34.66,0.3,0.210644,34.66,0.3,0.217768
34.68,0.3,0.234009,34.68,0.3,0.245202,34.68,0.3,0.209784,34.68,0.3,0.217284
34.7,0.3,0.222438,34.7,0.3,0.231847,34.7,0.3,0.196806,34.7,0.3,0.203968
34.72,0.3,0.230125,34.72,0.3,0.239608,34.72,0.3,0.181659,34.72,0.3,0.187548
34.74,0.3,0.24336,34.74,0.3,0.253625,34.74,0.3,0.15135,34.74,0.3,0.15616
34.76,0.3,0.260262,34.76,0.3,0.270745,34.76,0.3,0.12132,34.76,0.3,0.125212
34.78,0.3,0.283177,34.78,0.3,0.293785,34.78,0.3,0.0936475,34.78,0.3,0.0961662
34.8,0.3,0.302289,34.8,0.3,0.313412,34.8,0.3,0.0970427,34.8,0.3,0.0986927
34.82,0.3,0.295987,34.82,0.3,0.310932,34.82,0.3,0.10287,34.82,0.3,0.108081
34.84,0.3,0.26796,34.84,0.3,0.284564,34.84,0.3,0.148784,34.84,0.3,0.154914
34.86,0.3,0.254367,34.86,0.3,0.265449,34.86,0.3,0.188312,34.86,0.3,0.194893
34.88,0.3,0.236914,34.88,0.3,0.245612,34.88,0.3,0.194784,34.88,0.3,0.201737
34.9,0.3,0.240475,34.9,0.3,0.248694,34.9,0.3,0.185934,34.9,0.3,0.193251
34.92,0.3,0.252014,34.92,0.3,0.261322,34.92,0.3,0.173008,34.92,0.3,0.179422
34.94,0.3,0.264911,34.94,0.3,0.274624,34.94,0.3,0.147357,34.94,0.3,0.152461
34.96,0.3,0.28249,34.96,0.3,0.292379,34.96,0.3,0.119692,34.96,0.3,0.123592
34.98,0.3,0.305044,34.98,0.3,0.315291,34.98,0.3,0.091489,34.98,0.3,0.0955202
35,0.3,0.323808,35,0.3,0.33492,35,0.3,0.109069,35,0.3,0.114313
35.02,0.3,0.307912,35.02,0.3,0.324291,35.02,0.3,0.123464,35.02,0.3,0.130746
35.04,0.3,0.274508,35.04,0.3,0.290619,35.04,0.3,0.17409,35.04,0.3,0.181618
35.06,0.3,0.26994,35.06,0.3,0.280698,35.06,0.3,0.21116,35.06,0.3,0.219462
35.08,0.3,0.234505,35.08,0.3,0.244829,35.08,0.3,0.210233,35.08,0.3,0.21901
35.1,0.3,0.223243,35.1,0.3,0.231818,35.1,0.3,0.197238,35.1,0.3,0.205518
35.12,0.3,0.230919,35.12,0.3,0.239591,35.12,0.3,0.182015,35.12,0.3,0.188702
35.14,0.3,0.244032,35.14,0.3,0.253565,35.14,0.3,0.151676,35.14,0.3,0.157091
35.16,0.3,0.260892,35.16,0.3,0.270729,35.16,0.3,0.121637,35.16,0.3,0.126091
35.18,0.3,0.283776,35.18,0.3,0.293835,35.18,0.3,0.0941057,35.18,0.3,0.0969357
35.2,0.3,0.302818,35.2,0.3,0.313479,35.2,0.3,0.0972669,35.2,0.3,0.0995171
35.22,0.3,0.295803,35.22,0.3,0.310941,35.22,0.3,0.102847,35.22,0.3,0.108622
35.24,0.3,0.267485,35.24,0.3,0.284566,35.24,0.3,0.148719,35.24,0.3,0.155494
35.26,0.3,0.253215,35.26,0.3,0.26489,35.26,0.3,0.188253,35.26,0.3,0.195267
35.28,0.3,0.235033,35.28,0.3,0.244246,35.28,0.3,0.194693,35.28,0.3,0.201877
35.3,0.3,0.237825,35.3,0.3,0.246514,35.3,0.3,0.185824,35.3,0.3,0.19344
35.32,0.3,0.250033,35.32,0.3,0.259825,35.32,0.3,0.172894,35.32,0.3,0.179498
35.34,0.3,0.263577,35.34,0.3,0.273762,35.34,0.3,0.14724,35.34,0.3,0.15231
35.36,0.3,0.281512,35.36,0.3,0.291795,35.36,0.3,0.119588,35.36,0.3,0.123437
35.38,0.3,0.304292,35.38,0.3,0.314875,35.38,0.3,0.0913964,35.38,0.3,0.0955019
35.4,0.3,0.323012,35.4,0.3,0.334629,35.4,0.3,0.108944,35.4,0.3,0.114128
35.42,0.3,0.305331,35.42,0.3,0.322836,35.42,0.3,0.126953,35.42,0.3,0.133537
35.44,0.3,0.27221,35.44,0.3,0.289116,35.44,0.3,0.176855,35.44,0.3,0.18356
35.46,0.3,0.269189,35.46,0.3,0.280607,35.46,0.3,0.213999,35.46,0.3,0.221221
35.48,0.3,0.233898,35.48,0.3,0.245247,35.48,0.3,0.213151,35.48,0.3,0.220654
35.5,0.3,0.222189,35.5,0.3,0.231757,35.5,0.3,0.199962,35.5,0.3,0.207068
35.52,0.3,0.229876,35.52,0.3,0.239518,35.52,0.3,0.184245,35.52,0.3,0.189973
35.54,0.3,0.243157,35.54,0.3,0.253588,35.54,0.3,0.15369,35.54,0.3,0.158267
35.56,0.3,0.260075,35.56,0.3,0.270763,35.56,0.3,0.123437,35.56,0.3,0.127146
35.58,0.3,0.282973,35.58,0.3,0.293888,35.58,0.3,0.0959524,35.58,0.3,0.098472
35.6,0.3,0.302182,35.6,0.3,0.313543,35.6,0.3,0.0981674,35.6,0.3,0.100179
35.62,0.3,0.29714,35.62,0.3,0.311871,35.62,0.3,0.102894,35.62,0.3,0.107511
35.64,0.3,0.269652,35.64,0.3,0.286304,35.64,0.3,0.148598,35.64,0.3,0.153888
35.66,0.3,0.254748,35.66,0.3,0.266153,35.66,0.3,0.188319,35.66,0.3,0.193951
35.68,0.3,0.236116,35.68,0.3,0.245223,35.68,0.3,0.194822,35.68,0.3,0.200608
35.7,0.3,0.238736,35.7,0.3,0.247453,35.7,0.3,0.185926,35.7,0.3,0.1921
35.72,0.3,0.250689,35.72,0.3,0.260621,35.72,0.3,0.172931,35.72,0.3,0.178508
35.74,0.3,0.264025,35.74,0.3,0.274457,35.74,0.3,0.147211,35.74,0.3,0.151602
35.76,0.3,0.281814,35.76,0.3,0.292432,35.76,0.3,0.119517,35.76,0.3,0.122689
35.78,0.3,0.304474,35.78,0.3,0.315425,35.78,0.3,0.0913567,35.78,0.3,0.0946623
35.8,0.3,0.323142,35.8,0.3,0.335126,35.8,0.3,0.109073,35.8,0.3,0.113339
35.82,0.3,0.306089,35.82,0.3,0.323178,35.82,0.3,0.123493,35.82,0.3,0.129529
35.84,0.3,0.272879,35.84,0.3,0.289475,35.84,0.3,0.174058,35.84,0.3,0.180282
35.86,0.3,0.269409,35.86,0.3,0.280617,35.86,0.3,0.211131,35.86,0.3,0.217773
35.88,0.3,0.233308,35.88,0.3,0.24439,35.88,0.3,0.210231,35.88,0.3,0.217073
35.9,0.3,0.2239,35.9,0.3,0.233672,35.9,0.3,0.197199,35.9,0.3,0.203785
35.92,0.3,0.231922,35.92,0.3,0.241854,35.92,0.3,0.181883,35.92,0.3,0.187333
35.94,0.3,0.244511,35.94,0.3,0.255367,35.94,0.3,0.151493,35.94,0.3,0.155864
35.96,0.3,0.261197,35.96,0.3,0.272362,35.96,0.3,0.121466,35.96,0.3,0.124957
35.98,0.3,0.284059,35.98,0.3,0.295611,35.98,0.3,0.0939391,35.98,0.3,0.096552
36,0.3,0.303051,36,0.3,0.315377,36,0.3,0.0972377,36,0.3,0.0994562
36.02,0.3,0.295968,36.02,0.3,0.311973,36.02,0.3,0.102937,36.02,0.3,0.107207
36.04,0.3,0.267608,36.04,0.3,0.284772,36.04,0.3,0.148794,36.04,0.3,0.153583
36.06,0.3,0.253065,36.06,0.3,0.265158,36.06,0.3,0.188293,36.06,0.3,0.193439
36.08,0.3,0.235151,36.08,0.3,0.245053,36.08,0.3,0.194728,36.08,0.3,0.199964
36.1,0.3,0.238187,36.1,0.3,0.247747,36.1,0.3,0.185846,36.1,0.3,0.191476
36.12,0.3,0.25038,36.12,0.3,0.261376,36.12,0.3,0.172863,36.12,0.3,0.177967
36.14,0.3,0.263898,36.14,0.3,0.275483,36.14,0.3,0.147186,36.14,0.3,0.151113
36.16,0.3,0.281824,36.16,0.3,0.293678,36.16,0.3,0.119541,36.16,0.3,0.122455
36.18,0.3,0.30459,36.18,0.3,0.316821,36.18,0.3,0.0913865,36.18,0.3,0.0943008
36.2,0.3,0.323215,36.2,0.3,0.336685,36.2,0.3,0.108943,36.2,0.3,0.112707
36.22,0.3,0.305343,36.22,0.3,0.324431,36.22,0.3,0.123312,36.22,0.3,0.127793
36.24,0.3,0.272144,36.24,0.3,0.290573,36.24,0.3,0.173936,36.24,0.3,0.17807
36.26,0.3,0.268852,36.26,0.3,0.281413,36.26,0.3,0.211004,36.26,0.3,0.215384
36.28,0.3,0.233354,36.28,0.3,0.245933,36.28,0.3,0.210072,36.28,0.3,0.214595
36.3,0.3,0.221955,36.3,0.3,0.232846,36.3,0.3,0.19709,36.3,0.3,0.201528
36.32,0.3,0.229791,36.32,0.3,0.2409,36.32,0.3,0.1819,36.32,0.3,0.185523
36.34,0.3,0.243097,36.34,0.3,0.255093,36.34,0.3,0.151576,36.34,0.3,0.154336
36.36,0.3,0.260068,36.36,0.3,0.272439,36.36,0.3,0.121542,36.36,0.3,0.123514
36.38,0.3,0.283042,36.38,0.3,0.295708,36.38,0.3,0.094007,36.38,0.3,0.0948043
36.4,0.3,0.3022,36.4,0.3,0.315546,36.4,0.3,0.0971903,36.4,0.3,0.097528
36.42,0.3,0.295508,36.42,0.3,0.312568,36.42,0.3,0.105523,36.42,0.3,0.107742
36.44,0.3,0.267218,36.44,0.3,0.285188,36.44,0.3,0.150612,36.44,0.3,0.15333
36.46,0.3,0.253712,36.46,0.3,0.266118,36.46,0.3,0.190163,36.46,0.3,0.192938
36.48,0.3,0.235531,36.48,0.3,0.245644,36.48,0.3,0.196622,36.48,0.3,0.199551
36.5,0.3,0.238161,36.5,0.3,0.247731,36.5,0.3,0.187504,36.5,0.3,0.191049
36.52,0.3,0.250413,36.52,0.3,0.261317,36.52,0.3,0.174086,36.52,0.3,0.177388
36.54,0.3,0.264006,36.54,0.3,0.275464,36.54,0.3,0.148138,36.54,0.3,0.150616
36.56,0.3,0.281978,36.56,0.3,0.293648,36.56,0.3,0.120313,36.56,0.3,0.122081
36.58,0.3,0.304793,36.58,0.3,0.316826,36.58,0.3,0.0918894,36.58,0.3,0.0939017
36.6,0.3,0.323685,36.6,0.3,0.336673,36.6,0.3,0.10893,36.6,0.3,0.112035
36.62,0.3,0.306995,36.62,0.3,0.324585,36.62,0.3,0.122847,36.62,0.3,0.127065
36.64,0.3,0.273676,36.64,0.3,0.290578,36.64,0.3,0.173458,36.64,0.3,0.177521
36.66,0.3,0.269989,36.66,0.3,0.281359,36.66,0.3,0.210652,36.66,0.3,0.215195
36.68,0.3,0.234188,36.68,0.3,0.245723,36.68,0.3,0.209797,36.68,0.3,0.214596
36.7,0.3,0.222612,36.7,0.3,0.232337,36.7,0.3,0.19682,36.7,0.3,0.201488
36.72,0.3,0.230279,36.72,0.3,0.240155,36.72,0.3,0.181679,36.72,0.3,0.185582
36.74,0.3,0.243491,36.74,0.3,0.25427,36.74,0.3,0.15138,36.74,0.3,0.154532
36.76,0.3,0.260419,36.76,0.3,0.271462,36.76,0.3,0.121354,36.76,0.3,0.123653
36.78,0.3,0.283373,36.78,0.3,0.294631,36.78,0.3,0.0936878,36.78,0.3,0.0945365
36.8,0.3,0.302487,36.8,0.3,0.314421,36.8,0.3,0.0970726,36.8,0.3,0.097453
36.82,0.3,0.295193,36.82,0.3,0.311294,36.82,0.3,0.102887,36.82,0.3,0.106025
36.84,0.3,0.266785,36.84,0.3,0.284282,36.84,0.3,0.148794,36.84,0.3,0.152792
36.86,0.3,0.253812,36.86,0.3,0.265699,36.86,0.3,0.188316,36.86,0.3,0.19269
36.88,0.3,0.236562,36.88,0.3,0.245923,36.88,0.3,0.194784,36.88,0.3,0.199503
36.9,0.3,0.240259,36.9,0.3,0.249048,36.9,0.3,0.185931,36.9,0.3,0.19123
36.92,0.3,0.252006,36.92,0.3,0.262044,36.92,0.3,0.172991,36.92,0.3,0.177936
36.94,0.3,0.265091,36.94,0.3,0.275556,36.94,0.3,0.147335,36.94,0.3,0.151215
36.96,0.3,0.28282,36.96,0.3,0.293426,36.96,0.3,0.119679,36.96,0.3,0.122597
36.98,0.3,0.305524,36.98,0.3,0.316429,36.98,0.3,0.09149,36.98,0.3,0.0944912
37,0.3,0.324256,37,0.3,0.33614,37,0.3,0.109064,37,0.3,0.113148
37.02,0.3,0.30717,37.02,0.3,0.323982,37.02,0.3,0.123455,37.02,0.3,0.128754
37.04,0.3,0.273771,37.04,0.3,0.290005,37.04,0.3,0.174077,37.04,0.3,0.179198
37.06,0.3,0.269679,37.06,0.3,0.280544,37.06,0.3,0.211142,37.06,0.3,0.216653
37.08,0.3,0.234417,37.08,0.3,0.245229,37.08,0.3,0.210212,37.08,0.3,0.216103
37.1,0.3,0.22313,37.1,0.3,0.232356,37.1,0.3,0.197217,37.1,0.3,0.202903
37.12,0.3,0.230825,37.12,0.3,0.240254,37.12,0.3,0.181995,37.12,0.3,0.186664
37.14,0.3,0.243962,37.14,0.3,0.254235,37.14,0.3,0.151657,37.14,0.3,0.155371
37.16,0.3,0.260852,37.16,0.3,0.271462,37.16,0.3,0.121622,37.16,0.3,0.124605
37.18,0.3,0.283785,37.18,0.3,0.294646,37.18,0.3,0.0941085,37.18,0.3,0.0958935
37.2,0.3,0.302833,37.2,0.3,0.314343,37.2,0.3,0.0972662,37.2,0.3,0.0985334
37.22,0.3,0.295108,37.22,0.3,0.310688,37.22,0.3,0.102842,37.22,0.3,0.106304
37.24,0.3,0.266563,37.24,0.3,0.283348,37.24,0.3,0.148711,37.24,0.3,0.152683
37.26,0.3,0.252727,37.26,0.3,0.264133,37.26,0.3,0.188242,37.26,0.3,0.192371
37.28,0.3,0.234752,37.28,0.3,0.243954,37.28,0.3,0.194679,37.28,0.3,0.199055
37.3,0.3,0.237695,37.3,0.3,0.246507,37.3,0.3,0.185809,37.3,0.3,0.190789
37.32,0.3,0.250083,37.32,0.3,0.260081,37.32,0.3,0.172877,37.32,0.3,0.17753
37.34,0.3,0.263789,37.34,0.3,0.274187,37.34,0.3,0.147223,37.34,0.3,0.150916
37.36,0.3,0.281849,37.36,0.3,0.292387,37.36,0.3,0.119575,37.36,0.3,0.12242
37.38,0.3,0.304746,37.38,0.3,0.315568,37.38,0.3,0.0913885,37.38,0.3,0.0944098
37.4,0.3,0.323331,37.4,0.3,0.335354,37.4,0.3,0.108935,37.4,0.3,0.112979
37.42,0.3,0.304546,37.42,0.3,0.322219,37.42,0.3,0.126943,37.42,0.3,0.131884
37.44,0.3,0.271498,37.44,0.3,0.28843,37.44,0.3,0.176843,37.44,0.3,0.181745
37.46,0.3,0.268926,37.46,0.3,0.280513,37.46,0.3,0.213983,37.46,0.3,0.21949
37.48,0.3,0.233842,37.48,0.3,0.245502,37.48,0.3,0.213133,37.48,0.3,0.218865
37.5,0.3,0.222084,37.5,0.3,0.232235,37.5,0.3,0.199944,37.5,0.3,0.205504
37.52,0.3,0.229775,37.52,0.3,0.240086,37.52,0.3,0.184228,37.52,0.3,0.188942
37.54,0.3,0.243057,37.54,0.3,0.254108,37.54,0.3,0.153673,37.54,0.3,0.157397
37.56,0.3,0.260001,37.56,0.3,0.271304,37.56,0.3,0.123423,37.56,0.3,0.126294
37.58,0.3,0.282944,37.58,0.3,0.29457,37.58,0.3,0.0959504,37.58,0.3,0.0976346
37.6,0.3,0.302183,37.6,0.3,0.314369,37.6,0.3,0.0981659,37.6,0.3,0.0992893
37.62,0.3,0.296651,37.62,0.3,0.311893,37.62,0.3,0.102892,37.62,0.3,0.106359
37.64,0.3,0.268912,37.64,0.3,0.285404,37.64,0.3,0.148593,37.64,0.3,0.152731
37.66,0.3,0.254356,37.66,0.3,0.265896,37.66,0.3,0.188311,37.66,0.3,0.192707
37.68,0.3,0.235886,37.68,0.3,0.245341,37.68,0.3,0.194811,37.68,0.3,0.199257
37.7,0.3,0.238655,37.7,0.3,0.247808,37.7,0.3,0.185914,37.7,0.3,0.190949
37.72,0.3,0.250759,37.72,0.3,0.261321,37.72,0.3,0.172916,37.72,0.3,0.177694
37.74,0.3,0.264228,37.74,0.3,0.275403,37.74,0.3,0.147197,37.74,0.3,0.150862
37.76,0.3,0.282121,37.76,0.3,0.293583,37.76,0.3,0.119506,37.76,0.3,0.122278
37.78,0.3,0.30487,37.78,0.3,0.316743,37.78,0.3,0.091351,37.78,0.3,0.0942626
37.8,0.3,0.323457,37.8,0.3,0.336456,37.8,0.3,0.109066,37.8,0.3,0.112912
37.82,0.3,0.305513,37.82,0.3,0.323017,37.82,0.3,0.123484,37.82,0.3,0.127856
37.84,0.3,0.272339,37.84,0.3,0.289088,37.84,0.3,0.174048,37.84,0.3,0.178196
37.86,0.3,0.269243,37.86,0.3,0.280752,37.86,0.3,0.211117,37.86,0.3,0.215711
37.88,0.3,0.233302,37.88,0.3,0.244775,37.88,0.3,0.210216,37.88,0.3,0.214974
37.9,0.3,0.223869,37.9,0.3,0.233903,37.9,0.3,0.197184,37.9,0.3,0.201758
37.92,0.3,0.231879,37.92,0.3,0.242107,37.92,0.3,0.181869,37.92,0.3,0.185606
37.94,0.3,0.244472,37.94,0.3,0.255615,37.94,0.3,0.15148,37.94,0.3,0.154276
37.96,0.3,0.261183,37.96,0.3,0.272622,37.96,0.3,0.121455,37.96,0.3,0.123391
37.98,0.3,0.284075,37.98,0.3,0.295817,37.98,0.3,0.0939382,37.98,0.3,0.0947304
38,0.3,0.303076,38,0.3,0.315525,38,0.3,0.0972367,38,0.3,0.0975633
38.02,0.3,0.295446,38.02,0.3,0.31205,38.02,0.3,0.102935,38.02,0.3,0.105225
38.04,0.3,0.266912,38.04,0.3,0.284753,38.04,0.3,0.14879,38.04,0.3,0.151499
38.06,0.3,0.252734,38.06,0.3,0.264841,38.06,0.3,0.188286,38.06,0.3,0.191093
38.08,0.3,0.234946,38.08,0.3,0.244718,38.08,0.3,0.19472,38.08,0.3,0.197505
38.1,0.3,0.238095,38.1,0.3,0.247457,38.1,0.3,0.185835,38.1,0.3,0.189117
38.12,0.3,0.250438,38.12,0.3,0.261073,38.12,0.3,0.172851,38.12,0.3,0.176017
38.14,0.3,0.264087,38.14,0.3,0.275104,38.14,0.3,0.147174,38.14,0.3,0.149505
38.16,0.3,0.282113,38.16,0.3,0.293166,38.16,0.3,0.119532,38.16,0.3,0.121149
38.18,0.3,0.304977,38.18,0.3,0.316268,38.18,0.3,0.0913814,38.18,0.3,0.09311
38.2,0.3,0.323496,38.2,0.3,0.33595,38.2,0.3,0.108937,38.2,0.3,0.111796
38.22,0.3,0.304796,38.22,0.3,0.322251,38.22,0.3,0.123304,38.22,0.3,0.127253
38.24,0.3,0.271641,38.24,0.3,0.288168,38.24,0.3,0.173928,38.24,0.3,0.177822
38.26,0.3,0.26869,38.26,0.3,0.279571,38.26,0.3,0.210993,38.26,0.3,0.215477
38.28,0.3,0.233338,38.28,0.3,0.244139,38.28,0.3,0.210059,38.28,0.3,0.214867
38.3,0.3,0.221904,38.3,0.3,0.230717,38.3,0.3,0.197077,38.3,0.3,0.201762
38.32,0.3,0.229725,38.32,0.3,0.238599,38.32,0.3,0.181888,38.32,0.3,0.185704
38.34,0.3,0.243045,38.34,0.3,0.252668,38.34,0.3,0.151565,38.34,0.3,0.154628
38.36,0.3,0.260044,38.36,0.3,0.269839,38.36,0.3,0.121532,38.36,0.3,0.123838
38.38,0.3,0.283056,38.38,0.3,0.292967,38.38,0.3,0.0940066,38.38,0.3,0.0950699
38.4,0.3,0.302212,38.4,0.3,0.312734,38.4,0.3,0.0971893,38.4,0.3,0.0978568
38.42,0.3,0.295032,38.42,0.3,0.310198,38.42,0.3,0.105521,38.42,0.3,0.108748
38.44,0.3,0.266598,38.44,0.3,0.283263,38.44,0.3,0.150609,38.44,0.3,0.154703
38.46,0.3,0.253388,38.46,0.3,0.264603,38.46,0.3,0.190158,38.46,0.3,0.19457
38.48,0.3,0.235334,38.48,0.3,0.244135,38.48,0.3,0.196615,38.48,0.3,0.201208
38.5,0.3,0.238073,38.5,0.3,0.246296,38.5,0.3,0.187496,38.5,0.3,0.192592
38.52,0.3,0.25045,38.52,0.3,0.259746,38.52,0.3,0.174077,38.52,0.3,0.178906
38.54,0.3,0.264163,38.54,0.3,0.273768,38.54,0.3,0.148129,38.54,0.3,0.152079
38.56,0.3,0.282224,38.56,0.3,0.291876,38.56,0.3,0.120306,38.56,0.3,0.123366
38.58,0.3,0.305123,38.58,0.3,0.31502,38.58,0.3,0.0918855,38.58,0.3,0.0947846
38.6,0.3,0.323986,38.6,0.3,0.334893,38.6,0.3,0.108925,38.6,0.3,0.112842
38.62,0.3,0.306609,38.62,0.3,0.32309,38.62,0.3,0.122841,38.62,0.3,0.128238
38.64,0.3,0.273299,38.64,0.3,0.28933,38.64,0.3,0.173452,38.64,0.3,0.178857
38.66,0.3,0.269884,38.66,0.3,0.280606,38.66,0.3,0.210643,38.66,0.3,0.216436
38.68,0.3,0.234215,38.68,0.3,0.244686,38.68,0.3,0.209787,38.68,0.3,0.215857
38.7,0.3,0.222603,38.7,0.3,0.231331,38.7,0.3,0.19681,38.7,0.3,0.20272
38.72,0.3,0.230267,38.72,0.3,0.239048,38.72,0.3,0.18167,38.72,0.3,0.186518
38.74,0.3,0.243477,38.74,0.3,0.252978,38.74,0.3,0.151371,38.74,0.3,0.155408
38.76,0.3,0.260419,38.76,0.3,0.270123,38.76,0.3,0.121347,38.76,0.3,0.124565
38.78,0.3,0.283403,38.78,0.3,0.293258,38.78,0.3,0.0936872,38.78,0.3,0.0960018
38.8,0.3,0.302506,38.8,0.3,0.312992,38.8,0.3,0.097072,38.8,0.3,0.0987174
38.82,0.3,0.294743,38.82,0.3,0.309299,38.82,0.3,0.102886,38.82,0.3,0.106832
38.84,0.3,0.26621,38.84,0.3,0.281948,38.84,0.3,0.148791,38.84,0.3,0.153349
38.86,0.3,0.25354,38.86,0.3,0.264296,38.86,0.3,0.188311,38.86,0.3,0.193208
38.88,0.3,0.236377,38.88,0.3,0.244578,38.88,0.3,0.194779,38.88,0.3,0.199949
38.9,0.3,0.240161,38.9,0.3,0.247653,38.9,0.3,0.185924,38.9,0.3,0.19153
38.92,0.3,0.252031,38.92,0.3,0.260632,38.92,0.3,0.172983,38.92,0.3,0.17803
38.94,0.3,0.26522,38.94,0.3,0.274098,38.94,0.3,0.147327,38.94,0.3,0.151244
38.96,0.3,0.283039,38.96,0.3,0.291902,38.96,0.3,0.119674,38.96,0.3,0.122629
38.98,0.3,0.305806,38.98,0.3,0.314824,38.98,0.3,0.0914867,38.98,0.3,0.0944491
39,0.3,0.324499,39,0.3,0.334482,39,0.3,0.10906,39,0.3,0.112906
39.02,0.3,0.306753,39.02,0.3,0.322717,39.02,0.3,0.12345,39.02,0.3,0.129144
39.04,0.3,0.273376,39.04,0.3,0.288804,39.04,0.3,0.174071,39.04,0.3,0.179872
39.06,0.3,0.26955,39.06,0.3,0.279534,39.06,0.3,0.211135,39.06,0.3,0.217562
39.08,0.3,0.234426,39.08,0.3,0.243975,39.08,0.3,0.210204,39.08,0.3,0.217064
39.1,0.3,0.223099,39.1,0.3,0.230944,39.1,0.3,0.197209,39.1,0.3,0.203755
39.12,0.3,0.230792,39.12,0.3,0.23865,39.12,0.3,0.181988,39.12,0.3,0.18737
39.14,0.3,0.243924,39.14,0.3,0.252466,39.14,0.3,0.15165,39.14,0.3,0.156112
39.16,0.3,0.260838,39.16,0.3,0.269571,39.16,0.3,0.121616,39.16,0.3,0.125241
39.18,0.3,0.283792,39.18,0.3,0.292745,39.18,0.3,0.0941085,39.18,0.3,0.0965068
39.2,0.3,0.302847,39.2,0.3,0.312443,39.2,0.3,0.0972657,39.2,0.3,0.0992702
39.22,0.3,0.294722,39.22,0.3,0.308849,39.22,0.3,0.102841,39.22,0.3,0.107526
39.24,0.3,0.266063,39.24,0.3,0.281684,39.24,0.3,0.148709,39.24,0.3,0.154098
39.26,0.3,0.252483,39.26,0.3,0.263365,39.26,0.3,0.188238,39.26,0.3,0.193974
39.28,0.3,0.234599,39.28,0.3,0.242936,39.28,0.3,0.194675,39.28,0.3,0.200651
39.3,0.3,0.237629,39.3,0.3,0.245255,39.3,0.3,0.185803,39.3,0.3,0.192386
39.32,0.3,0.250126,39.32,0.3,0.258871,39.32,0.3,0.17287,39.32,0.3,0.178835
39.34,0.3,0.26393,39.34,0.3,0.273033,39.34,0.3,0.147217,39.34,0.3,0.151963
39.36,0.3,0.282062,39.36,0.3,0.29122,39.36,0.3,0.119571,39.36,0.3,0.123077
39.38,0.3,0.305022,39.38,0.3,0.314435,39.38,0.3,0.0913858,39.38,0.3,0.0948581
39.4,0.3,0.323521,39.4,0.3,0.334295,39.4,0.3,0.108931,39.4,0.3,0.113514
39.42,0.3,0.304169,39.42,0.3,0.322076,39.42,0.3,0.126939,39.42,0.3,0.132852
39.44,0.3,0.271174,39.44,0.3,0.28838,39.44,0.3,0.176838,39.44,0.3,0.182708
39.46,0.3,0.268828,39.46,0.3,0.280415,39.46,0.3,0.213977,39.46,0.3,0.220231
39.48,0.3,0.233859,39.48,0.3,0.245125,39.48,0.3,0.213126,39.48,0.3,0.219521
39.5,0.3,0.222068,39.5,0.3,0.231627,39.5,0.3,0.199937,39.5,0.3,0.206006
39.52,0.3,0.229753,39.52,0.3,0.239309,39.52,0.3,0.184222,39.52,0.3,0.189122
39.54,0.3,0.243038,39.54,0.3,0.253244,39.54,0.3,0.153666,39.54,0.3,0.157547
39.56,0.3,0.259994,39.56,0.3,0.270457,39.56,0.3,0.123418,39.56,0.3,0.126587
39.58,0.3,0.282955,39.58,0.3,0.293654,39.58,0.3,0.0959498,39.58,0.3,0.0981981
39.6,0.3,0.3022,39.6,0.3,0.313409,39.6,0.3,0.0981653,39.6,0.3,0.0999194
39.62,0.3,0.296378,39.62,0.3,0.310507,39.62,0.3,0.102891,39.62,0.3,0.10683
39.64,0.3,0.268516,39.64,0.3,0.283643,39.64,0.3,0.148592,39.64,0.3,0.15311
39.66,0.3,0.254155,39.66,0.3,0.264871,39.66,0.3,0.188308,39.66,0.3,0.192976
39.68,0.3,0.235753,39.68,0.3,0.243994,39.68,0.3,0.194807,39.68,0.3,0.199656
39.7,0.3,0.238598,39.7,0.3,0.246082,39.7,0.3,0.18591,39.7,0.3,0.191239
39.72,0.3,0.250801,39.72,0.3,0.259634,39.72,0.3,0.172911,39.72,0.3,0.177709
39.74,0.3,0.264361,39.74,0.3,0.273739,39.74,0.3,0.147191,39.74,0.3,0.150887
39.76,0.3,0.282315,39.76,0.3,0.291853,39.76,0.3,0.119502,39.76,0.3,0.122196
39.78,0.3,0.305121,39.78,0.3,0.315033,39.78,0.3,0.0913489,39.78,0.3,0.0941483
39.8,0.3,0.32363,39.8,0.3,0.334758,39.8,0.3,0.109063,39.8,0.3,0.11271
39.82,0.3,0.305148,39.82,0.3,0.321232,39.82,0.3,0.123481,39.82,0.3,0.128336
39.84,0.3,0.272002,39.84,0.3,0.287318,39.84,0.3,0.174045,39.84,0.3,0.178934
39.86,0.3,0.269127,39.86,0.3,0.279327,39.86,0.3,0.211113,39.86,0.3,0.216488
39.88,0.3,0.233284,39.88,0.3,0.243277,39.88,0.3,0.210211,39.88,0.3,0.215801
39.9,0.3,0.223815,39.9,0.3,0.232321,39.9,0.3,0.197179,39.9,0.3,0.202624
39.92,0.3,0.231822,39.92,0.3,0.240403,39.92,0.3,0.181864,39.92,0.3,0.186373
39.94,0.3,0.244418,39.94,0.3,0.253826,39.94,0.3,0.151475,39.94,0.3,0.15512
39.96,0.3,0.261151,39.96,0.3,0.270839,39.96,0.3,0.121451,39.96,0.3,0.124334
39.98,0.3,0.284069,39.98,0.3,0.294044,39.98,0.3,0.0939379,39.98,0.3,0.0955987
40,0.3,0.303075,40,0.3,0.31375,40,0.3,0.0972364,40,0.3,0.0984166
40.02,0.297,0.295063,40.02,0.297,0.30969,40.02,0.297,0.10334,40.02,0.297,0.106483
40.04,0.294,0.26622,40.04,0.294,0.281934,40.04,0.294,0.149862,40.04,0.294,0.153477
40.06,0.291,0.251087,40.06,0.291,0.261931,40.06,0.291,0.189815,40.06,0.291,0.193661
40.08,0.288,0.232985,40.08,0.288,0.241649,40.08,0.288,0.196767,40.08,0.288,0.200707
40.1,0.285,0.236216,40.1,0.285,0.244404,40.1,0.285,0.188286,40.1,0.285,0.192739
40.12,0.282,0.248649,40.12,0.282,0.257991,40.12,0.282,0.175248,40.12,0.282,0.179486
40.14,0.279,0.261805,40.14,0.279,0.27155,40.14,0.279,0.147997,40.14,0.279,0.151243
40.16,0.276,0.278293,40.16,0.276,0.288148,40.16,0.276,0.11667,40.16,0.276,0.119142
40.18,0.273,0.298778,40.18,0.273,0.30888,40.18,0.273,0.0838981,40.18,0.273,0.0864885
40.2,0.27,0.315039,40.2,0.27,0.326413,40.2,0.27,0.0990817,40.2,0.27,0.102242
40.22,0.267,0.295442,40.22,0.267,0.311845,40.22,0.267,0.114108,40.22,0.267,0.118164
40.24,0.264,0.262113,40.24,0.264,0.277745,40.24,0.264,0.163818,40.24,0.264,0.167699
40.26,0.261,0.257049,40.26,0.261,0.267632,40.26,0.261,0.200088,40.26,0.261,0.204351
40.28,0.258,0.224604,40.28,0.258,0.235189,40.28,0.258,0.201104,40.28,0.258,0.205484
40.3,0.255,0.214812,40.3,0.255,0.22368,40.3,0.255,0.186455,40.3,0.255,0.190896
40.32,0.252,0.22226,40.32,0.252,0.231263,40.32,0.252,0.164453,40.32,0.252,0.168267
40.34,0.249,0.23455,40.34,0.249,0.244283,40.34,0.249,0.129,40.34,0.249,0.132126
40.36,0.246,0.249717,40.36,0.246,0.259652,40.36,0.246,0.0975753,40.36,0.246,0.0998155
40.38,0.243,0.270182,40.38,0.243,0.280312,40.38,0.243,0.0776005,40.38,0.243,0.0787005
40.4,0.24,0.286,40.4,0.24,0.297709,40.4,0.24,0.0710576,40.4,0.24,0.072583
40.42,0.237,0.268436,40.42,0.237,0.285361,40.42,0.237,0.0749263,40.42,0.237,0.076996
40.44,0.234,0.23832,40.44,0.234,0.254508,40.44,0.234,0.116239,40.44,0.234,0.11913
40.46,0.231,0.220267,40.46,0.231,0.231393,40.46,0.231,0.155479,40.46,0.231,0.158953
40.48,0.228,0.205215,40.48,0.228,0.214748,40.48,0.228,0.163581,40.48,0.228,0.167345
40.5,0.225,0.210648,40.5,0.225,0.220134,40.5,0.225,0.154904,40.5,0.225,0.159271
40.52,0.222,0.225163,40.52,0.222,0.235101,40.52,0.222,0.137261,40.52,0.222,0.14148
40.54,0.219,0.237862,40.54,0.219,0.248067,40.54,0.219,0.106,40.54,0.219,0.109464
40.56,0.216,0.251177,40.56,0.216,0.261401,40.56,0.216,0.0707396,40.56,0.216,0.0733252
40.58,0.213,0.267825,40.58,0.213,0.27823,40.58,0.213,0.0354789,40.58,0.213,0.0375455
40.6,0.21,0.280963,40.6,0.21,0.293181,40.6,0.21,0.0480133,40.6,0.21,0.0503513
40.62,0.207,0.261138,40.62,0.207,0.278854,40.62,0.207,0.0593627,40.62,0.207,0.0627677
40.64,0.204,0.230084,40.64,0.204,0.246445,40.64,0.204,0.102693,40.64,0.204,0.105939
40.66,0.201,0.21889,40.66,0.201,0.230061,40.66,0.201,0.137328,40.66,0.201,0.140596
40.68,0.198,0.195013,40.68,0.198,0.20573,40.68,0.198,0.141829,40.68,0.198,0.14512
40.7,0.195,0.191642,40.7,0.195,0.200689,40.7,0.195,0.125397,40.7,0.195,0.128974
40.72,0.192,0.200302,40.72,0.192,0.209462,40.72,0.192,0.0979791,40.72,0.192,0.101059
40.74,0.189,0.211282,40.74,0.189,0.221116,40.74,0.189,0.0617262,40.74,0.189,0.0641707
40.76,0.186,0.224634,40.76,0.186,0.234574,40.76,0.186,0.0324374,40.76,0.186,0.0341894
40.78,0.183,0.24315,40.78,0.183,0.253143,40.78,0.183,0.0203974,40.78,0.183,0.0213061
40.8,0.18,0.256749,40.8,0.18,0.269168,40.8,0.18,0.0139367,40.8,0.18,0.0155137
40.82,0.177,0.23781,40.82,0.177,0.254677,40.82,0.177,0.016819,40.82,0.177,0.018702
40.84,0.174,0.208715,40.84,0.174,0.22421,40.84,0.174,0.053737,40.84,0.174,0.0565456
40.86,0.171,0.183313,40.86,0.171,0.194838,40.86,0.171,0.0905883,40.86,0.171,0.0942959
40.88,0.168,0.174118,40.88,0.168,0.183738,40.88,0.168,0.100409,40.88,0.168,0.104665
40.9,0.165,0.185189,40.9,0.165,0.194336,40.9,0.165,0.093763,40.9,0.165,0.0985006
40.92,0.162,0.19979,40.92,0.162,0.208883,40.92,0.162,0.0756659,40.92,0.162,0.0803737
40.94,0.159,0.210304,40.94,0.159,0.219323,40.94,0.159,0.0440896,40.94,0.159,0.0482138
40.96,0.156,0.219712,40.96,0.156,0.228558,40.96,0.156,0.00803779,40.96,0.156,0.0113434
40.98,0.153,0.231856,40.98,0.153,0.240718,40.98,0.153,-0.0242922,40.98,0.153,-0.0219047
41,0.15,0.242094,41,0.15,0.253046,41,0.15,-0.0115689,41,0.15,-0.0089769
41.02,0.147,0.225386,41.02,0.147,0.243995,41.02,0.147,-4.82048e-05,41.02,0.147,0.00408607
41.04,0.144,0.196395,41.04,0.144,0.21385,41.04,0.144,0.0386744,41.04,0.144,0.043047
41.06,0.141,0.173293,41.06,0.141,0.185239,41.06,0.141,0.0706255,41.06,0.141,0.0754108
41.08,0.138,0.157234,41.08,0.138,0.168106,41.08,0.138,0.0771012,41.08,0.138,0.0821271
41.1,0.135,0.162865,41.1,0.135,0.172154,41.1,0.135,0.0606168,41.1,0.135,0.0656506
41.12,0.132,0.173131,41.12,0.132,0.182307,41.12,0.132,0.0312288,41.12,0.132,0.0354128
41.14,0.129,0.182782,41.14,0.129,0.192211,41.14,0.129,-0.00368298,41.14,0.129,-0.000341355
41.16,0.126,0.194333,41.16,0.126,0.203558,41.16,0.126,-0.0311581,41.16,0.126,-0.0285288
41.18,0.123,0.210794,41.18,0.123,0.219897,41.18,0.123,-0.0387702,41.18,0.123,-0.0371139
41.2,0.12,0.220803,41.2,0.12,0.233397,41.2,0.12,-0.0465332,41.2,0.12,-0.0440234
41.22,0.117,0.200999,41.22,0.117,0.21739,41.22,0.117,-0.0452123,41.22,0.117,-0.041978
41.24,0.114,0.173693,41.24,0.114,0.188045,41.24,0.114,-0.0125128,41.24,0.114,-0.0077558
41.26,0.111,0.142538,41.26,0.111,0.153618,41.26,0.111,0.0226805,41.26,0.111,0.0286496
41.28,0.108,0.135103,41.28,0.108,0.144795,41.28,0.108,0.035086,41.28,0.108,0.0417973
41.3,0.105,0.150097,41.3,0.105,0.158943,41.3,0.105,0.030724,41.3,0.105,0.0380822
41.32,0.102,0.165747,41.32,0.102,0.174271,41.32,0.102,0.0105203,41.32,0.102,0.0179313
41.34,0.099,0.174557,41.34,0.099,0.183162,41.34,0.099,-0.0242135,41.34,0.099,-0.0176064
41.36,0.096,0.180283,41.36,0.096,0.188663,41.36,0.096,-0.0624544,41.36,0.096,-0.0569875
41.38,0.093,0.188185,41.38,0.093,0.196493,41.38,0.093,-0.0934173,41.38,0.093,-0.0891142
41.4,0.09,0.197567,41.4,0.09,0.20668,41.4,0.09,-0.0778966,41.4,0.09,-0.0737474
41.42,0.087,0.189755,41.42,0.087,0.2053,41.42,0.087,-0.0614225,41.42,0.087,-0.0559647
41.44,0.084,0.162786,41.44,0.084,0.178835,41.44,0.084,-0.0274663,41.44,0.084,-0.021253
41.46,0.081,0.125475,41.46,0.081,0.138024,41.46,0.081,0.00263088,41.46,0.081,0.00938261
41.48,0.078,0.117303,41.48,0.078,0.128289,41.48,0.078,0.0116438,41.48,0.078,0.0187264
41.5,0.075,0.131797,41.5,0.075,0.141012,41.5,0.075,-0.00393445,41.5,0.075,0.00293321
41.52,0.072,0.142288,41.52,0.072,0.151246,41.52,0.072,-0.03421,41.52,0.072,-0.0285714
41.54,0.069,0.150114,41.54,0.069,0.159405,41.54,0.069,-0.0676869,41.54,0.069,-0.0632194
41.56,0.066,0.159496,41.56,0.066,0.168381,41.56,0.066,-0.0917365,41.56,0.066,-0.0883389
41.58,0.063,0.17347,41.58,0.063,0.182094,41.58,0.063,-0.0980169,41.58,0.063,-0.0953113
41.6,0.06,0.183119,41.6,0.06,0.19456,41.6,0.06,-0.106537,41.6,0.06,-0.103665
41.62,0.057,0.167255,41.62,0.057,0.182396,41.62,0.057,-0.109532,41.62,0.057,-0.105506
41.64,0.054,0.140409,41.64,0.054,0.153755,41.64,0.054,-0.0823625,41.64,0.054,-0.0762646
41.66,0.051,0.103771,41.66,0.051,0.114264,41.66,0.051,-0.0481574,41.66,0.051,-0.0403283
41.68,0.048,0.0982104,41.68,0.048,0.108283,41.68,0.048,-0.0303171,41.68,0.048,-0.0216369
41.7,0.045,0.116227,41.7,0.045,0.123852,41.7,0.045,-0.0321939,41.7,0.045,-0.022995
41.72,0.042,0.132732,41.72,0.042,0.14019,41.72,0.042,-0.0541684,41.72,0.042,-0.0449339
41.74,0.039,0.139493,41.74,0.039,0.146941,41.74,0.039,-0.0922566,41.74,0.039,-0.083963
41.76,0.036,0.141119,41.76,0.036,0.148275,41.76,0.036,-0.13302,41.76,0.036,-0.126134
41.78,0.033,0.144411,41.78,0.033,0.151374,41.78,0.033,-0.16388,41.78,0.033,-0.158299
41.8,0.03,0.151445,41.8,0.03,0.158533,41.8,0.03,-0.143462,41.8,0.03,-0.138467
41.82,0.027,0.15218,41.82,0.027,0.162625,41.82,0.027,-0.124835,41.82,0.027,-0.117979
41.84,0.024,0.129513,41.84,0.024,0.141315,41.84,0.024,-0.0942579,41.84,0.024,-0.0860882
41.86,0.021,0.0738274,41.86,0.021,0.0865343,41.86,0.021,-0.0661064,41.86,0.021,-0.0568978
41.88,0.018,0.0739466,41.88,0.018,0.08549,41.88,0.018,-0.052788,41.88,0.018,-0.0430234
41.9,0.015,0.0976933,41.9,0.015,0.107311,41.9,0.015,-0.0666501,41.9,0.015,-0.0572028
41.92,0.012,0.108007,41.92,0.012,0.11704,41.92,0.012,-0.0981201,41.92,0.012,-0.0902148
41.94,0.009,0.11312,41.94,0.009,0.122565,41.94,0.009,-0.131833,41.94,0.009,-0.125203
41.96,0.006,0.121192,41.96,0.006,0.130308,41.96,0.006,-0.154136,41.96,0.006,-0.148557
41.98,0.003,0.13372,41.98,0.003,0.142589,41.98,0.003,-0.160035,41.98,0.003,-0.154797
42,0,0.142482,42,0,0.15295,42,0,-0.165188,42,0,-0.160912
42.02,0,0.131245,42.02,0,0.143622,42.02,0,-0.171687,42.02,0,-0.166468
42.04,0,0.105998,42.04,0,0.116851,42.04,0,-0.149685,42.04,0,-0.14251
42.06,0,0.0650839,42.06,0,0.0736206,42.06,0,-0.117745,42.06,0,-0.1088
42.08,0,0.0629743,42.08,0,0.0718612,42.08,0,-0.0950514,42.08,0,-0.0857297
42.1,0,0.0816803,42.1,0,0.0861763,42.1,0,-0.0950231,42.1,0,-0.0852321
42.12,0,0.0997254,42.12,0,0.104223,42.12,0,-0.119019,42.12,0,-0.109427
42.14,0,0.105522,42.14,0,0.110254,42.14,0,-0.157443,42.14,0,-0.149274
42.16,0,0.104788,42.16,0,0.109557,42.16,0,-0.197293,42.16,0,-0.190148
42.18,0,0.105572,42.18,0,0.11012,42.18,0,-0.223292,42.18,0,-0.217411
42.2,0,0.111588,42.2,0,0.11605,42.2,0,-0.194087,42.2,0,-0.189178
42.22,0,0.119258,42.22,0,0.125251,42.22,0,-0.171673,42.22,0,-0.165504
42.24,0,0.102571,42.24,0,0.111156,42.24,0,-0.145692,42.24,0,-0.138716
42.26,0,0.042606,42.26,0,0.0512468,42.26,0,-0.118934,42.26,0,-0.111514
42.28,0,0.0468846,42.28,0,0.0549125,42.28,0,-0.103204,42.28,0,-0.0953432
42.3,0,0.0745376,42.3,0,0.0813878,42.3,0,-0.114608,42.3,0,-0.107793
42.32,0,0.0854039,42.32,0,0.0918199,42.32,0,-0.143951,42.32,0,-0.138064
42.34,0,0.0906682,42.34,0,0.0970159,42.34,0,-0.174358,42.34,0,-0.169402
42.36,0,0.0991516,42.36,0,0.105198,42.36,0,-0.193198,42.36,0,-0.188928
42.38,0,0.111394,42.38,0,0.117259,42.38,0,-0.195276,42.38,0,-0.191333
42.4,0,0.122459,42.4,0,0.129133,42.4,0,-0.196829,42.4,0,-0.193607
42.42,0,0.11612,42.42,0,0.124937,42.42,0,-0.198082,42.42,0,-0.193842
42.44,0,0.0922239,42.44,0,0.100379,42.44,0,-0.175719,42.44,0,-0.169421
42.46,0,0.0526495,42.46,0,0.0585377,42.46,0,-0.142594,42.46,0,-0.134525
42.48,0,0.0503922,42.48,0,0.0558606,42.48,0,-0.118588,42.48,0,-0.110037
42.5,0,0.0713464,42.5,0,0.073743,42.5,0,-0.116099,42.5,0,-0.10755
42.52,0,0.0879066,42.52,0,0.0904964,42.52,0,-0.136015,42.52,0,-0.127816
42.54,0,0.092621,42.54,0,0.0954711,42.54,0,-0.171242,42.54,0,-0.164594
42.56,0,0.09105,42.56,0,0.0938887,42.56,0,-0.208651,42.56,0,-0.20309
42.58,0,0.0910739,42.58,0,0.0937974,42.58,0,-0.231253,42.58,0,-0.226801
42.6,0,0.0963711,42.6,0,0.0990278,42.6,0,-0.198357,42.6,0,-0.194645
42.62,0,0.105261,42.62,0,0.10825,42.62,0,-0.173696,42.62,0,-0.168735
42.64,0,0.0913083,42.64,0,0.0973267,42.64,0,-0.14648,42.64,0,-0.140896
42.66,0,0.0359309,42.66,0,0.0432549,42.66,0,-0.118628,42.66,0,-0.112465
42.68,0,0.0416224,42.68,0,0.0481443,42.68,0,-0.101661,42.68,0,-0.0952008
42.7,0,0.0668247,42.7,0,0.0724507,42.7,0,-0.111718,42.7,0,-0.106177
42.72,0,0.0763442,42.72,0,0.0816986,42.72,0,-0.139294,42.72,0,-0.134596
42.74,0,0.081141,42.74,0,0.0863627,42.74,0,-0.169721,42.74,0,-0.165787
42.76,0,0.089351,42.76,0,0.094287,42.76,0,-0.189788,42.76,0,-0.18645
42.78,0,0.101238,42.78,0,0.105963,42.78,0,-0.193684,42.78,0,-0.190548
42.8,0,0.111804,42.8,0,0.117468,42.8,0,-0.197024,42.8,0,-0.194177
42.82,0,0.106107,42.82,0,0.113698,42.82,0,-0.200372,42.82,0,-0.196148
42.84,0,0.0825162,42.84,0,0.089564,42.84,0,-0.175553,42.84,0,-0.169224
42.86,0,0.0430306,42.86,0,0.0485308,42.86,0,-0.140707,42.86,0,-0.132655
42.88,0,0.0413822,42.88,0,0.0458421,42.88,0,-0.116051,42.88,0,-0.107575
42.9,0,0.0623919,42.9,0,0.0640144,42.9,0,-0.112471,42.9,0,-0.103958
42.92,0,0.0775713,42.92,0,0.079205,42.92,0,-0.131126,42.92,0,-0.122935
42.94,0,0.0817181,42.94,0,0.0833596,42.94,0,-0.166646,42.94,0,-0.159799
42.96,0,0.0795331,42.96,0,0.0811462,42.96,0,-0.20454,42.96,0,-0.198815
42.98,0,0.0790138,42.98,0,0.0804343,42.98,0,-0.227843,42.98,0,-0.223432
43,0,0.0838322,43,0,0.085102,43,0,-0.195769,43,0,-0.192135
43.02,0,0.09261,43.02,0,0.09429,43.02,0,-0.170835,43.02,0,-0.165471
43.04,0,0.0791025,43.04,0,0.0843936,43.04,0,-0.143088,43.04,0,-0.136631
43.06,0,0.0268629,43.06,0,0.0335979,43.06,0,-0.115006,43.06,0,-0.107659
43.08,0,0.0345322,43.08,0,0.0401468,43.08,0,-0.0980008,43.08,0,-0.0901372
43.1,0,0.0586,43.1,0,0.063205,43.1,0,-0.108296,43.1,0,-0.101
43.12,0,0.0675747,43.12,0,0.0718489,43.12,0,-0.135828,43.12,0,-0.129705
43.14,0,0.0722822,43.14,0,0.0763355,43.14,0,-0.166631,43.14,0,-0.161472
43.16,0,0.0805587,43.16,0,0.0845811,43.16,0,-0.18721,43.16,0,-0.182699
43.18,0,0.0923261,43.18,0,0.0962999,43.18,0,-0.191717,43.18,0,-0.18737
43.2,0,0.102466,43.2,0,0.107667,43.2,0,-0.19564,43.2,0,-0.19164
43.22,0,0.0960132,43.22,0,0.103994,43.22,0,-0.199273,43.22,0,-0.193529
43.24,0,0.0728952,43.24,0,0.0803549,43.24,0,-0.174513,43.24,0,-0.166453
43.26,0,0.0372538,43.26,0,0.0427911,43.26,0,-0.139718,43.26,0,-0.129721
43.28,0,0.033522,43.28,0,0.0379061,43.28,0,-0.115081,43.28,0,-0.104582
43.3,0,0.0526607,43.3,0,0.0543297,43.3,0,-0.11155,43.3,0,-0.101031
43.32,0,0.0678024,43.32,0,0.0693254,43.32,0,-0.130327,43.32,0,-0.120354
43.34,0,0.0725739,43.34,0,0.0738457,43.34,0,-0.165978,43.34,0,-0.157652
43.36,0,0.0711001,43.36,0,0.0721813,43.36,0,-0.204017,43.36,0,-0.197004
43.38,0,0.0703152,43.38,0,0.0716634,43.38,0,-0.227491,43.38,0,-0.221904
43.4,0,0.0744133,43.4,0,0.0757276,43.4,0,-0.195595,43.4,0,-0.191089
43.42,0,0.0832695,43.42,0,0.0849377,43.42,0,-0.167838,43.42,0,-0.162172
43.44,0,0.0704969,43.44,0,0.0762471,43.44,0,-0.14053,43.44,0,-0.133714
43.46,0,0.0222001,43.46,0,0.0294616,43.46,0,-0.11273,43.46,0,-0.105013
43.48,0,0.0313209,43.48,0,0.0368941,43.48,0,-0.0961765,43.48,0,-0.0876294
43.5,0,0.0533011,43.5,0,0.0578078,43.5,0,-0.106809,43.5,0,-0.0990446
43.52,0,0.0612993,43.52,0,0.0655324,43.52,0,-0.134677,43.52,0,-0.12807
43.54,0,0.0656794,43.54,0,0.0696041,43.54,0,-0.165444,43.54,0,-0.159952
43.56,0,0.0742171,43.56,0,0.0782568,43.56,0,-0.186037,43.56,0,-0.181184
43.58,0,0.0859084,43.58,0,0.0899865,43.58,0,-0.190779,43.58,0,-0.186103
43.6,0,0.0960555,43.6,0,0.101101,43.6,0,-0.19506,43.6,0,-0.190914
43.62,0,0.0900609,43.62,0,0.0980748,43.62,0,-0.199285,43.62,0,-0.19334
43.64,0,0.0669392,43.64,0,0.0745728,43.64,0,-0.174863,43.64,0,-0.166821
43.66,0,0.0338911,43.66,0,0.0391156,43.66,0,-0.140199,43.66,0,-0.130507
43.68,0,0.0290487,43.68,0,0.032799,43.68,0,-0.115456,43.68,0,-0.105522
43.7,0,0.0470869,43.7,0,0.0488614,43.7,0,-0.111987,43.7,0,-0.102185
43.72,0,0.0609451,43.72,0,0.0625854,43.72,0,-0.130993,43.72,0,-0.121964
43.74,0,0.0649839,43.74,0,0.0664235,43.74,0,-0.166664,43.74,0,-0.159285
43.76,0,0.0635554,43.76,0,0.0648757,43.76,0,-0.204668,43.76,0,-0.198579
43.78,0,0.0631861,43.78,0,0.0644164,43.78,0,-0.227999,43.78,0,-0.223282
43.8,0,0.0671093,43.8,0,0.068883,43.8,0,-0.195779,43.8,0,-0.191899
43.82,0,0.0754716,43.82,0,0.0773355,43.82,0,-0.170854,43.82,0,-0.165302
43.84,0,0.0632118,43.84,0,0.0682677,43.84,0,-0.143254,43.84,0,-0.136852
43.86,0,0.0148022,43.86,0,0.0220652,43.86,0,-0.115277,43.86,0,-0.108207
43.88,0,0.026598,43.88,0,0.0323862,43.88,0,-0.098304,43.88,0,-0.0908203
43.9,0,0.0472117,43.9,0,0.0522538,43.9,0,-0.108682,43.9,0,-0.101941
43.92,0,0.0544918,43.92,0,0.0593196,43.92,0,-0.136358,43.92,0,-0.130919
43.94,0,0.058613,43.94,0,0.0631685,43.94,0,-0.167182,43.94,0,-0.162643
43.96,0,0.0677875,43.96,0,0.0723277,43.96,0,-0.18767,43.96,0,-0.183542
43.98,0,0.0798316,43.98,0,0.0843913,43.98,0,-0.191999,43.98,0,-0.187803
44,0,0.0895481,44,0,0.0949427,44,0,-0.195737,44,0,-0.191781
44.02,0,0.0830254,44.02,0,0.0901638,44.02,0,-0.199343,44.02,0,-0.194175
44.04,0,0.0601449,44.04,0,0.0667347,44.04,0,-0.174634,44.04,0,-0.16787
44.06,0,0.0278392,44.06,0,0.0322398,44.06,0,-0.139874,44.06,0,-0.131788
44.08,0,0.0228844,44.08,0,0.0259669,44.08,0,-0.115253,44.08,0,-0.106771
44.1,0,0.0406832,44.1,0,0.041509,44.1,0,-0.111755,44.1,0,-0.103384
44.12,0,0.0539066,44.12,0,0.0548822,44.12,0,-0.130582,44.12,0,-0.122988
44.14,0,0.0574195,44.14,0,0.0583338,44.14,0,-0.166225,44.14,0,-0.160156
44.16,0,0.0556734,44.16,0,0.0566473,44.16,0,-0.204223,44.16,0,-0.199255
44.18,0,0.0550044,44.18,0,0.0558543,44.18,0,-0.227628,44.18,0,-0.223886
44.2,0,0.0596013,44.2,0,0.0605114,44.2,0,-0.195646,44.2,0,-0.192702
44.22,0,0.0678072,44.22,0,0.0689298,44.22,0,-0.170783,44.22,0,-0.166274
44.24,0,0.055993,44.24,0,0.0600448,44.24,0,-0.143082,44.24,0,-0.137882
44.26,0,0.0127094,44.26,0,0.0174702,44.26,0,-0.115024,44.26,0,-0.109186
44.28,0,0.022625,44.28,0,0.0261675,44.28,0,-0.0980523,44.28,0,-0.0916624
44.3,0,0.0419626,44.3,0,0.0452504,44.3,0,-0.108386,44.3,0,-0.1026
44.32,0,0.0491794,44.32,0,0.0524312,44.32,0,-0.135971,44.32,0,-0.131471
44.34,0,0.0536714,44.34,0,0.0568747,44.34,0,-0.166781,44.34,0,-0.163193
44.36,0,0.0633941,44.36,0,0.0664568,44.36,0,-0.187327,44.36,0,-0.184214
44.38,0,0.0757429,44.38,0,0.078785,44.38,0,-0.191741,44.38,0,-0.188642
44.4,0,0.0844658,44.4,0,0.0886555,44.4,0,-0.195576,44.4,0,-0.19264
44.42,0,0.0741401,44.42,0,0.0808412,44.42,0,-0.196119,44.42,0,-0.191944
44.44,0,0.05185,44.44,0,0.0576484,44.44,0,-0.172041,44.44,0,-0.165974
44.46,0,0.0233874,44.46,0,0.0268873,44.46,0,-0.13768,44.46,0,-0.130133
44.48,0,0.0183914,44.48,0,0.0207698,44.48,0,-0.113433,44.48,0,-0.105399
44.5,0,0.0346366,44.5,0,0.0351141,44.5,0,-0.110475,44.5,0,-0.102385
44.52,0,0.0470802,44.52,0,0.0476972,44.52,0,-0.129891,44.52,0,-0.122131
44.54,0,0.0501437,44.54,0,0.0507693,44.54,0,-0.165963,44.54,0,-0.15933
44.56,0,0.0482212,44.56,0,0.0488353,44.56,0,-0.204271,44.56,0,-0.198785
44.58,0,0.0471886,44.58,0,0.0476913,44.58,0,-0.228,44.58,0,-0.223724
44.6,0,0.0515948,44.6,0,0.0520858,44.6,0,-0.196233,44.6,0,-0.192795
44.62,0,0.0599626,44.62,0,0.0604965,44.62,0,-0.171543,44.62,0,-0.166307
44.64,0,0.0499205,44.64,0,0.0527989,44.64,0,-0.143857,44.64,0,-0.137549
44.66,0,0.0102438,44.66,0,0.0140838,44.66,0,-0.115713,44.66,0,-0.108587
44.68,0,0.0199411,44.68,0,0.0226665,44.68,0,-0.0986816,44.68,0,-0.0910212
44.7,0,0.0377258,44.7,0,0.0402026,44.7,0,-0.109013,44.7,0,-0.101998
44.72,0,0.0443895,44.72,0,0.0469258,44.72,0,-0.136664,44.72,0,-0.130854
44.74,0,0.049019,44.74,0,0.0517049,44.74,0,-0.167382,44.74,0,-0.162529
44.76,0,0.0586786,44.76,0,0.0612215,44.76,0,-0.187731,44.76,0,-0.183516
44.78,0,0.0710228,44.78,0,0.0736449,44.78,0,-0.191936,44.78,0,-0.187857
44.8,0,0.0794534,44.8,0,0.083489,44.8,0,-0.195638,44.8,0,-0.191808
44.82,0,0.0703521,44.82,0,0.0767779,44.82,0,-0.199311,44.82,0,-0.19402
44.84,0,0.047915,44.84,0,0.0536712,44.84,0,-0.174647,44.84,0,-0.167379
44.86,0,0.0179689,44.86,0,0.0219284,44.86,0,-0.139888,44.86,0,-0.130969
44.88,0,0.0131354,44.88,0,0.015668,44.88,0,-0.115253,44.88,0,-0.105802
44.9,0,0.0297989,44.9,0,0.0305434,44.9,0,-0.111762,44.9,0,-0.102243
44.92,0,0.0414535,44.92,0,0.0423185,44.92,0,-0.130587,44.92,0,-0.121621
44.94,0,0.0439193,44.94,0,0.0447469,44.94,0,-0.166198,44.94,0,-0.15894
44.96,0,0.0418318,44.96,0,0.0427803,44.96,0,-0.20415,44.96,0,-0.198059
44.98,0,0.0406137,44.98,0,0.0414194,44.98,0,-0.227527,44.98,0,-0.222797
45,0,0.044902,45,0,0.0456727,45,0,-0.195588,45,0,-0.19188
45.02,0,0.0531833,45.02,0,0.0541349,45.02,0,-0.170772,45.02,0,-0.165756
45.04,0,0.0424091,45.04,0,0.0461564,45.04,0,-0.143087,45.04,0,-0.137462
45.06,0,0.00557443,45.06,0,0.0100111,45.06,0,-0.115021,45.06,0,-0.108778
45.08,0,0.0157097,45.08,0,0.0188874,45.08,0,-0.0980467,45.08,0,-0.0912526
45.1,0,0.032785,45.1,0,0.0357055,45.1,0,-0.10836,45.1,0,-0.101997
45.12,0,0.0393963,45.12,0,0.0423884,45.12,0,-0.13592,45.12,0,-0.130593
45.14,0,0.0446538,45.14,0,0.0477765,45.14,0,-0.16672,45.14,0,-0.162261
45.16,0,0.0544383,45.16,0,0.0573544,45.16,0,-0.187278,45.16,0,-0.183397
45.18,0,0.0669415,45.18,0,0.0697096,45.18,0,-0.191721,45.18,0,-0.188033
45.2,0,0.0748402,45.2,0,0.0794037,45.2,0,-0.1956,45.2,0,-0.19216
45.22,0,0.0645739,45.22,0,0.0721549,45.22,0,-0.19918,45.22,0,-0.194306
45.24,0,0.0424826,45.24,0,0.0491251,45.24,0,-0.174372,45.24,0,-0.167697
45.26,0,0.015627,45.26,0,0.0196449,45.26,0,-0.139531,45.26,0,-0.131403
45.28,0,0.00917676,45.28,0,0.0116987,45.28,0,-0.114877,45.28,0,-0.106362
45.3,0,0.0241625,45.3,0,0.0247691,45.3,0,-0.111355,45.3,0,-0.102802
45.32,0,0.0358308,45.32,0,0.0366028,45.32,0,-0.130173,45.32,0,-0.121992
45.34,0,0.0383474,45.34,0,0.0390612,45.34,0,-0.165865,45.34,0,-0.158918
45.36,0,0.0363375,45.36,0,0.0370698,45.36,0,-0.203928,45.36,0,-0.198135
45.38,0,0.0348531,45.38,0,0.0354836,45.38,0,-0.227415,45.38,0,-0.222888
45.4,0,0.0390049,45.4,0,0.0396009,45.4,0,-0.1955,45.4,0,-0.192044
45.42,0,0.0475714,45.42,0,0.0484905,45.42,0,-0.167727,45.42,0,-0.163492
45.44,0,0.036761,45.44,0,0.0402244,45.44,0,-0.140422,45.44,0,-0.135504
45.46,0,0.00385336,45.46,0,0.00754275,45.46,0,-0.112626,45.46,0,-0.106874
45.48,0,0.0140111,45.48,0,0.0161705,45.48,0,-0.0960775,45.48,0,-0.0897538
45.5,0,0.0297471,45.5,0,0.0316564,45.5,0,-0.106737,45.5,0,-0.101056
45.52,0,0.0358378,45.52,0,0.0379562,45.52,0,-0.134629,45.52,0,-0.129803
45.54,0,0.0412774,45.54,0,0.0435779,45.54,0,-0.165402,45.54,0,-0.161437
45.56,0,0.051001,45.56,0,0.0532004,45.56,0,-0.185984,45.56,0,-0.182561
45.58,0,0.0634067,45.58,0,0.0654923,45.58,0,-0.19071,45.58,0,-0.187426
45.6,0,0.0717315,45.6,0,0.0754285,45.6,0,-0.194991,45.6,0,-0.192311
45.62,0,0.0619486,45.62,0,0.0686328,45.62,0,-0.199242,45.62,0,-0.195028
45.64,0,0.0396322,45.64,0,0.0455652,45.64,0,-0.174834,45.64,0,-0.168804
45.66,0,0.014718,45.66,0,0.0181648,45.66,0,-0.140176,45.66,0,-0.132623
45.68,0,0.00728036,45.68,0,0.00932987,45.68,0,-0.115432,45.68,0,-0.107601
45.7,0,0.0212895,45.7,0,0.0218411,45.7,0,-0.11197,45.7,0,-0.104006
45.72,0,0.0321154,45.72,0,0.0327904,45.72,0,-0.130983,45.72,0,-0.12324
45.74,0,0.0340684,45.74,0,0.0346876,45.74,0,-0.166652,45.74,0,-0.160173
45.76,0,0.031856,45.76,0,0.0324847,45.76,0,-0.204654,45.76,0,-0.199343
45.78,0,0.0299818,45.78,0,0.0305503,45.78,0,-0.227983,45.78,0,-0.223895
45.8,0,0.0338357,45.8,0,0.0343854,45.8,0,-0.195764,45.8,0,-0.192693
45.82,0,0.0419396,45.82,0,0.0427521,45.82,0,-0.170848,45.82,0,-0.16649
45.84,0,0.0314473,45.84,0,0.0344736,45.84,0,-0.14325,45.84,0,-0.138171
45.86,0,-0.00112643,45.86,0,0.0026241,45.86,0,-0.115269,45.86,0,-0.109514
45.88,0,0.0104715,45.88,0,0.0128147,45.88,0,-0.0982911,45.88,0,-0.0921339
45.9,0,0.0258506,45.9,0,0.0277722,45.9,0,-0.108666,45.9,0,-0.102923
45.92,0,0.0316951,45.92,0,0.0336721,45.92,0,-0.136339,45.92,0,-0.131412
45.94,0,0.0373328,45.94,0,0.0393882,45.94,0,-0.167164,45.94,0,-0.163032
45.96,0,0.0470355,45.96,0,0.048898,45.96,0,-0.187655,45.96,0,-0.184111
45.98,0,0.0594118,45.98,0,0.0610851,45.98,0,-0.191987,45.98,0,-0.18866
46,0,0.0672336,46,0,0.0704752,46,0,-0.195739,46,0,-0.192782
46.02,0,0.0565127,46.02,0,0.0620452,46.02,0,-0.199342,46.02,0,-0.19474
46.04,0,0.0346425,46.04,0,0.0392694,46.04,0,-0.174618,46.04,0,-0.167884
46.06,0,0.00986911,46.06,0,0.0123949,46.06,0,-0.139847,46.06,0,-0.131376
46.08,0,0.00256826,46.08,0,0.00349368,46.08,0,-0.115224,46.08,0,-0.106158
46.1,0,0.0164962,46.1,0,0.0154689,46.1,0,-0.11172,46.1,0,-0.102487
46.12,0,0.0271634,46.12,0,0.0262807,46.12,0,-0.130536,46.12,0,-0.121458
46.14,0,0.0290298,46.14,0,0.0280674,46.14,0,-0.166182,46.14,0,-0.158527
46.16,0,0.0268751,46.16,0,0.0259524,46.16,0,-0.204186,46.16,0,-0.197692
46.18,0,0.0248973,46.18,0,0.0239506,46.18,0,-0.227601,46.18,0,-0.222481
46.2,0,0.0287124,46.2,0,0.0277795,46.2,0,-0.195625,46.2,0,-0.191524
46.22,0,0.036843,46.22,0,0.0362207,46.22,0,-0.170762,46.22,0,-0.16499
46.24,0,0.0265108,46.24,0,0.0289666,46.24,0,-0.143053,46.24,0,-0.136105
46.26,0,-0.00154335,46.26,0,0.00172831,46.26,0,-0.114988,46.26,0,-0.107062
46.28,0,0.00809467,46.28,0,0.00973915,46.28,0,-0.0980087,46.28,0,-0.0893217
46.3,0,0.0224482,46.3,0,0.023484,46.3,0,-0.108339,46.3,0,-0.0999829
46.32,0,0.0283139,46.32,0,0.0294673,46.32,0,-0.135922,46.32,0,-0.128766
46.34,0,0.0345295,46.34,0,0.0358317,46.34,0,-0.166735,46.34,0,-0.160688
46.36,0,0.0444492,46.36,0,0.0455934,46.36,0,-0.187289,46.36,0,-0.182108
46.38,0,0.0568914,46.38,0,0.0578456,46.38,0,-0.191711,46.38,0,-0.186979
46.4,0,0.0644096,46.4,0,0.0677198,46.4,0,-0.19556,46.4,0,-0.191418
46.42,0,0.0512591,46.42,0,0.058715,46.42,0,-0.196101,46.42,0,-0.190527
46.44,0,0.0299237,46.44,0,0.0361438,46.44,0,-0.172012,46.44,0,-0.164365
46.46,0,0.00753502,46.46,0,0.0111271,46.46,0,-0.137642,46.46,0,-0.128208
46.48,0,0.000263889,46.48,0,0.00214996,46.48,0,-0.113395,46.48,0,-0.103456
46.5,0,0.0133469,46.5,0,0.013693,46.5,0,-0.110432,46.5,0,-0.100294
46.52,0,0.0233598,46.52,0,0.0236967,46.52,0,-0.129842,46.52,0,-0.120195
46.54,0,0.0248445,46.54,0,0.0249814,46.54,0,-0.165917,46.54,0,-0.157869
46.56,0,0.0225113,46.56,0,0.0226252,46.56,0,-0.204231,46.56,0,-0.197425
46.58,0,0.0202597,46.58,0,0.0203144,46.58,0,-0.227971,46.58,0,-0.222517
46.6,0,0.0238631,46.6,0,0.0238039,46.6,0,-0.196213,46.6,0,-0.191751
46.62,0,0.0320916,46.62,0,0.0322105,46.62,0,-0.171526,46.62,0,-0.165615
46.64,0,0.0233856,46.64,0,0.025805,46.64,0,-0.143834,46.64,0,-0.137043
46.66,0,-0.00224981,46.66,0,0.0010644,46.66,0,-0.115684,46.66,0,-0.108349
46.68,0,0.00687477,46.68,0,0.00838669,46.68,0,-0.0986473,46.68,0,-0.0909145
46.7,0,0.0202765,46.7,0,0.0212544,46.7,0,-0.108977,46.7,0,-0.101955
46.72,0,0.0257956,46.72,0,0.0270132,46.72,0,-0.136624,46.72,0,-0.130751
46.74,0,0.0320382,46.74,0,0.0333806,46.74,0,-0.167346,46.74,0,-0.162446
46.76,0,0.0418899,46.76,0,0.0430867,46.76,0,-0.187701,46.76,0,-0.183464
46.78,0,0.0542338,46.78,0,0.0552838,46.78,0,-0.191913,46.78,0,-0.187831
46.8,0,0.0615204,46.8,0,0.0646255,46.8,0,-0.195626,46.8,0,-0.192058
46.82,0,0.0496522,46.82,0,0.0557615,46.82,0,-0.199299,46.82,0,-0.194241
46.84,0,0.0281284,46.84,0,0.0332394,46.84,0,-0.174626,46.84,0,-0.16772
46.86,0,0.00349515,46.86,0,0.00582308,46.86,0,-0.139859,46.86,0,-0.131434
46.88,0,-0.00351407,46.88,0,-0.00291397,46.88,0,-0.115223,46.88,0,-0.106312
46.9,0,0.0102847,46.9,0,0.00991678,46.9,0,-0.111729,46.9,0,-0.102786
46.92,0,0.0199242,46.92,0,0.0196411,46.92,0,-0.130547,46.92,0,-0.122163
46.94,0,0.0210421,46.94,0,0.0205726,46.94,0,-0.166161,46.94,0,-0.159233
46.96,0,0.0187202,46.96,0,0.0181835,46.96,0,-0.204118,46.96,0,-0.198349
46.98,0,0.0164741,46.98,0,0.0160294,46.98,0,-0.227504,46.98,0,-0.222916
47,0,0.0200506,47,0,0.0195615,47,0,-0.195572,47,0,-0.191879
47.02,0.003,0.0282761,47.02,0.003,0.0280797,47.02,0.003,-0.170923,47.02,0.003,-0.166293
47.04,0.006,0.0190812,47.04,0.006,0.02124,47.04,0.006,-0.143663,47.04,0.006,-0.1385
47.06,0.009,-0.00152634,47.06,0.009,0.000604248,47.06,0.009,-0.116249,47.06,0.009,-0.110354
47.08,0.012,0.00744533,47.08,0.012,0.00795883,47.08,0.012,-0.100166,47.08,0.012,-0.0938369
47.1,0.015,0.0197213,47.1,0.015,0.0199251,47.1,0.015,-0.109998,47.1,0.015,-0.104748
47.12,0.018,0.025488,47.12,0.018,0.026208,47.12,0.018,-0.136482,47.12,0.018,-0.132108
47.14,0.021,0.0329964,47.14,0.021,0.0340085,47.14,0.021,-0.165147,47.14,0.021,-0.161504
47.16,0.024,0.0436912,47.16,0.024,0.0447235,47.16,0.024,-0.183759,47.16,0.024,-0.180505
47.18,0.027,0.0569606,47.18,0.027,0.0579489,47.18,0.027,-0.186237,47.18,0.027,-0.183091
47.2,0.03,0.0653208,47.2,0.03,0.0682081,47.2,0.03,-0.187633,47.2,0.03,-0.184301
47.22,0.033,0.0549785,47.22,0.033,0.0609884,47.22,0.033,-0.191324,47.22,0.033,-0.18697
47.24,0.036,0.0336861,47.24,0.036,0.0389312,47.24,0.036,-0.165174,47.24,0.036,-0.159007
47.26,0.039,0.0150116,47.26,0.039,0.0171956,47.26,0.039,-0.130108,47.26,0.039,-0.122739
47.28,0.042,0.00658533,47.28,0.042,0.00656053,47.28,0.042,-0.107731,47.28,0.042,-0.100332
47.3,0.045,0.0188014,47.3,0.045,0.0182742,47.3,0.045,-0.104327,47.3,0.045,-0.0971347
47.32,0.048,0.0278259,47.32,0.048,0.0274764,47.32,0.048,-0.118446,47.32,0.048,-0.111884
47.34,0.051,0.0309825,47.34,0.051,0.0303962,47.34,0.051,-0.147302,47.34,0.051,-0.142097
47.36,0.054,0.031299,47.36,0.054,0.0306624,47.36,0.054,-0.175892,47.36,0.054,-0.171835
47.38,0.057,0.0331325,47.38,0.057,0.0324215,47.38,0.057,-0.190155,47.38,0.057,-0.187295
47.4,0.06,0.0400528,47.4,0.06,0.0393097,47.4,0.06,-0.158237,47.4,0.06,-0.15571
47.42,0.063,0.048271,47.42,0.063,0.0483863,47.42,0.063,-0.135,47.42,0.063,-0.131545
47.44,0.066,0.0369325,47.44,0.066,0.0393325,47.44,0.066,-0.104383,47.44,0.066,-0.100035
47.46,0.069,0.0295537,47.46,0.069,0.0314212,47.46,0.069,-0.0748689,47.46,0.069,-0.0692274
47.48,0.072,0.0334456,47.48,0.072,0.0331274,47.48,0.072,-0.0612326,47.48,0.072,-0.0550551
47.5,0.075,0.0397012,47.5,0.075,0.0393556,47.5,0.075,-0.0678814,47.5,0.075,-0.0618284
47.52,0.078,0.0455703,47.52,0.078,0.0456908,47.52,0.078,-0.0846997,47.52,0.078,-0.0794591
47.54,0.081,0.0542881,47.54,0.081,0.0548031,47.54,0.081,-0.109107,47.54,0.081,-0.104735
47.56,0.084,0.0655343,47.56,0.084,0.0660761,47.56,0.084,-0.13222,47.56,0.084,-0.12828
47.58,0.087,0.0775835,47.58,0.087,0.0781402,47.58,0.087,-0.143828,47.58,0.087,-0.140163
47.6,0.09,0.0870334,47.6,0.09,0.088479,47.6,0.09,-0.133759,47.6,0.09,-0.129628
47.62,0.093,0.0798614,47.62,0.093,0.0849405,47.62,0.093,-0.129572,47.62,0.093,-0.123723
47.64,0.096,0.057107,47.64,0.096,0.0622101,47.64,0.096,-0.0900719,47.64,0.096,-0.0821415
47.66,0.099,0.0485211,47.66,0.099,0.0501588,47.66,0.099,-0.0509956,47.66,0.099,-0.0420635
47.68,0.102,0.0358033,47.68,0.102,0.035622,47.68,0.102,-0.0341821,47.68,0.102,-0.02524
47.7,0.105,0.0423786,47.7,0.105,0.0423851,47.7,0.105,-0.0320341,47.7,0.105,-0.0230269
47.72,0.108,0.0484954,47.72,0.108,0.0485072,47.72,0.108,-0.0401908,47.72,0.108,-0.0316465
47.74,0.111,0.0524971,47.74,0.111,0.0522242,47.74,0.111,-0.064563,47.74,0.111,-0.0571179
47.76,0.114,0.0550488,47.76,0.114,0.0546249,47.76,0.114,-0.0915264,47.76,0.114,-0.0854608
47.78,0.117,0.0603086,47.78,0.117,0.0602527,47.78,0.117,-0.109515,47.78,0.117,-0.105041
47.8,0.12,0.0677275,47.8,0.12,0.0677348,47.8,0.12,-0.0883281,47.8,0.12,-0.0840526
47.82,0.123,0.0737674,47.82,0.123,0.0748311,47.82,0.123,-0.0708229,47.82,0.123,-0.0651309
47.84,0.126,0.0603845,47.84,0.126,0.062888,47.84,0.126,-0.0337482,47.84,0.126,-0.026718
47.86,0.129,0.0645231,47.86,0.129,0.0655575,47.86,0.129,-0.000974676,47.86,0.129,0.00771864
47.88,0.132,0.0631174,47.88,0.132,0.0622018,47.88,0.132,0.00803828,47.88,0.132,0.0177292
47.9,0.135,0.0653747,47.9,0.135,0.0648817,47.9,0.135,0.0016772,47.9,0.135,0.0110081
47.92,0.138,0.0718558,47.92,0.138,0.0719381,47.92,0.138,-0.0106357,47.92,0.138,-0.00263471
47.94,0.141,0.0806055,47.94,0.141,0.0810234,47.94,0.141,-0.0334507,47.94,0.141,-0.0268366
47.96,0.144,0.0906317,47.96,0.144,0.0913713,47.96,0.144,-0.0568921,47.96,0.144,-0.0509294
47.98,0.147,0.102599,47.98,0.147,0.103423,47.98,0.147,-0.0720702,47.98,0.147,-0.0665477
48,0.15,0.113145,48,0.15,0.114859,48,0.15,-0.0618492,48,0.15,-0.0560778
48.02,0.153,0.104707,48.02,0.153,0.110185,48.02,0.153,-0.0576034,48.02,0.153,-0.0500637
48.04,0.156,0.08083,48.04,0.156,0.0865422,48.04,0.156,-0.0149832,48.04,0.156,-0.0059693
48.06,0.159,0.0812176,48.06,0.159,0.083697,48.06,0.159,0.0231654,48.06,0.159,0.0330491
48.08,0.162,0.0648794,48.08,0.162,0.0654729,48.08,0.162,0.0330655,48.08,0.162,0.0429454
48.1,0.165,0.0662013,48.1,0.165,0.0677216,48.1,0.165,0.0302936,48.1,0.165,0.0401099
48.12,0.168,0.069749,48.12,0.168,0.0715558,48.12,0.168,0.0214024,48.12,0.168,0.0303576
48.14,0.171,0.0732344,48.14,0.171,0.0749807,48.14,0.171,-0.00109822,48.14,0.171,0.00641278
48.16,0.174,0.0787576,48.16,0.174,0.0803982,48.16,0.174,-0.0256367,48.16,0.174,-0.019413
48.18,0.177,0.0885095,48.18,0.177,0.0901911,48.18,0.177,-0.0407173,48.18,0.177,-0.0363222
48.2,0.18,0.0997549,48.2,0.18,0.101636,48.2,0.18,-0.0322755,48.2,0.18,-0.0274286
48.22,0.183,0.102141,48.22,0.183,0.105436,48.22,0.183,-0.0221148,48.22,0.183,-0.0159388
48.24,0.186,0.084168,48.24,0.186,0.0885324,48.24,0.186,0.0195621,48.24,0.186,0.0268023
48.26,0.189,0.0935799,48.26,0.189,0.0949751,48.26,0.189,0.0558312,48.26,0.189,0.0644287
48.28,0.192,0.0864581,48.28,0.192,0.0858964,48.28,0.192,0.0628976,48.28,0.192,0.0724205
48.3,0.195,0.085637,48.3,0.195,0.0856526,48.3,0.195,0.0556818,48.3,0.195,0.0647217
48.32,0.198,0.0942295,48.32,0.198,0.0951343,48.32,0.198,0.0471302,48.32,0.198,0.0546973
48.34,0.201,0.104932,48.34,0.201,0.106332,48.34,0.201,0.0259765,48.34,0.201,0.0321396
48.36,0.204,0.116787,48.36,0.204,0.118294,48.36,0.204,0.000686882,48.36,0.204,0.00613136
48.38,0.207,0.130681,48.38,0.207,0.132283,48.38,0.207,-0.0227748,48.38,0.207,-0.0178671
48.4,0.21,0.143006,48.4,0.21,0.144803,48.4,0.21,-0.0048202,48.4,0.21,-0.000168081
48.42,0.213,0.140009,48.42,0.213,0.1454,48.42,0.213,0.00679935,48.42,0.213,0.0135332
48.44,0.216,0.11622,48.44,0.216,0.12335,48.44,0.216,0.0508099,48.44,0.216,0.0585997
48.46,0.219,0.121249,48.46,0.219,0.125136,48.46,0.219,0.0878053,48.46,0.219,0.096154
48.48,0.222,0.102677,48.48,0.222,0.104427,48.48,0.222,0.093757,48.48,0.222,0.102047
48.5,0.225,0.096805,48.5,0.225,0.0995938,48.5,0.225,0.085071,48.5,0.225,0.0930116
48.52,0.228,0.0992837,48.52,0.228,0.10252,48.52,0.228,0.0732308,48.52,0.228,0.0796778
48.54,0.231,0.103862,48.54,0.231,0.107189,48.54,0.231,0.0504182,48.54,0.231,0.0552113
48.56,0.234,0.113773,48.56,0.234,0.117003,48.56,0.234,0.0293584,48.56,0.234,0.0328487
48.58,0.237,0.128784,48.58,0.237,0.132075,48.58,0.237,0.0196657,48.58,0.237,0.0216332
48.6,0.24,0.143022,48.6,0.24,0.146685,48.6,0.24,0.022733,48.6,0.24,0.0262091
48.62,0.243,0.13877,48.62,0.243,0.143837,48.62,0.243,0.0280012,48.62,0.243,0.0324506
48.64,0.246,0.116085,48.64,0.246,0.121652,48.64,0.246,0.0720857,48.64,0.246,0.0773842
48.66,0.249,0.129562,48.66,0.249,0.131683,48.66,0.249,0.110509,48.66,0.249,0.11694
48.68,0.252,0.115327,48.68,0.252,0.115591,48.68,0.252,0.115972,48.68,0.252,0.122984
48.7,0.255,0.11171,48.7,0.255,0.112312,48.7,0.255,0.108649,48.7,0.255,0.115742
48.72,0.258,0.122266,48.72,0.258,0.12392,48.72,0.258,0.102109,48.72,0.258,0.108282
48.74,0.261,0.135077,48.74,0.261,0.137218,48.74,0.261,0.0837387,48.74,0.261,0.0887649
48.76,0.264,0.148928,48.76,0.264,0.151133,48.76,0.264,0.059305,48.76,0.264,0.0633705
48.78,0.267,0.16471,48.78,0.267,0.167078,48.78,0.267,0.0271839,48.78,0.267,0.0306872
48.8,0.27,0.178048,48.8,0.27,0.180631,48.8,0.27,0.0469558,48.8,0.27,0.0504993
48.82,0.273,0.177483,48.82,0.273,0.180995,48.82,0.273,0.0586199,48.82,0.273,0.0641203
48.84,0.276,0.158023,48.84,0.276,0.164616,48.84,0.276,0.10724,48.84,0.276,0.113026
48.86,0.279,0.165312,48.86,0.279,0.168937,48.86,0.279,0.142654,48.86,0.279,0.148829
48.88,0.282,0.14567,48.88,0.282,0.147724,48.88,0.282,0.144958,48.88,0.282,0.151131
48.9,0.285,0.136183,48.9,0.285,0.13959,48.9,0.285,0.132601,48.9,0.285,0.138642
48.92,0.288,0.13745,48.92,0.288,0.141673,48.92,0.288,0.11829,48.92,0.288,0.123302
48.94,0.291,0.143998,48.94,0.291,0.148224,48.94,0.291,0.0954169,48.94,0.291,0.0990912
48.96,0.294,0.158621,48.96,0.294,0.162868,48.96,0.294,0.0792112,48.96,0.294,0.0819367
48.98,0.297,0.179427,48.98,0.297,0.183841,48.98,0.297,0.0783326,48.98,0.297,0.079903
49,0.3,0.1956,49,0.3,0.200574,49,0.3,0.0765691,49,0.3,0.0795513
49.02,0.3,0.181727,49.02,0.3,0.187468,49.02,0.3,0.0769807,49.02,0.3,0.0802353
49.04,0.3,0.154848,49.04,0.3,0.160481,49.04,0.3,0.125213,49.04,0.3,0.129355
49.06,0.3,0.168428,49.06,0.3,0.170664,49.06,0.3,0.167217,49.06,0.3,0.171968
49.08,0.3,0.146442,49.08,0.3,0.147325,49.08,0.3,0.171188,49.08,0.3,0.175866
49.1,0.3,0.140424,49.1,0.3,0.142078,49.1,0.3,0.164824,49.1,0.3,0.169635
49.12,0.3,0.152966,49.12,0.3,0.155575,49.12,0.3,0.162168,49.12,0.3,0.166712
49.14,0.3,0.166827,49.14,0.3,0.169791,49.14,0.3,0.144198,49.14,0.3,0.147799
49.16,0.3,0.181203,49.16,0.3,0.184251,49.16,0.3,0.115213,49.16,0.3,0.118402
49.18,0.3,0.197563,49.18,0.3,0.200896,49.18,0.3,0.0743621,49.18,0.3,0.0772952
49.2,0.3,0.21087,49.2,0.3,0.21449,49.2,0.3,0.0910285,49.2,0.3,0.0933435
49.22,0.3,0.20873,49.22,0.3,0.212658,49.22,0.3,0.105914,49.22,0.3,0.108572
49.24,0.3,0.193576,49.24,0.3,0.200951,49.24,0.3,0.157005,49.24,0.3,0.159719
49.26,0.3,0.199357,49.26,0.3,0.2044,49.26,0.3,0.193431,49.26,0.3,0.196771
49.28,0.3,0.17551,49.28,0.3,0.178749,49.28,0.3,0.194252,49.28,0.3,0.19768
49.3,0.3,0.16391,49.3,0.3,0.168305,49.3,0.3,0.178875,49.3,0.3,0.182382
49.32,0.3,0.165698,49.32,0.3,0.170932,49.32,0.3,0.16249,49.32,0.3,0.165686
49.34,0.3,0.173491,49.34,0.3,0.178796,49.34,0.3,0.137477,49.34,0.3,0.140041
49.36,0.3,0.189357,49.36,0.3,0.194677,49.36,0.3,0.118008,49.36,0.3,0.11986
49.38,0.3,0.21096,49.38,0.3,0.216367,49.38,0.3,0.110973,49.38,0.3,0.111604
49.4,0.3,0.22489,49.4,0.3,0.231321,49.4,0.3,0.102429,49.4,0.3,0.103991
49.42,0.3,0.204428,49.42,0.3,0.212015,49.42,0.3,0.102509,49.42,0.3,0.104893
49.44,0.3,0.176661,49.44,0.3,0.183835,49.44,0.3,0.149106,49.44,0.3,0.152855
49.46,0.3,0.185565,49.46,0.3,0.188927,49.46,0.3,0.191913,49.46,0.3,0.196076
49.48,0.3,0.161317,49.48,0.3,0.163851,49.48,0.3,0.196451,49.48,0.3,0.200348
49.5,0.3,0.156288,49.5,0.3,0.160073,49.5,0.3,0.19055,49.5,0.3,0.194657
49.52,0.3,0.169738,49.52,0.3,0.174316,49.52,0.3,0.183582,49.52,0.3,0.187568
49.54,0.3,0.183373,49.54,0.3,0.188314,49.54,0.3,0.160661,49.54,0.3,0.163969
49.56,0.3,0.197599,49.56,0.3,0.202656,49.56,0.3,0.130114,49.56,0.3,0.132959
49.58,0.3,0.214564,49.58,0.3,0.219905,49.58,0.3,0.0901132,49.58,0.3,0.0926153
49.6,0.3,0.228671,49.6,0.3,0.234398,49.6,0.3,0.102769,49.6,0.3,0.104691
49.62,0.3,0.227011,49.62,0.3,0.233062,49.62,0.3,0.114731,49.62,0.3,0.116967
49.64,0.3,0.211283,49.64,0.3,0.220155,49.64,0.3,0.164168,49.64,0.3,0.166732
49.66,0.3,0.212672,49.66,0.3,0.218902,49.66,0.3,0.200446,49.66,0.3,0.203898
49.68,0.3,0.18842,49.68,0.3,0.192116,49.68,0.3,0.200613,49.68,0.3,0.204368
49.7,0.3,0.179135,49.7,0.3,0.184059,49.7,0.3,0.184427,49.7,0.3,0.188323
49.72,0.3,0.182513,49.72,0.3,0.188478,49.72,0.3,0.16729,49.72,0.3,0.170676
49.74,0.3,0.191141,49.74,0.3,0.19738,49.74,0.3,0.141393,49.74,0.3,0.143973
49.76,0.3,0.207686,49.76,0.3,0.214087,49.76,0.3,0.121073,49.76,0.3,0.12303
49.78,0.3,0.230139,49.78,0.3,0.236753,49.78,0.3,0.113596,49.78,0.3,0.114712
49.8,0.3,0.243876,49.8,0.3,0.252011,49.8,0.3,0.103291,49.8,0.3,0.105651
49.82,0.3,0.221905,49.82,0.3,0.231402,49.82,0.3,0.0989752,49.82,0.3,0.102198
49.84,0.3,0.193646,49.84,0.3,0.202583,49.84,0.3,0.146375,49.84,0.3,0.150778
49.86,0.3,0.199232,49.86,0.3,0.204148,49.86,0.3,0.189416,49.86,0.3,0.194179
49.88,0.3,0.17443,49.88,0.3,0.17845,49.88,0.3,0.194101,49.88,0.3,0.198519
49.9,0.3,0.171685,49.9,0.3,0.176861,49.9,0.3,0.188478,49.9,0.3,0.192991
49.92,0.3,0.18558,49.92,0.3,0.191728,49.92,0.3,0.181946,49.92,0.3,0.186337
49.94,0.3,0.198765,49.94,0.3,0.205149,49.94,0.3,0.159055,49.94,0.3,0.162606
49.96,0.3,0.212915,49.96,0.3,0.219392,49.96,0.3,0.128271,49.96,0.3,0.13126
49.98,0.3,0.230377,49.98,0.3,0.237231,49.98,0.3,0.0881316,49.98,0.3,0.0907045
50,0.3,0.245186,50,0.3,0.252457,50,0.3,0.102189,50,0.3,0.103997
50.02,0.3,0.243892,50.02,0.3,0.251555,50.02,0.3,0.115328,50.02,0.3,0.117476
50.04,0.3,0.226058,50.04,0.3,0.23685,50.04,0.3,0.164643,50.04,0.3,0.167115
50.06,0.3,0.223722,50.06,0.3,0.231382,50.06,0.3,0.200652,50.06,0.3,0.204029
50.08,0.3,0.199706,50.08,0.3,0.204559,50.08,0.3,0.200858,50.08,0.3,0.204504
50.1,0.3,0.192162,50.1,0.3,0.198314,50.1,0.3,0.184636,50.1,0.3,0.188382
50.12,0.3,0.196774,50.12,0.3,0.204114,50.12,0.3,0.167212,50.12,0.3,0.170479
50.14,0.3,0.206118,50.14,0.3,0.213838,50.14,0.3,0.141228,50.14,0.3,0.14367
50.16,0.3,0.223255,50.16,0.3,0.231088,50.16,0.3,0.121057,50.16,0.3,0.122748
50.18,0.3,0.246435,50.18,0.3,0.25443,50.18,0.3,0.114028,50.18,0.3,0.114736
50.2,0.3,0.260104,50.2,0.3,0.269933,50.2,0.3,0.103861,50.2,0.3,0.106007
50.22,0.3,0.236695,50.22,0.3,0.248056,50.22,0.3,0.0996496,50.22,0.3,0.102619
50.24,0.3,0.208251,50.24,0.3,0.218739,50.24,0.3,0.146922,50.24,0.3,0.150992
50.26,0.3,0.209742,50.26,0.3,0.216237,50.26,0.3,0.189831,50.26,0.3,0.194306
50.28,0.3,0.184807,50.28,0.3,0.190153,50.28,0.3,0.194425,50.28,0.3,0.198642
50.3,0.3,0.181988,50.3,0.3,0.18837,50.3,0.3,0.188756,50.3,0.3,0.193033
50.32,0.3,0.196619,50.32,0.3,0.203627,50.32,0.3,0.182018,50.32,0.3,0.186063
50.34,0.3,0.210435,50.34,0.3,0.217682,50.34,0.3,0.15898,50.34,0.3,0.162217
50.36,0.3,0.225057,50.36,0.3,0.232452,50.36,0.3,0.1282,50.36,0.3,0.130884
50.38,0.3,0.243152,50.38,0.3,0.250904,50.38,0.3,0.088267,50.38,0.3,0.0903112
50.4,0.3,0.258718,50.4,0.3,0.266855,50.4,0.3,0.102155,50.4,0.3,0.103506
50.42,0.3,0.258359,50.42,0.3,0.267325,50.42,0.3,0.118443,50.42,0.3,0.120557
50.44,0.3,0.238023,50.44,0.3,0.250385,50.44,0.3,0.167015,50.44,0.3,0.169602
50.46,0.3,0.234853,50.46,0.3,0.243127,50.46,0.3,0.202851,50.46,0.3,0.206155
50.48,0.3,0.210302,50.48,0.3,0.215697,50.48,0.3,0.20295,50.48,0.3,0.206495
50.5,0.3,0.203642,50.5,0.3,0.210152,50.5,0.3,0.186664,50.5,0.3,0.190263
50.52,0.3,0.209161,50.52,0.3,0.216618,50.52,0.3,0.169083,50.52,0.3,0.171878
50.54,0.3,0.219233,50.54,0.3,0.227083,50.54,0.3,0.142964,50.54,0.3,0.144975
50.56,0.3,0.236948,50.56,0.3,0.244948,50.56,0.3,0.122438,50.56,0.3,0.12394
50.58,0.3,0.260818,50.58,0.3,0.269049,50.58,0.3,0.11516,50.58,0.3,0.116037
50.6,0.3,0.275333,50.6,0.3,0.285528,50.6,0.3,0.103925,50.6,0.3,0.106486
50.62,0.3,0.251456,50.62,0.3,0.263518,50.62,0.3,0.0991133,50.62,0.3,0.102639
50.64,0.3,0.222366,50.64,0.3,0.233415,50.64,0.3,0.146348,50.64,0.3,0.150916
50.66,0.3,0.221059,50.66,0.3,0.22819,50.66,0.3,0.189419,50.66,0.3,0.194391
50.68,0.3,0.195538,50.68,0.3,0.201311,50.68,0.3,0.194085,50.68,0.3,0.198851
50.7,0.3,0.193298,50.7,0.3,0.199743,50.7,0.3,0.188449,50.7,0.3,0.193363
50.72,0.3,0.207914,50.72,0.3,0.214919,50.72,0.3,0.181766,50.72,0.3,0.186266
50.74,0.3,0.221667,50.74,0.3,0.228904,50.74,0.3,0.158716,50.74,0.3,0.162403
50.76,0.3,0.236393,50.76,0.3,0.243703,50.76,0.3,0.127861,50.76,0.3,0.131021
50.78,0.3,0.254931,50.78,0.3,0.262525,50.78,0.3,0.0878092,50.78,0.3,0.0902911
50.8,0.3,0.27109,50.8,0.3,0.278997,50.8,0.3,0.102014,50.8,0.3,0.103651
50.82,0.3,0.269591,50.82,0.3,0.278638,50.82,0.3,0.115262,50.82,0.3,0.118303
50.84,0.3,0.247284,50.84,0.3,0.260329,50.84,0.3,0.164519,50.84,0.3,0.167935
50.86,0.3,0.242536,50.86,0.3,0.251379,50.86,0.3,0.200463,50.86,0.3,0.204747
50.88,0.3,0.218653,50.88,0.3,0.224723,50.88,0.3,0.200648,50.88,0.3,0.205181
50.9,0.3,0.213913,50.9,0.3,0.220967,50.9,0.3,0.184403,50.9,0.3,0.188885
50.92,0.3,0.220128,50.92,0.3,0.228073,50.92,0.3,0.166957,50.92,0.3,0.170622
50.94,0.3,0.230442,50.94,0.3,0.238779,50.94,0.3,0.140939,50.94,0.3,0.143836
50.96,0.3,0.248502,50.96,0.3,0.256986,50.96,0.3,0.12075,50.96,0.3,0.123097
50.98,0.3,0.272889,50.98,0.3,0.281594,50.98,0.3,0.113661,50.98,0.3,0.11546
51,0.3,0.28736,51,0.3,0.298104,51,0.3,0.103692,51,0.3,0.106629
51.02,0.3,0.262342,51.02,0.3,0.27497,51.02,0.3,0.099575,51.02,0.3,0.103233
51.04,0.3,0.233064,51.04,0.3,0.244642,51.04,0.3,0.146871,51.04,0.3,0.151685
51.06,0.3,0.229359,51.06,0.3,0.237127,51.06,0.3,0.189763,51.06,0.3,0.195079
51.08,0.3,0.204272,51.08,0.3,0.2107,51.08,0.3,0.194363,51.08,0.3,0.199636
51.1,0.3,0.202818,51.1,0.3,0.2097,51.1,0.3,0.1887,51.1,0.3,0.194088
51.12,0.3,0.217565,51.12,0.3,0.22488,51.12,0.3,0.181957,51.12,0.3,0.186765
51.14,0.3,0.231383,51.14,0.3,0.23893,51.14,0.3,0.158908,51.14,0.3,0.162752
51.16,0.3,0.24628,51.16,0.3,0.253908,51.16,0.3,0.128123,51.16,0.3,0.131448
51.18,0.3,0.265227,51.18,0.3,0.273112,51.18,0.3,0.0881808,51.18,0.3,0.0908074
51.2,0.3,0.281902,51.2,0.3,0.290134,51.2,0.3,0.102136,51.2,0.3,0.10403
51.22,0.3,0.279782,51.22,0.3,0.289725,51.22,0.3,0.115191,51.22,0.3,0.118853
51.24,0.3,0.25557,51.24,0.3,0.269106,51.24,0.3,0.164475,51.24,0.3,0.168665
51.26,0.3,0.24886,51.26,0.3,0.257655,51.26,0.3,0.200428,51.26,0.3,0.205626
51.28,0.3,0.224177,51.28,0.3,0.230505,51.28,0.3,0.200568,51.28,0.3,0.206138
51.3,0.3,0.219654,51.3,0.3,0.226715,51.3,0.3,0.184347,51.3,0.3,0.189732
51.32,0.3,0.226908,51.32,0.3,0.23476,51.32,0.3,0.166969,51.32,0.3,0.17136
51.34,0.3,0.238383,51.34,0.3,0.246619,51.34,0.3,0.140964,51.34,0.3,0.144394
51.36,0.3,0.257267,51.36,0.3,0.265641,51.36,0.3,0.120743,51.36,0.3,0.123679
51.38,0.3,0.282476,51.38,0.3,0.29103,51.38,0.3,0.113593,51.38,0.3,0.115887
51.4,0.3,0.296444,51.4,0.3,0.307736,51.4,0.3,0.103511,51.4,0.3,0.107048
51.42,0.3,0.269304,51.42,0.3,0.283121,51.42,0.3,0.102689,51.42,0.3,0.106801
51.44,0.3,0.240608,51.44,0.3,0.25297,51.44,0.3,0.149124,51.44,0.3,0.154408
51.46,0.3,0.236213,51.46,0.3,0.244881,51.46,0.3,0.192121,51.46,0.3,0.197898
51.48,0.3,0.211094,51.48,0.3,0.218525,51.48,0.3,0.19682,51.48,0.3,0.20253
51.5,0.3,0.209894,51.5,0.3,0.217734,51.5,0.3,0.190934,51.5,0.3,0.196868
51.52,0.3,0.224615,51.52,0.3,0.232921,51.52,0.3,0.18362,51.52,0.3,0.189096
51.54,0.3,0.23866,51.54,0.3,0.247285,51.54,0.3,0.160201,51.54,0.3,0.164682
51.56,0.3,0.253815,51.56,0.3,0.262633,51.56,0.3,0.129224,51.56,0.3,0.13314
51.58,0.3,0.273211,51.58,0.3,0.282417,51.58,0.3,0.0891047,51.58,0.3,0.0922647
51.6,0.3,0.290416,51.6,0.3,0.300107,51.6,0.3,0.102521,51.6,0.3,0.104851
51.62,0.3,0.288621,51.62,0.3,0.299785,51.62,0.3,0.115094,51.62,0.3,0.118988
51.64,0.3,0.26435,51.64,0.3,0.278032,51.64,0.3,0.164282,51.64,0.3,0.168705
51.66,0.3,0.255858,51.66,0.3,0.265151,51.66,0.3,0.200327,51.66,0.3,0.205436
51.68,0.3,0.23079,51.68,0.3,0.237699,51.68,0.3,0.200508,51.68,0.3,0.205848
51.7,0.3,0.226741,51.7,0.3,0.234317,51.7,0.3,0.184218,51.7,0.3,0.189517
51.72,0.3,0.234471,51.72,0.3,0.242925,51.72,0.3,0.16678,51.72,0.3,0.171068
51.74,0.3,0.246412,51.74,0.3,0.255457,51.74,0.3,0.140738,51.74,0.3,0.144048
51.76,0.3,0.26569,51.76,0.3,0.274964,51.76,0.3,0.120533,51.76,0.3,0.1232
51.78,0.3,0.291358,51.78,0.3,0.300981,51.78,0.3,0.113371,51.78,0.3,0.115682
51.8,0.3,0.305345,51.8,0.3,0.318061,51.8,0.3,0.103561,51.8,0.3,0.106937
51.82,0.3,0.277983,51.82,0.3,0.29321,51.82,0.3,0.0995122,51.82,0.3,0.103486
51.84,0.3,0.248795,51.84,0.3,0.262565,51.84,0.3,0.146837,51.84,0.3,0.151716
51.86,0.3,0.243297,51.86,0.3,0.253061,51.86,0.3,0.189743,51.86,0.3,0.195074
51.88,0.3,0.218383,51.88,0.3,0.227091,51.88,0.3,0.194364,51.88,0.3,0.199544
51.9,0.3,0.218605,51.9,0.3,0.227603,51.9,0.3,0.188712,51.9,0.3,0.194049
51.92,0.3,0.23296,51.92,0.3,0.242385,51.92,0.3,0.181979,51.92,0.3,0.186882
51.94,0.3,0.24645,51.94,0.3,0.256143,51.94,0.3,0.158936,51.94,0.3,0.162908
51.96,0.3,0.261421,51.96,0.3,0.271196,51.96,0.3,0.128142,51.96,0.3,0.131442
51.98,0.3,0.280902,51.98,0.3,0.290966,51.98,0.3,0.0881606,51.98,0.3,0.0909067
52,0.3,0.298214,52,0.3,0.308676,52,0.3,0.102173,52,0.3,0.104058
52.02,0.3,0.294842,52.02,0.3,0.307315,52.02,0.3,0.115277,52.02,0.3,0.117957
52.04,0.3,0.268201,52.04,0.3,0.282547,52.04,0.3,0.164559,52.04,0.3,0.167426
52.06,0.3,0.258589,52.06,0.3,0.268327,52.06,0.3,0.200503,52.06,0.3,0.204162
52.08,0.3,0.233906,52.08,0.3,0.241199,52.08,0.3,0.200647,52.08,0.3,0.204572
52.1,0.3,0.23024,52.1,0.3,0.237847,52.1,0.3,0.184414,52.1,0.3,0.188348
52.12,0.3,0.23826,52.12,0.3,0.24657,52.12,0.3,0.166998,52.12,0.3,0.17027
52.14,0.3,0.250353,52.14,0.3,0.259166,52.14,0.3,0.140981,52.14,0.3,0.143478
52.16,0.3,0.269648,52.16,0.3,0.278594,52.16,0.3,0.120779,52.16,0.3,0.122697
52.18,0.3,0.295381,52.18,0.3,0.304566,52.18,0.3,0.113696,52.18,0.3,0.114839
52.2,0.3,0.309461,52.2,0.3,0.321907,52.2,0.3,0.103593,52.2,0.3,0.106181
52.22,0.3,0.281711,52.22,0.3,0.297139,52.22,0.3,0.099438,52.22,0.3,0.102684
52.24,0.3,0.252183,52.24,0.3,0.265918,52.24,0.3,0.146747,52.24,0.3,0.150997
52.26,0.3,0.245245,52.26,0.3,0.254923,52.26,0.3,0.18965,52.26,0.3,0.194321
52.28,0.3,0.219743,52.28,0.3,0.228336,52.28,0.3,0.194244,52.28,0.3,0.198743
52.3,0.3,0.218801,52.3,0.3,0.227587,52.3,0.3,0.188579,52.3,0.3,0.193191
52.32,0.3,0.233179,52.32,0.3,0.24234,52.32,0.3,0.181874,52.32,0.3,0.186212
52.34,0.3,0.247017,52.34,0.3,0.25651,52.34,0.3,0.158856,52.34,0.3,0.162313
52.36,0.3,0.262042,52.36,0.3,0.271671,52.36,0.3,0.128072,52.36,0.3,0.130836
52.38,0.3,0.281516,52.38,0.3,0.291418,52.38,0.3,0.0881137,52.38,0.3,0.0901267
52.4,0.3,0.298864,52.4,0.3,0.309192,52.4,0.3,0.102077,52.4,0.3,0.103401
52.42,0.3,0.294777,52.42,0.3,0.307504,52.42,0.3,0.118433,52.42,0.3,0.120718
52.44,0.3,0.267011,52.44,0.3,0.281019,52.44,0.3,0.167013,52.44,0.3,0.169576
52.46,0.3,0.259209,52.46,0.3,0.268814,52.46,0.3,0.202836,52.46,0.3,0.206154
52.48,0.3,0.234457,52.48,0.3,0.241635,52.48,0.3,0.202939,52.48,0.3,0.206472
52.5,0.3,0.230229,52.5,0.3,0.237475,52.5,0.3,0.18665,52.5,0.3,0.190255
52.52,0.3,0.238404,52.52,0.3,0.246162,52.52,0.3,0.169047,52.52,0.3,0.1719
52.54,0.3,0.250724,52.54,0.3,0.258938,52.54,0.3,0.142923,52.54,0.3,0.144961
52.56,0.3,0.270134,52.56,0.3,0.278432,52.56,0.3,0.122413,52.56,0.3,0.124004
52.58,0.3,0.295992,52.58,0.3,0.30456,52.58,0.3,0.11518,52.58,0.3,0.116259
52.6,0.3,0.311638,52.6,0.3,0.323008,52.6,0.3,0.103958,52.6,0.3,0.106606
52.62,0.3,0.285156,52.62,0.3,0.299889,52.62,0.3,0.0991538,52.62,0.3,0.102667
52.64,0.3,0.254805,52.64,0.3,0.268073,52.64,0.3,0.146367,52.64,0.3,0.150986
52.66,0.3,0.247124,52.66,0.3,0.256489,52.66,0.3,0.189423,52.66,0.3,0.194485
52.68,0.3,0.221165,52.68,0.3,0.22945,52.68,0.3,0.194081,52.68,0.3,0.199
52.7,0.3,0.219984,52.7,0.3,0.228391,52.7,0.3,0.188442,52.7,0.3,0.193487
52.72,0.3,0.233942,52.72,0.3,0.242806,52.72,0.3,0.181747,52.72,0.3,0.186463
52.74,0.3,0.247477,52.74,0.3,0.256736,52.74,0.3,0.158689,52.74,0.3,0.162565
52.76,0.3,0.262331,52.76,0.3,0.27174,52.76,0.3,0.127843,52.76,0.3,0.131132
52.78,0.3,0.28168,52.78,0.3,0.291433,52.78,0.3,0.0878228,52.78,0.3,0.090541
52.8,0.3,0.298934,52.8,0.3,0.309178,52.8,0.3,0.102011,52.8,0.3,0.10396
52.82,0.3,0.294231,52.82,0.3,0.306927,52.82,0.3,0.115247,52.82,0.3,0.118244
52.84,0.3,0.266502,52.84,0.3,0.280845,52.84,0.3,0.164499,52.84,0.3,0.167752
52.86,0.3,0.259911,52.86,0.3,0.269834,52.86,0.3,0.200434,52.86,0.3,0.204369
52.88,0.3,0.235078,52.88,0.3,0.242632,52.88,0.3,0.20061,52.88,0.3,0.204809
52.9,0.3,0.231621,52.9,0.3,0.239351,52.9,0.3,0.184365,52.9,0.3,0.1886
52.92,0.3,0.239769,52.92,0.3,0.248157,52.92,0.3,0.166923,52.92,0.3,0.17029
52.94,0.3,0.251658,52.94,0.3,0.260572,52.94,0.3,0.140902,52.94,0.3,0.143425
52.96,0.3,0.270871,52.96,0.3,0.279971,52.96,0.3,0.120708,52.96,0.3,0.122702
52.98,0.3,0.296639,52.98,0.3,0.306023,52.98,0.3,0.113615,52.98,0.3,0.115024
53,0.3,0.312318,53,0.3,0.3246,53,0.3,0.103654,53,0.3,0.106155
53.02,0.3,0.285894,53.02,0.3,0.301706,53.02,0.3,0.0995434,53.02,0.3,0.10241
53.04,0.3,0.255441,53.04,0.3,0.269643,53.04,0.3,0.14684,53.04,0.3,0.150583
53.06,0.3,0.247294,53.06,0.3,0.257279,53.06,0.3,0.189728,53.06,0.3,0.193884
53.08,0.3,0.221782,53.08,0.3,0.230476,53.08,0.3,0.194327,53.08,0.3,0.198352
53.1,0.3,0.220726,53.1,0.3,0.229452,53.1,0.3,0.188664,53.1,0.3,0.19295
53.12,0.3,0.234491,53.12,0.3,0.243657,53.12,0.3,0.181925,53.12,0.3,0.185862
53.14,0.3,0.247853,53.14,0.3,0.257456,53.14,0.3,0.158878,53.14,0.3,0.162045
53.16,0.3,0.2626,53.16,0.3,0.272433,53.16,0.3,0.128094,53.16,0.3,0.130775
53.18,0.3,0.281866,53.18,0.3,0.292035,53.18,0.3,0.088157,53.18,0.3,0.0901716
53.2,0.3,0.29906,53.2,0.3,0.309731,53.2,0.3,0.102123,53.2,0.3,0.103398
53.22,0.3,0.294036,53.22,0.3,0.307178,53.22,0.3,0.115189,53.22,0.3,0.117714
53.24,0.3,0.266117,53.24,0.3,0.280637,53.24,0.3,0.164472,53.24,0.3,0.167395
53.26,0.3,0.258873,53.26,0.3,0.269154,53.26,0.3,0.200419,53.26,0.3,0.204019
53.28,0.3,0.233829,53.28,0.3,0.241461,53.28,0.3,0.200557,53.28,0.3,0.204467
53.3,0.3,0.229458,53.3,0.3,0.237048,53.3,0.3,0.184334,53.3,0.3,0.1883
53.32,0.3,0.238079,53.32,0.3,0.246324,53.32,0.3,0.16695,53.32,0.3,0.170186
53.34,0.3,0.250665,53.34,0.3,0.259518,53.34,0.3,0.140942,53.34,0.3,0.143414
53.36,0.3,0.270283,53.36,0.3,0.279261,53.36,0.3,0.120724,53.36,0.3,0.122708
53.38,0.3,0.296331,53.38,0.3,0.305538,53.38,0.3,0.113589,53.38,0.3,0.115063
53.4,0.3,0.311756,53.4,0.3,0.32444,53.4,0.3,0.103513,53.4,0.3,0.106199
53.42,0.3,0.284782,53.42,0.3,0.301694,53.42,0.3,0.0993702,53.42,0.3,0.102361
53.44,0.3,0.254635,53.44,0.3,0.269662,53.44,0.3,0.1467,53.44,0.3,0.150474
53.46,0.3,0.247023,53.46,0.3,0.257462,53.46,0.3,0.189609,53.46,0.3,0.193864
53.48,0.3,0.221279,53.48,0.3,0.230454,53.48,0.3,0.194209,53.48,0.3,0.198403
53.5,0.3,0.220064,53.5,0.3,0.229244,53.5,0.3,0.188547,53.5,0.3,0.192961
53.52,0.3,0.233825,53.52,0.3,0.243302,53.52,0.3,0.181855,53.52,0.3,0.185837
53.54,0.3,0.247248,53.54,0.3,0.257053,53.54,0.3,0.158846,53.54,0.3,0.16213
53.56,0.3,0.262047,53.56,0.3,0.271989,53.56,0.3,0.128062,53.56,0.3,0.13087
53.58,0.3,0.281375,53.58,0.3,0.291537,53.58,0.3,0.0880882,53.58,0.3,0.0902586
53.6,0.3,0.298643,53.6,0.3,0.309156,53.6,0.3,0.102073,53.6,0.3,0.103399
53.62,0.3,0.293466,53.62,0.3,0.306304,53.62,0.3,0.115154,53.62,0.3,0.117712
53.64,0.3,0.265461,53.64,0.3,0.279406,53.64,0.3,0.164449,53.64,0.3,0.167204
53.66,0.3,0.258507,53.66,0.3,0.268195,53.66,0.3,0.200408,53.66,0.3,0.203908
53.68,0.3,0.233455,53.68,0.3,0.240453,53.68,0.3,0.20056,53.68,0.3,0.204437
53.7,0.3,0.229045,53.7,0.3,0.235891,53.7,0.3,0.184341,53.7,0.3,0.188299
53.72,0.3,0.237857,53.72,0.3,0.245269,53.72,0.3,0.166957,53.72,0.3,0.170305
53.74,0.3,0.250564,53.74,0.3,0.258489,53.74,0.3,0.140957,53.74,0.3,0.143724
53.76,0.3,0.270271,53.76,0.3,0.278267,53.76,0.3,0.120747,53.76,0.3,0.123027
53.78,0.3,0.296397,53.78,0.3,0.304589,53.78,0.3,0.113622,53.78,0.3,0.115215
53.8,0.3,0.312208,53.8,0.3,0.32367,53.8,0.3,0.103554,53.8,0.3,0.106414
53.82,0.3,0.285613,53.82,0.3,0.301282,53.82,0.3,0.0994096,53.82,0.3,0.103134
53.84,0.3,0.255294,53.84,0.3,0.269215,53.84,0.3,0.146732,53.84,0.3,0.151586
53.86,0.3,0.247583,53.86,0.3,0.257172,53.86,0.3,0.189639,53.86,0.3,0.195131
53.88,0.3,0.221764,53.88,0.3,0.230201,53.88,0.3,0.194238,53.88,0.3,0.199696
53.9,0.3,0.220489,53.9,0.3,0.228953,53.9,0.3,0.188574,53.9,0.3,0.194174
53.92,0.3,0.234078,53.92,0.3,0.24294,53.92,0.3,0.181876,53.92,0.3,0.186957
53.94,0.3,0.247393,53.94,0.3,0.256532,53.94,0.3,0.158863,53.94,0.3,0.162979
53.96,0.3,0.262134,53.96,0.3,0.271419,53.96,0.3,0.128082,53.96,0.3,0.131688
53.98,0.3,0.281415,53.98,0.3,0.290931,53.98,0.3,0.0881179,53.98,0.3,0.0909712
54,0.3,0.298651,54,0.3,0.308518,54,0.3,0.102088,54,0.3,0.104029
54.02,0.3,0.293203,54.02,0.3,0.305734,54.02,0.3,0.115157,54.02,0.3,0.118627
54.04,0.3,0.265057,54.04,0.3,0.279001,54.04,0.3,0.16445,54.04,0.3,0.16843
54.06,0.3,0.25852,54.06,0.3,0.268468,54.06,0.3,0.200409,54.06,0.3,0.205348
54.08,0.3,0.233328,54.08,0.3,0.240495,54.08,0.3,0.200559,54.08,0.3,0.205804
54.1,0.3,0.228789,54.1,0.3,0.235652,54.1,0.3,0.18434,54.1,0.3,0.189504
54.12,0.3,0.237749,54.12,0.3,0.24513,54.12,0.3,0.166959,54.12,0.3,0.171107
54.14,0.3,0.250574,54.14,0.3,0.258402,54.14,0.3,0.140959,54.14,0.3,0.144161
54.16,0.3,0.270369,54.16,0.3,0.278234,54.16,0.3,0.120746,54.16,0.3,0.123372
54.18,0.3,0.296563,54.18,0.3,0.304653,54.18,0.3,0.113616,54.18,0.3,0.115866
54.2,0.3,0.312652,54.2,0.3,0.324075,54.2,0.3,0.103544,54.2,0.3,0.107211
54.22,0.3,0.286297,54.22,0.3,0.302564,54.22,0.3,0.0993986,54.22,0.3,0.104026
54.24,0.3,0.255851,54.24,0.3,0.270339,54.24,0.3,0.146724,54.24,0.3,0.152445
54.26,0.3,0.248065,54.26,0.3,0.258241,54.26,0.3,0.189632,54.26,0.3,0.19598
54.28,0.3,0.222165,54.28,0.3,0.231171,54.28,0.3,0.194232,54.28,0.3,0.200517
54.3,0.3,0.220807,54.3,0.3,0.229772,54.3,0.3,0.188568,54.3,0.3,0.195016
54.32,0.3,0.234253,54.32,0.3,0.243581,54.32,0.3,0.181872,54.32,0.3,0.187791
54.34,0.3,0.247481,54.34,0.3,0.257112,54.34,0.3,0.15886,54.34,0.3,0.163858
54.36,0.3,0.262184,54.36,0.3,0.271905,54.36,0.3,0.128079,54.36,0.3,0.132408
54.38,0.3,0.281435,54.38,0.3,0.291399,54.38,0.3,0.088112,54.38,0.3,0.0917447
54.4,0.3,0.298641,54.4,0.3,0.309005,54.4,0.3,0.102085,54.4,0.3,0.104666
54.42,0.3,0.29297,54.42,0.3,0.305984,54.42,0.3,0.115158,54.42,0.3,0.119063
54.44,0.3,0.264708,54.44,0.3,0.279027,54.44,0.3,0.164451,54.44,0.3,0.168689
54.46,0.3,0.258481,54.46,0.3,0.26868,54.46,0.3,0.20041,54.46,0.3,0.205289
54.48,0.3,0.233084,54.48,0.3,0.240678,54.48,0.3,0.200561,54.48,0.3,0.205496
54.5,0.3,0.228498,54.5,0.3,0.235764,54.5,0.3,0.184341,54.5,0.3,0.189174
54.52,0.3,0.237634,54.52,0.3,0.245355,54.52,0.3,0.166959,54.52,0.3,0.170909
54.54,0.3,0.250572,54.54,0.3,0.258756,54.54,0.3,0.140959,54.54,0.3,0.143983
54.56,0.3,0.270435,54.56,0.3,0.27866,54.56,0.3,0.120748,54.56,0.3,0.123175
54.58,0.3,0.296695,54.58,0.3,0.305145,54.58,0.3,0.11362,54.58,0.3,0.115551
54.6,0.3,0.312988,54.6,0.3,0.324325,54.6,0.3,0.103549,54.6,0.3,0.106715
54.62,0.3,0.286808,54.62,0.3,0.30202,54.62,0.3,0.099403,54.62,0.3,0.103111
54.64,0.3,0.256272,54.64,0.3,0.269807,54.64,0.3,0.146727,54.64,0.3,0.151378
54.66,0.3,0.248445,54.66,0.3,0.257795,54.66,0.3,0.189634,54.66,0.3,0.194813
54.68,0.3,0.222486,54.68,0.3,0.230829,54.68,0.3,0.194233,54.68,0.3,0.199312
54.7,0.3,0.221063,54.7,0.3,0.229467,54.7,0.3,0.18857,54.7,0.3,0.193808
54.72,0.3,0.234375,54.72,0.3,0.243158,54.72,0.3,0.181872,54.72,0.3,0.186715
54.74,0.3,0.247521,54.74,0.3,0.256626,54.74,0.3,0.15886,54.74,0.3,0.162843
54.76,0.3,0.262179,54.76,0.3,0.271338,54.76,0.3,0.128079,54.76,0.3,0.131471
54.78,0.3,0.281406,54.78,0.3,0.290712,54.78,0.3,0.088114,54.78,0.3,0.0907448
54.8,0.3,0.298598,54.8,0.3,0.308221,54.8,0.3,0.102086,54.8,0.3,0.103704
54.82,0.3,0.292752,54.82,0.3,0.304792,54.82,0.3,0.115157,54.82,0.3,0.118434
54.84,0.3,0.264399,54.84,0.3,0.277471,54.84,0.3,0.16445,54.84,0.3,0.168236
54.86,0.3,0.258438,54.86,0.3,0.267535,54.86,0.3,0.200409,54.86,0.3,0.204885
54.88,0.3,0.23286,54.88,0.3,0.239785,54.88,0.3,0.200559,54.88,0.3,0.205201
54.9,0.3,0.228192,54.9,0.3,0.234997,54.9,0.3,0.184339,54.9,0.3,0.188992
54.92,0.3,0.237464,54.92,0.3,0.244763,54.92,0.3,0.166958,54.92,0.3,0.170808
54.94,0.3,0.250482,54.94,0.3,0.2582,54.94,0.3,0.140957,54.94,0.3,0.143972
54.96,0.3,0.270399,54.96,0.3,0.278199,54.96,0.3,0.120746,54.96,0.3,0.123168
54.98,0.3,0.29671,54.98,0.3,0.304736,54.98,0.3,0.113617,54.98,0.3,0.115423
55,0.3,0.313291,55,0.3,0.324117,55,0.3,0.103546,55,0.3,0.106801
55.02,0.297,0.287357,55.02,0.297,0.302035,55.02,0.297,0.099671,55.02,0.297,0.103762
55.04,0.294,0.256498,55.04,0.294,0.269687,55.04,0.294,0.147379,55.04,0.294,0.152499
55.06,0.291,0.24764,55.06,0.291,0.257,55.06,0.291,0.19033,55.06,0.291,0.19608
55.08,0.288,0.221757,55.08,0.288,0.230135,55.08,0.288,0.195336,55.08,0.288,0.201045
55.1,0.285,0.22039,55.1,0.285,0.228819,55.1,0.285,0.190347,55.1,0.285,0.196251
55.12,0.282,0.23315,55.12,0.282,0.242018,55.12,0.282,0.183481,55.12,0.282,0.189063
55.14,0.279,0.245537,55.14,0.279,0.254757,55.14,0.279,0.158666,55.14,0.279,0.163285
55.16,0.276,0.259006,55.16,0.276,0.268383,55.16,0.276,0.125082,55.16,0.276,0.129081
55.18,0.273,0.276507,55.18,0.273,0.286104,55.18,0.273,0.0833472,55.18,0.273,0.0866436
55.2,0.27,0.292098,55.2,0.27,0.302157,55.2,0.27,0.0935463,55.2,0.27,0.0960987
55.22,0.267,0.283759,55.22,0.267,0.297098,55.22,0.267,0.107718,55.22,0.267,0.111472
55.24,0.264,0.253899,55.24,0.264,0.268212,55.24,0.264,0.15633,55.24,0.264,0.160462
55.26,0.261,0.245086,55.26,0.261,0.25522,55.26,0.261,0.192594,55.26,0.261,0.197349
55.28,0.258,0.221072,55.28,0.258,0.22895,55.28,0.258,0.19483,55.28,0.258,0.19963
55.3,0.255,0.21822,55.3,0.255,0.225987,55.3,0.255,0.179016,55.3,0.255,0.183846
55.32,0.252,0.227693,55.32,0.252,0.235857,55.32,0.252,0.158665,55.32,0.252,0.162757
55.34,0.249,0.239514,55.34,0.249,0.248249,55.34,0.249,0.127736,55.34,0.249,0.130896
55.36,0.246,0.256438,55.36,0.246,0.265325,55.36,0.246,0.101321,55.36,0.246,0.103902
55.38,0.243,0.278621,55.38,0.243,0.287785,55.38,0.243,0.0868146,55.38,0.243,0.0887754
55.4,0.24,0.291808,55.4,0.24,0.303857,55.4,0.24,0.0737067,55.4,0.24,0.0765835
55.42,0.237,0.265839,55.42,0.237,0.281493,55.42,0.237,0.0699831,55.42,0.237,0.0729924
55.44,0.234,0.235583,55.44,0.234,0.249651,55.44,0.234,0.113063,55.44,0.234,0.116732
55.46,0.231,0.221145,55.46,0.231,0.231534,55.46,0.231,0.153838,55.46,0.231,0.157979
55.48,0.228,0.200921,55.48,0.228,0.209871,55.48,0.228,0.161872,55.48,0.228,0.165874
55.5,0.225,0.203589,55.5,0.225,0.212559,55.5,0.225,0.1574,55.5,0.225,0.161833
55.52,0.222,0.2161,55.52,0.222,0.225599,55.52,0.222,0.144397,55.52,0.222,0.148737
55.54,0.219,0.227221,55.54,0.219,0.237221,55.54,0.219,0.113816,55.54,0.219,0.117332
55.56,0.216,0.238893,55.56,0.216,0.249143,55.56,0.216,0.0770126,55.56,0.216,0.0798045
55.58,0.213,0.254258,55.58,0.213,0.264864,55.58,0.213,0.0392278,55.58,0.213,0.0413122
55.6,0.21,0.267147,55.6,0.21,0.27922,55.6,0.21,0.0472565,55.6,0.21,0.049158
55.62,0.207,0.250631,55.62,0.207,0.2666,55.62,0.207,0.0601629,55.62,0.207,0.0623632
55.64,0.204,0.220702,55.64,0.204,0.235896,55.64,0.204,0.104596,55.64,0.204,0.106645
55.66,0.201,0.206754,55.66,0.201,0.218246,55.66,0.201,0.140071,55.66,0.201,0.142476
55.68,0.198,0.189282,55.68,0.198,0.198837,55.68,0.198,0.145327,55.68,0.198,0.147813
55.7,0.195,0.191863,55.7,0.195,0.200751,55.7,0.195,0.130663,55.7,0.195,0.133398
55.72,0.192,0.203523,55.72,0.192,0.212372,55.72,0.192,0.107485,55.72,0.192,0.109806
55.74,0.189,0.214756,55.74,0.189,0.224367,55.74,0.189,0.0726906,55.74,0.189,0.0742195
55.76,0.186,0.228791,55.76,0.186,0.238423,55.76,0.186,0.042553,55.76,0.186,0.0433484
55.78,0.183,0.24739,55.78,0.183,0.257094,55.78,0.183,0.0254319,55.78,0.183,0.0254439
55.8,0.18,0.260012,55.8,0.18,0.272985,55.8,0.18,0.0164035,55.8,0.18,0.0178737
55.82,0.177,0.238437,55.82,0.177,0.257384,55.82,0.177,0.0173522,55.82,0.177,0.0188353
55.84,0.174,0.208886,55.84,0.174,0.2261,55.84,0.174,0.0567288,55.84,0.174,0.0588468
55.86,0.171,0.184007,55.86,0.171,0.196123,55.86,0.171,0.0953935,55.86,0.171,0.0978133
55.88,0.168,0.169103,55.88,0.168,0.179371,55.88,0.168,0.106099,55.88,0.168,0.108152
55.9,0.165,0.177578,55.9,0.165,0.187776,55.9,0.165,0.0996373,55.9,0.165,0.102102
55.92,0.162,0.190575,55.92,0.162,0.200969,55.92,0.162,0.0809968,55.92,0.162,0.0837836
55.94,0.159,0.200375,55.94,0.159,0.210889,55.94,0.159,0.0487089,55.94,0.159,0.0512441
55.96,0.156,0.210036,55.96,0.156,0.220548,55.96,0.156,0.013816,55.96,0.156,0.0159027
55.98,0.153,0.22297,55.98,0.153,0.233529,55.98,0.153,-0.015245,55.98,0.153,-0.0137973
56,0.15,0.233322,56,0.15,0.245749,56,0.15,-0.00658055,56,0.15,-0.00512343
56.02,0.147,0.2168,56.02,0.147,0.233519,56.02,0.147,0.00556382,56.02,0.147,0.00686642
56.04,0.144,0.188789,56.04,0.144,0.204315,56.04,0.144,0.0453955,56.04,0.144,0.0465653
56.06,0.141,0.167316,56.06,0.141,0.179432,56.06,0.141,0.0795311,56.06,0.141,0.0811678
56.08,0.138,0.155942,56.08,0.138,0.165976,56.08,0.138,0.0870776,56.08,0.138,0.0887037
56.1,0.135,0.164573,56.1,0.135,0.173654,56.1,0.135,0.0735498,56.1,0.135,0.075458
56.12,0.132,0.17755,56.12,0.132,0.186559,56.12,0.132,0.0482366,56.12,0.132,0.0498807
56.14,0.129,0.187888,56.14,0.129,0.197381,56.14,0.129,0.0135996,56.14,0.129,0.0146061
56.16,0.126,0.198725,56.16,0.126,0.208103,56.16,0.126,-0.0178524,56.16,0.126,-0.0173943
56.18,0.123,0.213364,56.18,0.123,0.22271,56.18,0.123,-0.0341006,56.18,0.123,-0.0339421
56.2,0.12,0.222848,56.2,0.12,0.235943,56.2,0.12,-0.0411931,56.2,0.12,-0.0401066
56.22,0.117,0.203647,56.22,0.117,0.222231,56.22,0.117,-0.0374797,56.22,0.117,-0.0363896
56.24,0.114,0.175781,56.24,0.114,0.192494,56.24,0.114,-0.00185981,56.24,0.114,-8.68789e-05
56.26,0.111,0.141265,56.26,0.111,0.153523,56.26,0.111,0.0336703,56.26,0.111,0.0360359
56.28,0.108,0.130408,56.28,0.108,0.141176,56.28,0.108,0.0453844,56.28,0.108,0.0477997
56.3,0.105,0.144514,56.3,0.105,0.155222,56.3,0.105,0.0358546,56.3,0.105,0.0387516
56.32,0.102,0.158405,56.32,0.102,0.169226,56.32,0.102,0.0118456,56.32,0.102,0.0150407
56.34,0.099,0.167193,56.34,0.099,0.178037,56.34,0.099,-0.0218222,56.34,0.099,-0.0189288
56.36,0.096,0.175039,56.36,0.096,0.185893,56.36,0.096,-0.0517765,56.36,0.096,-0.0494486
56.38,0.093,0.185783,56.38,0.093,0.196691,56.38,0.093,-0.070846,56.38,0.093,-0.0696171
56.4,0.09,0.193845,56.4,0.09,0.206809,56.4,0.09,-0.0644995,56.4,0.09,-0.0629363
56.42,0.087,0.179046,56.42,0.087,0.194755,56.42,0.087,-0.05491,56.42,0.087,-0.0537896
56.44,0.084,0.15315,56.44,0.084,0.16756,56.44,0.084,-0.020226,56.44,0.084,-0.019069
56.46,0.081,0.123572,56.46,0.081,0.135808,56.46,0.081,0.0129724,56.46,0.081,0.0143946
56.48,0.078,0.117975,56.48,0.078,0.12846,56.48,0.078,0.0226347,56.48,0.078,0.0241672
56.5,0.075,0.132922,56.5,0.075,0.14167,56.5,0.075,0.0104586,56.5,0.075,0.0121924
56.52,0.072,0.146365,56.52,0.072,0.155251,56.52,0.072,-0.0157154,56.52,0.072,-0.0143546
56.54,0.069,0.1562,56.54,0.069,0.165492,56.54,0.069,-0.0489454,56.54,0.069,-0.048175
56.56,0.066,0.163888,56.56,0.066,0.172947,56.56,0.066,-0.079166,56.56,0.066,-0.0788925
56.58,0.063,0.174642,56.58,0.063,0.183574,56.58,0.063,-0.0956154,56.58,0.063,-0.0957372
56.6,0.06,0.181833,56.6,0.06,0.194536,56.6,0.06,-0.0989023,56.6,0.06,-0.0978699
56.62,0.057,0.166204,56.62,0.057,0.184497,56.62,0.057,-0.0932687,56.62,0.057,-0.0919669
56.64,0.054,0.139785,56.64,0.054,0.156181,56.64,0.054,-0.0617111,56.64,0.054,-0.0597076
56.66,0.051,0.0965445,56.66,0.051,0.107774,56.66,0.051,-0.0286355,56.66,0.051,-0.0261262
56.68,0.048,0.0894258,56.68,0.048,0.0994382,56.68,0.048,-0.0158416,56.68,0.048,-0.0133512
56.7,0.045,0.109585,56.7,0.045,0.119467,56.7,0.045,-0.0267365,56.7,0.045,-0.0238098
56.72,0.042,0.123543,56.72,0.042,0.13341,56.72,0.042,-0.0543748,56.72,0.042,-0.0511912
56.74,0.039,0.131328,56.74,0.039,0.14136,56.74,0.039,-0.0883519,56.74,0.039,-0.0857094
56.76,0.036,0.137343,56.76,0.036,0.147231,56.76,0.036,-0.118443,56.76,0.036,-0.116368
56.78,0.033,0.145832,56.78,0.033,0.155666,56.78,0.033,-0.134102,56.78,0.033,-0.132896
56.8,0.03,0.151122,56.8,0.03,0.163377,56.8,0.03,-0.128364,56.8,0.03,-0.12694
56.82,0.027,0.138606,56.82,0.027,0.152993,56.82,0.027,-0.119948,56.82,0.027,-0.118407
56.84,0.024,0.115094,56.84,0.024,0.128102,56.84,0.024,-0.0884849,56.84,0.024,-0.0865386
56.86,0.021,0.0787528,56.86,0.021,0.0904139,56.86,0.021,-0.056663,56.86,0.021,-0.0543785
56.88,0.018,0.0784217,56.88,0.018,0.0892155,56.88,0.018,-0.0432433,56.88,0.018,-0.0408296
56.9,0.015,0.0982538,56.9,0.015,0.10572,56.9,0.015,-0.0545317,56.9,0.015,-0.0521603
56.92,0.012,0.112771,56.92,0.012,0.120659,56.92,0.012,-0.0812172,56.92,0.012,-0.0794238
56.94,0.009,0.121067,56.94,0.009,0.129081,56.94,0.009,-0.115328,56.94,0.009,-0.114111
56.96,0.006,0.126045,56.96,0.006,0.134135,56.96,0.006,-0.145968,56.96,0.006,-0.145302
56.98,0.003,0.133008,56.98,0.003,0.140921,56.98,0.003,-0.163255,56.98,0.003,-0.163049
57,0,0.138116,57,0,0.149457,57,0,-0.161656,57,0,-0.160417
57.02,0,0.126441,57.02,0,0.143106,57.02,0,-0.156152,57.02,0,-0.154492
57.04,0,0.101809,57.04,0,0.116776,57.04,0,-0.128251,57.04,0,-0.125609
57.06,0,0.0518195,57.06,0,0.0634462,57.06,0,-0.09691,57.06,0,-0.0936931
57.08,0,0.048604,57.08,0,0.0588838,57.08,0,-0.0815192,57.08,0,-0.078272
57.1,0,0.0743693,57.1,0,0.083532,57.1,0,-0.0923557,57.1,0,-0.0888374
57.12,0,0.0888744,57.12,0,0.098009,57.12,0,-0.120976,57.12,0,-0.117355
57.14,0,0.0963291,57.14,0,0.105481,57.14,0,-0.15564,57.14,0,-0.152401
57.16,0,0.101566,57.16,0,0.110316,57.16,0,-0.184448,57.16,0,-0.181936
57.18,0,0.109176,57.18,0,0.117575,57.18,0,-0.197169,57.18,0,-0.195582
57.2,0,0.114532,57.2,0,0.12515,57.2,0,-0.18763,57.2,0,-0.18564
57.22,0,0.106046,57.22,0,0.118895,57.22,0,-0.178914,57.22,0,-0.176325
57.24,0,0.0849952,57.24,0,0.0963072,57.24,0,-0.150688,57.24,0,-0.147022
57.26,0,0.0465103,57.26,0,0.056956,57.26,0,-0.119999,57.26,0,-0.115362
57.28,0,0.0502336,57.28,0,0.0593623,57.28,0,-0.104794,57.28,0,-0.0994675
57.3,0,0.0735175,57.3,0,0.0791262,57.3,0,-0.112834,57.3,0,-0.107606
57.32,0,0.089199,57.32,0,0.0954853,57.32,0,-0.138147,57.32,0,-0.133212
57.34,0,0.0971928,57.34,0,0.103267,57.34,0,-0.16978,57.34,0,-0.165623
57.36,0,0.103041,57.36,0,0.108694,57.36,0,-0.196398,57.36,0,-0.192964
57.38,0,0.109998,57.38,0,0.115297,57.38,0,-0.207826,57.38,0,-0.205088
57.4,0,0.115941,57.4,0,0.124386,57.4,0,-0.196981,57.4,0,-0.193454
57.42,0,0.106997,57.42,0,0.121423,57.42,0,-0.187795,57.42,0,-0.183229
57.44,0,0.0838229,57.44,0,0.0968526,57.44,0,-0.158735,57.44,0,-0.15258
57.46,0,0.0363743,57.46,0,0.0463462,57.46,0,-0.127671,57.46,0,-0.120329
57.48,0,0.0351063,57.48,0,0.043427,57.48,0,-0.112049,57.48,0,-0.104038
57.5,0,0.0614089,57.5,0,0.0687698,57.5,0,-0.118819,57.5,0,-0.111007
57.52,0,0.0754523,57.52,0,0.0828171,57.52,0,-0.143162,57.52,0,-0.135629
57.54,0,0.0825739,57.54,0,0.0895547,57.54,0,-0.174962,57.54,0,-0.168194
57.56,0,0.0887975,57.56,0,0.09509,57.56,0,-0.202302,57.56,0,-0.196629
57.58,0,0.0967385,57.58,0,0.102582,57.58,0,-0.214453,57.58,0,-0.210257
57.6,0,0.102724,57.6,0,0.110532,57.6,0,-0.199613,57.6,0,-0.195361
57.62,0,0.0962195,57.62,0,0.10695,57.62,0,-0.1877,57.62,0,-0.182253
57.64,0,0.0752596,57.64,0,0.0847994,57.64,0,-0.1571,57.64,0,-0.150202
57.66,0,0.0374719,57.66,0,0.0465063,57.66,0,-0.125966,57.66,0,-0.117777
57.68,0,0.0418697,57.68,0,0.0485779,57.68,0,-0.110343,57.68,0,-0.101236
57.7,0,0.0656241,57.7,0,0.0701747,57.7,0,-0.116506,57.7,0,-0.107624
57.72,0,0.0801543,57.72,0,0.0853556,57.72,0,-0.13977,57.72,0,-0.131556
57.74,0,0.0873283,57.74,0,0.0921845,57.74,0,-0.170708,57.74,0,-0.163438
57.76,0,0.0928606,57.76,0,0.0973025,57.76,0,-0.197579,57.76,0,-0.191209
57.78,0,0.099413,57.78,0,0.103572,57.78,0,-0.2097,57.78,0,-0.20445
57.8,0,0.104028,57.8,0,0.111478,57.8,0,-0.197543,57.8,0,-0.191709
57.82,0,0.0943391,57.82,0,0.107296,57.82,0,-0.18702,57.82,0,-0.179518
57.84,0,0.0717397,57.84,0,0.0831556,57.84,0,-0.15677,57.84,0,-0.147305
57.86,0,0.0290926,57.86,0,0.0382824,57.86,0,-0.125433,57.86,0,-0.114357
57.88,0,0.0285468,57.88,0,0.0361893,57.88,0,-0.109741,57.88,0,-0.0975894
57.9,0,0.0540933,57.9,0,0.0605945,57.9,0,-0.116106,57.9,0,-0.104592
57.92,0,0.0675473,57.92,0,0.0737804,57.92,0,-0.139874,57.92,0,-0.129403
57.94,0,0.0743631,57.94,0,0.0799103,57.94,0,-0.171785,57.94,0,-0.162399
57.96,0,0.08073,57.96,0,0.0859106,57.96,0,-0.199746,57.96,0,-0.191425
57.98,0,0.0883961,57.98,0,0.0932837,57.98,0,-0.212793,57.98,0,-0.205923
58,0,0.0938078,58,0,0.100832,58,0,-0.198469,58,0,-0.191815
58.02,0,0.0873485,58.02,0,0.0977411,58.02,0,-0.186621,58.02,0,-0.178462
58.04,0,0.0665582,58.04,0,0.0758692,58.04,0,-0.15571,58.04,0,-0.145654
58.06,0,0.029929,58.06,0,0.038927,58.06,0,-0.124411,58.06,0,-0.112618
58.08,0,0.0346513,58.08,0,0.0410374,58.08,0,-0.108729,58.08,0,-0.0957172
58.1,0,0.0580749,58.1,0,0.0623956,58.1,0,-0.114912,58.1,0,-0.102536
58.12,0,0.0722208,58.12,0,0.0771744,58.12,0,-0.138187,58.12,0,-0.12692
58.14,0,0.078672,58.14,0,0.0831663,58.14,0,-0.169312,58.14,0,-0.159201
58.16,0,0.0838175,58.16,0,0.0876373,58.16,0,-0.196446,58.16,0,-0.187346
58.18,0,0.0900465,58.18,0,0.0935591,58.18,0,-0.208853,58.18,0,-0.20097
58.2,0,0.0940816,58.2,0,0.100762,58.2,0,-0.196939,58.2,0,-0.188951
58.22,0,0.0845376,58.22,0,0.0967434,58.22,0,-0.18648,58.22,0,-0.176664
58.24,0,0.0622776,58.24,0,0.0730165,58.24,0,-0.156194,58.24,0,-0.144216
58.26,0,0.022689,58.26,0,0.0311721,58.26,0,-0.124825,58.26,0,-0.110887
58.28,0,0.0227804,58.28,0,0.0294936,58.28,0,-0.109132,58.28,0,-0.0939083
58.3,0,0.0478614,58.3,0,0.0532934,58.3,0,-0.115559,58.3,0,-0.101318
58.32,0,0.0608269,58.32,0,0.0660225,58.32,0,-0.139402,58.32,0,-0.126482
58.34,0,0.0679527,58.34,0,0.0725124,58.34,0,-0.171391,58.34,0,-0.159723
58.36,0,0.0739588,58.36,0,0.0782075,58.36,0,-0.199423,58.36,0,-0.188925
58.38,0,0.0810349,58.38,0,0.0849919,58.38,0,-0.212534,58.38,0,-0.203519
58.4,0,0.0860913,58.4,0,0.092108,58.4,0,-0.198285,58.4,0,-0.189957
58.42,0,0.0797682,58.42,0,0.0891283,58.42,0,-0.186481,58.42,0,-0.176659
58.44,0,0.0590037,58.44,0,0.0675755,58.44,0,-0.155587,58.44,0,-0.144047
58.46,0,0.023546,58.46,0,0.0319079,58.46,0,-0.124284,58.46,0,-0.110981
58.48,0,0.0285012,58.48,0,0.0344031,58.48,0,-0.108602,58.48,0,-0.0939849
58.5,0,0.0517088,58.5,0,0.0557952,58.5,0,-0.114816,58.5,0,-0.101275
58.52,0,0.0658622,58.52,0,0.0700247,58.52,0,-0.138131,58.52,0,-0.126086
58.54,0,0.0728601,58.54,0,0.076401,58.54,0,-0.169269,58.54,0,-0.158464
58.56,0,0.0785248,58.56,0,0.0814902,58.56,0,-0.196401,58.56,0,-0.186599
58.58,0,0.0842109,58.58,0,0.0870592,58.58,0,-0.208794,58.58,0,-0.200128
58.6,0,0.0872662,58.6,0,0.0931649,58.6,0,-0.196896,58.6,0,-0.188305
58.62,0,0.0773133,58.62,0,0.0885068,58.62,0,-0.186457,58.62,0,-0.17609
58.64,0,0.0551124,58.64,0,0.0649606,58.64,0,-0.156189,58.64,0,-0.143864
58.66,0,0.0175386,58.66,0,0.025323,58.66,0,-0.124824,58.66,0,-0.110546
58.68,0,0.0179697,58.68,0,0.0239608,58.68,0,-0.109134,58.68,0,-0.0936173
58.7,0,0.0424843,58.7,0,0.0474079,58.7,0,-0.115571,58.7,0,-0.10125
58.72,0,0.0552354,58.72,0,0.0598398,58.72,0,-0.139425,58.72,0,-0.126677
58.74,0,0.0619246,58.74,0,0.0660591,58.74,0,-0.171411,58.74,0,-0.160102
58.76,0,0.0675633,58.76,0,0.0713032,58.76,0,-0.199434,58.76,0,-0.189253
58.78,0,0.0742066,58.78,0,0.0776183,58.78,0,-0.212531,58.78,0,-0.203735
58.8,0,0.0789907,58.8,0,0.0842538,58.8,0,-0.198289,58.8,0,-0.189912
58.82,0,0.0727705,58.82,0,0.0811942,58.82,0,-0.186494,58.82,0,-0.176588
58.84,0,0.0520127,58.84,0,0.0596854,58.84,0,-0.155606,58.84,0,-0.144025
58.86,0,0.0179954,58.86,0,0.0254123,58.86,0,-0.124304,58.86,0,-0.110971
58.88,0,0.0230746,58.88,0,0.0279952,58.88,0,-0.108623,58.88,0,-0.0940064
58.9,0,0.0460167,58.9,0,0.0493979,58.9,0,-0.114836,58.9,0,-0.1012
58.92,0,0.0596519,58.92,0,0.0628236,58.92,0,-0.138149,58.92,0,-0.126076
58.94,0,0.0665852,58.94,0,0.0693576,58.94,0,-0.169284,58.94,0,-0.158379
58.96,0,0.0722353,58.96,0,0.0745818,58.96,0,-0.196412,58.96,0,-0.186407
58.98,0,0.0781331,58.98,0,0.0806587,58.98,0,-0.208802,58.98,0,-0.19985
59,0,0.0803184,59,0,0.085905,59,0,-0.196903,59,0,-0.187991
59.02,0,0.0700491,59.02,0,0.0805042,59.02,0,-0.186467,59.02,0,-0.176107
59.04,0,0.0481736,59.04,0,0.0571744,59.04,0,-0.156196,59.04,0,-0.144204
59.06,0,0.0127825,59.06,0,0.0199167,59.06,0,-0.124829,59.06,0,-0.111128
59.08,0,0.0134665,59.08,0,0.0190292,59.08,0,-0.109138,59.08,0,-0.094357
59.1,0,0.0374873,59.1,0,0.0420471,59.1,0,-0.115571,59.1,0,-0.10191
59.12,0,0.0497964,59.12,0,0.0539807,59.12,0,-0.139421,59.12,0,-0.127305
59.14,0,0.0559698,59.14,0,0.0597822,59.14,0,-0.171406,59.14,0,-0.160519
59.16,0,0.0613168,59.16,0,0.0647541,59.16,0,-0.19943,59.16,0,-0.189605
59.18,0,0.0678088,59.18,0,0.07105,59.18,0,-0.212531,59.18,0,-0.203861
59.2,0,0.0723371,59.2,0,0.0774566,59.2,0,-0.198286,59.2,0,-0.190184
59.22,0,0.0660946,59.22,0,0.0744144,59.22,0,-0.186491,59.22,0,-0.177288
59.24,0,0.0454624,59.24,0,0.0531525,59.24,0,-0.155599,59.24,0,-0.144938
59.26,0,0.0129643,59.26,0,0.0199858,59.26,0,-0.124294,59.26,0,-0.112152
59.28,0,0.0180802,59.28,0,0.0228787,59.28,0,-0.108612,59.28,0,-0.0954925
59.3,0,0.0407253,59.3,0,0.0443049,59.3,0,-0.114821,59.3,0,-0.102844
59.32,0,0.0537191,59.32,0,0.0570868,59.32,0,-0.138131,59.32,0,-0.12759
59.34,0,0.0602606,59.34,0,0.0631637,59.34,0,-0.169266,59.34,0,-0.159884
59.36,0,0.0656403,59.36,0,0.0681205,59.36,0,-0.196397,59.36,0,-0.187826
59.38,0,0.0719477,59.38,0,0.0743982,59.38,0,-0.208793,59.38,0,-0.201208
59.4,0,0.0734785,59.4,0,0.0788102,59.4,0,-0.196893,59.4,0,-0.189598
59.42,0,0.0630477,59.42,0,0.0724946,59.42,0,-0.186457,59.42,0,-0.178089
59.44,0,0.0416794,59.44,0,0.0495149,59.44,0,-0.156182,59.44,0,-0.146432
59.46,0,0.00849007,59.46,0,0.0143888,59.46,0,-0.124812,59.46,0,-0.113527
59.48,0,0.00938587,59.48,0,0.0136734,59.48,0,-0.10912,59.48,0,-0.0967942
59.5,0,0.0328862,59.5,0,0.0362754,59.5,0,-0.115552,59.5,0,-0.104179
59.52,0,0.0446851,59.52,0,0.0478189,59.52,0,-0.139399,59.52,0,-0.129337
59.54,0,0.0504755,59.54,0,0.053237,59.54,0,-0.171385,59.54,0,-0.162411
59.56,0,0.055557,59.56,0,0.0579877,59.56,0,-0.199412,59.56,0,-0.191247
59.58,0,0.061993,59.58,0,0.0642044,59.58,0,-0.212518,59.58,0,-0.205382
59.6,0,0.0663571,59.6,0,0.0704157,59.6,0,-0.198274,59.6,0,-0.191463
59.62,0,0.0601584,59.62,0,0.0672711,59.62,0,-0.186482,59.62,0,-0.178288
59.64,0,0.0396801,59.64,0,0.0462227,59.64,0,-0.155587,59.64,0,-0.145889
59.66,0,0.00843055,59.66,0,0.0145515,59.66,0,-0.124279,59.66,0,-0.112986
59.68,0,0.0136159,59.68,0,0.0175681,59.68,0,-0.108596,59.68,0,-0.0961335
59.7,0,0.0360005,59.7,0,0.0387691,59.7,0,-0.114805,59.7,0,-0.103372
59.72,0,0.0484682,59.72,0,0.0510068,59.72,0,-0.138113,59.72,0,-0.127948
59.74,0,0.0546796,59.74,0,0.0567455,59.74,0,-0.169248,59.74,0,-0.160306
59.76,0,0.0598101,59.76,0,0.0614597,59.76,0,-0.196382,59.76,0,-0.188333
59.78,0,0.0662006,59.78,0,0.0676266,59.78,0,-0.208782,59.78,0,-0.201823
59.8,0,0.0673485,59.8,0,0.0720547,59.8,0,-0.196883,59.8,0,-0.189845
59.82,0,0.0570027,59.82,0,0.0660803,59.82,0,-0.186449,59.82,0,-0.178114
59.84,0,0.0361417,59.84,0,0.0435852,59.84,0,-0.15617,59.84,0,-0.146095
59.86,0,0.00487143,59.86,0,0.0103622,59.86,0,-0.124798,59.86,0,-0.113134
59.88,0,0.00588922,59.88,0,0.00980921,59.88,0,-0.109106,59.88,0,-0.0964071
59.9,0,0.0289258,59.9,0,0.0320076,59.9,0,-0.115537,59.9,0,-0.103715
59.92,0,0.0402912,59.92,0,0.0429719,59.92,0,-0.139383,59.92,0,-0.128833
59.94,0,0.0457699,59.94,0,0.0479218,59.94,0,-0.17137,59.94,0,-0.161942
59.96,0,0.050615,59.96,0,0.0523533,59.96,0,-0.199399,59.96,0,-0.190912
59.98,0,0.0569482,59.98,0,0.058509,59.98,0,-0.212509,59.98,0,-0.205141
60,0,0.06121,60,0,0.0645857,60,0,-0.198266,60,0,-0.19121
60.02,0,0.0548691,60.02,0,0.0612459,60.02,0,-0.186476,60.02,0,-0.178117
60.04,0,0.0345692,60.04,0,0.0403373,60.04,0,-0.155578,60.04,0,-0.145746
60.06,0,0.00448396,60.06,0,0.0101808,60.06,0,-0.124268,60.06,0,-0.112952
60.08,0,0.00955876,60.08,0,0.0129726,60.08,0,-0.108584,60.08,0,-0.0962524
60.1,0,0.0317333,60.1,0,0.0337491,60.1,0,-0.114792,60.1,0,-0.103253
60.12,0,0.0438094,60.12,0,0.0454132,60.12,0,-0.138099,60.12,0,-0.128004
60.14,0,0.0497335,60.14,0,0.0507229,60.14,0,-0.169235,60.14,0,-0.160372
60.16,0,0.054653,60.16,0,0.0550964,60.16,0,-0.196371,60.16,0,-0.188406
60.18,0,0.0609265,60.18,0,0.0610411,60.18,0,-0.208774,60.18,0,-0.201757
60.2,0,0.0619809,60.2,0,0.0656779,60.2,0,-0.196876,60.2,0,-0.189731
60.22,0,0.051752,60.22,0,0.060245,60.22,0,-0.186443,60.22,0,-0.177753
60.24,0,0.0313196,60.24,0,0.0382645,60.24,0,-0.156162,60.24,0,-0.145576
60.26,0,0.00169494,60.26,0,0.00667781,60.26,0,-0.124788,60.26,0,-0.112505
60.28,0,0.00278563,60.28,0,0.00613256,60.28,0,-0.109095,60.28,0,-0.0957568
60.3,0,0.0253259,60.3,0,0.027761,60.3,0,-0.115526,60.3,0,-0.103207
60.32,0,0.036335,60.32,0,0.0381195,60.32,0,-0.139371,60.32,0,-0.128321
60.34,0,0.0415418,60.34,0,0.0426087,60.34,0,-0.171358,60.34,0,-0.161511
60.36,0,0.0461918,60.36,0,0.0467148,60.36,0,-0.199389,60.36,0,-0.190595
60.38,0,0.0523856,60.38,0,0.0525612,60.38,0,-0.212501,60.38,0,-0.205059
60.4,0,0.0565609,60.4,0,0.0587423,60.4,0,-0.198259,60.4,0,-0.190826
60.42,0,0.0501601,60.42,0,0.0560846,60.42,0,-0.18647,60.42,0,-0.177281
60.44,0,0.0300891,60.44,0,0.0354393,60.44,0,-0.155571,60.44,0,-0.144627
60.46,0,0.00104147,60.46,0,0.00643814,60.46,0,-0.12426,60.46,0,-0.111586
60.48,0,0.00606741,60.48,0,0.00924463,60.48,0,-0.108575,60.48,0,-0.0946171
60.5,0,0.0280158,60.5,0,0.0298131,60.5,0,-0.114782,60.5,0,-0.101772
60.52,0,0.0397331,60.52,0,0.0409194,60.52,0,-0.138088,60.52,0,-0.126618
60.54,0,0.0453896,60.54,0,0.0459448,60.54,0,-0.169225,60.54,0,-0.15901
60.56,0,0.0501009,60.56,0,0.0501641,60.56,0,-0.196362,60.56,0,-0.187127
60.58,0,0.0562019,60.58,0,0.0559087,60.58,0,-0.208768,60.58,0,-0.200674
60.6,0,0.0571389,60.6,0,0.0603668,60.6,0,-0.19687,60.6,0,-0.188708
60.62,0,0.0469847,60.62,0,0.0548174,60.62,0,-0.186438,60.62,0,-0.176748
60.64,0,0.026934,60.64,0,0.033286,60.64,0,-0.156155,60.64,0,-0.144566
60.66,0,-0.00128779,60.66,0,0.00393469,60.66,0,-0.12478,60.66,0,-0.111403
60.68,0,-0.000164692,60.68,0,0.00345252,60.68,0,-0.109086,60.68,0,-0.0944964
60.7,0,0.0219904,60.7,0,0.0245652,60.7,0,-0.115516,60.7,0,-0.101972
60.72,0,0.0327347,60.72,0,0.0345955,60.72,0,-0.139361,60.72,0,-0.127089
60.74,0,0.0377334,60.74,0,0.0388853,60.74,0,-0.171348,60.74,0,-0.160368
60.76,0,0.0422209,60.76,0,0.0428164,60.76,0,-0.19938,60.76,0,-0.189557
60.78,0,0.0482762,60.78,0,0.0485122,60.78,0,-0.212495,60.78,0,-0.204012
60.8,0,0.0522719,60.8,0,0.0545579,60.8,0,-0.198254,60.8,0,-0.190365
60.82,0,0.0457911,60.82,0,0.0518685,60.82,0,-0.186466,60.82,0,-0.176921
60.84,0,0.0260149,60.84,0,0.0313988,60.84,0,-0.155565,60.84,0,-0.144302
60.86,0,-0.00200466,60.86,0,0.00321339,60.86,0,-0.124253,60.86,0,-0.111299
60.88,0,0.00294022,60.88,0,0.00586875,60.88,0,-0.108568,60.88,0,-0.0944993
60.9,0,0.0246025,60.9,0,0.0261982,60.9,0,-0.114774,60.9,0,-0.101654
60.92,0,0.036025,60.92,0,0.037002,60.92,0,-0.13808,60.92,0,-0.126314
60.94,0,0.0414386,60.94,0,0.0417238,60.94,0,-0.169216,60.94,0,-0.158759
60.96,0,0.045983,60.96,0,0.0457041,60.96,0,-0.196355,60.96,0,-0.186923
60.98,0,0.0519295,60.98,0,0.0512147,60.98,0,-0.208762,60.98,0,-0.200458
61,0,0.0528978,61,0,0.0557534,61,0,-0.196865,61,0,-0.188593
61.02,0,0.0429033,61.02,0,0.0502864,61.02,0,-0.186434,61.02,0,-0.176496
61.04,0,0.0231654,61.04,0,0.0291218,61.04,0,-0.156149,61.04,0,-0.144383
61.06,0,-0.00390715,61.06,0,0.00117794,61.06,0,-0.124773,61.06,0,-0.111223
61.08,0,-0.00273017,61.08,0,0.000597268,61.08,0,-0.109079,61.08,0,-0.0944118
61.1,0,0.0190418,61.1,0,0.0211739,61.1,0,-0.115509,61.1,0,-0.102015
61.12,0,0.0295681,61.12,0,0.0308669,61.12,0,-0.139353,61.12,0,-0.12745
61.14,0,0.0343635,61.14,0,0.0348638,61.14,0,-0.17134,61.14,0,-0.160864
61.16,0,0.0387039,61.16,0,0.0386524,61.16,0,-0.199373,61.16,0,-0.189908
61.18,0,0.0446064,61.18,0,0.0441343,61.18,0,-0.212491,61.18,0,-0.20426
61.2,0,0.0483615,61.2,0,0.0501183,61.2,0,-0.198249,61.2,0,-0.190303
61.22,0,0.0418536,61.22,0,0.0478934,61.22,0,-0.186463,61.22,0,-0.176883
61.24,0,0.0223868,61.24,0,0.0277725,61.24,0,-0.15556,61.24,0,-0.144277
61.26,0,-0.00466826,61.26,0,0.000524227,61.26,0,-0.124247,61.26,0,-0.111249
61.28,0,0.000166816,61.28,0,0.00303365,61.28,0,-0.108562,61.28,0,-0.0943567
61.3,0,0.0216011,61.3,0,0.0230485,61.3,0,-0.114768,61.3,0,-0.101686
61.32,0,0.0327711,61.32,0,0.033431,61.32,0,-0.138072,61.32,0,-0.12662
61.34,0,0.0379772,61.34,0,0.0378661,61.34,0,-0.169209,61.34,0,-0.158894
61.36,0,0.0423733,61.36,0,0.0416619,61.36,0,-0.196349,61.36,0,-0.18698
61.38,0,0.0481734,61.38,0,0.0469092,61.38,0,-0.208758,61.38,0,-0.200451
61.4,0,0.0492656,61.4,0,0.0514198,61.4,0,-0.196861,61.4,0,-0.188729
61.42,0,0.0393471,61.42,0,0.0460207,61.42,0,-0.18643,61.42,0,-0.176576
61.44,0,0.0198863,61.44,0,0.0251808,61.44,0,-0.156144,61.44,0,-0.144212
61.46,0,-0.00616741,61.46,0,-0.00147573,61.46,0,-0.124768,61.46,0,-0.110813
61.48,0,-0.00493834,61.48,0,-0.00217995,61.48,0,-0.109073,61.48,0,-0.0937597
61.5,0,0.0164574,61.5,0,0.0179957,61.5,0,-0.115503,61.5,0,-0.101058
61.52,0,0.0267765,61.52,0,0.027418,61.52,0,-0.139346,61.52,0,-0.126426
61.54,0,0.031395,61.54,0,0.0312264,61.54,0,-0.171333,61.54,0,-0.159796
61.56,0,0.0355898,61.56,0,0.0348454,61.56,0,-0.199368,61.56,0,-0.188872
61.58,0,0.0413422,61.58,0,0.0401534,61.58,0,-0.212486,61.58,0,-0.203414
61.6,0,0.0449252,61.6,0,0.0459496,61.6,0,-0.198246,61.6,0,-0.189749
61.62,0,0.038417,61.62,0,0.0435668,61.62,0,-0.18646,61.62,0,-0.176108
61.64,0,0.0192423,61.64,0,0.0237069,61.64,0,-0.155556,61.64,0,-0.143288
61.66,0,-0.00696062,61.66,0,-0.00241588,61.66,0,-0.124242,61.66,0,-0.11008
61.68,0,-0.00225573,61.68,0,-8.29433e-05,61.68,0,-0.108557,61.68,0,-0.0929831
61.7,0,0.0189268,61.7,0,0.0196254,61.7,0,-0.114762,61.7,0,-0.100271
61.72,0,0.029885,61.72,0,0.0298192,61.72,0,-0.138066,61.72,0,-0.125078
61.74,0,0.0348846,61.74,0,0.0340916,61.74,0,-0.169204,61.74,0,-0.157572
61.76,0,0.0391413,61.76,0,0.037751,61.76,0,-0.196344,61.76,0,-0.185694
61.78,0,0.044799,61.78,0,0.0428976,61.78,0,-0.208755,61.78,0,-0.199261
61.8,0,0.0461223,61.8,0,0.0476966,61.8,0,-0.196858,61.8,0,-0.187536
61.82,0,0.0363024,61.82,0,0.042466,61.82,0,-0.186427,61.82,0,-0.17527
61.84,0,0.0171115,61.84,0,0.0219437,61.84,0,-0.15614,61.84,0,-0.142953
61.86,0,-0.0081027,61.86,0,-0.00359091,61.86,0,-0.124763,61.86,0,-0.109563
61.88,0,-0.00683241,61.88,0,-0.00429166,61.88,0,-0.109069,61.88,0,-0.0925461
61.9,0,0.0142266,61.9,0,0.0154774,61.9,0,-0.115498,61.9,0,-0.099979
61.92,0,0.0243423,61.92,0,0.0247233,61.92,0,-0.139341,61.92,0,-0.125394
61.94,0,0.0287963,61.94,0,0.0283695,61.94,0,-0.171328,61.94,0,-0.15892
61.96,0,0.0328568,61.96,0,0.0318546,61.96,0,-0.199363,61.96,0,-0.188158
61.98,0,0.0384665,61.98,0,0.0370078,61.98,0,-0.212483,61.98,0,-0.202764
