t,roll_err_deg,roll_err_rms_deg,bay_err_rms,roll_sigma_deg,bay_err,bay_sigma,turning
0,-0.144517,0.106311,0.018767,1.14594,0.0256632,0.196133,0
0.01,-0.144356,0.107402,0.018959,1.14595,0.0256546,0.196133,0
0.02,-0.144498,0.108274,0.0191075,1.14595,0.0256876,0.196133,0
0.03,-0.144985,0.108908,0.0192142,1.14595,0.0256893,0.196133,0
0.04,-0.144701,0.109259,0.0192854,1.14595,0.0257007,0.196133,0
0.05,-0.145306,0.109452,0.0193333,1.14595,0.0256909,0.196133,0
0.06,-0.145376,0.109617,0.0193733,1.14595,0.0257157,0.196133,0
0.07,-0.145407,0.109932,0.0194322,1.14595,0.0257686,0.196132,0
0.08,-0.147463,0.110716,0.0195641,1.14594,0.0258672,0.196131,0
0.09,-0.149921,0.11264,0.0198756,1.14592,0.0261421,0.196127,0
0.1,-0.149443,0.116691,0.0205375,1.14585,0.0265489,0.196115,0
0.11,-0.151775,0.123871,0.021735,1.14573,0.0270844,0.196095,0
0.12,-0.150216,0.134648,0.0235498,1.14556,0.027688,0.196065,0
0.13,-0.14979,0.148224,0.0258585,1.14535,0.0282449,0.196031,0
0.14,-0.150658,0.16308,0.0284485,1.14515,0.0286044,0.195997,0
0.15,-0.15382,0.177725,0.0310889,1.14498,0.028863,0.19597,0
0.16,-0.15466,0.190627,0.0334507,1.14487,0.0289215,0.195952,0
0.17,-0.15342,0.199982,0.0351915,1.1448,0.028923,0.195942,0
0.18,-0.15783,0.206592,0.0364217,1.14476,0.028744,0.195936,0
0.19,-0.171971,0.212395,0.0374895,1.14472,0.0284503,0.195927,0
0.2,-0.183219,0.218207,0.0385373,1.14465,0.0280612,0.195911,0
0.21,-0.171648,0.223786,0.0395322,1.14448,0.0269601,0.19588,0
0.22,-0.149662,0.229041,0.0404505,1.1441,0.0248567,0.195814,0
0.23,-0.131209,0.233876,0.0412739,1.1432,0.0226954,0.19566,0
0.24,-0.122239,0.238423,0.0420112,1.14216,0.0216545,0.195482,0
0.25,-0.111956,0.242772,0.0426836,1.14102,0.0199354,0.195287,0
0.26,-0.102254,0.246032,0.0431572,1.13947,0.0178666,0.195024,0
0.27,-0.0903953,0.249095,0.0436039,1.13766,0.0154562,0.194716,0
0.28,-0.071476,0.252225,0.0440573,1.1357,0.0127276,0.194381,0
0.29,-0.0511257,0.255708,0.0445677,1.13369,0.0103984,0.194039,0
0.3,-0.0406745,0.260065,0.0451947,1.13175,0.00883305,0.193708,0
0.31,-0.047712,0.265707,0.0459883,1.12995,0.00923387,0.1934,0
0.32,-0.0734586,0.272966,0.0469664,1.12828,0.0129313,0.193114,0
0.33,-0.117801,0.281761,0.0480998,1.12665,0.0201837,0.192834,0
0.34,-0.181058,0.291461,0.0493187,1.1249,0.030651,0.192534,0
0.35,-0.256547,0.301227,0.0505291,1.12289,0.0437532,0.192187,0
0.36,-0.337851,0.310534,0.0516494,1.12049,0.0579977,0.191774,0
0.37,-0.412002,0.319287,0.0527003,1.1177,0.0708291,0.191293,0
0.38,-0.465991,0.328189,0.0538398,1.11471,0.0805843,0.190775,0
0.39,-0.49492,0.337927,0.0552116,1.11174,0.0872308,0.19026,0
0.4,-0.50151,0.346521,0.0564766,1.10902,0.0893588,0.189791,0
0.41,-0.459207,0.354189,0.0576611,1.10686,0.0828355,0.189419,0
0.42,-0.388702,0.361022,0.0587699,1.1054,0.0703408,0.189172,0
0.43,-0.349545,0.367019,0.0598072,1.10413,0.0631211,0.188959,0
0.44,-0.351981,0.372169,0.0607763,1.10296,0.0630876,0.188767,0
0.45,-0.352677,0.376503,0.0616863,1.10197,0.0628631,0.188605,0
0.46,-0.34922,0.380478,0.0625594,1.10078,0.0615875,0.188411,0
0.47,-0.338808,0.384509,0.0634316,1.09942,0.0592325,0.188189,0
0.48,-0.330719,0.388849,0.0643492,1.09793,0.0564895,0.187943,0
0.49,-0.325126,0.393707,0.0653542,1.09642,0.0541641,0.187694,0
0.5,-0.320828,0.39932,0.066504,1.09509,0.0525056,0.187473,0
0.51,-0.312264,0.405886,0.0678642,1.09409,0.0512237,0.187309,0
0.52,-0.31234,0.413546,0.0694913,1.09345,0.0508935,0.187207,0
0.53,-0.321228,0.422424,0.0713969,1.09307,0.052507,0.18715,0
0.54,-0.347332,0.432565,0.0734967,1.09271,0.0563626,0.187101,0
0.55,-0.388978,0.442965,0.0756117,1.09199,0.0622976,0.186999,0
0.56,-0.441683,0.452137,0.0775453,1.0904,0.0692036,0.186766,0
0.57,-0.494056,0.459646,0.0791782,1.08751,0.0755356,0.186332,0
0.58,-0.537365,0.466455,0.0806108,1.08325,0.080101,0.185687,0
0.59,-0.55682,0.473723,0.0820256,1.07815,0.0822606,0.184895,0
0.6,-0.557828,0.480724,0.0833051,1.07309,0.081425,0.184084,0
0.61,-0.548344,0.487019,0.0843939,1.06904,0.0789982,0.183404,0
0.62,-0.548004,0.492131,0.0852242,1.06641,0.0799359,0.182929,0
0.63,-0.57563,0.495994,0.0857813,1.06453,0.0876856,0.182563,0
0.64,-0.57611,0.498879,0.0861047,1.06345,0.0900372,0.182333,0
0.65,-0.549976,0.501259,0.0862747,1.06319,0.0878666,0.182246,0
0.66,-0.528814,0.503893,0.0864552,1.06296,0.0862087,0.182169,0
0.67,-0.504155,0.508075,0.0868854,1.06266,0.0843911,0.182081,0
0.68,-0.478282,0.514365,0.0876803,1.06225,0.0825469,0.181976,0
0.69,-0.450163,0.522963,0.088856,1.06173,0.0805346,0.181853,0
0.7,-0.431297,0.534419,0.0904739,1.06106,0.0790214,0.18171,0
0.71,-0.425117,0.549264,0.0925866,1.06014,0.0784295,0.18153,0
0.72,-0.426385,0.567133,0.0951203,1.0589,0.0791515,0.181301,0
0.73,-0.441993,0.586924,0.097914,1.05745,0.0817229,0.181041,0
0.74,-0.469914,0.606661,0.10076,1.05599,0.0865767,0.180779,0
0.75,-0.50687,0.62497,0.103447,1.05457,0.0935053,0.180521,0
0.76,-0.548276,0.641436,0.105821,1.05311,0.102573,0.18025,0
0.77,-0.592686,0.655717,0.10785,1.05145,0.112487,0.179942,0
0.78,-0.642944,0.667978,0.109636,1.04954,0.121494,0.179583,0
0.79,-0.677482,0.678922,0.111317,1.0475,0.125975,0.179184,0
0.8,-0.66459,0.688513,0.112857,1.04549,0.124699,0.178788,0
0.81,-0.611089,0.696733,0.114243,1.0437,0.11765,0.178447,0
0.82,-0.568205,0.703427,0.115464,1.04217,0.10933,0.178175,0
0.83,-0.583299,0.708559,0.116528,1.0403,0.108617,0.177873,0
0.84,-0.609649,0.712435,0.11746,1.03841,0.10941,0.177602,0
0.85,-0.623386,0.715466,0.118299,1.03773,0.108704,0.177554,0
0.86,-0.62694,0.71805,0.11908,1.03703,0.106874,0.177503,0
0.87,-0.621502,0.720318,0.119798,1.03625,0.103869,0.17744,0
0.88,-0.615023,0.721954,0.120371,1.03538,0.100401,0.17736,0
0.89,-0.608611,0.722451,0.120712,1.03443,0.0975061,0.17726,0
0.9,-0.607112,0.722637,0.120963,1.03342,0.095784,0.177142,0
0.91,-0.614472,0.722409,0.121119,1.03225,0.0965342,0.176992,0
0.92,-0.648779,0.721829,0.121194,1.03087,0.101983,0.176805,0
0.93,-0.712632,0.721068,0.121214,1.02933,0.112929,0.176598,0
0.94,-0.805136,0.720459,0.1212,1.02761,0.12828,0.176375,0
0.95,-0.91513,0.720005,0.121162,1.02552,0.145227,0.176104,0
0.96,-1.01837,0.719395,0.121098,1.0229,0.16035,0.175758,0
0.97,-1.09802,0.718583,0.121002,1.01982,0.171196,0.175349,0
0.98,-1.13642,0.717744,0.120881,1.01667,0.176686,0.174923,0
0.99,-1.12447,0.716915,0.120726,1.01408,0.176412,0.174537,0
1,-1.09021,0.715739,0.120466,1.01233,0.170219,0.174239,0
1.01,-1.03848,0.714108,0.120069,1.01144,0.160252,0.174039,0
1.02,-0.977062,0.711849,0.119483,1.01108,0.150892,0.173884,0
1.03,-0.932397,0.708775,0.118678,1.01025,0.146989,0.173627,0
1.04,-0.902515,0.704804,0.117689,1.00946,0.145035,0.173375,0
1.05,-0.871875,0.700508,0.116622,1.00957,0.14266,0.173284,0
1.06,-0.843365,0.696836,0.115621,1.00966,0.140009,0.173195,0
1.07,-0.808293,0.694277,0.114806,1.00968,0.137055,0.173093,0
1.08,-0.773835,0.692507,0.114163,1.00955,0.133821,0.172966,0
1.09,-0.739341,0.691021,0.113612,1.00922,0.130467,0.172812,0
1.1,-0.713572,0.690544,0.113262,1.00862,0.126946,0.172628,0
1.11,-0.68922,0.691348,0.113142,1.00769,0.123441,0.172407,0
1.12,-0.667933,0.693518,0.113256,1.00652,0.11949,0.172161,0
1.13,-0.637167,0.69679,0.113564,1.00538,0.114107,0.171929,0
1.14,-0.595347,0.700328,0.113984,1.00447,0.107709,0.171732,0
1.15,-0.548201,0.703582,0.114407,1.00369,0.100548,0.171553,0
1.16,-0.496923,0.706299,0.114727,1.00285,0.0934234,0.171358,0
1.17,-0.448379,0.708029,0.114868,1.00182,0.0873323,0.171131,0
1.18,-0.419672,0.708286,0.114797,1.00066,0.0824061,0.170885,0
1.19,-0.411065,0.706788,0.114491,0.999523,0.0784383,0.170644,0
1.2,-0.386422,0.702572,0.113801,0.998532,0.0749949,0.17044,0
1.21,-0.356026,0.695019,0.11265,0.997691,0.0718617,0.170288,0
1.22,-0.348449,0.684145,0.111071,0.996839,0.0700466,0.170168,0
1.23,-0.373696,0.670549,0.109168,0.99531,0.0716252,0.169961,0
1.24,-0.385608,0.655716,0.107098,0.993599,0.070256,0.169757,0
1.25,-0.395595,0.640933,0.105044,0.992685,0.0694055,0.169703,0
1.26,-0.402745,0.626902,0.103166,0.991733,0.0677143,0.169647,0
1.27,-0.400543,0.614139,0.101509,0.990698,0.0650445,0.16958,0
1.28,-0.397366,0.602437,0.0999428,0.989554,0.0618443,0.169496,0
1.29,-0.395132,0.59084,0.0982756,0.988336,0.0588622,0.169391,0
1.3,-0.393823,0.579132,0.0965092,0.987076,0.057199,0.169267,0
1.31,-0.398454,0.567295,0.0946504,0.985708,0.057659,0.169111,0
1.32,-0.427343,0.555611,0.0927374,0.98421,0.0622107,0.168927,0
1.33,-0.479216,0.544424,0.0908124,0.982717,0.0710967,0.168741,0
1.34,-0.55139,0.533883,0.0889083,0.981273,0.0831881,0.16857,0
1.35,-0.633841,0.524,0.0870524,0.979821,0.0960996,0.168407,0
1.36,-0.706009,0.514592,0.0852648,0.97829,0.107426,0.168238,0
1.37,-0.765543,0.505645,0.0835612,0.976686,0.115809,0.168064,0
1.38,-0.791346,0.497325,0.0819832,0.975177,0.120324,0.167895,0
1.39,-0.781646,0.489981,0.0805656,0.974119,0.120531,0.167749,0
1.4,-0.761377,0.483699,0.0793108,0.97355,0.116338,0.167638,0
1.41,-0.733321,0.478553,0.0782157,0.973391,0.109388,0.167558,0
1.42,-0.699653,0.474447,0.0772605,0.973497,0.103416,0.16748,0
1.43,-0.680659,0.471156,0.0764093,0.973327,0.102793,0.167326,0
1.44,-0.669193,0.468167,0.0756329,0.973057,0.10385,0.167148,0
1.45,-0.644365,0.465421,0.0749169,0.973486,0.101921,0.16709,0
1.46,-0.618405,0.463176,0.0742581,0.97389,0.0998125,0.167029,0
1.47,-0.589255,0.461345,0.0736564,0.974224,0.0977529,0.166955,0
1.48,-0.562948,0.459629,0.0730873,0.974405,0.0956733,0.166859,0
1.49,-0.53336,0.457937,0.072553,0.974382,0.0933234,0.166738,0
1.5,-0.511605,0.456831,0.0721514,0.974089,0.0907216,0.16659,0
1.51,-0.492842,0.456478,0.071897,0.973448,0.0875208,0.166408,0
1.52,-0.463965,0.457019,0.0718092,0.972521,0.0825639,0.166198,0
1.53,-0.419788,0.45834,0.0718774,0.971554,0.0748926,0.165989,0
1.54,-0.356518,0.459848,0.0720588,0.970714,0.064557,0.165803,0
1.55,-0.279336,0.461205,0.0722822,0.969983,0.05266,0.165628,0
1.56,-0.201783,0.462484,0.0724767,0.969226,0.0409425,0.165444,0
1.57,-0.13339,0.463355,0.0725883,0.968363,0.0306201,0.165241,0
1.58,-0.091872,0.463428,0.0725883,0.967414,0.0226333,0.165031,0
1.59,-0.0783564,0.462451,0.0724616,0.966508,0.0177964,0.164837,0
1.6,-0.0678384,0.459317,0.0720467,0.965754,0.0168837,0.164688,0
1.61,-0.0627321,0.453598,0.0712771,0.965147,0.0189175,0.164595,0
1.62,-0.0860774,0.44533,0.0701748,0.964523,0.0234811,0.164539,0
1.63,-0.128923,0.434937,0.0688213,0.963475,0.0284412,0.164442,0
1.64,-0.152912,0.423684,0.0673374,0.962172,0.0300462,0.164323,0
1.65,-0.163596,0.41249,0.0658746,0.961328,0.0295833,0.164293,0
1.66,-0.171802,0.401689,0.0645604,0.96042,0.0286363,0.164259,0
1.67,-0.177158,0.391487,0.0634045,0.959418,0.0270033,0.164216,0
1.68,-0.181208,0.381611,0.0622442,0.958331,0.0251163,0.164158,0
1.69,-0.180304,0.370947,0.0608407,0.95719,0.0233485,0.164083,0
1.7,-0.184534,0.359803,0.0592549,0.956023,0.022347,0.16399,0
1.71,-0.188238,0.348646,0.0575623,0.954795,0.0228338,0.163869,0
1.72,-0.204864,0.338028,0.0558404,0.953483,0.0255184,0.16372,0
1.73,-0.240761,0.328448,0.0541676,0.952186,0.0315591,0.163569,0
1.74,-0.291597,0.319944,0.052584,0.951022,0.0401668,0.163441,0
1.75,-0.351153,0.312261,0.0510767,0.949974,0.0496945,0.163339,0
1.76,-0.408584,0.305018,0.0496019,0.948999,0.0583992,0.163253,0
1.77,-0.457716,0.298023,0.048161,0.948051,0.065216,0.163178,0
1.78,-0.477174,0.291509,0.0468434,0.947259,0.0695295,0.163114,0
1.79,-0.469925,0.286185,0.0457718,0.946868,0.0709498,0.163064,0
1.8,-0.465051,0.282516,0.044997,0.946811,0.0695431,0.163032,0
1.81,-0.459671,0.280373,0.0444955,0.947037,0.0668,0.163011,0
1.82,-0.45281,0.279344,0.0442005,0.94742,0.0651482,0.162984,0
1.83,-0.45624,0.278924,0.0440369,0.947612,0.0678231,0.162902,0
1.84,-0.460596,0.278726,0.0439446,0.947794,0.0709079,0.162808,0
1.85,-0.438924,0.278627,0.0438783,0.948357,0.0696575,0.162775,0
1.86,-0.419265,0.278605,0.0438083,0.948885,0.0685535,0.162736,0
1.87,-0.399643,0.278584,0.043711,0.949356,0.0677373,0.162685,0
1.88,-0.380012,0.278436,0.0435686,0.949679,0.0672203,0.162615,0
1.89,-0.364458,0.278193,0.0434003,0.949806,0.0667303,0.162521,0
1.9,-0.353388,0.278211,0.0432763,0.949678,0.0659696,0.162404,0
1.91,-0.342886,0.278641,0.0432286,0.949202,0.0643317,0.162253,0
1.92,-0.321106,0.279563,0.0432704,0.948393,0.0601324,0.162066,0
1.93,-0.276703,0.280835,0.0433952,0.94746,0.0518664,0.161869,0
1.94,-0.201933,0.282081,0.0435819,0.946577,0.0394387,0.161681,0
1.95,-0.107375,0.283278,0.0437982,0.945716,0.0241558,0.161491,0
1.96,-0.00700297,0.284688,0.0440163,0.944739,0.00820117,0.161275,0
1.97,0.0842255,0.286274,0.0442236,0.943552,-0.00671266,0.161021,0
1.98,0.146403,0.287885,0.0444305,0.942179,-0.0188094,0.160742,0
1.99,0.172528,0.289223,0.0446359,0.940787,-0.0256153,0.160471,0
2,0.179131,0.289204,0.0446826,0.939604,-0.0256205,0.160255,0
2.01,0.161641,0.287405,0.0445144,0.938705,-0.0202255,0.16012,0
2.02,0.109364,0.283796,0.0441373,0.937993,-0.0104063,0.160053,0
2.03,0.0487537,0.278718,0.0436013,0.937107,-0.00138368,0.159989,0
2.04,0.0111533,0.27318,0.0429854,0.936198,0.00299362,0.159938,0
2.05,-0.00438945,0.267685,0.042386,0.935442,0.00291538,0.159922,0
2.06,-0.0139122,0.262173,0.0418692,0.934619,0.00255463,0.159904,0
2.07,-0.0254128,0.256756,0.0414107,0.93372,0.00196634,0.159877,0
2.08,-0.0351303,0.250951,0.0408483,0.932745,0.00130961,0.159839,0
2.09,-0.0469434,0.24368,0.0399483,0.931726,0.000893001,0.159786,0
2.1,-0.0577422,0.235677,0.0388164,0.930715,0.00118732,0.159718,0
2.11,-0.0608586,0.227712,0.037577,0.929664,0.00211655,0.159627,0
2.12,-0.0740928,0.220743,0.0363706,0.928537,0.00459597,0.159507,0
2.13,-0.0994705,0.215532,0.0353346,0.927411,0.00925933,0.15938,0
2.14,-0.13832,0.212009,0.034527,0.926415,0.0156414,0.159272,0
2.15,-0.182704,0.209446,0.0338422,0.925558,0.0225043,0.159191,0
2.16,-0.221926,0.207081,0.0331059,0.92479,0.0286794,0.159131,0
2.17,-0.253328,0.204188,0.03224,0.924074,0.0334741,0.159084,0
2.18,-0.263335,0.200809,0.0313538,0.923515,0.0365933,0.15905,0
2.19,-0.257819,0.198179,0.0306848,0.923321,0.0381325,0.159026,0
2.2,-0.265364,0.19709,0.030355,0.923394,0.038279,0.159012,0
2.21,-0.281032,0.197029,0.0302796,0.923689,0.0381309,0.159004,0
2.22,-0.29649,0.197041,0.0302984,0.924146,0.0394289,0.158992,0
2.23,-0.320563,0.196404,0.0302674,0.92453,0.0441942,0.158948,0
2.24,-0.325393,0.195096,0.0301228,0.925013,0.0471212,0.15891,0
2.25,-0.308674,0.193506,0.0299149,0.925646,0.0464822,0.158891,0
2.26,-0.295018,0.191953,0.029744,0.926247,0.0460988,0.158867,0
2.27,-0.282251,0.190908,0.0296676,0.926775,0.0463631,0.15883,0
2.28,-0.273757,0.190548,0.0296598,0.927167,0.0473216,0.158775,0
2.29,-0.266124,0.190537,0.0296596,0.927362,0.0485841,0.158699,0
2.3,-0.261434,0.190628,0.0296571,0.927325,0.0497255,0.158602,0
2.31,-0.263557,0.190805,0.0296585,0.926978,0.0499279,0.158476,0
2.32,-0.253291,0.191035,0.0296642,0.926277,0.0476666,0.158311,0
2.33,-0.21559,0.19122,0.0296716,0.925392,0.040751,0.158128,0
2.34,-0.145371,0.19126,0.0296789,0.924497,0.0286943,0.157947,0
2.35,-0.0481686,0.191213,0.0296872,0.923573,0.0126716,0.157756,0
2.36,0.0576842,0.191253,0.0297008,0.922474,-0.0049654,0.157529,0
2.37,0.160955,0.191549,0.0297316,0.921092,-0.021875,0.157247,0
2.38,0.233503,0.192257,0.0298115,0.919424,-0.0362973,0.15692,0
2.39,0.268674,0.193394,0.0299803,0.917642,-0.0447535,0.156582,0
2.4,0.277077,0.193858,0.0301011,0.916044,-0.0449264,0.156294,0
2.41,0.254606,0.193296,0.0301198,0.914782,-0.0383338,0.156095,0
2.42,0.188677,0.19171,0.0300393,0.913838,-0.025859,0.155986,0
2.43,0.112014,0.189342,0.0298934,0.912912,-0.0137158,0.155908,0
2.44,0.075329,0.186867,0.0297307,0.912178,-0.00912577,0.15588,0
2.45,0.0648296,0.184456,0.0296034,0.911493,-0.00897167,0.155872,0
2.46,0.0523652,0.181797,0.0295419,0.910739,-0.00884865,0.155861,0
2.47,0.0397159,0.178842,0.0295204,0.909911,-0.00873799,0.155844,0
2.48,0.0253739,0.175124,0.0293937,0.909016,-0.00854371,0.155816,0
2.49,0.0093203,0.169898,0.028957,0.908101,-0.00808927,0.155776,0
2.5,-0.00226219,0.164086,0.0283021,0.907199,-0.00741524,0.155723,0
2.51,-0.00681636,0.158581,0.0275445,0.906293,-0.00659963,0.155654,0
2.52,-0.00712712,0.154637,0.0268656,0.905315,-0.00531674,0.155556,0
2.53,-0.0164781,0.153253,0.026452,0.904311,-0.00328201,0.155445,0
2.54,-0.0339533,0.15409,0.0263783,0.903412,-0.00037379,0.155347,0
2.55,-0.052589,0.156187,0.0264625,0.902644,0.00247612,0.155274,0
2.56,-0.0649229,0.158203,0.0264195,0.901968,0.00432989,0.155221,0
2.57,-0.0715711,0.158845,0.0260995,0.90133,0.00497097,0.15518,0
2.58,-0.0568115,0.157777,0.0255733,0.900822,0.00486042,0.155146,0
2.59,-0.0411387,0.156433,0.0251366,0.900616,0.00477985,0.155114,0
2.6,-0.0515025,0.156287,0.02499,0.900615,0.00560594,0.155083,0
2.61,-0.0819975,0.156646,0.025017,0.900794,0.00796193,0.155054,0
2.62,-0.122534,0.156151,0.0249853,0.901129,0.0130632,0.155026,0
2.63,-0.170556,0.153759,0.0246835,0.901506,0.0215922,0.154988,0
2.64,-0.191352,0.149613,0.0240293,0.902015,0.0270183,0.154962,0
2.65,-0.178029,0.144522,0.0231765,0.902627,0.0266006,0.154949,0
2.66,-0.164346,0.139409,0.0224021,0.903211,0.0265535,0.154931,0
2.67,-0.153738,0.135595,0.0219211,0.903725,0.0273374,0.154901,0
2.68,-0.146866,0.133822,0.0217467,0.904112,0.0291444,0.154854,0
2.69,-0.146936,0.133242,0.0217082,0.904301,0.0317474,0.154787,0
2.7,-0.155628,0.132879,0.0216776,0.904267,0.0344729,0.154699,0
2.71,-0.167334,0.132655,0.0216469,0.903983,0.0371203,0.154588,0
2.72,-0.17426,0.132525,0.0216199,0.903344,0.0377375,0.154439,0
2.73,-0.154501,0.132448,0.0216027,0.902466,0.0337702,0.154265,0
2.74,-0.0980943,0.132457,0.0216003,0.901551,0.0237191,0.15409,0
2.75,-0.00619643,0.132546,0.0216078,0.90062,0.00886512,0.153906,0
2.76,0.0980319,0.132565,0.0216114,0.899515,-0.008324,0.153685,0
2.77,0.200415,0.132615,0.0216019,0.898108,-0.0255003,0.153406,0
2.78,0.271783,0.132987,0.0216011,0.896375,-0.0407665,0.15307,0
2.79,0.312461,0.133983,0.0216772,0.89446,-0.0502652,0.152709,0
2.8,0.322042,0.134831,0.0217706,0.892658,-0.0511292,0.152383,0
2.81,0.304058,0.13534,0.0218564,0.891159,-0.0448113,0.15214,0
2.82,0.239331,0.135607,0.0219435,0.890003,-0.0322118,0.151986,0
2.83,0.149466,0.135777,0.0220519,0.889008,-0.0177416,0.151888,0
2.84,0.100836,0.136064,0.0222036,0.888278,-0.0112568,0.151854,0
2.85,0.0876256,0.136468,0.0224195,0.887664,-0.0109437,0.151848,0
2.86,0.0719668,0.136924,0.0227139,0.886975,-0.0105416,0.151841,0
2.87,0.0542905,0.137419,0.0230888,0.886213,-0.00992755,0.151828,0
2.88,0.0345565,0.137445,0.0234339,0.885401,-0.00904994,0.151807,0
2.89,0.012976,0.136077,0.0235217,0.884566,-0.0080112,0.151775,0
2.9,-0.00442854,0.133967,0.0233779,0.883752,-0.00695311,0.151731,0
2.91,-0.0105348,0.131823,0.0230934,0.882945,-0.00631993,0.151673,0
2.92,-0.00779494,0.13089,0.0228486,0.88204,-0.00596076,0.151583,0
2.93,-0.00413719,0.132153,0.0228435,0.881073,-0.00537887,0.151473,0
2.94,-0.00965078,0.135323,0.0231602,0.880165,-0.00438506,0.15137,0
2.95,-0.0190844,0.139296,0.0236211,0.879385,-0.00361299,0.15129,0
2.96,-0.0235683,0.143052,0.0239241,0.878675,-0.00382301,0.151228,0
2.97,-0.0189626,0.145174,0.0238718,0.877972,-0.00520082,0.151173,0
2.98,0.00702997,0.145161,0.0235112,0.87739,-0.00727594,0.151121,0
2.99,0.0339374,0.144408,0.0231565,0.877065,-0.00878532,0.151066,0
3,0.0271322,0.144335,0.0230303,0.876918,-0.00843887,0.151009,0
3.01,-0.00629103,0.144292,0.0230289,0.876937,-0.00601301,0.150956,0
3.02,-0.0471453,0.142818,0.0229126,0.877128,-0.000450511,0.150909,0
3.03,-0.0982248,0.138852,0.0224384,0.877424,0.00880617,0.150864,0
3.04,-0.120623,0.132549,0.0214846,0.877913,0.0144788,0.150843,0
3.05,-0.106897,0.124747,0.0202206,0.878498,0.0141051,0.150834,0
3.06,-0.0961402,0.116634,0.019006,0.879058,0.0142093,0.150819,0
3.07,-0.086282,0.109994,0.0181559,0.879551,0.0153109,0.150793,0
3.08,-0.0782352,0.10644,0.0177837,0.879917,0.0175013,0.150752,0
3.09,-0.0820679,0.105251,0.0176832,0.880099,0.020808,0.150693,0
3.1,-0.0918608,0.104525,0.0176134,0.880077,0.0245985,0.150613,0
3.11,-0.117015,0.104019,0.0175474,0.879827,0.0290491,0.150513,0
3.12,-0.142765,0.10368,0.0174899,0.87926,0.0328094,0.150379,0
3.13,-0.143972,0.103486,0.0174513,0.878428,0.0319925,0.150216,0
3.14,-0.105279,0.103517,0.0174398,0.877534,0.0247008,0.150049,0
3.15,-0.027718,0.103694,0.0174456,0.876648,0.0116804,0.149879,0
3.16,0.0681618,0.103748,0.0174473,0.875628,-0.00423593,0.149679,0
3.17,0.163746,0.103786,0.0174312,0.874343,-0.0206294,0.149425,0
3.18,0.231998,0.104242,0.01743,0.872752,-0.0354822,0.149114,0
3.19,0.270947,0.105548,0.0175298,0.870942,-0.0451779,0.14877,0
3.2,0.284341,0.106868,0.0176561,0.869172,-0.0466611,0.148446,0
3.21,0.268589,0.107947,0.0177808,0.867624,-0.040932,0.148189,0
3.22,0.206823,0.108837,0.0179105,0.866392,-0.0283349,0.148014,0
3.23,0.113883,0.10961,0.0180572,0.865395,-0.0126684,0.147905,0
3.24,0.061587,0.110333,0.0182402,0.86471,-0.00535646,0.147866,0
3.25,0.0485867,0.111104,0.018491,0.864164,-0.00498823,0.147862,0
3.26,0.0373498,0.112224,0.0188423,0.863555,-0.00443362,0.147856,0
3.27,0.017139,0.113822,0.0193017,0.862882,-0.00357331,0.147846,0
3.28,-0.00915638,0.115272,0.019763,0.862175,-0.00239761,0.14783,0
3.29,-0.0327705,0.115349,0.0200018,0.861471,-0.000965743,0.147807,0
3.3,-0.0477391,0.114524,0.0200103,0.860801,0.000361642,0.147775,0
3.31,-0.0513018,0.113786,0.0199208,0.860153,0.00107575,0.147732,0
3.32,-0.0479236,0.114656,0.0199545,0.859405,0.00123797,0.147659,0
3.33,-0.0407372,0.118245,0.0203231,0.858585,0.00114563,0.147563,0
3.34,-0.0387144,0.123985,0.021087,0.857792,0.000966207,0.147471,0
3.35,-0.036866,0.130573,0.0220093,0.857082,0.000448306,0.147395,0
3.36,-0.0316677,0.136746,0.0227283,0.856413,-0.0011279,0.147331,0
3.37,-0.0173755,0.140855,0.0229956,0.85572,-0.00353918,0.147268,0
3.38,0.0153381,0.142164,0.0228155,0.855085,-0.00639495,0.147203,0
3.39,0.0423263,0.141956,0.0225061,0.854668,-0.00812114,0.147132,0
3.4,0.0366704,0.142127,0.0223811,0.854403,-0.00778965,0.147057,0
3.41,0.00453803,0.14245,0.0224035,0.854292,-0.00505693,0.146986,0
3.42,-0.0436933,0.141734,0.0223687,0.854348,0.00100234,0.146925,0
3.43,-0.0973468,0.139038,0.0220468,0.854534,0.010183,0.146872,0
3.44,-0.123158,0.134402,0.0213087,0.854953,0.0155278,0.14685,0
3.45,-0.11312,0.128547,0.0202806,0.855482,0.0152924,0.146844,0
3.46,-0.106101,0.122291,0.0192799,0.855981,0.0154353,0.146832,0
3.47,-0.0967443,0.117295,0.0186042,0.85643,0.0164997,0.146812,0
3.48,-0.0903231,0.114862,0.0183544,0.856776,0.0185788,0.146781,0
3.49,-0.094375,0.114273,0.0183301,0.856972,0.021645,0.146734,0
3.5,-0.103835,0.114008,0.0183328,0.856998,0.025072,0.146672,0
3.51,-0.12689,0.113852,0.0183552,0.85682,0.0286633,0.146592,0
3.52,-0.147074,0.113851,0.0184162,0.856331,0.0308602,0.146477,0
3.53,-0.139815,0.114157,0.0185394,0.855598,0.0285704,0.146334,0
3.54,-0.0908516,0.114948,0.0187293,0.854796,0.0201393,0.146183,0
3.55,-0.00856398,0.115941,0.0189524,0.853937,0.00676681,0.146019,0
3.56,0.0878162,0.116522,0.0191516,0.852902,-0.00888626,0.145818,0
3.57,0.184903,0.116604,0.0192764,0.851584,-0.0247463,0.145561,0
3.58,0.255363,0.116464,0.0193105,0.849958,-0.0390631,0.145247,0
3.59,0.293379,0.116491,0.019313,0.848125,-0.0485973,0.144901,0
3.6,0.308725,0.116502,0.0193173,0.846315,-0.0501239,0.144572,0
3.61,0.293867,0.116462,0.0193216,0.844725,-0.0444541,0.144303,0
3.62,0.235576,0.116429,0.0193255,0.843433,-0.0323274,0.144112,0
3.63,0.148815,0.116434,0.0193267,0.84238,-0.0172609,0.143984,0
3.64,0.096947,0.116375,0.0193307,0.841717,-0.010204,0.14394,0
3.65,0.0815499,0.116263,0.0193597,0.841232,-0.00985165,0.143936,0
3.66,0.0661094,0.116348,0.0194441,0.84068,-0.00927677,0.14393,0
3.67,0.0434574,0.11664,0.0195948,0.84007,-0.00839251,0.14392,0
3.68,0.0235274,0.116638,0.0197318,0.839425,-0.00720102,0.143904,0
3.69,0.000595505,0.115612,0.0197064,0.838785,-0.00587973,0.143882,0
3.7,-0.0166576,0.114472,0.0195932,0.838176,-0.00457222,0.143852,0
3.71,-0.0204345,0.114595,0.0195769,0.837583,-0.0037299,0.143811,0
3.72,-0.0146053,0.117518,0.0198916,0.836898,-0.00361092,0.143742,0
3.73,-0.00650771,0.123878,0.020708,0.836147,-0.00403691,0.143653,0
3.74,-0.00285043,0.132484,0.0220088,0.835408,-0.00494636,0.143565,0
3.75,0.00697435,0.14179,0.0234744,0.834728,-0.00671368,0.143488,0
3.76,0.0201691,0.150488,0.0247014,0.834055,-0.00963247,0.143417,0
3.77,0.042692,0.156905,0.0254356,0.833332,-0.0135214,0.143344,0
3.78,0.0807485,0.160197,0.0256654,0.832632,-0.0175051,0.143264,0
3.79,0.111379,0.161583,0.0256718,0.832103,-0.0202108,0.143176,0
3.8,0.108363,0.163154,0.025798,0.831714,-0.0203591,0.143085,0
3.81,0.0775415,0.164566,0.0259935,0.831467,-0.01786,0.142997,0
3.82,0.0307527,0.164674,0.0260753,0.831397,-0.0117716,0.142923,0
3.83,-0.0234703,0.162554,0.0258596,0.831484,-0.00233599,0.14286,0
3.84,-0.0448844,0.158378,0.0252518,0.831845,0.00307966,0.142837,0
3.85,-0.0329961,0.152867,0.0243805,0.832329,0.00288537,0.142832,0
3.86,-0.0207523,0.146931,0.023536,0.83279,0.00310216,0.142823,0
3.87,-0.0126118,0.142106,0.0229809,0.833201,0.00420529,0.142806,0
3.88,-0.0134388,0.139681,0.0228176,0.833516,0.00642061,0.142779,0
3.89,-0.0197611,0.139236,0.0229045,0.833703,0.00956152,0.142738,0
3.9,-0.0309778,0.139411,0.023063,0.833737,0.0129039,0.142685,0
3.91,-0.0520837,0.140128,0.0233051,0.833581,0.0163675,0.142614,0
3.92,-0.0699885,0.141549,0.0236739,0.833128,0.0181288,0.142508,0
3.93,-0.0602295,0.143985,0.024208,0.832446,0.0153328,0.142375,0
3.94,-0.00946847,0.147848,0.0248994,0.831689,0.00671279,0.142232,0
3.95,0.0705169,0.152419,0.025665,0.830866,-0.00661068,0.142074,0
3.96,0.1654,0.156344,0.0263872,0.829864,-0.0221447,0.14188,0
3.97,0.257916,0.158985,0.0269519,0.828592,-0.0376238,0.141634,0
3.98,0.326003,0.160327,0.0272832,0.827051,-0.0515244,0.141338,0
3.99,0.362464,0.160807,0.0274165,0.825331,-0.060831,0.141012,0
4,0.376978,0.161261,0.0275183,0.823631,-0.0625116,0.140701,0
4.01,0.363129,0.161803,0.0276082,0.822125,-0.0569946,0.140444,0
4.02,0.308031,0.162417,0.0276661,0.820888,-0.045213,0.140257,0
4.03,0.22243,0.162938,0.0276649,0.819869,-0.0304468,0.140129,0
4.04,0.175636,0.163064,0.0275919,0.819245,-0.0235045,0.140083,0
4.05,0.164179,0.162859,0.0274683,0.818809,-0.02319,0.140079,0
4.06,0.151132,0.162687,0.0273398,0.818309,-0.0225943,0.140073,0
4.07,0.12771,0.162691,0.0272532,0.817752,-0.0216683,0.140063,0
4.08,0.105294,0.162852,0.0272305,0.817157,-0.020334,0.140048,0
4.09,0.08075,0.163163,0.0272521,0.816563,-0.018849,0.140026,0
4.1,0.0661767,0.164446,0.0273844,0.815996,-0.0175105,0.139996,0
4.11,0.0627075,0.167874,0.0277986,0.815447,-0.0167445,0.139957,0
4.12,0.0678277,0.174495,0.0286736,0.814806,-0.0168586,0.139891,0
4.13,0.0814386,0.184377,0.03011,0.814093,-0.018007,0.139806,0
4.14,0.0949401,0.196264,0.0320342,0.813379,-0.0201836,0.139718,0
4.15,0.112805,0.208758,0.0341281,0.812692,-0.0235359,0.139637,0
4.16,0.139378,0.220583,0.0360078,0.811987,-0.0282314,0.139557,0
4.17,0.16962,0.230278,0.0374201,0.81121,-0.0339379,0.139471,0
4.18,0.216397,0.236723,0.0382816,0.810426,-0.0396654,0.139372,0
4.19,0.257127,0.240552,0.0387752,0.809768,-0.0436718,0.13926,0
4.2,0.259794,0.243788,0.0392409,0.809219,-0.0444981,0.139142,0
4.21,0.226685,0.246189,0.0396448,0.808809,-0.0417096,0.139028,0
4.22,0.173232,0.246955,0.0398594,0.808576,-0.0347181,0.13893,0
4.23,0.110058,0.245615,0.0397734,0.808516,-0.0238296,0.13885,0
4.24,0.0809443,0.24243,0.0393442,0.808777,-0.0176035,0.13882,0
4.25,0.0904627,0.238054,0.0386938,0.809201,-0.017711,0.138814,0
4.26,0.0998637,0.233303,0.0380539,0.809603,-0.0174344,0.138805,0
4.27,0.109088,0.229423,0.037637,0.809951,-0.0162526,0.138787,0
4.28,0.109002,0.22753,0.0375508,0.810208,-0.0138788,0.13876,0
4.29,0.104172,0.227516,0.0377263,0.810341,-0.0105312,0.138719,0
4.3,0.0906587,0.228209,0.038003,0.810325,-0.00687931,0.138664,0
4.31,0.0677337,0.22956,0.0383964,0.810132,-0.00319512,0.138592,0
4.32,0.0511128,0.231855,0.0389525,0.809654,-0.00138255,0.138486,0
4.33,0.0621199,0.235557,0.0397068,0.808951,-0.00423629,0.138353,0
4.34,0.113004,0.240944,0.0406477,0.808164,-0.0129861,0.138207,0
4.35,0.195788,0.247221,0.0416807,0.807286,-0.0265945,0.138043,0
4.36,0.291964,0.252915,0.0426681,0.806216,-0.0423871,0.137841,0
4.37,0.387855,0.257176,0.0434778,0.804864,-0.0583439,0.137584,0
4.38,0.455325,0.25976,0.0440014,0.803225,-0.0727536,0.137275,0
4.39,0.495925,0.261051,0.0442643,0.801403,-0.0824579,0.136934,0
4.4,0.509487,0.262238,0.0444756,0.79959,-0.0843169,0.136604,0
4.41,0.494627,0.263386,0.044642,0.797964,-0.0789709,0.136325,0
4.42,0.433245,0.264376,0.044728,0.796619,-0.0666597,0.136116,0
4.43,0.3389,0.264994,0.0446935,0.795532,-0.0505498,0.135971,0
4.44,0.286385,0.264771,0.0445219,0.794903,-0.0429255,0.135918,0
4.45,0.274678,0.263871,0.0442463,0.794515,-0.0426125,0.135915,0
4.46,0.25989,0.262935,0.0439354,0.794067,-0.0419844,0.135909,0
4.47,0.238639,0.262419,0.0436741,0.793564,-0.040876,0.135899,0
4.48,0.214721,0.262614,0.0435503,0.793024,-0.0392887,0.135884,0
4.49,0.18756,0.263725,0.0436077,0.792485,-0.0373853,0.135862,0
4.5,0.17141,0.266046,0.0438505,0.791967,-0.0354941,0.135833,0
4.51,0.165584,0.270434,0.0444074,0.791453,-0.0342032,0.135796,0
4.52,0.168678,0.277643,0.0454117,0.790854,-0.0339781,0.135733,0
4.53,0.182594,0.287651,0.0469382,0.790184,-0.0351899,0.135652,0
4.54,0.202356,0.29956,0.0489309,0.7895,-0.0380531,0.135567,0
4.55,0.223941,0.312156,0.0511195,0.788819,-0.0424486,0.135484,0
4.56,0.253225,0.32447,0.05317,0.788092,-0.048371,0.135397,0
4.57,0.291836,0.335115,0.0548342,0.787258,-0.0551739,0.135297,0
4.58,0.347321,0.342781,0.0559716,0.786378,-0.0621293,0.13518,0
4.59,0.392886,0.347519,0.0566681,0.78558,-0.0669436,0.135044,0
4.6,0.396207,0.351145,0.0572401,0.784854,-0.06785,0.134898,0
4.61,0.361097,0.353492,0.0576614,0.78425,-0.0646142,0.134756,0
4.62,0.300669,0.353901,0.0578301,0.783833,-0.0562978,0.134632,0
4.63,0.225618,0.351988,0.0576604,0.783619,-0.0433193,0.134531,0
4.64,0.198502,0.348163,0.0571334,0.783828,-0.0374069,0.134499,0
4.65,0.210079,0.343083,0.0563738,0.784208,-0.0374726,0.134493,0
4.66,0.217255,0.337582,0.055606,0.784552,-0.0370437,0.134482,0
4.67,0.227152,0.332929,0.0550419,0.784838,-0.0355589,0.134462,0
4.68,0.228991,0.33038,0.0548274,0.785029,-0.0328364,0.13443,0
4.69,0.219325,0.329958,0.0549286,0.785091,-0.0290497,0.134385,0
4.7,0.201132,0.330398,0.0551548,0.785007,-0.0248439,0.134325,0
4.71,0.177372,0.331732,0.0555204,0.784748,-0.0206149,0.134247,0
4.72,0.161522,0.334254,0.0560756,0.784219,-0.0185228,0.134135,0
4.73,0.171536,0.338376,0.0568558,0.783467,-0.0214031,0.133995,0
4.74,0.224127,0.344391,0.0578458,0.782594,-0.0306347,0.133837,0
4.75,0.311247,0.351373,0.0589444,0.781593,-0.0450131,0.133654,0
4.76,0.410523,0.357756,0.0600031,0.780353,-0.0615963,0.133426,0
4.77,0.508427,0.362639,0.0608732,0.77879,-0.0781583,0.133137,0
4.78,0.580124,0.365569,0.0614263,0.776918,-0.0933888,0.132791,0
4.79,0.619591,0.366772,0.061659,0.774847,-0.103435,0.132409,0
4.8,0.634814,0.367633,0.0618016,0.772787,-0.105425,0.132038,0
4.81,0.619809,0.36833,0.0618714,0.770928,-0.0999445,0.131719,0
4.82,0.555965,0.368693,0.061826,0.769379,-0.0870931,0.131472,0
4.83,0.452851,0.368389,0.0616215,0.768116,-0.0693688,0.131292,0
4.84,0.391063,0.366998,0.0612412,0.767453,-0.0603473,0.131226,0
4.85,0.379881,0.364835,0.060732,0.767113,-0.0600379,0.131224,0
4.86,0.368662,0.362691,0.0601859,0.766713,-0.0593455,0.131219,0
4.87,0.343155,0.361085,0.0597097,0.766261,-0.0580131,0.131209,0
4.88,0.317339,0.360486,0.0594266,0.765769,-0.0560125,0.131195,0
4.89,0.290239,0.361146,0.0593899,0.765271,-0.0535126,0.131174,0
4.9,0.26797,0.362983,0.0595469,0.764795,-0.0509598,0.131147,0
4.91,0.256275,0.366721,0.0600075,0.764319,-0.0490594,0.131111,0
4.92,0.261445,0.373035,0.0608938,0.763769,-0.0484384,0.131053,0
4.93,0.272774,0.381877,0.0622738,0.763145,-0.0496526,0.130978,0
4.94,0.292922,0.392565,0.0641082,0.76249,-0.0530939,0.130896,0
4.95,0.32462,0.404148,0.0661605,0.761808,-0.0586505,0.13081,0
4.96,0.362796,0.415628,0.0681291,0.761045,-0.0657894,0.130714,0
4.97,0.409451,0.42573,0.0697635,0.760141,-0.0739106,0.130598,0
4.98,0.47224,0.432919,0.0708824,0.75914,-0.0818175,0.130458,0
4.99,0.519479,0.437031,0.0715251,0.758172,-0.0872638,0.130293,0
5,0.519613,0.43979,0.0719944,0.757247,-0.0880822,0.130115,0
5.01,0.480305,0.441006,0.0722583,0.756437,-0.0839859,0.129941,0
5.02,0.410228,0.440008,0.0722212,0.755819,-0.0740207,0.129787,0
5.03,0.317223,0.436531,0.0718053,0.75543,-0.0585741,0.129664,0
5.04,0.27192,0.431011,0.0709989,0.755508,-0.0497092,0.129616,0
5.05,0.282195,0.424186,0.0699429,0.755844,-0.0497546,0.129609,0
5.06,0.290517,0.416853,0.0688685,0.756138,-0.0492336,0.129597,0
5.07,0.298821,0.410326,0.0680005,0.75637,-0.0476062,0.129574,0
5.08,0.296605,0.406049,0.0675195,0.756502,-0.0445725,0.12954,0
5.09,0.288498,0.404287,0.0674215,0.756499,-0.0404423,0.12949,0
5.1,0.273066,0.403516,0.0674682,0.756351,-0.035992,0.129424,0
5.11,0.245526,0.403653,0.0676665,0.756025,-0.0315908,0.129339,0
5.12,0.224266,0.405071,0.0680706,0.755434,-0.029236,0.12922,0
5.13,0.233131,0.408257,0.0687191,0.754621,-0.0321422,0.129072,0
5.14,0.288686,0.413476,0.0696085,0.753676,-0.0417822,0.128903,0
5.15,0.379178,0.419871,0.0706387,0.752574,-0.0565841,0.128705,0
5.16,0.484623,0.425957,0.0716595,0.751207,-0.0737698,0.128457,0
5.17,0.584286,0.430599,0.0725113,0.749495,-0.0910089,0.128145,0
5.18,0.6587,0.433217,0.0730387,0.74746,-0.10668,0.127774,0
5.19,0.704205,0.433957,0.073211,0.745216,-0.11717,0.127365,0
5.2,0.716776,0.434203,0.0732676,0.742982,-0.119199,0.126966,0
5.21,0.700257,0.434077,0.0732204,0.740955,-0.113466,0.126617,0
5.22,0.628446,0.433305,0.0730197,0.739259,-0.0993414,0.126342,0
5.23,0.510534,0.431543,0.0726178,0.73792,-0.0793091,0.126145,0
5.24,0.440712,0.428421,0.0720031,0.737247,-0.0689887,0.126072,0
5.25,0.430149,0.424377,0.0712378,0.736948,-0.0686454,0.126069,0
5.26,0.415555,0.420458,0.0704383,0.736595,-0.0679046,0.126064,0
5.27,0.391377,0.417348,0.0697409,0.736187,-0.0664339,0.126055,0
5.28,0.362605,0.415711,0.069303,0.735744,-0.0641404,0.126041,0
5.29,0.332588,0.415825,0.0691998,0.735297,-0.0612396,0.126022,0
5.3,0.308221,0.417187,0.0693206,0.73487,-0.0582773,0.125997,0
5.31,0.292962,0.420311,0.0697456,0.734447,-0.0558712,0.125964,0
5.32,0.292089,0.42575,0.0705786,0.733948,-0.0548363,0.125911,0
5.33,0.305395,0.433558,0.0718791,0.733378,-0.0561105,0.125841,0
5.34,0.329032,0.443101,0.0736084,0.73276,-0.0600957,0.125763,0
5.35,0.362794,0.453509,0.0755551,0.732091,-0.0664588,0.125676,0
5.36,0.407964,0.463911,0.0774381,0.731313,-0.0746657,0.125574,0
5.37,0.459955,0.473059,0.0790154,0.730371,-0.083665,0.125447,0
5.38,0.526724,0.47952,0.0800998,0.729305,-0.0925136,0.125292,0
5.39,0.580246,0.483084,0.0807192,0.728226,-0.098823,0.125106,0
5.4,0.585553,0.485247,0.0811597,0.727155,-0.100108,0.124904,0
5.41,0.546154,0.485626,0.0813663,0.726174,-0.0962611,0.124702,0
5.42,0.470366,0.483602,0.0812392,0.725375,-0.0859186,0.124522,0
5.43,0.371617,0.478949,0.0807039,0.724815,-0.0689851,0.124376,0
5.44,0.318983,0.472064,0.0797526,0.724799,-0.0590687,0.124318,0
5.45,0.329704,0.463724,0.0785371,0.725091,-0.0590681,0.124311,0
5.46,0.334714,0.454897,0.0772969,0.725341,-0.0585716,0.124299,0
5.47,0.338331,0.446946,0.076277,0.725525,-0.0569008,0.124277,0
5.48,0.338274,0.441614,0.0756917,0.725608,-0.0538337,0.124241,0
5.49,0.328618,0.4392,0.0755481,0.725564,-0.0496855,0.124191,0
5.5,0.309732,0.43785,0.0755613,0.725384,-0.0450372,0.124125,0
5.51,0.28131,0.437434,0.0757287,0.725041,-0.0404682,0.124041,0
5.52,0.262239,0.438344,0.0760991,0.724451,-0.0381434,0.123925,0
5.53,0.270581,0.441016,0.0767078,0.723651,-0.0412098,0.123781,0
5.54,0.325637,0.445614,0.0775426,0.722707,-0.0509455,0.123614,0
5.55,0.415237,0.451297,0.078509,0.721585,-0.065858,0.123414,0
5.56,0.515823,0.456646,0.0794633,0.720192,-0.0828075,0.123163,0
5.57,0.616404,0.460689,0.0802537,0.718467,-0.0996574,0.122852,0
5.58,0.688625,0.462806,0.0807302,0.716433,-0.114887,0.122484,0
5.59,0.729893,0.46304,0.0808503,0.71421,-0.124909,0.122081,0
5.6,0.745432,0.462723,0.0808439,0.711991,-0.12683,0.121684,0
5.61,0.72277,0.461913,0.0807153,0.709958,-0.120763,0.121333,0
5.62,0.6498,0.46034,0.0804105,0.708233,-0.106432,0.121051,0
5.63,0.528007,0.457596,0.0798818,0.706851,-0.0857509,0.120842,0
5.64,0.467696,0.453264,0.0791128,0.706262,-0.0769439,0.120777,0
5.65,0.453613,0.447847,0.0781743,0.705998,-0.0766195,0.120775,0
5.66,0.439175,0.442459,0.0771919,0.70568,-0.0758567,0.12077,0
5.67,0.415993,0.438074,0.0763183,0.705309,-0.0742125,0.12076,0
5.68,0.384832,0.435429,0.0757374,0.704903,-0.07166,0.120745,0
5.69,0.352929,0.434849,0.0755385,0.704489,-0.0684727,0.120725,0
5.7,0.3275,0.435509,0.0755646,0.70409,-0.0651835,0.1207,0
5.71,0.310036,0.437832,0.0758766,0.703691,-0.0624546,0.120668,0
5.72,0.309268,0.442424,0.0765676,0.703221,-0.061255,0.120617,0
5.73,0.320807,0.449236,0.0776918,0.702679,-0.0625367,0.120549,0
5.74,0.346062,0.457693,0.0792193,0.702079,-0.0667541,0.120471,0
5.75,0.381069,0.467074,0.0809674,0.701413,-0.0733748,0.120382,0
5.76,0.428645,0.476652,0.0826823,0.700627,-0.0816601,0.120275,0
5.77,0.480809,0.48529,0.0841343,0.699667,-0.0905829,0.120143,0
5.78,0.54564,0.491442,0.085126,0.698575,-0.0990487,0.11998,0
5.79,0.594501,0.494737,0.0856558,0.697463,-0.104693,0.119789,0
5.8,0.592552,0.496625,0.0859889,0.696349,-0.105463,0.11958,0
5.81,0.551174,0.496673,0.0860674,0.695303,-0.100961,0.119373,0
5.82,0.474792,0.494273,0.0857996,0.694428,-0.0902475,0.119184,0
5.83,0.371745,0.489185,0.0851176,0.693778,-0.0726704,0.119029,0
5.84,0.316732,0.481867,0.084024,0.693702,-0.0623438,0.118966,0
5.85,0.326392,0.473088,0.0826677,0.693964,-0.0623869,0.11896,0
5.86,0.33351,0.46383,0.0812904,0.694184,-0.0618647,0.118948,0
5.87,0.337708,0.455605,0.0801423,0.694336,-0.0601435,0.118926,0
5.88,0.33466,0.450092,0.0794442,0.694391,-0.057087,0.118892,0
5.89,0.325178,0.447517,0.0791951,0.694325,-0.0528566,0.118843,0
5.9,0.304021,0.445946,0.0790865,0.694127,-0.0482697,0.118778,0
5.91,0.278646,0.445385,0.0791274,0.693773,-0.0437685,0.118696,0
5.92,0.258378,0.446086,0.0793654,0.693194,-0.0415902,0.118584,0
5.93,0.271864,0.448476,0.079833,0.692418,-0.0447237,0.118445,0
5.94,0.327347,0.452805,0.080516,0.691488,-0.0543585,0.118282,0
5.95,0.415471,0.458201,0.0813247,0.690378,-0.0688678,0.118085,0
5.96,0.516315,0.463208,0.0821218,0.689001,-0.0853512,0.117839,0
5.97,0.613014,0.466913,0.0827666,0.687309,-0.101627,0.117536,0
5.98,0.682841,0.46869,0.0831105,0.685332,-0.116189,0.117181,0
5.99,0.723745,0.468622,0.0831085,0.683178,-0.126034,0.116791,0
6,0.739671,0.467945,0.0829719,0.681013,-0.12796,0.116405,0
6.01,0.722795,0.466709,0.0826995,0.678998,-0.122238,0.116056,0
6.02,0.657414,0.464615,0.0822398,0.67725,-0.108388,0.115768,0
6.03,0.538996,0.461313,0.0815486,0.675821,-0.0876286,0.115546,0
6.04,0.48056,0.456476,0.0806225,0.675228,-0.0786624,0.115476,0
6.05,0.470871,0.45066,0.0795365,0.674995,-0.0783605,0.115474,0
6.06,0.454597,0.445013,0.0784221,0.67471,-0.0775395,0.115468,0
6.07,0.430415,0.440394,0.0774345,0.674373,-0.0758243,0.115458,0
6.08,0.400718,0.437563,0.0767545,0.674,-0.0732458,0.115443,0
6.09,0.368732,0.436807,0.0764683,0.673619,-0.0700419,0.115423,0
6.1,0.34243,0.437084,0.0763802,0.673245,-0.0666767,0.115398,0
6.11,0.325849,0.438675,0.0765249,0.67287,-0.0638833,0.115366,0
6.12,0.324189,0.442004,0.0769769,0.672428,-0.0625745,0.115317,0
6.13,0.337835,0.447052,0.0777748,0.671914,-0.0638979,0.115252,0
6.14,0.361886,0.453303,0.0788916,0.671343,-0.068169,0.115176,0
6.15,0.399527,0.460145,0.0801764,0.6707,-0.0748315,0.115089,0
6.16,0.442932,0.467162,0.0814272,0.669936,-0.0829315,0.114983,0
6.17,0.491861,0.473389,0.0824631,0.669006,-0.0915502,0.114854,0
6.18,0.552779,0.47753,0.0831183,0.667959,-0.0994214,0.114696,0
6.19,0.598208,0.479158,0.0833674,0.666899,-0.10449,0.114513,0
6.2,0.594095,0.479319,0.0834043,0.665835,-0.104703,0.114314,0
6.21,0.547993,0.477611,0.0831763,0.664831,-0.0998314,0.114117,0
6.22,0.471351,0.473467,0.0825942,0.663975,-0.0888363,0.113936,0
6.23,0.365827,0.466686,0.0815949,0.663323,-0.0712346,0.113784,0
6.24,0.310061,0.457697,0.0801797,0.663214,-0.060859,0.113722,0
6.25,0.319922,0.447258,0.0784953,0.663446,-0.0608761,0.113716,0
6.26,0.32551,0.436253,0.0767847,0.663638,-0.0602746,0.113705,0
6.27,0.327193,0.426074,0.075305,0.663763,-0.0585079,0.113684,0
6.28,0.326366,0.418574,0.0742947,0.663795,-0.0554834,0.113652,0
6.29,0.315658,0.41408,0.0737552,0.66372,-0.0513053,0.113606,0
6.3,0.294547,0.41038,0.0733302,0.663522,-0.0467642,0.113545,0
6.31,0.26685,0.407447,0.0730113,0.663181,-0.0422139,0.113468,0
6.32,0.246571,0.405498,0.0728372,0.662641,-0.0398281,0.113365,0
6.33,0.257401,0.404917,0.072841,0.661923,-0.0423796,0.113238,0
6.34,0.306269,0.406026,0.073019,0.661075,-0.0510614,0.11309,0
6.35,0.382425,0.408117,0.0733075,0.660074,-0.0639462,0.112913,0
6.36,0.470027,0.410051,0.0736081,0.658866,-0.078435,0.112698,0
6.37,0.554257,0.411089,0.07381,0.657415,-0.0924342,0.112439,0
6.38,0.609376,0.410724,0.0737915,0.655758,-0.104557,0.11214,0
6.39,0.638223,0.409016,0.0735143,0.653983,-0.112307,0.111817,0
6.4,0.645811,0.406712,0.0731113,0.652215,-0.112826,0.1115,0
6.41,0.629166,0.40365,0.0725509,0.650566,-0.10678,0.111214,0
6.42,0.561721,0.399637,0.071781,0.649112,-0.0933333,0.110974,0
6.43,0.450043,0.394311,0.0707619,0.647889,-0.0738138,0.110786,0
6.44,0.381461,0.387242,0.0694988,0.647283,-0.0633227,0.110711,0
6.45,0.369013,0.379111,0.0680792,0.647077,-0.0630241,0.110709,0
6.46,0.354347,0.371366,0.0666537,0.646823,-0.0622536,0.110704,0
6.47,0.329426,0.364972,0.0653909,0.646525,-0.0607013,0.110695,0
6.48,0.29784,0.360755,0.0644861,0.646192,-0.0583021,0.110682,0
6.49,0.264193,0.358823,0.0640093,0.645852,-0.0552915,0.110665,0
6.5,0.241296,0.357742,0.0636992,0.645519,-0.0522177,0.110643,0
6.51,0.225319,0.357614,0.0635663,0.645186,-0.0495843,0.110615,0
6.52,0.22443,0.358877,0.063679,0.644798,-0.0483153,0.110573,0
6.53,0.237448,0.361483,0.0640802,0.644349,-0.0492877,0.110517,0
6.54,0.258808,0.364946,0.0647589,0.64386,-0.0528007,0.110454,0
6.55,0.29117,0.368974,0.0656013,0.643317,-0.0583291,0.110382,0
6.56,0.327229,0.373355,0.0664467,0.642688,-0.0649216,0.110298,0
6.57,0.364949,0.377372,0.0671441,0.641941,-0.0718861,0.110196,0
6.58,0.418814,0.379847,0.0675464,0.64112,-0.0782788,0.110076,0
6.59,0.458836,0.380196,0.0676154,0.640315,-0.0822271,0.109937,0
6.6,0.454201,0.379149,0.0674785,0.639528,-0.0820464,0.109787,0
6.61,0.411676,0.3763,0.0670734,0.63879,-0.0777623,0.109637,0
6.62,0.343911,0.371011,0.0663169,0.638163,-0.0681548,0.109498,0
6.63,0.253853,0.363181,0.0651576,0.637681,-0.0528941,0.109379,0
6.64,0.21773,0.353348,0.0636086,0.637678,-0.0456763,0.109338,0
6.65,0.224847,0.342309,0.0618258,0.637891,-0.0456664,0.109334,0
6.66,0.230703,0.330784,0.0600524,0.638069,-0.045138,0.109324,0
6.67,0.237724,0.32023,0.0585385,0.638192,-0.0436189,0.109307,0
6.68,0.240109,0.312572,0.0575162,0.638241,-0.0409938,0.109281,0
6.69,0.23265,0.30817,0.056988,0.638197,-0.037358,0.109244,0
6.7,0.214479,0.304686,0.0565779,0.63805,-0.0333107,0.109195,0
6.71,0.188768,0.301851,0.0562447,0.637785,-0.029354,0.109132,0
6.72,0.167989,0.299837,0.0560205,0.637348,-0.0272022,0.109048,0
6.73,0.175269,0.299035,0.0559325,0.636766,-0.0293318,0.108944,0
6.74,0.217217,0.299691,0.05598,0.636091,-0.0367354,0.108826,0
6.75,0.281808,0.301242,0.0561174,0.63532,-0.0476744,0.10869,0
6.76,0.356477,0.302644,0.0562699,0.63442,-0.0598871,0.108528,0
6.77,0.426766,0.303316,0.0563517,0.633366,-0.0716154,0.108338,0
6.78,0.468358,0.302881,0.0562682,0.632188,-0.0817889,0.108123,0
6.79,0.48788,0.30145,0.0559907,0.63095,-0.0882683,0.107893,0
6.8,0.496317,0.299554,0.0556095,0.629721,-0.0888341,0.107669,0
6.81,0.483558,0.297016,0.0550944,0.628565,-0.0839123,0.107467,0
6.82,0.432652,0.29372,0.0544052,0.627526,-0.0728425,0.107296,0
6.83,0.338364,0.289325,0.0535082,0.62662,-0.0566152,0.10716,0
6.84,0.279712,0.283344,0.0524097,0.626147,-0.0479859,0.107105,0
6.85,0.26938,0.276511,0.0511925,0.625959,-0.0477149,0.107103,0
6.86,0.258412,0.270128,0.0499852,0.625729,-0.0470744,0.107099,0
6.87,0.236475,0.265049,0.0489346,0.625459,-0.0457648,0.107092,0
6.88,0.209513,0.26188,0.0482043,0.62516,-0.0438266,0.107082,0
6.89,0.180559,0.260483,0.0478223,0.624857,-0.0413844,0.107067,0
6.9,0.158908,0.259693,0.0475563,0.62456,-0.0388781,0.107049,0
6.91,0.147819,0.259724,0.0474348,0.624267,-0.0368207,0.107026,0
6.92,0.147612,0.260862,0.0475216,0.623927,-0.0358411,0.106991,0
6.93,0.157052,0.263004,0.0478593,0.623542,-0.0365557,0.106944,0
6.94,0.175152,0.26586,0.0484428,0.623135,-0.0391025,0.106894,0
6.95,0.198841,0.269231,0.0491756,0.622708,-0.043167,0.106841,0
6.96,0.226502,0.273055,0.0499235,0.622236,-0.0480417,0.106782,0
6.97,0.257704,0.276752,0.0505534,0.621693,-0.0532232,0.106713,0
6.98,0.299543,0.279248,0.0509412,0.621122,-0.0578553,0.106634,0
6.99,0.33114,0.280008,0.0510566,0.620605,-0.0605034,0.106545,0
7,0.325224,0.279602,0.0510047,0.620128,-0.0600955,0.106448,0
7.01,0.288064,0.277634,0.0507292,0.619699,-0.0564633,0.106352,0
7.02,0.230613,0.273536,0.0501572,0.619347,-0.0485802,0.106263,0
7.03,0.156251,0.267261,0.0492432,0.619081,-0.0360905,0.106184,0
7.04,0.128713,0.259443,0.0479958,0.619134,-0.0302679,0.106156,0
7.05,0.136169,0.250645,0.0465461,0.619333,-0.0302305,0.106152,0
7.06,0.14219,0.241376,0.045103,0.619503,-0.0298425,0.106144,0
7.07,0.149294,0.232868,0.0438856,0.619633,-0.0286687,0.106132,0
7.08,0.150998,0.226838,0.0430952,0.619701,-0.0265618,0.106112,0
7.09,0.14794,0.223694,0.0427274,0.619692,-0.0237169,0.106083,0
7.1,0.13708,0.221372,0.0424602,0.619602,-0.0206031,0.106046,0
7.11,0.117531,0.219559,0.0422576,0.619412,-0.0175557,0.105998,0
7.12,0.100715,0.218465,0.0421474,0.619077,-0.015979,0.105932,0
7.13,0.105634,0.218467,0.042155,0.61862,-0.0180915,0.10585,0
7.14,0.142625,0.219928,0.0422834,0.618102,-0.0244356,0.105759,0
7.15,0.199856,0.222298,0.0424978,0.617535,-0.0338355,0.105658,0
7.16,0.26281,0.224496,0.0427392,0.616894,-0.0442523,0.105541,0
7.17,0.320045,0.225975,0.0429332,0.61616,-0.0543055,0.105406,0
7.18,0.353591,0.226532,0.0429937,0.615355,-0.0630957,0.105254,0
7.19,0.370191,0.22619,0.0428823,0.614522,-0.0688003,0.105095,0
7.2,0.379364,0.225494,0.0426883,0.613699,-0.0696997,0.10494,0
7.21,0.377992,0.224413,0.0424009,0.612912,-0.0662427,0.1048,0
7.22,0.341726,0.222835,0.0419902,0.612188,-0.0577041,0.104683,0
7.23,0.270384,0.220579,0.0414324,0.611533,-0.045019,0.104587,0
7.24,0.225002,0.217265,0.0407359,0.611166,-0.0383114,0.104548,0
7.25,0.216428,0.213387,0.0399601,0.61099,-0.0380752,0.104547,0
7.26,0.205001,0.209955,0.0391993,0.610775,-0.0375752,0.104544,0
7.27,0.186921,0.207575,0.0385631,0.610526,-0.0366165,0.104538,0
7.28,0.16378,0.206576,0.0381734,0.610255,-0.0352155,0.10453,0
7.29,0.141219,0.206925,0.0380554,0.609983,-0.0334881,0.104519,0
7.3,0.124552,0.208046,0.0380675,0.609719,-0.0317544,0.104505,0
7.31,0.119804,0.210301,0.0382525,0.609462,-0.030436,0.104487,0
7.32,0.124688,0.213964,0.038666,0.609165,-0.0299887,0.104458,0
7.33,0.13517,0.218835,0.0393399,0.608831,-0.0306931,0.104419,0
7.34,0.146019,0.224391,0.0402566,0.608491,-0.0327073,0.104379,0
7.35,0.166358,0.230404,0.0413165,0.60815,-0.0357053,0.104339,0
7.36,0.185298,0.236867,0.0423788,0.607791,-0.0394303,0.104298,0
7.37,0.207331,0.243169,0.0433124,0.607388,-0.0434959,0.104253,0
7.38,0.248074,0.248229,0.043999,0.606986,-0.0473699,0.104201,0
7.39,0.283377,0.251585,0.0444292,0.606658,-0.0499068,0.104144,0
7.4,0.279272,0.25401,0.044742,0.606378,-0.0502927,0.104082,0
7.41,0.252622,0.25523,0.044897,0.606147,-0.0483419,0.10402,0
7.42,0.210087,0.254861,0.0448366,0.605975,-0.0431197,0.103962,0
7.43,0.159407,0.252904,0.0445269,0.605857,-0.0342163,0.103908,0
7.44,0.132898,0.249822,0.0439749,0.605935,-0.0288868,0.103886,0
7.45,0.140558,0.245986,0.043276,0.606132,-0.0289355,0.103883,0
7.46,0.147038,0.241737,0.0425743,0.606307,-0.0287159,0.103878,0
7.47,0.156482,0.237913,0.0420223,0.606449,-0.0278838,0.103868,0
7.48,0.163893,0.235644,0.0417527,0.60654,-0.0264125,0.103853,0
7.49,0.166508,0.235194,0.0417592,0.606571,-0.0243218,0.103832,0
7.5,0.159848,0.235309,0.0418339,0.606529,-0.0220665,0.103804,0
7.51,0.148501,0.235811,0.0419556,0.606402,-0.0198848,0.103767,0
7.52,0.137287,0.236841,0.0421432,0.606145,-0.0190564,0.103714,0
7.53,0.143795,0.238673,0.0424109,0.605782,-0.0212665,0.103648,0
7.54,0.178117,0.241603,0.0427568,0.605374,-0.0271794,0.103576,0
7.55,0.231571,0.245182,0.043153,0.604941,-0.0357956,0.103498,0
7.56,0.28842,0.2485,0.043553,0.604464,-0.0452891,0.103409,0
7.57,0.342843,0.251099,0.043901,0.603928,-0.0544672,0.103307,0
7.58,0.372468,0.25277,0.0441299,0.603348,-0.0626224,0.103195,0
7.59,0.390305,0.253623,0.0442068,0.602759,-0.0683209,0.103076,0
7.6,0.404845,0.254292,0.0442252,0.602177,-0.070005,0.102962,0
7.61,0.410982,0.254828,0.0441885,0.601611,-0.0678897,0.10286,0
7.62,0.38944,0.255205,0.0440757,0.601081,-0.061436,0.102775,0
7.63,0.335159,0.2552,0.0438668,0.600576,-0.0514856,0.102704,0
7.64,0.303089,0.254483,0.0435597,0.600311,-0.0471262,0.102681,0
7.65,0.293176,0.253348,0.0431851,0.600142,-0.0469408,0.10268,0
7.66,0.282507,0.252401,0.0427936,0.599939,-0.0464637,0.102677,0
7.67,0.261855,0.251908,0.0424509,0.599704,-0.0456137,0.102673,0
7.68,0.241955,0.252082,0.0422471,0.599449,-0.0444508,0.102667,0
7.69,0.220332,0.253143,0.0422345,0.599191,-0.0430016,0.102658,0
7.7,0.205745,0.254955,0.0423439,0.598946,-0.0415874,0.102647,0
7.71,0.20318,0.257676,0.0426039,0.598711,-0.040528,0.102632,0
7.72,0.206129,0.261515,0.0430524,0.598442,-0.0400307,0.102607,0
7.73,0.213943,0.266229,0.0437059,0.598146,-0.0403294,0.102574,0
7.74,0.222851,0.27137,0.0445471,0.597851,-0.0413572,0.102542,0
7.75,0.232166,0.276779,0.045496,0.597568,-0.0431157,0.102511,0
7.76,0.245423,0.282487,0.0464424,0.597278,-0.0454103,0.102482,0
7.77,0.260551,0.288038,0.047279,0.596963,-0.0480566,0.102451,0
7.78,0.292314,0.292542,0.0479036,0.596662,-0.0506839,0.102417,0
7.79,0.321009,0.295492,0.0483016,0.596449,-0.0524034,0.102379,0
7.8,0.319918,0.297585,0.0485912,0.596292,-0.0525763,0.102339,0
7.81,0.296402,0.298597,0.0487397,0.596183,-0.0508857,0.1023,0
7.82,0.26177,0.298238,0.0487035,0.596127,-0.0467726,0.102262,0
7.83,0.217021,0.296541,0.0484545,0.596102,-0.0395801,0.102225,0
7.84,0.198498,0.29387,0.0479959,0.596216,-0.0351269,0.102209,0
7.85,0.207454,0.290444,0.0473966,0.596414,-0.0351753,0.102207,0
7.86,0.214353,0.286462,0.0467682,0.596589,-0.0349886,0.102202,0
7.87,0.221682,0.282558,0.0462321,0.596736,-0.0342572,0.102193,0
7.88,0.227299,0.279697,0.045904,0.596834,-0.0328762,0.10218,0
7.89,0.231985,0.278225,0.0457863,0.596875,-0.0309665,0.102161,0
7.9,0.225632,0.277171,0.0457119,0.59685,-0.0289159,0.102136,0
7.91,0.212275,0.276461,0.0456737,0.596747,-0.0267938,0.102104,0
7.92,0.199027,0.276243,0.0456894,0.596522,-0.0258047,0.102057,0
7.93,0.204586,0.27678,0.0457706,0.596202,-0.0275806,0.101998,0
7.94,0.232864,0.278321,0.0459166,0.595849,-0.0327039,0.101935,0
7.95,0.279201,0.280428,0.0461063,0.595487,-0.0402375,0.101869,0
7.96,0.32647,0.282302,0.0463031,0.595102,-0.0485386,0.101797,0
7.97,0.374247,0.283534,0.0464591,0.594682,-0.0565051,0.101715,0
7.98,0.40005,0.283981,0.0465155,0.594238,-0.0635817,0.101626,0
7.99,0.413649,0.28369,0.0464402,0.593797,-0.0684635,0.101534,0
8,0.425333,0.28325,0.0463203,0.593361,-0.069875,0.101446,0
8.01,0.428698,0.282725,0.0461628,0.592931,-0.0678125,0.101367,0
8.02,0.407997,0.282102,0.04595,0.592515,-0.0618888,0.101302,0
8.03,0.3537,0.28127,0.0456668,0.592112,-0.0527107,0.101248,0
8.04,0.324715,0.279884,0.0453098,0.591877,-0.0487137,0.101231,0
8.05,0.314684,0.278105,0.0448997,0.591712,-0.0485087,0.10123,0
8.06,0.304017,0.27646,0.0444754,0.591513,-0.048045,0.101228,0
8.07,0.286594,0.275183,0.0440876,0.591286,-0.0472811,0.101224,0
8.08,0.269157,0.274527,0.043815,0.591037,-0.0461846,0.101218,0
8.09,0.247475,0.274707,0.0437156,0.590791,-0.0448809,0.10121,0
8.1,0.232313,0.275484,0.0437269,0.590557,-0.0435955,0.1012,0
8.11,0.227378,0.277065,0.0438716,0.590333,-0.0425134,0.101186,0
8.12,0.22967,0.279539,0.0441815,0.590076,-0.0419818,0.101163,0
8.13,0.236926,0.282696,0.0446719,0.589797,-0.04207,0.101133,0
8.14,0.242089,0.286093,0.0453305,0.589522,-0.0427707,0.101103,0
8.15,0.249236,0.289688,0.0460876,0.589262,-0.0440305,0.101077,0
8.16,0.257421,0.293617,0.0468472,0.588999,-0.0459326,0.101052,0
8.17,0.270128,0.297519,0.0475162,0.58872,-0.0480859,0.101026,0
8.18,0.297381,0.300568,0.048,0.588461,-0.0501822,0.100998,0
8.19,0.323567,0.302229,0.0482687,0.588291,-0.0515356,0.100968,0
8.2,0.316696,0.302939,0.0484209,0.588183,-0.0515,0.100937,0
8.21,0.291743,0.302614,0.0484357,0.58812,-0.0499239,0.100905,0
8.22,0.25676,0.300962,0.0482778,0.5881,-0.0460589,0.100874,0
8.23,0.214681,0.298058,0.047927,0.588105,-0.0391728,0.100844,0
8.24,0.194277,0.294293,0.0473885,0.588227,-0.0348553,0.100831,0
8.25,0.201742,0.289872,0.0467255,0.588416,-0.0349365,0.100828,0
8.26,0.208713,0.284932,0.0460383,0.588587,-0.034765,0.100824,0
8.27,0.22254,0.280058,0.0454369,0.58873,-0.0341444,0.100816,0
8.28,0.232099,0.276238,0.0450286,0.588829,-0.0329224,0.100803,0
8.29,0.235105,0.273807,0.0448167,0.588871,-0.0311851,0.100785,0
8.3,0.231636,0.271745,0.0446386,0.58885,-0.0292845,0.100761,0
8.31,0.216934,0.269998,0.0444857,0.588753,-0.0272969,0.10073,0
8.32,0.203265,0.268671,0.0443728,0.588538,-0.0263582,0.100685,0
8.33,0.204281,0.267994,0.0443111,0.588235,-0.0280256,0.100629,0
8.34,0.231221,0.268169,0.0443017,0.587902,-0.0327826,0.10057,0
8.35,0.274057,0.268932,0.044329,0.587565,-0.0397296,0.100509,0
8.36,0.322141,0.269574,0.0443656,0.587216,-0.0473417,0.100442,0
8.37,0.362674,0.26972,0.0443739,0.586838,-0.0545497,0.100368,0
8.38,0.382749,0.269219,0.0443045,0.586448,-0.0609636,0.100289,0
8.39,0.391104,0.268144,0.0441359,0.586067,-0.0652975,0.100207,0
8.4,0.400106,0.266993,0.0439368,0.585695,-0.0663691,0.10013,0
8.41,0.403972,0.265793,0.043705,0.585326,-0.0641981,0.100063,0
8.42,0.381353,0.264474,0.0434237,0.584964,-0.0585164,0.100007,0
8.43,0.332862,0.262889,0.0430799,0.584605,-0.0498188,0.0999608,0
8.44,0.297323,0.260696,0.0426705,0.584364,-0.0451766,0.0999422,0
8.45,0.288985,0.258179,0.0422149,0.584201,-0.0449883,0.0999412,0
8.46,0.276904,0.255887,0.0417464,0.584006,-0.0445944,0.0999393,0
8.47,0.259014,0.25406,0.0413132,0.583783,-0.0439001,0.0999359,0
8.48,0.240637,0.252892,0.0409906,0.58354,-0.0429157,0.0999307,0
8.49,0.221786,0.252572,0.0408355,0.583298,-0.0417246,0.0999231,0
8.5,0.208256,0.252712,0.0407767,0.583069,-0.0405373,0.0999132,0
8.51,0.202659,0.253488,0.040829,0.582849,-0.0395676,0.0998999,0
8.52,0.205745,0.254964,0.0410218,0.582597,-0.0390088,0.0998776,0
8.53,0.211234,0.256895,0.0413694,0.582327,-0.038913,0.0998493,0
8.54,0.213563,0.258897,0.0418643,0.582064,-0.039292,0.0998217,0
8.55,0.219058,0.261048,0.0424516,0.58182,-0.0401025,0.0997977,0
8.56,0.225389,0.263589,0.0430504,0.581581,-0.0414417,0.0997762,0
8.57,0.234887,0.266311,0.0435812,0.581327,-0.0430729,0.0997551,0
8.58,0.255802,0.268389,0.043955,0.581099,-0.0446194,0.0997331,0
8.59,0.277896,0.269351,0.0441394,0.580967,-0.0456139,0.0997098,0
8.6,0.274893,0.269396,0.0442104,0.580897,-0.04546,0.0996856,0
8.61,0.25079,0.268313,0.0441449,0.58087,-0.0439694,0.0996615,0
8.62,0.218768,0.265921,0.043911,0.580886,-0.0405888,0.0996383,0
8.63,0.180063,0.262359,0.043492,0.580925,-0.0345744,0.0996141,0
8.64,0.167473,0.258073,0.0428946,0.581075,-0.0315438,0.0996054,0
8.65,0.174747,0.253227,0.042182,0.581269,-0.0316052,0.0996033,0
8.66,0.182497,0.247902,0.0414538,0.581444,-0.0314364,0.0995993,0
8.67,0.189473,0.242682,0.0408161,0.581592,-0.0308003,0.0995923,0
8.68,0.196465,0.238562,0.0403712,0.581699,-0.0296234,0.0995812,0
8.69,0.199151,0.235911,0.0401303,0.581751,-0.027906,0.099565,0
8.7,0.194527,0.233741,0.0399299,0.581743,-0.0259946,0.0995432,0
8.71,0.180635,0.231908,0.0397493,0.581663,-0.0239681,0.0995148,0
8.72,0.167278,0.230518,0.0396012,0.581473,-0.0229223,0.0994741,0
8.73,0.168535,0.229795,0.0394978,0.581201,-0.0242828,0.0994241,0
8.74,0.190578,0.229993,0.0394426,0.580907,-0.0285269,0.0993714,0
8.75,0.227994,0.230794,0.0394236,0.580617,-0.0347291,0.0993177,0
8.76,0.26977,0.231509,0.039419,0.580323,-0.0415143,0.0992609,0
8.77,0.30889,0.231728,0.0393983,0.580012,-0.0479547,0.0991991,0
8.78,0.323843,0.231363,0.0393179,0.579699,-0.0536818,0.0991331,0
8.79,0.329226,0.230521,0.0391559,0.579398,-0.0575576,0.099066,0
8.8,0.338828,0.229629,0.0389725,0.579104,-0.0585925,0.0990028,0
8.81,0.34613,0.228696,0.038766,0.578808,-0.056825,0.0989477,0
8.82,0.329078,0.227745,0.0385218,0.578507,-0.0518402,0.098902,0
8.83,0.285404,0.226605,0.0382282,0.578194,-0.0441743,0.098864,0
8.84,0.256998,0.225021,0.0378828,0.577973,-0.0400735,0.0988483,0
8.85,0.247325,0.223171,0.0374999,0.577811,-0.039881,0.0988473,0
8.86,0.236284,0.221535,0.0371086,0.577619,-0.0394894,0.0988455,0
8.87,0.220392,0.220296,0.0367493,0.577399,-0.0388779,0.0988424,0
8.88,0.202699,0.219659,0.0364881,0.577162,-0.0379827,0.0988375,0
8.89,0.184454,0.219733,0.036371,0.576923,-0.0369858,0.0988304,0
8.9,0.174539,0.220262,0.0363396,0.5767,-0.0359728,0.0988211,0
8.91,0.170612,0.221381,0.0364184,0.576484,-0.0351443,0.0988087,0
8.92,0.176149,0.223235,0.036636,0.576243,-0.0346899,0.0987875,0
8.93,0.181804,0.225579,0.0370081,0.575982,-0.0346007,0.0987603,0
8.94,0.184475,0.22806,0.0375276,0.575729,-0.0348585,0.0987338,0
8.95,0.1917,0.230694,0.0381432,0.575495,-0.0355185,0.0987109,0
8.96,0.196926,0.233731,0.0387818,0.575268,-0.0365088,0.0986907,0
8.97,0.206064,0.236985,0.0393668,0.575029,-0.0378712,0.0986713,0
8.98,0.2297,0.239788,0.0398173,0.574818,-0.039256,0.0986516,0
8.99,0.253387,0.241579,0.0401033,0.57471,-0.0401782,0.0986312,0
9,0.24959,0.242562,0.0402911,0.574666,-0.0401998,0.0986105,0
9.01,0.228902,0.242565,0.0403615,0.574669,-0.0392159,0.0985904,0
9.02,0.198584,0.241399,0.040287,0.574714,-0.0366132,0.0985715,0
9.03,0.168326,0.239131,0.0400545,0.574774,-0.0316974,0.0985517,0
9.04,0.158753,0.236324,0.0396713,0.57493,-0.029173,0.0985447,0
9.05,0.164023,0.233072,0.039192,0.57512,-0.0292175,0.0985427,0
9.06,0.17077,0.229376,0.0387016,0.575293,-0.0290622,0.0985393,0
9.07,0.180038,0.225718,0.0382893,0.575443,-0.0285286,0.0985333,0
9.08,0.186428,0.22301,0.0380416,0.575555,-0.0275294,0.0985239,0
9.09,0.192789,0.221452,0.0379622,0.575618,-0.0260648,0.0985102,0
9.1,0.189028,0.220239,0.0379128,0.575628,-0.0244008,0.0984918,0
9.11,0.175283,0.21922,0.0378756,0.575572,-0.0227047,0.0984677,0
9.12,0.163854,0.218529,0.0378616,0.575412,-0.0219122,0.0984323,0
9.13,0.165144,0.218406,0.0378805,0.575175,-0.0232817,0.0983883,0
9.14,0.186994,0.219067,0.0379353,0.574921,-0.027174,0.0983426,0
9.15,0.220822,0.220199,0.0380177,0.57468,-0.0329338,0.0982974,0
9.16,0.258489,0.221174,0.0381103,0.574446,-0.0392302,0.0982509,0
9.17,0.291352,0.221682,0.0381885,0.574206,-0.045302,0.0982012,0
9.18,0.306172,0.221659,0.0382183,0.573972,-0.050716,0.0981489,0
9.19,0.312292,0.221229,0.038177,0.573757,-0.0545476,0.0980963,0
9.2,0.32027,0.220745,0.0381155,0.57355,-0.0558292,0.0980475,0
9.21,0.328392,0.220244,0.0380387,0.573333,-0.0547125,0.0980057,0
9.22,0.320129,0.219767,0.0379351,0.573103,-0.0508222,0.0979717,0
9.23,0.288029,0.21918,0.0377921,0.57285,-0.0447921,0.0979435,0
9.24,0.262505,0.218161,0.0376064,0.572656,-0.0416849,0.0979319,0
9.25,0.251768,0.216876,0.0373873,0.572497,-0.0415336,0.0979309,0
9.26,0.241247,0.215809,0.0371541,0.572306,-0.0412135,0.0979291,0
9.27,0.224225,0.215121,0.0369368,0.572089,-0.040686,0.097926,0
9.28,0.205668,0.214841,0.0367911,0.571855,-0.0399532,0.0979212,0
9.29,0.191867,0.215174,0.0367637,0.571622,-0.0391663,0.0979142,0
9.3,0.180505,0.215933,0.0368187,0.571402,-0.0384094,0.0979049,0
9.31,0.179644,0.217234,0.0369782,0.571192,-0.0378805,0.0978925,0
9.32,0.185497,0.219203,0.0372625,0.570955,-0.0376317,0.0978716,0
9.33,0.19156,0.221595,0.0376787,0.5707,-0.037541,0.0978449,0
9.34,0.193174,0.223993,0.0382166,0.570451,-0.0375344,0.0978189,0
9.35,0.191638,0.226416,0.0388299,0.570223,-0.0376985,0.0977969,0
9.36,0.190641,0.229238,0.039453,0.570006,-0.038227,0.0977781,0
9.37,0.198247,0.232355,0.0400238,0.569782,-0.0390133,0.0977607,0
9.38,0.218045,0.235055,0.0404762,0.56959,-0.0399052,0.0977438,0
9.39,0.23797,0.236905,0.0407912,0.569501,-0.0405118,0.0977274,0
9.4,0.23302,0.238055,0.0410257,0.56948,-0.040499,0.0977117,0
9.41,0.213703,0.238359,0.0411572,0.569513,-0.0397173,0.0976973,0
9.42,0.18794,0.237624,0.0411627,0.56959,-0.0377424,0.0976844,0
9.43,0.162766,0.23593,0.0410305,0.569683,-0.0340084,0.0976703,0
9.44,0.153987,0.233659,0.0407672,0.569843,-0.0315866,0.0976644,0
9.45,0.160383,0.230955,0.0404174,0.57003,-0.0316094,0.0976627,0
9.46,0.16786,0.227837,0.0400499,0.570206,-0.0315195,0.0976597,0
9.47,0.177976,0.22473,0.0397386,0.570358,-0.0310415,0.0976546,0
9.48,0.188305,0.222274,0.0395519,0.570476,-0.0301744,0.0976464,0
9.49,0.192128,0.22078,0.0394931,0.570546,-0.0289202,0.0976342,0
9.5,0.19136,0.219651,0.0394566,0.570568,-0.0274795,0.0976178,0
9.51,0.182962,0.218759,0.0394281,0.570523,-0.0260312,0.0975961,0
9.52,0.171744,0.218193,0.0394183,0.57038,-0.0253584,0.0975638,0
9.53,0.172714,0.218227,0.0394357,0.570165,-0.0266303,0.0975234,0
9.54,0.192929,0.219016,0.0394814,0.569936,-0.0301877,0.0974818,0
9.55,0.221824,0.220253,0.0395468,0.569723,-0.0353598,0.0974414,0
9.56,0.255707,0.221278,0.0396165,0.569523,-0.0409746,0.0974007,0
9.57,0.2885,0.221789,0.0396683,0.569324,-0.0463034,0.097358,0
9.58,0.29822,0.221798,0.0396729,0.569134,-0.0509368,0.0973135,0
9.59,0.299001,0.221406,0.0396125,0.568965,-0.0541902,0.0972694,0
9.6,0.306908,0.221068,0.0395401,0.568802,-0.0551226,0.0972288,0
9.61,0.319114,0.220881,0.0394615,0.568624,-0.053909,0.0971944,0
9.62,0.311077,0.2208,0.0393666,0.568427,-0.0504094,0.0971663,0
9.63,0.282755,0.220705,0.039244,0.56819,-0.0451839,0.097141,0
9.64,0.265043,0.220321,0.0390879,0.568016,-0.042976,0.0971327,0
9.65,0.256507,0.219743,0.0389032,0.567858,-0.0428221,0.0971318,0
9.66,0.247016,0.219319,0.0387031,0.567669,-0.0425164,0.09713,0
9.67,0.23011,0.219154,0.0385101,0.567451,-0.0420472,0.097127,0
9.68,0.214191,0.219275,0.0383699,0.567217,-0.0414522,0.0971221,0
9.69,0.196884,0.219857,0.0383312,0.566982,-0.0407842,0.0971149,0
9.7,0.185312,0.220902,0.0383745,0.566761,-0.0402461,0.0971054,0
9.71,0.186683,0.222539,0.0385165,0.566545,-0.0399151,0.0970925,0
9.72,0.194357,0.224761,0.0387743,0.566306,-0.0398346,0.0970716,0
9.73,0.200882,0.227285,0.0391545,0.566052,-0.0398248,0.0970453,0
9.74,0.203541,0.229717,0.0396471,0.565806,-0.0398136,0.0970199,0
9.75,0.204426,0.232203,0.0402099,0.565581,-0.0399373,0.0969985,0
9.76,0.20487,0.235009,0.0407834,0.565366,-0.0402309,0.0969802,0
9.77,0.208354,0.238021,0.0413086,0.565147,-0.0408815,0.0969637,0
9.78,0.230012,0.240663,0.0417227,0.564956,-0.0415929,0.0969479,0
9.79,0.249215,0.242465,0.0420069,0.564868,-0.0420135,0.0969327,0
9.8,0.243534,0.243638,0.0422143,0.564851,-0.041905,0.0969184,0
9.81,0.222082,0.244068,0.0423259,0.564889,-0.0411183,0.0969056,0
9.82,0.198169,0.243556,0.0423244,0.564969,-0.0392328,0.096894,0
9.83,0.17667,0.242175,0.0422037,0.565065,-0.0357598,0.0968809,0
9.84,0.167222,0.24037,0.041973,0.565226,-0.0335118,0.0968754,0
9.85,0.176556,0.238267,0.0416719,0.565418,-0.0335659,0.0968737,0
9.86,0.183535,0.235774,0.0413607,0.565594,-0.0335018,0.0968708,0
9.87,0.194962,0.233173,0.0410999,0.565749,-0.0330776,0.0968658,0
9.88,0.206434,0.231128,0.0409423,0.56587,-0.0322526,0.0968579,0
9.89,0.211082,0.229815,0.0408831,0.565946,-0.0310413,0.0968462,0
9.9,0.2088,0.228737,0.0408329,0.565971,-0.0296687,0.0968305,0
9.91,0.197652,0.227833,0.0407857,0.565935,-0.0282256,0.0968097,0
9.92,0.186866,0.227189,0.0407512,0.5658,-0.0274966,0.0967784,0
9.93,0.185454,0.227093,0.0407374,0.565595,-0.0285995,0.0967395,0
9.94,0.203427,0.22775,0.0407443,0.565376,-0.0319517,0.0966997,0
9.95,0.235218,0.228868,0.0407647,0.565176,-0.0368621,0.0966614,0
9.96,0.269441,0.229769,0.0407841,0.564992,-0.0421767,0.0966233,0
9.97,0.297365,0.230148,0.0407843,0.564813,-0.0471784,0.0965838,0
9.98,0.303262,0.229989,0.0407394,0.564644,-0.0515383,0.0965429,0
9.99,0.304141,0.229476,0.0406325,0.564499,-0.0546078,0.0965027,0
10,0.312276,0.228956,0.0405139,0.564358,-0.0555024,0.0964661,0
10.01,0.321894,0.228538,0.0403914,0.5642,-0.0543473,0.0964353,0
10.02,0.314311,0.228198,0.0402559,0.564019,-0.0509842,0.0964104,0
10.03,0.287365,0.227831,0.0400971,0.563803,-0.0459635,0.0963889,0
10.04,0.268067,0.227148,0.0399111,0.56363,-0.0439602,0.0963814,0
10.05,0.26143,0.226331,0.0397021,0.563471,-0.0438248,0.0963804,0
10.06,0.252972,0.22574,0.0394811,0.563281,-0.043562,0.0963787,0
10.07,0.237779,0.22541,0.0392697,0.563064,-0.0431386,0.0963757,0
10.08,0.220322,0.225374,0.0391101,0.562827,-0.0425971,0.0963709,0
10.09,0.205537,0.225755,0.039047,0.562594,-0.0420291,0.096364,0
10.1,0.198238,0.226454,0.0390574,0.562376,-0.0414729,0.0963548,0
10.11,0.196718,0.227561,0.0391528,0.562165,-0.0411309,0.0963424,0
10.12,0.202635,0.229149,0.0393489,0.561931,-0.0409549,0.096322,0
10.13,0.20737,0.230906,0.0396522,0.561684,-0.0407948,0.0962964,0
10.14,0.209204,0.232509,0.0400562,0.561446,-0.0405749,0.0962721,0
10.15,0.207631,0.234048,0.0405244,0.561227,-0.0403644,0.0962518,0
10.16,0.206824,0.235935,0.0410076,0.561017,-0.0404667,0.096235,0
10.17,0.209943,0.23816,0.041453,0.560798,-0.040875,0.0962199,0
10.18,0.229881,0.240105,0.0417939,0.560611,-0.0413525,0.0962059,0
10.19,0.249273,0.2412,0.0419959,0.560527,-0.0415793,0.0961926,0
10.2,0.243188,0.241604,0.0421148,0.560514,-0.041373,0.0961805,0
10.21,0.222822,0.241177,0.0421418,0.560554,-0.0405487,0.0961697,0
10.22,0.198586,0.23984,0.0420627,0.560635,-0.0388057,0.09616,0
10.23,0.178425,0.237791,0.0418729,0.560727,-0.035477,0.0961484,1
10.24,0.169417,0.235448,0.041582,0.560873,-0.0332235,0.0961432,1
10.25,0.175772,0.232809,0.0412279,0.561052,-0.033291,0.0961416,1
10.26,0.183271,0.229763,0.0408662,0.561216,-0.033219,0.0961387,1
10.27,0.192108,0.226594,0.0405518,0.561365,-0.032862,0.0961339,1
10.28,0.200806,0.223895,0.0403334,0.561485,-0.0321514,0.0961262,1
10.29,0.207224,0.221854,0.0402023,0.561563,-0.0310917,0.0961149,1
10.3,0.207427,0.219958,0.0400693,0.561592,-0.029863,0.0960996,1
10.31,0.196526,0.218136,0.0399296,0.561557,-0.0285921,0.0960795,1
10.32,0.188517,0.216497,0.0397932,0.561432,-0.0280477,0.0960497,1
10.33,0.18766,0.215284,0.0396723,0.561238,-0.0291306,0.0960129,1
10.34,0.20129,0.21475,0.0395752,0.561031,-0.032197,0.0959753,1
10.35,0.226435,0.214706,0.0395058,0.560843,-0.0365897,0.0959392,1
10.36,0.25543,0.214646,0.039461,0.56067,-0.0413112,0.0959037,1
10.37,0.280597,0.214321,0.0394242,0.560508,-0.0457745,0.0958673,1
10.38,0.286121,0.213591,0.0393561,0.560362,-0.0497768,0.0958304,1
10.39,0.282445,0.212441,0.0392142,0.560236,-0.052502,0.0957947,1
10.4,0.287969,0.211311,0.0390676,0.560109,-0.0533188,0.0957628,1
10.41,0.299636,0.210283,0.0389281,0.559957,-0.0523279,0.0957367,1
10.42,0.295346,0.209369,0.0387879,0.559772,-0.0490735,0.0957164,1
10.43,0.265881,0.208443,0.0386387,0.559541,-0.0437717,0.0956994,1
10.44,0.242079,0.207261,0.0384782,0.559325,-0.0408321,0.0956928,1
10.45,0.234069,0.205997,0.0383091,0.559112,-0.0407581,0.0956924,1
10.46,0.224329,0.205046,0.0381387,0.558865,-0.0406511,0.0956916,1
10.47,0.210265,0.204419,0.0379794,0.558592,-0.0404453,0.0956903,1
10.48,0.195756,0.204116,0.0378706,0.558305,-0.0401814,0.0956879,1
10.49,0.185108,0.204227,0.0378599,0.558027,-0.0399072,0.0956841,1
10.5,0.175681,0.204711,0.0379267,0.557774,-0.0396118,0.0956789,1
10.51,0.17382,0.205577,0.0380848,0.55754,-0.0392802,0.0956713,1
10.52,0.176114,0.206893,0.038353,0.557295,-0.038917,0.0956567,1
10.53,0.176789,0.208489,0.0387458,0.557045,-0.0384066,0.0956378,1
10.54,0.172217,0.210135,0.0392751,0.556807,-0.0376485,0.0956206,1
10.55,0.16585,0.212101,0.0399253,0.556585,-0.0369878,0.0956073,1
10.56,0.161355,0.214873,0.0406504,0.556357,-0.0365807,0.0955969,1
10.57,0.159093,0.218252,0.04135,0.556105,-0.0366746,0.0955874,1
10.58,0.173273,0.220542,0.0418212,0.555862,-0.0371966,0.0955773,1
10.59,0.197139,0.22071,0.0419356,0.555718,-0.0379594,0.0955657,1
10.6,0.1988,0.220032,0.0419381,0.555654,-0.0388091,0.0955516,1
10.61,0.187232,0.218713,0.04187,0.555629,-0.0393538,0.0955342,1
10.62,0.17325,0.216642,0.0417232,0.555624,-0.038783,0.0955117,1
10.63,0.148576,0.214016,0.0414972,0.5556,-0.0351409,0.0954799,1
10.64,0.137199,0.211255,0.0411994,0.555698,-0.0324889,0.0954643,1
10.65,0.144031,0.208436,0.0408601,0.555869,-0.0328038,0.0954592,1
10.66,0.149548,0.205245,0.0405155,0.556021,-0.0331383,0.0954503,1
10.67,0.162423,0.201779,0.0402035,0.556146,-0.0333465,0.0954357,1
10.68,0.176346,0.198697,0.039966,0.556226,-0.0333505,0.0954137,1
10.69,0.18589,0.196372,0.0398059,0.556231,-0.0329953,0.0953826,1
10.7,0.191427,0.19419,0.0396322,0.556143,-0.0325168,0.0953412,1
10.71,0.183335,0.192074,0.0394333,0.555936,-0.0316921,0.0952873,1
10.72,0.173407,0.190143,0.039228,0.555568,-0.0311813,0.0952143,1
10.73,0.172341,0.188565,0.039037,0.555072,-0.0321701,0.0951248,1
10.74,0.18721,0.18762,0.0388842,0.554505,-0.0350186,0.0950242,1
10.75,0.210826,0.18738,0.0388009,0.553897,-0.0391936,0.0949145,1
10.76,0.237571,0.187529,0.0388056,0.553249,-0.0439283,0.0947945,1
10.77,0.263257,0.187783,0.0388844,0.552555,-0.0486212,0.0946635,1
10.78,0.271407,0.187529,0.0389141,0.551815,-0.0532974,0.0945224,1
10.79,0.282595,0.186387,0.0387554,0.551027,-0.057764,0.0943739,1
10.8,0.30405,0.185309,0.0385893,0.550172,-0.0607435,0.0942217,1
10.81,0.330919,0.184491,0.0384516,0.549228,-0.0618598,0.0940691,1
10.82,0.32073,0.183961,0.0383396,0.5482,-0.0575648,0.0939186,1
10.83,0.244404,0.183669,0.038247,0.547089,-0.0444675,0.093769,1
10.84,0.177562,0.183341,0.0381657,0.546346,-0.0340916,0.0936947,1
10.85,0.170787,0.183007,0.0380856,0.54595,-0.0345811,0.0936887,1
10.86,0.166458,0.182897,0.037996,0.545488,-0.0352322,0.0936787,1
10.87,0.158889,0.18287,0.0378938,0.544964,-0.0360713,0.0936632,1
10.88,0.151358,0.18298,0.0378242,0.544395,-0.0369028,0.09364,1
10.89,0.14648,0.183552,0.0378592,0.5438,-0.0375662,0.093607,1
10.9,0.142825,0.18444,0.0379623,0.543181,-0.0376857,0.0935623,1
10.91,0.140752,0.185776,0.0381472,0.542523,-0.0371994,0.0935021,1
10.92,0.13874,0.187592,0.0384391,0.541776,-0.0360065,0.0934183,1
10.93,0.134928,0.189726,0.0388789,0.540914,-0.0341634,0.0933093,1
10.94,0.126201,0.19228,0.0395271,0.539908,-0.0321253,0.0931756,1
10.95,0.113757,0.195867,0.0404146,0.538728,-0.0301643,0.0930149,1
10.96,0.104006,0.201248,0.041491,0.537332,-0.0289479,0.092822,1
10.97,0.10265,0.207274,0.0425431,0.535675,-0.0291606,0.0925916,1
10.98,0.120248,0.210355,0.0430759,0.533789,-0.0304947,0.0923198,1
10.99,0.154585,0.209387,0.0429357,0.531786,-0.0336726,0.0920038,1
11,0.176763,0.207577,0.0426594,0.529658,-0.0377255,0.0916414,1
11.01,0.187629,0.20523,0.0423092,0.527364,-0.0419156,0.0912313,1
11.02,0.181068,0.202279,0.0418737,0.524847,-0.0428943,0.0907705,1
11.03,0.126673,0.198801,0.041345,0.522041,-0.0343768,0.0902515,1
11.04,0.0877719,0.195073,0.0407105,0.520901,-0.0270004,0.0900181,1
11.05,0.100171,0.19082,0.0399735,0.520886,-0.0280259,0.0899791,1
11.06,0.116905,0.185619,0.039157,0.52073,-0.0294273,0.0899134,1
11.07,0.13581,0.179729,0.0383393,0.520388,-0.0309554,0.0898121,1
11.08,0.158659,0.175053,0.0377191,0.519801,-0.0325551,0.0896667,1
11.09,0.177112,0.172793,0.0374303,0.518894,-0.0337407,0.0894694,1
11.1,0.188525,0.171076,0.0371856,0.517611,-0.0344846,0.0892144,1
11.11,0.185567,0.169428,0.0369265,0.515892,-0.0342869,0.0888949,1
11.12,0.173276,0.167876,0.0366643,0.513654,-0.0336963,0.0884973,1
11.13,0.167324,0.16656,0.0364215,0.510895,-0.0341659,0.0880163,1
11.14,0.179217,0.16581,0.0362427,0.507656,-0.036579,0.0874526,1
11.15,0.203405,0.165934,0.0361918,0.503957,-0.0402038,0.0868074,1
11.16,0.229956,0.166907,0.0363198,0.499821,-0.0447653,0.0860828,1
11.17,0.251375,0.168455,0.0366172,0.495277,-0.0501176,0.0852849,1
11.18,0.274189,0.169512,0.0368959,0.490373,-0.0568974,0.0844237,1
11.19,0.303551,0.169158,0.0368891,0.485149,-0.0646735,0.0835118,1
11.2,0.353424,0.168765,0.036859,0.47964,-0.0716174,0.0825638,1
11.21,0.398893,0.168707,0.0368814,0.473897,-0.0754376,0.0815941,1
11.22,0.367327,0.16898,0.0369456,0.467971,-0.0678173,0.0806133,1
11.23,0.194347,0.169556,0.0370396,0.461891,-0.0380623,0.0796221,1
11.24,0.0428637,0.170284,0.0371407,0.458501,-0.0128081,0.0791121,1
11.25,0.0401255,0.170945,0.0372112,0.45772,-0.0140545,0.079065,1
11.26,0.0422097,0.171559,0.0372191,0.456728,-0.0158867,0.0789883,1
11.27,0.0455948,0.171942,0.0371605,0.455486,-0.0182625,0.0788725,1
11.28,0.0501379,0.172595,0.0371613,0.453978,-0.0206485,0.0787084,1
11.29,0.0518398,0.174241,0.0373896,0.45219,-0.0226022,0.0784874,1
11.3,0.0526305,0.176129,0.0376778,0.4501,-0.0235135,0.0782021,1
11.31,0.0513633,0.178146,0.0379993,0.447657,-0.0230205,0.0778434,1
11.32,0.0510055,0.180239,0.0383632,0.444766,-0.0212416,0.0773956,1
11.33,0.0418573,0.182242,0.0387902,0.441339,-0.0187304,0.0768477,1
11.34,0.0329833,0.184129,0.0393243,0.437314,-0.0167825,0.0761937,1
11.35,0.0225217,0.18652,0.039992,0.432652,-0.0158558,0.07543,1
11.36,0.0205964,0.190136,0.0407663,0.42734,-0.0164127,0.0745572,1
11.37,0.0317433,0.19433,0.0414938,0.421398,-0.0190038,0.0735804,1
11.38,0.0710701,0.1962,0.0417877,0.414941,-0.0239063,0.0725098,1
11.39,0.127976,0.195035,0.0415706,0.408179,-0.031377,0.0713588,1
11.4,0.174625,0.193259,0.0412578,0.401211,-0.0396546,0.0701429,1
11.41,0.20724,0.190932,0.040868,0.394093,-0.0472288,0.0688785,1
11.42,0.21069,0.187957,0.0403782,0.38684,-0.050326,0.0675768,1
11.43,0.150448,0.184354,0.0397477,0.379418,-0.0409121,0.066238,1
11.44,0.0848227,0.179947,0.0389057,0.37565,-0.0288845,0.0655456,1
11.45,0.0965077,0.174027,0.0377924,0.375372,-0.0301076,0.0654721,1
11.46,0.112939,0.165685,0.0364148,0.37483,-0.0318714,0.0653492,1
11.47,0.132811,0.156065,0.0349767,0.373956,-0.0339571,0.0651631,1
11.48,0.163476,0.149943,0.0340874,0.372667,-0.0362623,0.0649014,1
11.49,0.189376,0.14919,0.0339797,0.370883,-0.0382597,0.0645541,1
11.5,0.206853,0.149081,0.0339584,0.368536,-0.0397413,0.0641141,1
11.51,0.207182,0.148993,0.0339221,0.365565,-0.0402771,0.0635745,1
11.52,0.197625,0.148879,0.0338728,0.361896,-0.0401157,0.0629224,1
11.53,0.193203,0.148733,0.0338167,0.357526,-0.0405112,0.0621518,1
11.54,0.19791,0.148684,0.0337746,0.352494,-0.0418538,0.0612653,1
11.55,0.211645,0.148982,0.0337793,0.346869,-0.0440221,0.0602716,1
11.56,0.225393,0.149636,0.0338696,0.340731,-0.0466225,0.059185,1
11.57,0.23652,0.150505,0.0340623,0.334187,-0.0496657,0.0580246,1
11.58,0.243831,0.151246,0.0342802,0.32734,-0.0540772,0.0568128,1
11.59,0.262274,0.151436,0.0343804,0.320303,-0.0593517,0.0555731,1
11.6,0.302317,0.151602,0.0344678,0.313164,-0.0643065,0.0543272,1
11.61,0.340468,0.151876,0.0345698,0.306014,-0.0665443,0.0530941,1
11.62,0.311115,0.152257,0.0346752,0.298925,-0.0586524,0.051886,1
11.63,0.15181,0.152708,0.0347628,0.291908,-0.0305967,0.0507017,1
11.64,0.0409775,0.153014,0.0347919,0.288833,-0.0122288,0.0502231,1
11.65,0.0387051,0.152752,0.0347008,0.288142,-0.0131741,0.0501732,1
11.66,0.0388414,0.151862,0.0344446,0.287234,-0.014523,0.0500892,1
11.67,0.0356312,0.15034,0.0340297,0.286078,-0.0161683,0.049962,1
11.68,0.0351234,0.149236,0.0336635,0.284647,-0.0178074,0.0497829,1
11.69,0.0331309,0.149778,0.0336553,0.282922,-0.0186708,0.0495445,1
11.7,0.0273402,0.150642,0.0337266,0.280888,-0.0187004,0.0492414,1
11.71,0.0207422,0.151467,0.0337947,0.278505,-0.0174079,0.0488662,1
11.72,0.0158827,0.152137,0.0338589,0.275705,-0.0152417,0.0484078,1
11.73,0.00617325,0.152366,0.0339254,0.272434,-0.0128087,0.0478594,1
11.74,-0.00542853,0.152017,0.0340147,0.268663,-0.0107707,0.0472198,1
11.75,-0.0153682,0.15149,0.0341415,0.264405,-0.00984559,0.0464924,1
11.76,-0.0189948,0.151522,0.0343012,0.259694,-0.0102181,0.0456858,1
11.77,-0.012788,0.15207,0.0344027,0.254604,-0.0121097,0.0448125,1
11.78,0.0172009,0.151287,0.0342246,0.249244,-0.0157364,0.0438878,1
11.79,0.0672633,0.148857,0.0337545,0.243788,-0.0208034,0.0429284,1
11.8,0.100736,0.146017,0.0332137,0.23833,-0.0266551,0.0419506,1
11.81,0.121397,0.142747,0.0326033,0.232926,-0.0321735,0.0409692,1
11.82,0.127001,0.13899,0.0319031,0.227596,-0.0351604,0.0399935,1
11.83,0.0918157,0.134808,0.0310769,0.222305,-0.0304044,0.0390223,1
11.84,0.0532395,0.130105,0.0300554,0.219658,-0.0234539,0.0385324,1
11.85,0.0627271,0.124034,0.028781,0.219449,-0.0242007,0.0384857,1
11.86,0.0742744,0.115472,0.0272616,0.219077,-0.0252525,0.038408,1
11.87,0.0869738,0.105373,0.0257134,0.218505,-0.0265713,0.0382913,1
11.88,0.107495,0.0991544,0.0247883,0.217689,-0.0282281,0.0381284,1
11.89,0.131358,0.098692,0.0246639,0.216583,-0.0297341,0.0379137,1
11.9,0.146833,0.0988072,0.0246044,0.21515,-0.0310272,0.0376437,1
11.91,0.15268,0.0989799,0.0245325,0.213362,-0.0317798,0.0373151,1
11.92,0.145493,0.0991712,0.0244451,0.211184,-0.0318454,0.036921,1
11.93,0.138814,0.0992846,0.024342,0.20861,-0.0322166,0.036458,1
11.94,0.141272,0.099209,0.0242339,0.205661,-0.0328088,0.0359272,1
11.95,0.14976,0.0991293,0.0241419,0.202372,-0.033776,0.035334,1
11.96,0.154998,0.099126,0.0240961,0.198794,-0.0352166,0.0346876,1
11.97,0.160145,0.0991474,0.0241158,0.194985,-0.0369938,0.0339996,1
11.98,0.156327,0.0991511,0.0241647,0.191009,-0.0396006,0.0332836,1
11.99,0.166297,0.0992325,0.0241749,0.186926,-0.0428356,0.0325532,1
12,0.191977,0.0993162,0.0241866,0.182796,-0.0456869,0.0318212,1
12.01,0.226561,0.0993374,0.0242065,0.178676,-0.046511,0.0310985,1
12.02,0.203186,0.0993302,0.0242227,0.174606,-0.0394132,0.0303914,1
12.03,0.081592,0.0993259,0.0242202,0.170593,-0.0179903,0.0296997,1
12.04,-0.00138328,0.0991693,0.0241697,0.168859,-0.00457398,0.0294206,1
12.05,-0.00664324,0.0985634,0.0240338,0.168494,-0.00508893,0.0293906,1
12.06,-0.0107295,0.0974674,0.0237766,0.168012,-0.00582651,0.029341,1
12.07,-0.0168005,0.0959895,0.0233892,0.167396,-0.00676985,0.0292667,1
12.08,-0.0204404,0.0946704,0.0229953,0.16663,-0.00755445,0.0291632,1
12.09,-0.0260999,0.0942748,0.0228088,0.165702,-0.00799611,0.029027,1
12.1,-0.0307649,0.0939866,0.0226653,0.164604,-0.00786868,0.0288555,1
12.11,-0.0355672,0.0935817,0.0225074,0.163316,-0.00710613,0.0286452,1
12.12,-0.0370405,0.092986,0.0223309,0.161806,-0.0059398,0.0283908,1
12.13,-0.0426387,0.0920543,0.0221363,0.160049,-0.00469232,0.028089,1
12.14,-0.0498898,0.0905336,0.0219286,0.158038,-0.00379883,0.0277393,1
12.15,-0.0543039,0.0885068,0.0217193,0.155775,-0.0033929,0.027344,1
12.16,-0.0579763,0.086388,0.0215081,0.153287,-0.00380381,0.0269079,1
12.17,-0.0562019,0.0845973,0.0212598,0.15061,-0.00508782,0.0264379,1
12.18,-0.0339431,0.0825318,0.0208734,0.1478,-0.00713306,0.0259421,1
12.19,0.000364163,0.0803966,0.0203719,0.144932,-0.00990243,0.0254294,1
12.2,0.0192127,0.0782543,0.0198334,0.142053,-0.013191,0.0249082,1
12.21,0.0253345,0.0758158,0.0192365,0.1392,-0.0167695,0.0243864,1
12.22,0.0205492,0.0730641,0.0185597,0.136386,-0.0186169,0.0238687,1
12.23,-0.00704408,0.0702796,0.0177655,0.133597,-0.0157176,0.0233546,1
12.24,-0.0342253,0.0674347,0.0167923,0.132202,-0.0114123,0.023096,1
12.25,-0.0262551,0.0637331,0.0155898,0.132095,-0.0118038,0.0230726,1
12.26,-0.0192325,0.0576535,0.0141469,0.131908,-0.0123227,0.0230339,1
12.27,-0.00798294,0.0496593,0.0126859,0.131622,-0.0130217,0.0229759,1
12.28,0.0082236,0.0456836,0.011876,0.131214,-0.0138349,0.0228952,1
12.29,0.0278657,0.0469661,0.0118157,0.130663,-0.0146409,0.022789,1
12.3,0.0409402,0.0485936,0.0118104,0.129951,-0.0152909,0.0226557,1
12.31,0.0403117,0.0503336,0.0117981,0.129068,-0.0155107,0.0224934,1
12.32,0.0324478,0.0521033,0.0117732,0.127997,-0.015429,0.0222987,1
12.33,0.0254794,0.053502,0.0117329,0.126734,-0.0152863,0.0220693,1
12.34,0.0224562,0.0540156,0.0116812,0.125282,-0.0153038,0.0218053,1
12.35,0.0269366,0.0540566,0.0116299,0.123652,-0.0156128,0.0215087,1
12.36,0.0298754,0.0539836,0.0115959,0.121863,-0.0161368,0.0211835,1
12.37,0.0267577,0.0539125,0.0115931,0.11994,-0.0170433,0.0208349,1
12.38,0.0177808,0.0539038,0.0116097,0.117906,-0.0185747,0.0204694,1
12.39,0.0219288,0.0541214,0.0116152,0.115796,-0.0205824,0.0200936,1
12.4,0.0443448,0.0542079,0.0116228,0.11365,-0.0225239,0.0197138,1
12.41,0.0832798,0.0540917,0.0116326,0.111504,-0.0232511,0.0193359,1
12.42,0.0757823,0.0537896,0.0116402,0.109377,-0.0190661,0.0189633,1
12.43,0.00483456,0.0534765,0.011638,0.107272,-0.0059585,0.0185964,1
12.44,-0.0605992,0.0534238,0.0116112,0.106186,0.00477431,0.0184131,1
12.45,-0.0654751,0.0533972,0.0115367,0.106033,0.00440136,0.0183977,1
12.46,-0.0677524,0.0533016,0.0113863,0.105823,0.00393228,0.0183722,1
12.47,-0.0698181,0.0531962,0.0111446,0.105545,0.00331232,0.0183341,1
12.48,-0.0744715,0.0531761,0.0108951,0.105188,0.00271364,0.0182813,1
12.49,-0.0822957,0.0530501,0.010782,0.104743,0.0023158,0.0182119,1
12.5,-0.085378,0.0528929,0.0106971,0.104206,0.00227251,0.0181246,1
12.51,-0.0859392,0.0528005,0.0106043,0.103569,0.00260739,0.0180177,1
12.52,-0.0824868,0.0527743,0.0105022,0.102818,0.00314272,0.0178884,1
12.53,-0.0843558,0.052827,0.010392,0.101939,0.00368788,0.0177351,1
12.54,-0.0865367,0.0529029,0.0102791,0.100928,0.00404121,0.0175573,1
12.55,-0.0913276,0.0527553,0.0101712,0.0997862,0.00402536,0.0173558,1
12.56,-0.0960433,0.0524542,0.0100741,0.0985251,0.00353566,0.0171327,1
12.57,-0.0948917,0.0523874,0.009966,0.0971636,0.00253686,0.0168914,1
12.58,-0.071881,0.0523105,0.00977953,0.0957244,0.00104479,0.0166356,1
12.59,-0.039281,0.0525009,0.00955015,0.0942319,-0.000933124,0.0163698,1
12.6,-0.0265062,0.0529589,0.00931729,0.0927143,-0.00315055,0.0160981,1
12.61,-0.0277454,0.0534384,0.0090629,0.0911984,-0.00550268,0.0158246,1
12.62,-0.0334757,0.0539371,0.00877284,0.0896977,-0.00710901,0.0155521,1
12.63,-0.0474548,0.0545679,0.00842124,0.0882078,-0.0060629,0.0152807,1
12.64,-0.0586635,0.055332,0.00796944,0.0876108,-0.00454731,0.0151698,1
12.65,-0.05374,0.0560476,0.00737765,0.087569,-0.00475289,0.0151584,1
12.66,-0.0462289,0.0562115,0.00663053,0.0874872,-0.00507816,0.0151392,1
12.67,-0.033763,0.0557919,0.00587283,0.0873537,-0.00551506,0.0151103,1
12.68,-0.0177616,0.0560441,0.00552125,0.087155,-0.00599295,0.01507,1
12.69,-0.00327863,0.0564885,0.005509,0.0868789,-0.00651869,0.0150169,1
12.7,0.00437543,0.0566371,0.00548953,0.0865189,-0.0069222,0.0149499,1
12.71,0.00618215,0.0567851,0.00547256,0.0860713,-0.00692683,0.0148679,1
12.72,-0.00283351,0.0568504,0.00545742,0.0855307,-0.00669449,0.014769,1
12.73,-0.0108978,0.0566803,0.00544371,0.0848928,-0.00652833,0.0146517,1
12.74,-0.0117817,0.0558956,0.0054324,0.0841545,-0.00649806,0.014516,1
12.75,-0.00967557,0.0547143,0.00542773,0.0833165,-0.00664516,0.0143624,1
12.76,-0.00722329,0.0534184,0.00543717,0.082385,-0.00695227,0.0141929,1
12.77,-0.0122569,0.0521833,0.00546494,0.0813689,-0.00756107,0.0140098,1
12.78,-0.0241236,0.0510421,0.00549468,0.0802692,-0.00858316,0.0138163,1
12.79,-0.0273551,0.050005,0.00549689,0.0791115,-0.00998743,0.0136158,1
12.8,-0.00854388,0.0488133,0.00549357,0.077932,-0.0113873,0.0134115,1
12.81,0.027674,0.0473046,0.00549623,0.0767565,-0.0120859,0.0132066,1
12.82,0.0323108,0.0455148,0.00551201,0.0755922,-0.00982781,0.0130031,1
12.83,-0.0077689,0.0438613,0.00554305,0.0744376,-0.00210004,0.0128012,1
12.84,-0.0519032,0.0431132,0.00558499,0.07385,0.00438157,0.0127,1
12.85,-0.0572357,0.0429207,0.00562538,0.0737881,0.00416453,0.0126917,1
12.86,-0.0576294,0.0428457,0.00564379,0.0736966,0.00385375,0.0126779,1
12.87,-0.0617332,0.0426938,0.00562322,0.0735678,0.00350358,0.0126575,1
12.88,-0.0648938,0.0423519,0.0055883,0.0733945,0.00315342,0.0126292,1
12.89,-0.0689176,0.0415724,0.00559486,0.0731699,0.00288775,0.0125921,1
12.9,-0.0719136,0.0408,0.00560802,0.0728915,0.00276502,0.0125454,1
12.91,-0.0710098,0.0401659,0.00562099,0.0725572,0.00288246,0.0124881,1
12.92,-0.0671743,0.0397501,0.00563488,0.0721608,0.00311287,0.0124188,1
12.93,-0.0659565,0.0396501,0.00565326,0.0716956,0.0033139,0.0123364,1
12.94,-0.068415,0.0398602,0.0056841,0.0711576,0.00333235,0.0122406,1
12.95,-0.0718732,0.0400473,0.00573328,0.0705474,0.00309312,0.0121317,1
12.96,-0.0723604,0.0400601,0.00580188,0.0698702,0.00258203,0.0120108,1
12.97,-0.0706262,0.0401967,0.00586716,0.0691377,0.00175138,0.0118795,1
12.98,-0.0518304,0.0402674,0.00586228,0.068357,0.000612421,0.0117397,1
12.99,-0.026295,0.0403041,0.00579251,0.0675281,-0.000844137,0.0115937,1
13,-0.0178548,0.0404865,0.00571799,0.0666728,-0.0024785,0.0114436,1
13.01,-0.0207677,0.0408078,0.00563741,0.0658152,-0.00420559,0.0112918,1
13.02,-0.0278104,0.0411889,0.00554517,0.0649668,-0.00532004,0.0111395,1
13.03,-0.0384854,0.0415749,0.00542945,0.064125,-0.00474608,0.010987,1
13.04,-0.0464232,0.0419389,0.00527212,0.063796,-0.00378483,0.0109243,1
13.05,-0.0404943,0.0424401,0.00505404,0.0637882,-0.00394559,0.0109178,1
13.06,-0.0342346,0.0429277,0.00477138,0.0637597,-0.00417177,0.010907,1
13.07,-0.0240928,0.0431167,0.00448974,0.063702,-0.00446159,0.0108908,1
13.08,-0.00766514,0.0433869,0.00437307,0.0636047,-0.00473912,0.0108685,1
13.09,0.0086725,0.0433872,0.00434759,0.0634603,-0.00503739,0.0108392,1
13.1,0.01699,0.0430589,0.00430605,0.0632658,-0.00531501,0.0108024,1
13.11,0.0183251,0.0427087,0.00426989,0.0630233,-0.00538055,0.0107575,1
13.12,0.0104601,0.0423536,0.00424175,0.0627367,-0.00535716,0.0107033,1
13.13,0.00153471,0.0417836,0.00422442,0.062403,-0.00530665,0.0106392,1
13.14,-0.00154858,0.0407559,0.0042214,0.0620163,-0.0053172,0.0105648,1
13.15,0.000682568,0.0395239,0.00423694,0.0615708,-0.0054553,0.0104805,1
13.16,6.42426e-05,0.0382041,0.00427503,0.0610665,-0.00575596,0.0103869,1
13.17,-0.00899121,0.0369235,0.00433588,0.0605016,-0.00624953,0.0102854,1
13.18,-0.0268479,0.0357802,0.00440116,0.0598638,-0.0070601,0.0101775,1
13.19,-0.0331119,0.0346308,0.00443937,0.0591764,-0.00809545,0.0100649,1
13.2,-0.0157579,0.033338,0.00447262,0.0584789,-0.00905728,0.00994935,1
13.21,0.0165185,0.0318051,0.00451384,0.0577947,-0.00962091,0.00983259,1
13.22,0.0259655,0.0302017,0.00456573,0.0571228,-0.0081541,0.00971577,1
13.23,0.000566804,0.0288264,0.00462881,0.0564569,-0.00307092,0.00959911,1
13.24,-0.0249242,0.0283398,0.00469893,0.0561885,0.00021206,0.00955148,1
13.25,-0.033758,0.0284037,0.00476702,0.0561684,2.67448e-05,0.00954668,1
13.26,-0.0393523,0.0285685,0.00481972,0.0561323,-0.000154807,0.00953877,1
13.27,-0.0420535,0.0285359,0.00484638,0.0560748,-0.000428771,0.00952701,1
13.28,-0.04559,0.0282105,0.00486257,0.0559894,-0.000672417,0.00951073,1
13.29,-0.0499698,0.0274873,0.00490297,0.0558695,-0.000852339,0.0094894,1
13.3,-0.0495048,0.0267852,0.0049474,0.0557148,-0.000916226,0.00946259,1
13.31,-0.0455142,0.0262466,0.00499243,0.0555276,-0.000871414,0.00942971,1
13.32,-0.0398946,0.0258869,0.00503948,0.0553063,-0.000742074,0.00938985,1
13.33,-0.039727,0.025842,0.00509216,0.0550469,-0.00061365,0.0093424,1
13.34,-0.0385011,0.0260938,0.00515529,0.0547452,-0.000575035,0.0092871,1
13.35,-0.0417317,0.0262093,0.00523319,0.0544004,-0.000754693,0.00922409,1
13.36,-0.0437837,0.0261181,0.00532552,0.0540161,-0.00108102,0.00915386,1
13.37,-0.0450169,0.0263164,0.00541337,0.0535998,-0.00162961,0.00907723,1
13.38,-0.0277584,0.0265466,0.00544482,0.0531512,-0.00236422,0.00899527,1
13.39,-0.00157139,0.0265601,0.00540782,0.052656,-0.00331589,0.00890921,1
13.4,0.00411813,0.0265863,0.00536318,0.052134,-0.00441441,0.00882031,1
13.41,-0.000325062,0.0266372,0.00531462,0.0516106,-0.0054941,0.00872983,1
13.42,-0.00866201,0.0267081,0.00525877,0.0510984,-0.00628602,0.00863863,1
13.43,-0.0169913,0.0267226,0.00518897,0.0505945,-0.00590771,0.00854674,1
13.44,-0.0231229,0.0265811,0.00509408,0.0503581,-0.00501309,0.00850006,1
13.45,-0.0192025,0.0266096,0.00496522,0.0503747,-0.00511041,0.00849624,1
13.46,-0.014927,0.0268463,0.00480274,0.0503815,-0.00527327,0.00848992,1
13.47,-0.00641722,0.026853,0.00464171,0.0503701,-0.00545496,0.00848051,1
13.48,0.00716835,0.0268815,0.00457173,0.050332,-0.00564448,0.00846748,1
13.49,0.0203883,0.0268947,0.00458678,0.050259,-0.00584021,0.00845039,1
13.5,0.0269598,0.0266869,0.00460692,0.0501509,-0.00597984,0.00842892,1
13.51,0.0263415,0.0263066,0.00462983,0.0500154,-0.00602837,0.00840269,1
13.52,0.0156292,0.0258284,0.00465781,0.0498602,-0.00598755,0.00837102,1
13.53,0.00737346,0.0251511,0.00469309,0.0496847,-0.00598051,0.00833342,1
13.54,-2.31112e-05,0.0243427,0.00473915,0.0494798,-0.00602387,0.00828967,1
13.55,0.00373144,0.0237348,0.00479975,0.049236,-0.00612363,0.00823987,1
13.56,0.00105218,0.023235,0.00487913,0.0489492,-0.00634694,0.00818439,1
13.57,-0.00581437,0.022732,0.00497882,0.0486124,-0.00668788,0.00812386,1
13.58,-0.0218096,0.0221523,0.00508546,0.0482032,-0.00720351,0.00805915,1
13.59,-0.0267417,0.0214852,0.00517355,0.0477468,-0.00786179,0.00799121,1
13.6,-0.0119679,0.0207938,0.00525643,0.0472908,-0.00857464,0.00792106,1
13.61,0.0201164,0.0199657,0.00533992,0.0468569,-0.00898264,0.00784972,1
13.62,0.0316689,0.0190831,0.0054231,0.046439,-0.00803053,0.00777788,1
13.63,0.012635,0.0186063,0.00550494,0.0460277,-0.00445625,0.0077057,1
13.64,-0.00523318,0.0191495,0.00558256,0.0458697,-0.00213019,0.00767613,1
13.65,-0.0109071,0.0201996,0.00565088,0.0458719,-0.00222885,0.00767319,1
13.66,-0.0124813,0.0213484,0.0057035,0.0458661,-0.00235975,0.00766835,1
13.67,-0.0178608,0.0222098,0.0057365,0.045847,-0.00254339,0.00766115,1
13.68,-0.0228858,0.0226113,0.00576295,0.0458086,-0.00272187,0.00765119,1
13.69,-0.0275397,0.0226432,0.00580823,0.0457437,-0.00285217,0.00763814,1
13.7,-0.0283366,0.022668,0.00585848,0.045654,-0.00295176,0.00762175,1
13.71,-0.0248339,0.0227533,0.00590838,0.0455447,-0.00296394,0.00760162,1
13.72,-0.0222347,0.0228106,0.00595949,0.0454157,-0.00293271,0.00757718,1
13.73,-0.018633,0.0228192,0.00601447,0.0452652,-0.00292141,0.00754805,1
13.74,-0.0174859,0.0228179,0.00607757,0.0450898,-0.00299578,0.00751402,1
13.75,-0.0171695,0.0226388,0.00615074,0.0448862,-0.00312969,0.00747513,1
13.76,-0.0199827,0.0223822,0.00623334,0.0446577,-0.00342707,0.00743164,1
13.77,-0.0186834,0.0227169,0.00631124,0.0444113,-0.00386033,0.00738401,1
13.78,0.000235928,0.0232074,0.00634812,0.0441417,-0.00441222,0.00733285,1
13.79,0.0271682,0.0233355,0.00632359,0.043824,-0.00510376,0.00727888,1
13.8,0.035101,0.0233478,0.006288,0.0434791,-0.00588852,0.00722286,1
13.81,0.0285242,0.0233444,0.00624991,0.0431356,-0.0067142,0.00716556,1
13.82,0.0210906,0.0233425,0.00620733,0.0428062,-0.00736571,0.00710753,1
13.83,0.0123321,0.0232645,0.00615707,0.0424884,-0.00714386,0.00704878,1
13.84,0.00897906,0.0230169,0.00609433,0.0423512,-0.00657666,0.00701884,1
13.85,0.0115418,0.02288,0.00601367,0.0423849,-0.00666949,0.00701643,1
13.86,0.0136699,0.0229276,0.00591518,0.0424147,-0.00676104,0.00701244,1
13.87,0.0199857,0.0226401,0.0058171,0.0424333,-0.00690003,0.0070065,1
13.88,0.0322749,0.0223706,0.00577027,0.0424293,-0.00704899,0.00699827,1
13.89,0.0423713,0.0223746,0.00578866,0.0423961,-0.00722211,0.00698747,1
13.9,0.048854,0.0223693,0.00581456,0.0423342,-0.00733824,0.00697391,1
13.91,0.0462803,0.0223507,0.00584328,0.042255,-0.00734362,0.00695732,1
13.92,0.0376562,0.022321,0.00587548,0.0421711,-0.00735633,0.00693727,1
13.93,0.0261993,0.0221776,0.00591319,0.042082,-0.00735023,0.00691343,1
13.94,0.0219955,0.0220464,0.00595906,0.041978,-0.00738105,0.00688562,1
13.95,0.0236068,0.0220946,0.00601561,0.0418432,-0.00743401,0.00685387,1
13.96,0.0192989,0.0220911,0.00608558,0.0416739,-0.00759049,0.00681839,1
13.97,0.0117016,0.0219531,0.0061702,0.0414588,-0.00781598,0.00677955,1
13.98,-0.00813936,0.021801,0.00626191,0.0411656,-0.00820093,0.00673784,1
13.99,-0.0174001,0.0216513,0.00634486,0.0408234,-0.00870429,0.00669386,1
14,-0.00425302,0.0215257,0.00642457,0.0404885,-0.00918754,0.00664825,1
14.01,0.0280503,0.0213806,0.00650289,0.0401855,-0.0094405,0.00660165,1
14.02,0.0398799,0.0212676,0.00657829,0.0399042,-0.00867161,0.0065545,1
14.03,0.0269694,0.0213821,0.00664959,0.0396322,-0.00598365,0.00650692,1
14.04,0.0086111,0.0216989,0.0067143,0.0395082,-0.00375156,0.00648276,1
14.05,0.00249132,0.0218781,0.00676988,0.0395248,-0.00380992,0.00648086,1
14.06,0.000122294,0.0220976,0.00681235,0.039538,-0.00390639,0.00647773,1
14.07,-0.00204692,0.0222701,0.00683842,0.0395418,-0.00400943,0.00647308,1
14.08,-0.00800714,0.0223426,0.00685687,0.0395315,-0.00415007,0.00646664,1
14.09,-0.011805,0.0223918,0.00688718,0.0394979,-0.00424666,0.0064582,1
14.1,-0.0149093,0.0224171,0.00692019,0.039444,-0.00430992,0.00644758,1
14.11,-0.012894,0.0223936,0.00695296,0.0393768,-0.00430904,0.00643454,1
14.12,-0.00846589,0.022282,0.00698646,0.0393003,-0.00428711,0.00641868,1
14.13,-0.00582665,0.0220757,0.00702173,0.0392121,-0.00429726,0.00639975,1
14.14,-0.00734193,0.021904,0.00706129,0.0391074,-0.00437768,0.00637758,1
14.15,-0.00881844,0.0214646,0.00710742,0.0389847,-0.00455699,0.00635218,1
14.16,-0.0103826,0.0204443,0.00716045,0.0388455,-0.00483354,0.0063237,1
14.17,-0.012486,0.0195482,0.00721258,0.0386963,-0.00519203,0.0062924,1
14.18,0.00499851,0.0190971,0.00723851,0.0385286,-0.00565991,0.00625865,1
14.19,0.0281947,0.0188275,0.00722076,0.0383076,-0.00623163,0.00622291,1
14.2,0.0298667,0.0186818,0.00719672,0.0380587,-0.00684835,0.00618567,1
14.21,0.020741,0.0186036,0.00717155,0.0378163,-0.00750826,0.00614741,1
14.22,0.0122361,0.0187555,0.00714381,0.0375907,-0.00803496,0.00610853,1
14.23,0.00533075,0.0192147,0.00711122,0.0373804,-0.008012,0.00606905,1
14.24,0.00243987,0.0197604,0.0070697,0.0373258,-0.00774033,0.00605276,1
14.25,0.00584186,0.0204111,0.00701661,0.0373734,-0.00779518,0.00605122,1
14.26,0.00938915,0.0210268,0.00695243,0.0374196,-0.00786544,0.00604863,1
14.27,0.0173817,0.0209819,0.00689004,0.0374574,-0.00795472,0.00604474,1
14.28,0.0251601,0.0207657,0.00686386,0.037476,-0.00803762,0.00603932,1
14.29,0.0351807,0.0209564,0.00689327,0.0374673,-0.00816979,0.00603218,1
14.3,0.0405005,0.0212463,0.00693139,0.0374312,-0.00823238,0.00602316,1
14.31,0.0377786,0.0215882,0.00697026,0.0373846,-0.00824059,0.0060121,1
14.32,0.0256138,0.0219848,0.00701124,0.0373417,-0.00818234,0.00599867,1
14.33,0.0161522,0.0222092,0.00705514,0.0373039,-0.0081557,0.00598264,1
14.34,0.0125117,0.0221842,0.00710334,0.0372585,-0.00813392,0.00596387,1
14.35,0.0118565,0.0221743,0.00715824,0.0371875,-0.00818456,0.00594236,1
14.36,0.00775335,0.0221395,0.00722172,0.0370847,-0.0082842,0.00591823,1
14.37,-0.00246609,0.022093,0.00729466,0.0369364,-0.00845754,0.00589171,1
14.38,-0.0237246,0.0221157,0.00737052,0.0367029,-0.00869744,0.00586312,1
14.39,-0.0361758,0.0221952,0.00743806,0.0364184,-0.00908833,0.00583287,1
14.4,-0.0264668,0.0222392,0.00750248,0.0361461,-0.00944711,0.00580137,1
14.41,0.00254198,0.0222258,0.0075648,0.0359171,-0.00967308,0.00576906,1
14.42,0.0158548,0.0221709,0.00762435,0.0357126,-0.00921774,0.00573628,1
14.43,0.00546222,0.0221496,0.00767949,0.0355193,-0.00735306,0.00570312,1
14.44,-0.0118627,0.0221394,0.00772851,0.0354585,-0.00610127,0.00568949,1
14.45,-0.0176649,0.0221085,0.00776845,0.0354845,-0.00615708,0.00568823,1
14.46,-0.0207552,0.0222323,0.00779735,0.0355098,-0.00621877,0.00568612,1
14.47,-0.0277466,0.0223931,0.00781309,0.035528,-0.00630531,0.00568296,1
14.48,-0.0345309,0.0224505,0.00782088,0.0355333,-0.00641027,0.00567855,1
14.49,-0.0372106,0.0224647,0.00783365,0.0355175,-0.00649332,0.00567275,1
14.5,-0.0396152,0.02246,0.00784649,0.0354833,-0.00652726,0.00566542,1
14.51,-0.0364437,0.0224379,0.00785799,0.0354405,-0.00649296,0.00565639,1
14.52,-0.0316548,0.0223814,0.00786855,0.0353926,-0.00643046,0.00564536,1
14.53,-0.0259303,0.0224162,0.00787885,0.0353387,-0.00638824,0.00563215,1
14.54,-0.026481,0.0227031,0.00789044,0.0352741,-0.00634897,0.00561664,1
14.55,-0.0269519,0.0227523,0.00790431,0.0351958,-0.00640972,0.00559881,1
14.56,-0.0285641,0.0222303,0.00792044,0.0351052,-0.00655559,0.00557875,1
14.57,-0.0265839,0.0217706,0.00793273,0.0350096,-0.00678283,0.00555665,1
14.58,-0.0133475,0.0215859,0.00792314,0.0348994,-0.00704068,0.00553275,1
14.59,0.00884748,0.021545,0.00787872,0.0347317,-0.0073795,0.00550737,1
14.6,0.0135731,0.02162,0.00782775,0.0345332,-0.00782488,0.00548084,1
14.61,0.00373833,0.0218211,0.00777543,0.0343415,-0.00826387,0.00545352,1
14.62,-0.00738283,0.022192,0.00772101,0.034172,-0.00861248,0.00542566,1
14.63,-0.0128465,0.0227092,0.00766265,0.0340216,-0.00846692,0.00539727,1
14.64,-0.0142291,0.0230887,0.00759723,0.0339965,-0.00822849,0.00538552,1
14.65,-0.00966291,0.0234439,0.00752235,0.034055,-0.00827141,0.00538436,1
14.66,-0.00593278,0.0240476,0.00743824,0.0341154,-0.00834346,0.00538244,1
14.67,2.79077e-05,0.0245122,0.00735286,0.034169,-0.00841853,0.00537958,1
14.68,0.0101288,0.0248304,0.00729118,0.0342038,-0.00848506,0.00537562,1
14.69,0.024353,0.0251567,0.0072714,0.0342113,-0.00855307,0.00537041,1
14.7,0.0328317,0.0253812,0.00725637,0.0341911,-0.0085786,0.00536386,1
14.71,0.0289029,0.0255967,0.00724018,0.0341638,-0.00855636,0.00535584,1
14.72,0.0191485,0.0257653,0.00722386,0.0341457,-0.00848048,0.00534613,1
14.73,0.00955994,0.0257388,0.00720789,0.0341399,-0.0084387,0.00533456,1
14.74,0.00269792,0.025296,0.00719326,0.0341323,-0.00839295,0.00532103,1
14.75,0.00217642,0.024723,0.00718152,0.0341023,-0.00837486,0.00530553,1
14.76,0.000727072,0.0241245,0.00717427,0.0340421,-0.00838532,0.00528814,1
14.77,-0.0118603,0.0236904,0.00717279,0.0339316,-0.00845093,0.00526903,1
14.78,-0.033638,0.0234825,0.00717343,0.0337263,-0.00855692,0.0052484,1
14.79,-0.042782,0.0234503,0.00716843,0.0334658,-0.00874827,0.00522655,1
14.8,-0.0323519,0.0234251,0.00716195,0.0332226,-0.0089502,0.00520377,1
14.81,-0.000722375,0.0232779,0.00715406,0.0330283,-0.00898807,0.00518036,1
14.82,0.0118573,0.0229842,0.00714333,0.0328671,-0.00836318,0.00515655,1
14.83,0.000465758,0.0227701,0.00712833,0.0327207,-0.00658079,0.0051324,1
14.84,-0.0156597,0.0227916,0.00710853,0.0326665,-0.00512202,0.0051201,1
14.85,-0.0204721,0.0229004,0.00708117,0.0327,-0.00516494,0.00511916,1
14.86,-0.0258729,0.0231046,0.00704384,0.0327345,-0.0052199,0.00511759,1
14.87,-0.0336184,0.0232617,0.0069955,0.0327643,-0.00529856,0.00511526,1
14.88,-0.0402148,0.0232654,0.0069415,0.0327817,-0.00535212,0.00511203,1
14.89,-0.0437637,0.0231763,0.00689381,0.0327772,-0.00538012,0.00510779,1
14.9,-0.0438465,0.0231104,0.00684576,0.0327552,-0.00539519,0.00510246,1
14.91,-0.0375683,0.0230859,0.00679486,0.0327265,-0.00534419,0.00509589,1
14.92,-0.0324212,0.0230868,0.00674168,0.032697,-0.00529436,0.0050879,1
14.93,-0.0301694,0.0232409,0.00668705,0.0326659,-0.00522861,0.00507833,1
14.94,-0.0285946,0.0237007,0.00663163,0.0326275,-0.00517021,0.0050671,1
14.95,-0.0291091,0.0239287,0.00657761,0.0325772,-0.0051333,0.0050542,1
14.96,-0.0304613,0.0236489,0.00652498,0.032519,-0.00516889,0.00503967,1
14.97,-0.0329088,0.0234211,0.00647058,0.0324595,-0.00529097,0.00502365,1
14.98,-0.0204934,0.0234108,0.00640308,0.0323866,-0.00547562,0.00500631,1
14.99,0.00434024,0.023403,0.00631415,0.0322499,-0.00569684,0.00498787,1
15,0.00640519,0.0234369,0.00622258,0.032081,-0.00596844,0.00496855,1
15.01,-0.0040325,0.0235347,0.00613006,0.0319209,-0.00626948,0.00494862,1
15.02,-0.0147029,0.023675,0.00603594,0.0317872,-0.00647261,0.00492824,1
15.03,-0.0226464,0.0237162,0.00593863,0.0316763,-0.00629445,0.00490743,1
15.04,-0.0262087,0.0235092,0.00583551,0.0316572,-0.00599045,0.00489677,1
15.05,-0.0211936,0.0233602,0.00572483,0.0317235,-0.00601108,0.00489594,1
15.06,-0.0167248,0.0236376,0.00560687,0.0317938,-0.00603512,0.00489457,1
15.07,-0.00923915,0.0239461,0.00549219,0.031858,-0.00606284,0.0048925,1
15.08,0.0031321,0.0241128,0.00540805,0.0319042,-0.00609979,0.00488964,1
15.09,0.0162013,0.0242122,0.00537396,0.0319211,-0.00616017,0.00488587,1
15.1,0.0239575,0.0242294,0.00534847,0.0319124,-0.00617655,0.00488113,1
15.11,0.0230077,0.0241904,0.00532214,0.0318962,-0.00615016,0.00487532,1
15.12,0.014773,0.0240391,0.00529522,0.031897,-0.0060688,0.00486827,1
15.13,0.0061796,0.02361,0.00526861,0.0319134,-0.00600339,0.00485986,1
15.14,0.0016806,0.0228566,0.00524358,0.0319303,-0.00593333,0.00485,1
15.15,0.00312617,0.0221439,0.00522172,0.0319249,-0.00586571,0.00483869,1
15.16,0.000518777,0.0214674,0.00520421,0.0318913,-0.00583719,0.00482597,1
15.17,-0.00896787,0.0208887,0.00519239,0.0318046,-0.00584918,0.00481195,1
15.18,-0.0299402,0.0204868,0.00518328,0.0316191,-0.00593321,0.00479679,1
15.19,-0.0412884,0.0201959,0.00517139,0.0313735,-0.00604868,0.00478068,1
15.2,-0.0295801,0.0199106,0.00515986,0.0311501,-0.00622255,0.00476384,1
15.21,0.00152574,0.0195096,0.00514927,0.0309855,-0.00627329,0.00474649,1
15.22,0.0146199,0.019013,0.00513753,0.030854,-0.00580909,0.00472881,1
15.23,0.00884396,0.0185822,0.0051235,0.0307378,-0.00444627,0.00471084,1
15.24,-0.00608195,0.0187219,0.00510594,0.0307141,-0.00356648,0.00470344,1
15.25,-0.013987,0.0191605,0.00508322,0.0307518,-0.0036017,0.00470278,1
15.26,-0.0162309,0.0196583,0.00505332,0.0307912,-0.00365823,0.00470165,1
15.27,-0.0217518,0.0199255,0.00501576,0.0308275,-0.00370484,0.00469996,1
15.28,-0.0286322,0.0198653,0.00497513,0.0308517,-0.0037357,0.0046976,1
15.29,-0.0354418,0.0195629,0.00494216,0.0308539,-0.00374453,0.00469448,1
15.3,-0.0341205,0.0192649,0.00491031,0.0308392,-0.00376169,0.00469054,1
15.31,-0.0305885,0.019062,0.00487762,0.0308199,-0.00372921,0.00468566,1
15.32,-0.0248112,0.0189795,0.00484408,0.030801,-0.00367052,0.00467971,1
15.33,-0.0188712,0.0191973,0.00481097,0.0307833,-0.00361531,0.00467255,1
15.34,-0.0188197,0.0198514,0.00477846,0.0307613,-0.00356454,0.00466412,1
15.35,-0.0192497,0.0203944,0.00474739,0.0307296,-0.00356562,0.0046544,1
15.36,-0.0215555,0.0202724,0.004718,0.0306912,-0.00362314,0.00464343,1
15.37,-0.0207394,0.0201163,0.00468611,0.0306544,-0.00372312,0.0046313,1
15.38,-0.00794733,0.020121,0.00464142,0.0306048,-0.0038703,0.00461813,1
15.39,0.0151648,0.0201237,0.00457796,0.0304885,-0.00408726,0.00460409,1
15.4,0.0186711,0.0201869,0.00451328,0.0303384,-0.00433505,0.00458935,1
15.41,0.00651065,0.0203503,0.0044501,0.0301976,-0.00458772,0.00457409,1
15.42,-0.00705349,0.0205972,0.00438722,0.0300863,-0.00478637,0.00455846,1
15.43,-0.0152106,0.0207369,0.00432289,0.0299994,-0.00470032,0.00454247,1
15.44,-0.0147459,0.0204709,0.00425509,0.0300074,-0.00451784,0.00453584,1
15.45,-0.0129422,0.0202587,0.00418228,0.0300807,-0.00456191,0.0045352,1
15.46,-0.00848414,0.0205662,0.00410415,0.0301602,-0.00460915,0.00453414,1
15.47,-0.00100545,0.020772,0.00402816,0.0302342,-0.0046306,0.00453254,1
15.48,0.0125629,0.020806,0.00397367,0.0302886,-0.00468192,0.00453032,1
15.49,0.0262571,0.0208611,0.0039528,0.0303139,-0.00471638,0.0045274,1
15.5,0.0313791,0.0208888,0.00393582,0.0303119,-0.00471777,0.00452372,1
15.51,0.029939,0.0209022,0.00391825,0.0303043,-0.00468887,0.0045192,1
15.52,0.0195266,0.0209401,0.00390062,0.0303136,-0.00463264,0.00451372,1
15.53,0.00894412,0.0207958,0.00388379,0.0303455,-0.00458453,0.00450718,1
15.54,0.00291119,0.0203038,0.00386894,0.0303806,-0.0045123,0.00449951,1
15.55,0.00199487,0.0198508,0.00385696,0.030395,-0.0045035,0.00449069,1
15.56,-0.00116604,0.019392,0.00384933,0.0303769,-0.00448951,0.00448078,1
15.57,-0.0113526,0.0189816,0.0038468,0.0303053,-0.00452167,0.00446984,1
15.58,-0.0308563,0.0187924,0.0038466,0.0301254,-0.00463065,0.004458,1
15.59,-0.0420675,0.0187528,0.00384291,0.0298797,-0.00477138,0.00444541,1
15.6,-0.0312769,0.0186707,0.00383828,0.0296601,-0.00487312,0.00443223,1
15.61,-0.000270094,0.0185001,0.0038338,0.0295023,-0.00489383,0.00441864,1
15.62,0.0124008,0.0182573,0.00382873,0.0293855,-0.00443462,0.00440476,1
15.63,0.00607822,0.0181043,0.00382184,0.0292865,-0.00313837,0.00439063,1
15.64,-0.00676045,0.0182617,0.00381247,0.0292729,-0.00232594,0.00438481,1
15.65,-0.0164833,0.0184867,0.00379877,0.0293153,-0.00238558,0.00438426,1
15.66,-0.0209568,0.0188617,0.00377976,0.029361,-0.00247215,0.00438336,1
15.67,-0.0255391,0.0191745,0.00375409,0.0294033,-0.00254606,0.00438199,1
15.68,-0.0269403,0.019217,0.00372556,0.0294343,-0.00258559,0.0043801,1
15.69,-0.0304641,0.0191035,0.0037018,0.029442,-0.00262901,0.00437761,1
15.7,-0.0326909,0.0189929,0.00367829,0.029433,-0.00260372,0.00437447,1
15.71,-0.0256034,0.0189365,0.00365371,0.0294189,-0.00258167,0.0043706,1
15.72,-0.0190773,0.0189622,0.00362876,0.0294082,-0.00255728,0.00436588,1
15.73,-0.0136774,0.0193635,0.00360374,0.0294005,-0.00249533,0.00436022,1
15.74,-0.0106681,0.0201721,0.00358018,0.029389,-0.00246828,0.00435356,1
15.75,-0.0135924,0.0207141,0.00355939,0.02937,-0.00247807,0.0043459,1
15.76,-0.0199118,0.0205411,0.00354153,0.0293455,-0.00251533,0.00433725,1
15.77,-0.0213198,0.0202304,0.00352295,0.0293239,-0.00262988,0.00432769,1
15.78,-0.00574396,0.0201299,0.0034929,0.0292874,-0.00276285,0.00431732,1
15.79,0.0159086,0.0201497,0.00344488,0.0291806,-0.00298029,0.00430625,1
15.8,0.0160419,0.0202885,0.0033941,0.0290369,-0.0032163,0.00429462,1
15.81,0.00606749,0.0205234,0.00334287,0.0289064,-0.0034649,0.00428259,1
15.82,-0.00643994,0.0208325,0.00329093,0.0288084,-0.00364796,0.00427025,1
15.83,-0.0144596,0.0211151,0.00323685,0.0287375,-0.00354434,0.00425761,1
15.84,-0.016149,0.0210965,0.00317861,0.0287442,-0.00330339,0.00425112,1
15.85,-0.0130618,0.021177,0.00311572,0.028824,-0.0033217,0.00425064,1
15.86,-0.00730472,0.0218184,0.00304903,0.0289099,-0.0033683,0.00424982,1
15.87,-0.0017339,0.0224178,0.00298606,0.0289901,-0.00339606,0.00424858,1
15.88,0.0134724,0.0228081,0.0029449,0.0290511,-0.00344698,0.00424685,1
15.89,0.0244153,0.0231974,0.00293447,0.0290802,-0.00348781,0.00424457,1
15.9,0.0298644,0.0235062,0.00292775,0.029082,-0.00352831,0.0042417,1
15.91,0.028056,0.0237945,0.00292058,0.0290804,-0.00354591,0.00423818,1
15.92,0.019819,0.0241312,0.00291326,0.0290996,-0.00352359,0.00423389,1
15.93,0.00935969,0.0243061,0.00290715,0.029143,-0.00348177,0.00422877,1
15.94,0.00232206,0.0240397,0.00290372,0.029191,-0.00345067,0.00422275,1
15.95,-0.00034276,0.0236329,0.00290388,0.0292187,-0.00345718,0.00421584,1
15.96,-0.00387703,0.0232306,0.00290906,0.0292129,-0.00347319,0.00420804,1
15.97,-0.0173606,0.0230799,0.00292001,0.0291501,-0.00352338,0.00419943,1
15.98,-0.0392259,0.0231625,0.00293447,0.0289745,-0.00360195,0.0041901,1
15.99,-0.0481777,0.023343,0.00294759,0.0287302,-0.0037897,0.00418016,1
16,-0.0365572,0.0235094,0.00296058,0.0285146,-0.00391431,0.00416973,1
16.01,-0.00730483,0.0235589,0.00297405,0.0283653,-0.00399502,0.00415897,1
16.02,0.00415479,0.0234627,0.00298717,0.0282597,-0.00366954,0.00414795,1
16.03,-0.00182482,0.0233664,0.00299958,0.0281739,-0.00257919,0.00413672,1
16.04,-0.0131975,0.0233461,0.00300983,0.0281571,-0.00170832,0.00413099,1
16.05,-0.0204371,0.0233078,0.00301637,0.0282039,-0.00170932,0.00413057,1
16.06,-0.0234037,0.0233934,0.00301821,0.0282554,-0.00171849,0.00412986,1
16.07,-0.0303033,0.0234643,0.00301409,0.0283035,-0.00176328,0.0041288,1
16.08,-0.0352941,0.0234227,0.0030068,0.0283396,-0.00181417,0.00412731,1
16.09,-0.0386787,0.0233119,0.00300472,0.0283526,-0.00185352,0.00412536,1
16.1,-0.0422079,0.0232342,0.00300419,0.0283468,-0.00187393,0.00412289,1
16.11,-0.0402551,0.0231985,0.00300333,0.0283374,-0.00187743,0.00411984,1
16.12,-0.0334549,0.0232606,0.00300269,0.0283326,-0.00184834,0.00411611,1
16.13,-0.0306613,0.0236732,0.00300265,0.0283315,-0.00183925,0.00411164,1
16.14,-0.0299864,0.0246326,0.00300412,0.0283295,-0.00185715,0.00410638,1
16.15,-0.030003,0.0254536,0.00300861,0.0283183,-0.00191132,0.0041003,1
16.16,-0.0340152,0.0254573,0.00301559,0.028304,-0.0019941,0.00409344,1
16.17,-0.0381997,0.0252287,0.00302154,0.0282952,-0.00211379,0.00408584,1
16.18,-0.0225373,0.0251425,0.00301555,0.0282724,-0.00231197,0.00407758,1
16.19,-0.00136329,0.0251632,0.00299188,0.0281711,-0.00251869,0.00406876,1
16.2,0.00324959,0.0252879,0.00296607,0.0280332,-0.00275682,0.00405947,1
16.21,-0.00747992,0.0254737,0.00294022,0.0279134,-0.00301931,0.00404984,1
16.22,-0.0173603,0.0256913,0.00291413,0.027825,-0.00323977,0.00403995,1
16.23,-0.0234818,0.0257687,0.00288688,0.0277658,-0.00322412,0.00402981,1
16.24,-0.0229497,0.0255333,0.00285634,0.0277921,-0.0031443,0.00402562,1
16.25,-0.0217126,0.0253791,0.00282165,0.0278777,-0.00318317,0.00402525,1
16.26,-0.0165066,0.025735,0.00278331,0.0279701,-0.00320537,0.00402462,1
16.27,-0.0118761,0.0261699,0.00274629,0.028056,-0.00327378,0.00402365,1
16.28,-0.00123482,0.0264533,0.00272489,0.0281208,-0.00334181,0.00402229,1
16.29,0.0109576,0.0266388,0.00272784,0.0281537,-0.00337761,0.00402049,1
16.3,0.0190895,0.0267434,0.00273503,0.0281579,-0.00340545,0.0040182,1
16.31,0.0175962,0.0268117,0.00274241,0.0281589,-0.00341417,0.00401537,1
16.32,0.00745608,0.0268446,0.00275061,0.0281853,-0.00335222,0.00401193,1
16.33,-0.000475541,0.0266143,0.00275986,0.0282374,-0.00330637,0.0040078,1
16.34,-0.00543159,0.0261274,0.0027706,0.0282966,-0.0032862,0.00400294,1
16.35,-0.00586254,0.0255847,0.00278448,0.0283345,-0.00329428,0.00399733,1
16.36,-0.00940976,0.0249797,0.00280212,0.0283385,-0.00332672,0.00399099,1
16.37,-0.0192669,0.0244238,0.0028236,0.0282837,-0.00336835,0.00398398,1
16.38,-0.0450999,0.0240319,0.00284676,0.0281059,-0.00347609,0.00397636,1
16.39,-0.0566187,0.0236968,0.00286684,0.0278549,-0.00362429,0.00396824,1
16.4,-0.0449763,0.0233649,0.00288623,0.0276357,-0.00379197,0.0039597,1
16.41,-0.0114509,0.0229428,0.00290529,0.0274889,-0.0038609,0.00395087,1
16.42,0.00232569,0.0223593,0.00292331,0.0273886,-0.00359243,0.00394183,1
16.43,-0.00278887,0.0218918,0.00294008,0.0273114,-0.00264489,0.00393259,1
16.44,-0.014691,0.0219724,0.00295435,0.0273099,-0.00207134,0.00392879,1
16.45,-0.0214233,0.0222997,0.00296476,0.0273605,-0.00205784,0.00392845,1
16.46,-0.022891,0.0226464,0.00297015,0.0274161,-0.00209736,0.00392787,1
16.47,-0.028373,0.0227877,0.00297029,0.0274692,-0.00215689,0.00392699,1
16.48,-0.0344543,0.0226534,0.0029673,0.0275092,-0.00219365,0.00392576,1
16.49,-0.0396668,0.0224158,0.00296623,0.0275247,-0.00221905,0.00392414,1
16.5,-0.0401214,0.0221764,0.00296578,0.0275197,-0.00224559,0.00392209,1
16.51,-0.0372305,0.0220055,0.00296513,0.0275124,-0.0022428,0.00391957,1
16.52,-0.0291172,0.0219275,0.00296459,0.0275106,-0.00223207,0.00391648,1
16.53,-0.0259845,0.0221148,0.00296413,0.0275144,-0.00218173,0.00391277,1
16.54,-0.0238451,0.0227988,0.00296485,0.027518,-0.0021896,0.0039084,1
16.55,-0.0238414,0.0234328,0.00296834,0.0275142,-0.00221615,0.00390335,1
16.56,-0.0268209,0.0234801,0.00297437,0.0275062,-0.00226092,0.00389765,1
16.57,-0.0256514,0.0234212,0.00297957,0.0275049,-0.00234368,0.00389134,1
16.58,-0.0100747,0.0234555,0.00297563,0.0274906,-0.00245768,0.00388447,1
16.59,0.0129714,0.0234579,0.00295513,0.0273917,-0.00261346,0.00387713,1
16.6,0.0171973,0.0234684,0.00293145,0.0272515,-0.00282683,0.0038694,1
16.61,0.00713253,0.0235103,0.00290748,0.0271277,-0.00301062,0.00386138,1
16.62,-0.00436882,0.0235568,0.00288263,0.027042,-0.00315444,0.00385315,1
16.63,-0.010592,0.0233207,0.0028568,0.02699,-0.00310218,0.00384469,1
16.64,-0.00916212,0.0224391,0.00282849,0.0270222,-0.00300596,0.00384118,1
16.65,-0.00792052,0.0214878,0.00279623,0.0271139,-0.00304122,0.00384087,1
16.66,-0.00561333,0.0213655,0.00276107,0.0272123,-0.00306154,0.00384033,1
16.67,0.00201292,0.0215434,0.00272707,0.0273063,-0.00309903,0.0038395,1
16.68,0.0132793,0.0216604,0.00270632,0.0273777,-0.00315036,0.00383835,1
16.69,0.0242596,0.0216926,0.00270596,0.027414,-0.00316195,0.00383682,1
16.7,0.02836,0.0216199,0.00270867,0.0274217,-0.00314363,0.00383488,1
16.71,0.0253262,0.0214746,0.00271202,0.0274263,-0.00313264,0.0038325,1
16.72,0.0170897,0.0212851,0.00271566,0.0274572,-0.003125,0.00382961,1
16.73,0.00662657,0.0208824,0.00272025,0.0275192,-0.00311546,0.00382614,1
16.74,0.001797,0.020286,0.00272685,0.0275895,-0.00313128,0.00382207,1
16.75,-0.000349266,0.0197808,0.00273601,0.0276374,-0.00315065,0.00381737,1
16.76,-0.00314093,0.0192132,0.0027488,0.0276472,-0.00318858,0.00381208,1
16.77,-0.0118072,0.0186428,0.00276562,0.0275938,-0.00324783,0.00380622,1
16.78,-0.0329508,0.0182402,0.00278464,0.0274091,-0.00332028,0.00379986,1
16.79,-0.0434825,0.0179556,0.00280083,0.0271481,-0.00347055,0.00379307,1
16.8,-0.0343628,0.0176515,0.00281607,0.0269214,-0.00361844,0.00378595,1
16.81,-0.00422076,0.0172766,0.00283147,0.0267738,-0.00368066,0.00377857,1
16.82,0.0104845,0.0168371,0.00284626,0.0266772,-0.00344299,0.00377102,1
16.83,0.0066306,0.0166776,0.00285974,0.0266043,-0.00264158,0.00376331,1
16.84,-0.00524386,0.0170205,0.00287175,0.0265962,-0.00195422,0.00375938,1
16.85,-0.010565,0.0175061,0.0028807,0.0266482,-0.00196776,0.00375911,1
16.86,-0.0140654,0.0180941,0.00288609,0.0267058,-0.00199279,0.00375863,1
16.87,-0.0200197,0.0185248,0.00288695,0.0267625,-0.00202056,0.00375791,1
16.88,-0.0233398,0.0186787,0.00288573,0.0268065,-0.00209473,0.00375691,1
16.89,-0.0268131,0.0186776,0.00288697,0.0268241,-0.00212375,0.00375558,1
16.9,-0.0271382,0.0186787,0.00288804,0.0268212,-0.00217768,0.00375389,1
16.91,-0.0231088,0.0186755,0.00288881,0.0268166,-0.0022308,0.00375181,1
16.92,-0.0173525,0.0186753,0.00289001,0.0268178,-0.00220927,0.00374926,1
16.93,-0.0141017,0.018836,0.00289161,0.0268257,-0.00220034,0.00374619,1
16.94,-0.0126106,0.0193211,0.00289463,0.0268341,-0.00221007,0.00374257,1
16.95,-0.0116568,0.0196171,0.00290015,0.026836,-0.00225567,0.00373839,1
16.96,-0.0140878,0.0193797,0.00290834,0.0268354,-0.00232039,0.00373366,1
16.97,-0.0167024,0.0191654,0.00291569,0.0268409,-0.00239586,0.00372842,1
16.98,-0.00157417,0.0191859,0.00291462,0.0268334,-0.00250827,0.00372271,1
16.99,0.0210094,0.0191916,0.00289943,0.0267375,-0.00266324,0.00371659,1
17,0.0242266,0.0191981,0.00288191,0.0265976,-0.002838,0.00371015,1
17.01,0.0127833,0.0192274,0.00286397,0.0264754,-0.00302159,0.00370346,1
17.02,0.00021403,0.0192652,0.0028456,0.0263948,-0.00317316,0.00369657,1
17.03,-0.0066242,0.0191455,0.00282592,0.0263489,-0.00313396,0.00368949,1
17.04,-0.00610076,0.0185179,0.00280476,0.0263774,-0.00301838,0.00368585,1
17.05,-0.00452261,0.0178513,0.00278004,0.0264748,-0.00303664,0.0036856,1
17.06,-0.00104529,0.0178314,0.00275159,0.0265813,-0.0030757,0.00368516,1
17.07,0.00501472,0.0179684,0.00272434,0.0266814,-0.00307097,0.00368448,1
17.08,0.019807,0.0179693,0.00270832,0.0267594,-0.00310552,0.00368352,1
17.09,0.0301032,0.0179965,0.00271103,0.0268009,-0.00313285,0.00368226,1
17.1,0.0360665,0.0179974,0.00271738,0.0268096,-0.00315108,0.00368065,1
17.11,0.0327297,0.0179687,0.00272393,0.0268171,-0.00314702,0.00367867,1
17.12,0.0227224,0.0178865,0.00273084,0.026853,-0.00310885,0.00367627,1
17.13,0.0129488,0.0176791,0.00273839,0.0269225,-0.00308067,0.00367338,1
17.14,0.00874695,0.0173893,0.00274694,0.0270019,-0.00307549,0.00366997,1
17.15,0.00738713,0.0172799,0.00275771,0.0270588,-0.0030704,0.00366605,1
17.16,0.00312097,0.0170803,0.00277082,0.0270768,-0.00311348,0.00366162,1
17.17,-0.00866373,0.0168484,0.00278709,0.0270264,-0.0031425,0.00365672,1
17.18,-0.0289496,0.0167507,0.00280468,0.0268362,-0.00325622,0.00365138,1
17.19,-0.0392958,0.016762,0.00281896,0.0265633,-0.00333885,0.00364568,1
17.2,-0.0282506,0.0167457,0.00283264,0.0263298,-0.00346057,0.00363969,1
17.21,0.000271443,0.0166933,0.00284567,0.0261846,-0.00351485,0.00363349,1
17.22,0.0148037,0.0165646,0.00285783,0.0260908,-0.00330469,0.00362713,1
17.23,0.0102757,0.0164819,0.00286885,0.0260225,-0.00262575,0.00362063,1
17.24,-0.00119128,0.0165058,0.00287823,0.0260262,-0.00218208,0.00361796,1
17.25,-0.00529007,0.0164093,0.00288523,0.0260801,-0.00218444,0.00361775,1
17.26,-0.00890025,0.0165129,0.00288898,0.0261399,-0.00222986,0.00361737,1
17.27,-0.0136558,0.0166905,0.00288894,0.0261979,-0.00227784,0.00361679,1
17.28,-0.0182614,0.0167292,0.00288656,0.026243,-0.00231995,0.00361596,1
17.29,-0.0211502,0.0166973,0.0028865,0.0262598,-0.0023693,0.00361485,1
17.3,-0.0233437,0.0166883,0.00288695,0.0262584,-0.00236928,0.00361344,1
17.31,-0.0185898,0.0166912,0.00288738,0.0262546,-0.00236552,0.00361169,1
17.32,-0.0121256,0.0167777,0.00288758,0.0262567,-0.00235332,0.00360954,1
17.33,-0.0079919,0.0172157,0.00288819,0.0262689,-0.00234611,0.00360695,1
17.34,-0.00837786,0.0180497,0.00288941,0.0262801,-0.00235447,0.00360388,1
17.35,-0.00882525,0.01868,0.00289177,0.0262852,-0.00237043,0.00360032,1
17.36,-0.0112141,0.0183692,0.00289516,0.0262873,-0.00241019,0.00359629,1
17.37,-0.0134503,0.0179426,0.00289711,0.0262979,-0.00246772,0.00359181,1
17.38,-8.07993e-05,0.0178021,0.00289047,0.0262983,-0.00255848,0.00358692,1
17.39,0.0201959,0.0177448,0.00287136,0.0262048,-0.00268861,0.00358168,1
17.4,0.0227232,0.0177491,0.00285095,0.0260649,-0.00284363,0.00357615,1
17.41,0.00857402,0.0178173,0.00283015,0.0259425,-0.00301264,0.0035704,1
17.42,-0.00515449,0.0179903,0.00280858,0.0258626,-0.00313324,0.00356447,1
17.43,-0.0127048,0.0180967,0.0027858,0.0258203,-0.00305479,0.00355837,1
17.44,-0.012832,0.0177717,0.00276078,0.0258643,-0.00295993,0.00355585,1
17.45,-0.0093972,0.0174799,0.00273305,0.0259683,-0.00298596,0.00355563,1
17.46,-0.0065072,0.0177044,0.00270226,0.0260835,-0.00300613,0.00355525,1
17.47,-0.00118748,0.0179221,0.00267182,0.0261917,-0.00301292,0.00355467,1
17.48,0.00895136,0.0179884,0.00265003,0.0262776,-0.0030338,0.00355384,1
17.49,0.0174709,0.0180587,0.0026433,0.0263224,-0.00307018,0.00355274,1
17.5,0.0244475,0.0181121,0.00263801,0.0263332,-0.00309327,0.00355134,1
17.51,0.0230947,0.0181599,0.00263274,0.0263406,-0.00311178,0.00354963,1
17.52,0.0134306,0.0182047,0.00262753,0.026381,-0.00308426,0.00354753,1
17.53,0.00134446,0.018113,0.00262263,0.0264567,-0.00305134,0.00354501,1
17.54,-0.00338077,0.018009,0.0026179,0.0265459,-0.00304134,0.00354205,1
17.55,-0.00228662,0.0181176,0.00261441,0.0266094,-0.00305437,0.00353863,1
17.56,-0.00658207,0.0181122,0.00261344,0.0266299,-0.00308288,0.00353477,1
17.57,-0.0200486,0.0180001,0.00261465,0.0265786,-0.00309618,0.0035305,1
17.58,-0.0401487,0.017947,0.00261646,0.0263778,-0.00315541,0.00352585,1
17.59,-0.049792,0.0179402,0.0026158,0.0260905,-0.00321962,0.00352088,1
17.6,-0.0401468,0.0179306,0.00261425,0.0258451,-0.0032945,0.00351566,1
17.61,-0.00687271,0.0178802,0.0026128,0.0256877,-0.00330154,0.00351025,1
17.62,0.00862866,0.01781,0.00261107,0.0255918,-0.00304791,0.0035047,1
17.63,0.00582833,0.0178322,0.00260819,0.0255242,-0.00232406,0.00349903,1
17.64,-0.00604702,0.018029,0.00260385,0.0255302,-0.00189107,0.0034967,1
17.65,-0.0107194,0.0183497,0.00259627,0.0255885,-0.00190761,0.00349651,1
17.66,-0.0152906,0.018902,0.00258512,0.0256525,-0.00191011,0.00349617,1
17.67,-0.0216507,0.0194012,0.00256985,0.0257142,-0.00195082,0.00349564,1
17.68,-0.024905,0.0195752,0.00255301,0.0257627,-0.00195728,0.00349491,1
17.69,-0.0278771,0.0195629,0.00253899,0.0257826,-0.00197743,0.00349393,1
17.7,-0.0282193,0.0195579,0.00252489,0.0257802,-0.00198238,0.00349268,1
17.71,-0.0242018,0.019583,0.00251069,0.0257771,-0.0019472,0.00349114,1
17.72,-0.0191276,0.0195868,0.00249692,0.025782,-0.00191968,0.00348925,1
17.73,-0.0149835,0.0196912,0.00248372,0.0257956,-0.00188349,0.00348698,1
17.74,-0.0105645,0.0201202,0.00247122,0.0258094,-0.00184509,0.00348429,1
17.75,-0.0110903,0.0204342,0.00246034,0.0258185,-0.00183105,0.00348118,1
17.76,-0.0129049,0.020235,0.00245097,0.0258251,-0.0018963,0.00347766,1
17.77,-0.0130293,0.0201401,0.00244043,0.0258413,-0.0019495,0.00347375,1
17.78,0.00184778,0.0202641,0.00242315,0.0258439,-0.0020308,0.00346949,1
17.79,0.0232513,0.02033,0.00239458,0.0257472,-0.00212409,0.00346492,1
17.8,0.0234845,0.0203325,0.00236372,0.0256022,-0.00224861,0.0034601,1
17.81,0.0137685,0.0203295,0.00233214,0.0254748,-0.00237499,0.00345509,1
17.82,0.00321628,0.0202817,0.00229993,0.0253967,-0.00245911,0.00344993,1
17.83,-0.00522825,0.0199038,0.00226658,0.0253559,-0.00240194,0.00344462,1
17.84,-0.00724495,0.0189927,0.00223142,0.0253922,-0.00224522,0.0034419,1
17.85,-0.00302011,0.0180478,0.00219427,0.0254976,-0.00230523,0.00344172,1
17.86,0.00142076,0.0179494,0.002155,0.0256141,-0.0023239,0.0034414,1
17.87,0.00630408,0.0180528,0.00211777,0.0257255,-0.00234327,0.0034409,1
17.88,0.0163417,0.0180576,0.00209257,0.0258102,-0.00237461,0.00344019,1
17.89,0.028635,0.0180826,0.00208489,0.0258561,-0.00237657,0.00343925,1
17.9,0.0370754,0.018071,0.00207969,0.0258673,-0.00237048,0.00343806,1
17.91,0.0358856,0.0180446,0.00207501,0.0258763,-0.00235263,0.00343658,1
17.92,0.0249539,0.017963,0.00207083,0.0259192,-0.00234551,0.00343478,1
17.93,0.0151003,0.0177075,0.00206783,0.0259998,-0.00231429,0.00343261,1
17.94,0.0108229,0.0173968,0.00206698,0.0260937,-0.00229328,0.00343005,1
17.95,0.0112826,0.0172455,0.00206887,0.0261613,-0.00229004,0.00342711,1
17.96,0.0078376,0.0169844,0.00207484,0.0261886,-0.0023416,0.00342377,1
17.97,-0.0035518,0.0167171,0.00208488,0.0261407,-0.00237948,0.00342007,1
17.98,-0.0249389,0.016554,0.00209784,0.0259404,-0.00245847,0.00341605,1
17.99,-0.0360616,0.0165073,0.00211009,0.0256479,-0.00255718,0.00341175,1
18,-0.0251418,0.016465,0.00212291,0.025399,-0.00268175,0.00340722,1
18.01,0.00498028,0.0163861,0.00213564,0.0252438,-0.00271935,0.00340253,1
18.02,0.0178004,0.0162693,0.00214748,0.0251492,-0.00252127,0.00339771,1
18.03,0.0159204,0.0162674,0.00215836,0.0250853,-0.00190161,0.00339279,1
18.04,0.00653506,0.0163937,0.00216806,0.0250851,-0.00136697,0.00339028,1
18.05,-0.000120938,0.0165049,0.00217584,0.0251455,-0.00141406,0.00339012,1
18.06,-0.00560337,0.016807,0.00218066,0.0252132,-0.00143237,0.00338983,1
18.07,-0.0105755,0.0171243,0.00218292,0.0252791,-0.00144259,0.00338939,1
18.08,-0.0144081,0.0172651,0.00218454,0.0253307,-0.00146666,0.00338876,1
18.09,-0.0210109,0.0172717,0.00218932,0.0253513,-0.00151948,0.00338792,1
18.1,-0.0235847,0.0172543,0.00219528,0.0253506,-0.0015458,0.00338686,1
18.11,-0.0185198,0.0172574,0.00220139,0.0253475,-0.00156134,0.00338553,1
18.12,-0.0114648,0.0172619,0.00220768,0.0253532,-0.00154577,0.00338391,1
18.13,-0.00839298,0.0174968,0.0022151,0.0253695,-0.00153986,0.00338195,1
18.14,-0.00788502,0.0180738,0.00222408,0.0253869,-0.00156323,0.00337963,1
18.15,-0.00898991,0.0184205,0.00223569,0.0253995,-0.00161452,0.00337694,1
18.16,-0.0118229,0.0179875,0.00224874,0.0254098,-0.00164658,0.0033739,1
18.17,-0.0134385,0.0174513,0.00226177,0.0254317,-0.00173858,0.00337051,1
18.18,0.000460873,0.0172531,0.00226716,0.0254391,-0.00185779,0.00336682,1
18.19,0.0206553,0.0171728,0.00226091,0.0253435,-0.00200912,0.00336286,1
18.2,0.021307,0.0171135,0.00225327,0.0251961,-0.0021759,0.00335867,1
18.21,0.00831624,0.0171035,0.00224554,0.0250761,-0.00235931,0.00335432,1
18.22,-0.00185763,0.0172541,0.00223707,0.0249992,-0.00249625,0.00334983,1
18.23,-0.00883808,0.0174099,0.00222777,0.0249662,-0.00250058,0.00334521,1
18.24,-0.00780586,0.0173322,0.00221713,0.0250162,-0.00246258,0.00334331,1
18.25,-0.0037299,0.017377,0.00220408,0.0251267,-0.00247931,0.00334317,1
18.26,-0.00276149,0.0178458,0.00218868,0.0252484,-0.00248778,0.00334291,1
18.27,0.00221805,0.0181691,0.00217449,0.0253624,-0.00250435,0.00334249,1
18.28,0.0141881,0.0182481,0.00216833,0.0254535,-0.00252184,0.00334189,1
18.29,0.026578,0.0183416,0.00217469,0.0254999,-0.00252456,0.00334108,1
18.3,0.0316,0.0184858,0.00218347,0.0255081,-0.00251464,0.00334005,1
18.31,0.0287859,0.0186432,0.00219256,0.0255159,-0.00252044,0.00333877,1
18.32,0.0185021,0.0188446,0.00220236,0.0255597,-0.00252534,0.0033372,1
18.33,0.0107084,0.0189202,0.00221359,0.0256467,-0.00250996,0.00333531,1
18.34,0.00413137,0.0187803,0.00222686,0.0257485,-0.00253759,0.00333308,1
18.35,0.00331025,0.0186855,0.00224264,0.0258179,-0.00257273,0.00333049,1
18.36,0.001726,0.0185076,0.00226166,0.0258488,-0.00259989,0.00332756,1
18.37,-0.0118053,0.0183988,0.0022843,0.025803,-0.00264606,0.00332431,1
18.38,-0.0336186,0.0184017,0.00230853,0.0255967,-0.00272605,0.00332076,1
18.39,-0.0442632,0.0184835,0.00233036,0.0252955,-0.00282548,0.00331696,1
18.4,-0.0358526,0.0185365,0.00235141,0.025036,-0.00290163,0.00331297,1
18.41,-0.00612271,0.0185113,0.00237209,0.0248781,-0.00293686,0.00330882,1
18.42,0.00895363,0.0184354,0.00239275,0.0247828,-0.00279664,0.00330456,1
18.43,0.00784161,0.0183929,0.00241228,0.0247194,-0.0022295,0.00330019,1
18.44,-0.000810799,0.0184649,0.00243023,0.0247315,-0.00187057,0.0032984,1
18.45,-0.00771336,0.0185026,0.00244601,0.0247941,-0.00189799,0.00329827,1
18.46,-0.0134386,0.018695,0.00245857,0.0248662,-0.00190696,0.00329802,1
18.47,-0.0201759,0.0188657,0.0024687,0.0249373,-0.0019255,0.00329763,1
18.48,-0.0266562,0.0188902,0.00247713,0.0249932,-0.00195996,0.00329707,1
18.49,-0.0338743,0.0188496,0.00248632,0.025016,-0.00197359,0.00329632,1
18.5,-0.0338462,0.0188401,0.00249532,0.0250158,-0.0019714,0.00329538,1
18.51,-0.0296125,0.0188589,0.00250457,0.0250129,-0.002006,0.0032942,1
18.52,-0.0240464,0.0189892,0.00251458,0.0250215,-0.00199654,0.00329275,1
18.53,-0.0194227,0.0195706,0.00252602,0.0250403,-0.00196963,0.003291,1
18.54,-0.0166206,0.0207341,0.00253831,0.0250623,-0.00195627,0.00328893,1
18.55,-0.0165149,0.0217099,0.00255338,0.0250775,-0.0019711,0.00328653,1
18.56,-0.0197261,0.0218193,0.00257066,0.0250909,-0.00202981,0.00328382,1
18.57,-0.0216744,0.0215882,0.00258737,0.0251166,-0.0021058,0.0032808,1
18.58,-0.00618203,0.0214764,0.0025971,0.0251279,-0.00221839,0.0032775,1
18.59,0.0147146,0.0214721,0.00259361,0.0250264,-0.00235268,0.00327397,1
18.6,0.0165138,0.0215452,0.00258734,0.0248712,-0.0025089,0.00327023,1
18.61,0.00606559,0.0216703,0.00258023,0.024739,-0.00267665,0.00326635,1
18.62,-0.00619501,0.0218789,0.00257276,0.0246604,-0.00280917,0.00326234,1
18.63,-0.0133657,0.0220123,0.00256463,0.0246273,-0.00278867,0.00325822,1
18.64,-0.0130194,0.0218411,0.00255508,0.0246832,-0.00271317,0.00325652,1
18.65,-0.00981546,0.0216322,0.00254349,0.0248005,-0.00272716,0.00325639,1
18.66,-0.00727077,0.0219274,0.0025308,0.0249301,-0.00276652,0.00325615,1
18.67,-0.00146455,0.022286,0.00251853,0.0250537,-0.00280056,0.00325577,1
18.68,0.0112867,0.0224507,0.00251318,0.025151,-0.00283016,0.00325522,1
18.69,0.0221361,0.0225722,0.00251853,0.0252054,-0.00284513,0.00325449,1
18.7,0.0263306,0.022679,0.00252556,0.0252169,-0.00286693,0.00325356,1
18.71,0.022148,0.0227715,0.00253294,0.0252255,-0.00287941,0.00325241,1
18.72,0.0118961,0.0228133,0.00254138,0.0252756,-0.00290355,0.003251,1
18.73,0.00310694,0.022694,0.00255083,0.0253691,-0.00289992,0.0032493,1
18.74,-0.00307209,0.0223126,0.00256189,0.0254765,-0.00287721,0.0032473,1
18.75,-0.00535781,0.0219295,0.00257535,0.0255569,-0.00289719,0.00324499,1
18.76,-0.0101595,0.021548,0.00259168,0.0255943,-0.00291855,0.00324237,1
18.77,-0.0241365,0.0212052,0.00261156,0.0255469,-0.00298856,0.00323947,1
18.78,-0.0455813,0.0210406,0.00263269,0.0253263,-0.00305982,0.00323631,1
18.79,-0.0567119,0.0209978,0.00265212,0.0250045,-0.00313217,0.00323293,1
18.8,-0.0464761,0.0209317,0.00267099,0.0247302,-0.00325108,0.00322937,1
18.81,-0.0177648,0.0208508,0.0026891,0.0245629,-0.00329337,0.00322568,1
18.82,-0.00398183,0.0206638,0.00270695,0.0244657,-0.00317036,0.00322189,1
18.83,-0.00477048,0.0205309,0.00272412,0.0244027,-0.00263849,0.00321801,1
18.84,-0.0094477,0.0205891,0.00273954,0.0244061,-0.00220056,0.00321604,1
18.85,-0.0154517,0.0206892,0.00275323,0.0244708,-0.0022022,0.00321593,1
18.86,-0.017967,0.0209206,0.00276433,0.0245441,-0.00220382,0.00321571,1
18.87,-0.0264005,0.0211079,0.00277197,0.0246166,-0.00224533,0.00321537,1
18.88,-0.0329,0.0211091,0.00277825,0.0246745,-0.00226764,0.00321489,1
18.89,-0.0352691,0.0210126,0.00278603,0.0246978,-0.00229912,0.00321424,1
18.9,-0.0360229,0.0209424,0.00279464,0.0246972,-0.00229163,0.00321341,1
18.91,-0.032265,0.0209218,0.00280321,0.0246927,-0.00232044,0.00321238,1
18.92,-0.02324,0.0209967,0.00281182,0.024702,-0.00231778,0.00321111,1
18.93,-0.0177328,0.0214527,0.00282163,0.0247229,-0.00228913,0.00320957,1
18.94,-0.0161787,0.0223825,0.00283253,0.024747,-0.00228751,0.00320775,1
18.95,-0.0174536,0.0232178,0.00284497,0.0247655,-0.00232629,0.00320564,1
18.96,-0.0185594,0.0233132,0.00285901,0.024783,-0.00236835,0.00320325,1
18.97,-0.0197147,0.0231863,0.00287143,0.0248125,-0.00245663,0.00320059,1
18.98,-0.0042822,0.0231543,0.00287728,0.024828,-0.0025306,0.00319768,1
18.99,0.0149143,0.0231581,0.00287295,0.0247258,-0.0026592,0.00319456,1
19,0.0178144,0.0231999,0.00286719,0.0245663,-0.00278485,0.00319125,1
19.01,0.00604144,0.0232882,0.00286129,0.0244326,-0.00295724,0.00318782,1
19.02,-0.00713621,0.023344,0.00285478,0.024355,-0.00307949,0.00318427,1
19.03,-0.0149037,0.0230394,0.00284716,0.0243247,-0.00304748,0.00318061,1
19.04,-0.0124742,0.0221662,0.00283882,0.0243745,-0.00298248,0.00317874,1
19.05,-0.0124256,0.0212349,0.00282783,0.0244966,-0.0029648,0.00317863,1
19.06,-0.00939212,0.0210699,0.0028149,0.0246325,-0.00300334,0.00317843,1
19.07,-0.00309576,0.0212479,0.00280227,0.0247617,-0.00303149,0.0031781,1
19.08,0.00696956,0.0213787,0.00279587,0.0248624,-0.00304604,0.00317762,1
19.09,0.0194448,0.0214129,0.00280168,0.0249186,-0.00307892,0.00317699,1
19.1,0.0260294,0.0213728,0.00280974,0.0249309,-0.00312727,0.00317617,1
19.11,0.023546,0.0212945,0.00281805,0.0249418,-0.00311727,0.00317516,1
19.12,0.0143278,0.0211379,0.00282662,0.024993,-0.00311901,0.00317392,1
19.13,0.00399533,0.0207802,0.0028358,0.0250937,-0.00310747,0.00317243,1
19.14,-0.00218109,0.0202967,0.00284656,0.025209,-0.00312552,0.00317066,1
19.15,-0.00429775,0.0199567,0.00285957,0.0252931,-0.00312752,0.00316862,1
19.16,-0.00827591,0.0195731,0.00287471,0.0253363,-0.00317726,0.00316631,1
19.17,-0.0214034,0.0191985,0.0028917,0.0252902,-0.00321595,0.00316374,1
19.18,-0.0417575,0.0189647,0.0029097,0.0250599,-0.00330578,0.00316095,1
19.19,-0.0524896,0.018832,0.00292653,0.0247267,-0.00337308,0.00315795,1
19.2,-0.041093,0.0187005,0.00294273,0.0244424,-0.00347092,0.00315479,1
19.21,-0.0132856,0.0185359,0.00295855,0.0242789,-0.00348937,0.00315152,1
19.22,0.00178631,0.0183292,0.00297361,0.0241824,-0.00334215,0.00314815,1
19.23,0.0011088,0.0182578,0.0029874,0.0241202,-0.00289076,0.00314471,1
19.24,-0.00678927,0.0185047,0.00299993,0.024133,-0.00259172,0.00314331,1
19.25,-0.0139364,0.0189493,0.00301049,0.0241977,-0.00259973,0.00314322,1
19.26,-0.0179155,0.0195931,0.00301877,0.02427,-0.00261565,0.00314304,1
19.27,-0.0217575,0.0200932,0.00302383,0.0243418,-0.00262149,0.00314275,1
19.28,-0.0251968,0.0202501,0.00302766,0.0243989,-0.00267793,0.00314233,1
19.29,-0.0293961,0.0202284,0.00303317,0.0244206,-0.00267531,0.00314177,1
19.3,-0.0298724,0.0202389,0.00303928,0.0244172,-0.00266881,0.00314104,1
19.31,-0.0263235,0.0202331,0.00304569,0.0244138,-0.00267337,0.00314013,1
19.32,-0.0193605,0.0202262,0.00305201,0.0244221,-0.00266427,0.00313901,1
19.33,-0.0129122,0.0203505,0.00305941,0.0244436,-0.00266262,0.00313764,1
19.34,-0.0102342,0.0207684,0.00306852,0.0244682,-0.00265404,0.00313602,1
19.35,-0.0096044,0.0210271,0.00307899,0.0244877,-0.00268158,0.00313413,1
19.36,-0.0113988,0.0208046,0.00309097,0.0245052,-0.0026876,0.00313199,1
19.37,-0.0123739,0.0207543,0.00310281,0.0245368,-0.00274358,0.0031296,1
19.38,-7.85677e-05,0.0210131,0.00310852,0.0245555,-0.0028292,0.00312699,1
19.39,0.0211876,0.0212185,0.00310394,0.0244568,-0.00293032,0.00312418,1
19.4,0.0250461,0.0212759,0.00309778,0.024298,-0.00305748,0.0031212,1
19.41,0.0148075,0.0212957,0.00309173,0.0241619,-0.00317372,0.0031181,1
19.42,0.00274716,0.0212185,0.00308553,0.0240838,-0.00323497,0.0031149,1
19.43,-0.00542457,0.0207481,0.00307845,0.0240551,-0.00322036,0.00311159,1
19.44,-0.00521507,0.0196033,0.00307076,0.0241171,-0.00317143,0.00311024,1
19.45,-0.00352523,0.0182857,0.00306123,0.0242443,-0.0031727,0.00311015,1
19.46,-0.00141505,0.017815,0.00305034,0.0243852,-0.00319063,0.00310996,1
19.47,0.00392497,0.0178263,0.00304024,0.0245216,-0.0032099,0.00310966,1
19.48,0.0156018,0.0179486,0.00303608,0.0246272,-0.00322142,0.00310924,1
19.49,0.0293408,0.0181238,0.00304191,0.0246826,-0.00324743,0.00310866,1
19.5,0.0372084,0.0182234,0.00304952,0.0246985,-0.00326508,0.00310792,1
19.51,0.0355422,0.0182169,0.00305772,0.0247111,-0.00327533,0.003107,1
19.52,0.0259347,0.0180977,0.0030669,0.0247691,-0.00326416,0.00310587,1
19.53,0.0147425,0.0179691,0.00307747,0.0248756,-0.00324985,0.00310451,1
19.54,0.0131742,0.018216,0.00308954,0.0249962,-0.00326761,0.0031029,1
19.55,0.0117127,0.0189583,0.00310386,0.0250889,-0.00327407,0.00310104,1
19.56,0.00881804,0.0196472,0.00312121,0.0251293,-0.00330513,0.00309893,1
19.57,-0.00530166,0.0199211,0.00314099,0.0250825,-0.00334742,0.00309659,1
19.58,-0.0260589,0.02002,0.00316221,0.0248442,-0.00344647,0.00309404,1
19.59,-0.0365961,0.0201225,0.00318208,0.0244987,-0.00354729,0.0030913,1
19.6,-0.0245947,0.0203204,0.00320143,0.0242027,-0.00363706,0.00308843,1
19.61,0.00769154,0.0205623,0.0032199,0.0240265,-0.00367878,0.00308544,1
19.62,0.0237249,0.0208684,0.00323755,0.0239266,-0.00356215,0.00308237,1
19.63,0.0249453,0.0214564,0.00325417,0.0238656,-0.00308944,0.00307923,1
19.64,0.0155787,0.0224268,0.00326908,0.0238811,-0.00279134,0.00307795,1
19.65,0.00857443,0.0236134,0.00328206,0.0239505,-0.00283621,0.00307787,1
19.66,0.00723805,0.0249159,0.00329342,0.0240288,-0.00285229,0.0030777,1
19.67,0.00208823,0.026041,0.00330321,0.0241069,-0.00288859,0.00307744,1
19.68,-0.00168937,0.0267579,0.00331205,0.0241678,-0.00295441,0.00307705,1
19.69,-0.00341509,0.0271799,0.00332239,0.0241922,-0.00296784,0.00307653,1
19.7,-0.00146981,0.0275103,0.00333315,0.0241888,-0.00296802,0.00307586,1
19.71,0.00386141,0.0278103,0.00334355,0.0241857,-0.00296799,0.00307502,1
19.72,0.0125854,0.0279851,0.00335453,0.0241969,-0.00297029,0.00307399,1
19.73,0.0176231,0.0279793,0.0033663,0.0242224,-0.00298046,0.00307274,1
19.74,0.0163239,0.0278637,0.00337905,0.0242519,-0.00298078,0.00307126,1
19.75,0.0167644,0.0275239,0.00339308,0.0242748,-0.00302372,0.00306954,1
19.76,0.0147833,0.0270516,0.00340795,0.0242967,-0.00307016,0.00306758,1
19.77,0.0114225,0.0270649,0.00342221,0.0243335,-0.00317014,0.00306541,1
19.78,0.0238368,0.0274707,0.00343119,0.0243562,-0.00325125,0.00306303,1
19.79,0.0446372,0.0278306,0.00342994,0.0242497,-0.00334879,0.00306047,1
19.8,0.0499562,0.0280504,0.00342635,0.0240791,-0.00347417,0.00305777,1
19.81,0.0386281,0.028188,0.00342276,0.023937,-0.0036002,0.00305496,1
19.82,0.0257796,0.0282604,0.00341907,0.0238577,-0.00369202,0.00305205,1
19.83,0.0190313,0.0282033,0.00341428,0.0238304,-0.00370714,0.00304905,1
19.84,0.0203556,0.0278459,0.00340813,0.0238862,-0.00364025,0.00304753,1
19.85,0.0248261,0.0274601,0.00339998,0.0240199,-0.00363447,0.00304745,1
19.86,0.0248753,0.0274066,0.00339,0.024166,-0.00362118,0.00304729,1
19.87,0.0314977,0.027359,0.00338022,0.0243083,-0.00361092,0.00304703,1
19.88,0.0414098,0.0272558,0.00337633,0.0244182,-0.00361798,0.00304665,1
19.89,0.0549387,0.0272528,0.00338184,0.0244736,-0.00362845,0.00304613,1
19.9,0.0602686,0.0273514,0.00338862,0.0244868,-0.003659,0.00304547,1
19.91,0.0576259,0.0274337,0.0033959,0.0244982,-0.00366257,0.00304465,1
19.92,0.0478018,0.0275224,0.0034032,0.0245577,-0.00366532,0.00304364,1
19.93,0.0384916,0.0277326,0.0034114,0.0246692,-0.00367885,0.00304242,1
19.94,0.0309747,0.0285124,0.00342082,0.0247962,-0.00370214,0.00304098,1
19.95,0.0295264,0.0298126,0.00343252,0.0248917,-0.00368116,0.0030393,1
19.96,0.0252869,0.0309044,0.00344674,0.0249413,-0.00372032,0.00303741,1
19.97,0.0152344,0.0315181,0.0034632,0.0248942,-0.00375252,0.0030353,1
19.98,-0.00607968,0.0318083,0.00348089,0.0246503,-0.0038025,0.00303301,1
19.99,-0.0172646,0.0319623,0.0034978,0.0242881,-0.00388493,0.00303054,1
20,-0.00497394,0.0321411,0.00351462,0.0239805,-0.00394345,0.00302795,1
20.01,0.0228353,0.0324119,0.00353081,0.0237979,-0.00397409,0.00302526,1
20.02,0.0386535,0.0327901,0.00354633,0.0236961,-0.0038578,0.00302249,1
20.03,0.0362712,0.0333057,0.00356041,0.0236356,-0.00344257,0.00301965,1
20.04,0.0304265,0.0338458,0.00357308,0.023643,-0.0030678,0.00301822,1
20.05,0.0249446,0.0343735,0.00358372,0.0237148,-0.00308692,0.00301815,1
20.06,0.0185187,0.035128,0.00359151,0.0237975,-0.00312244,0.00301801,1
20.07,0.0119962,0.0359356,0.00359624,0.0238778,-0.00313637,0.00301777,1
20.08,0.0081713,0.0365818,0.00359919,0.0239401,-0.00316919,0.00301743,1
20.09,0.00451583,0.0370319,0.00360278,0.0239652,-0.00316677,0.00301697,1
20.1,0.00484152,0.0373934,0.00360684,0.0239618,-0.00317091,0.00301637,1
20.11,0.00882061,0.03771,0.0036115,0.0239586,-0.00317394,0.00301563,1
20.12,0.0169683,0.0378594,0.00361665,0.0239697,-0.00316717,0.00301471,1
20.13,0.0206775,0.0375884,0.00362237,0.023997,-0.00317879,0.0030136,1
20.14,0.020633,0.0369839,0.00362952,0.024029,-0.00318744,0.00301228,1
20.15,0.0182266,0.0360805,0.00363879,0.024058,-0.00322314,0.00301075,1
20.16,0.0161799,0.0351489,0.00364851,0.0240866,-0.00326186,0.003009,1
20.17,0.0170115,0.0347287,0.0036576,0.0241316,-0.0033273,0.00300706,1
20.18,0.0352591,0.0347886,0.00366277,0.0241605,-0.00341755,0.00300493,1
20.19,0.0573528,0.0349273,0.00365923,0.0240509,-0.0035306,0.00300264,1
20.2,0.061811,0.0349897,0.00365407,0.0238762,-0.00363791,0.00300021,1
20.21,0.0497926,0.035027,0.00364885,0.0237366,-0.00377095,0.00299768,1
20.22,0.0372616,0.0350929,0.00364322,0.0236586,-0.00386253,0.00299506,1
20.23,0.0296524,0.0351971,0.00363724,0.0236357,-0.00385647,0.00299236,1
20.24,0.0289593,0.0352165,0.00363029,0.0237054,-0.00384491,0.00299126,1
20.25,0.0315415,0.0352129,0.00362169,0.0238421,-0.0038679,0.0029912,1
20.26,0.0353484,0.0352247,0.00361217,0.0239901,-0.00388418,0.00299107,1
20.27,0.0395806,0.0350309,0.00360289,0.0241356,-0.00390088,0.00299084,1
20.28,0.0507885,0.0347606,0.00359883,0.0242465,-0.00392294,0.00299051,1
20.29,0.0609471,0.0346384,0.00360443,0.024303,-0.00391561,0.00299005,1
20.3,0.067792,0.0346442,0.00361218,0.0243132,-0.00392086,0.00298946,1
20.31,0.0679202,0.0346815,0.00362016,0.0243238,-0.00389578,0.00298873,1
20.32,0.0574366,0.0347799,0.00362876,0.0243797,-0.00385456,0.00298782,1
20.33,0.0484614,0.035024,0.00363825,0.0244923,-0.00384254,0.00298673,1
20.34,0.042666,0.0357713,0.00364888,0.0246323,-0.00384205,0.00298543,1
20.35,0.0422704,0.0368555,0.00366132,0.0247358,-0.00383547,0.00298392,1
20.36,0.0410799,0.0376451,0.00367566,0.0247887,-0.00384858,0.00298221,1
20.37,0.026346,0.0379551,0.00369164,0.0247494,-0.00386903,0.0029803,1
20.38,0.00463333,0.038012,0.00370802,0.0245084,-0.00392183,0.00297822,1
20.39,-0.00919047,0.0379756,0.0037232,0.0241344,-0.00402852,0.00297599,1
20.4,-0.000457498,0.0379641,0.00373825,0.0238148,-0.00411456,0.00297364,1
20.41,0.0307932,0.0380274,0.00375278,0.0236238,-0.0041148,0.00297119,1
20.42,0.0460978,0.0382,0.00376694,0.0235203,-0.00403691,0.00296867,1
20.43,0.044546,0.0385016,0.00377985,0.0234632,-0.0036889,0.0029661,1
20.44,0.0360232,0.0386973,0.00379095,0.0234875,-0.00343681,0.00296506,1
20.45,0.0321307,0.0388256,0.00379969,0.0235662,-0.00342073,0.002965,1
20.46,0.0296734,0.0391199,0.00380621,0.0236578,-0.00345099,0.00296487,1
20.47,0.0229465,0.0394502,0.0038099,0.0237487,-0.00346343,0.00296466,1
20.48,0.0182277,0.0396903,0.00381188,0.0238193,-0.00347276,0.00296435,1
20.49,0.0144787,0.039841,0.00381414,0.0238477,-0.00348753,0.00296393,1
20.5,0.0132555,0.0399565,0.00381556,0.0238442,-0.00350006,0.00296339,1
20.51,0.0176514,0.0400132,0.00381627,0.0238416,-0.00350203,0.00296272,1
20.52,0.0213202,0.0398682,0.00381652,0.0238573,-0.00349261,0.00296189,1
20.53,0.0269746,0.0394048,0.00381717,0.0238954,-0.00349322,0.00296089,1
20.54,0.028105,0.0386637,0.003818,0.0239432,-0.00349547,0.0029597,1
20.55,0.0266454,0.0376469,0.00382021,0.0239857,-0.00351421,0.00295832,1
20.56,0.023962,0.0363797,0.00382444,0.024028,-0.00355616,0.00295675,1
20.57,0.0262822,0.0354965,0.00383017,0.0240839,-0.00361819,0.00295501,1
20.58,0.0415524,0.0350495,0.00383343,0.024103,-0.00370144,0.0029531,1
20.59,0.0603215,0.0347542,0.00383001,0.0239623,-0.00377386,0.00295104,1
20.6,0.0611138,0.0344263,0.00382496,0.0237534,-0.00388032,0.00294887,1
20.61,0.0439448,0.0340223,0.00381987,0.0235903,-0.00394706,0.0029466,1
20.62,0.0286711,0.0336812,0.00381492,0.0235072,-0.00401777,0.00294426,1
20.63,0.019202,0.0336042,0.00380971,0.023488,-0.00400069,0.00294186,1
20.64,0.0178052,0.0335977,0.0038035,0.0235654,-0.00396928,0.00294088,1
20.65,0.0208995,0.0335883,0.00379508,0.0237126,-0.00399782,0.00294083,1
20.66,0.027115,0.0335059,0.0037858,0.0238763,-0.00401197,0.00294071,1
20.67,0.0356089,0.0330592,0.00377674,0.0240296,-0.00400882,0.00294051,1
20.68,0.0479723,0.0324302,0.00377108,0.0241475,-0.00401989,0.00294021,1
20.69,0.0611703,0.0319583,0.00377317,0.0242056,-0.00402358,0.00293981,1
20.7,0.0683047,0.0316693,0.00377669,0.0242134,-0.00402308,0.00293929,1
20.71,0.0615533,0.0314007,0.00378111,0.0242116,-0.00400934,0.00293864,1
20.72,0.0517,0.0311832,0.00378612,0.0242604,-0.00397992,0.00293786,1
20.73,0.0404263,0.0311058,0.0037918,0.0243757,-0.00394773,0.00293691,1
20.74,0.0347694,0.0313806,0.00379825,0.0245157,-0.0039469,0.00293579,1
20.75,0.0379316,0.0320232,0.00380596,0.0246296,-0.00390556,0.0029345,1
20.76,0.033766,0.0325062,0.00381533,0.0246895,-0.00390054,0.00293303,1
20.77,0.0200577,0.0326342,0.00382675,0.024664,-0.00392868,0.00293141,1
20.78,-0.00395314,0.0325304,0.00383872,0.0244264,-0.00394752,0.00292963,1
20.79,-0.0158899,0.0323387,0.00384895,0.0240476,-0.0039944,0.00292773,1
20.8,-0.0075197,0.0321452,0.00385775,0.0237108,-0.00407107,0.00292573,1
20.81,0.0190959,0.0320302,0.0038661,0.0235083,-0.00416497,0.00292366,1
20.82,0.0339097,0.0320108,0.00387338,0.0234044,-0.00410228,0.00292153,1
20.83,0.034222,0.0320381,0.00387983,0.0233541,-0.00381486,0.00291936,1
20.84,0.02794,0.0318752,0.00388485,0.0233785,-0.00357665,0.00291827,1
20.85,0.0228279,0.0316623,0.00388788,0.023468,-0.00357708,0.00291823,1
20.86,0.0167596,0.0318082,0.00388871,0.0235691,-0.00359643,0.00291813,1
20.87,0.00945779,0.0322131,0.00388627,0.0236654,-0.00362149,0.00291797,1
20.88,0.00338989,0.0325316,0.00388208,0.0237395,-0.00364528,0.00291772,1
20.89,-0.0031161,0.0327398,0.00387776,0.0237697,-0.00367239,0.00291739,1
20.9,-0.00524252,0.0328699,0.00387228,0.0237607,-0.00365377,0.00291695,1
20.91,-0.00322798,0.0329561,0.00386561,0.0237514,-0.00365947,0.00291642,1
20.92,0.00448389,0.032849,0.00385838,0.0237671,-0.00365246,0.00291575,1
20.93,0.0102474,0.0323489,0.00385065,0.0238114,-0.00362393,0.00291495,1
20.94,0.0133783,0.0314902,0.00384341,0.0238689,-0.0036095,0.002914,1
20.95,0.0132678,0.0302355,0.00383734,0.0239202,-0.00363205,0.0029129,1
20.96,0.00759683,0.0287411,0.00383188,0.0239657,-0.00369334,0.00291164,1
20.97,0.00778647,0.0277202,0.00382787,0.0240261,-0.00373494,0.00291025,1
20.98,0.0235681,0.0272578,0.00382306,0.0240358,-0.00380979,0.00290872,1
20.99,0.0437076,0.0269864,0.00381465,0.0238753,-0.00386295,0.00290709,1
21,0.0466128,0.0266282,0.00380627,0.0236536,-0.00393466,0.00290536,1
21.01,0.0348113,0.0262278,0.00379881,0.0234848,-0.00403236,0.00290356,1
21.02,0.0202144,0.0259561,0.00379169,0.0234021,-0.00410044,0.0029017,1
21.03,0.0128582,0.0259089,0.00378433,0.0233882,-0.00408475,0.0028998,1
21.04,0.0112366,0.0258826,0.00377692,0.0234631,-0.00397308,0.00289884,1
21.05,0.0147539,0.0258786,0.00376854,0.0236155,-0.00396238,0.00289882,1
21.06,0.0190871,0.0259243,0.00375823,0.0237837,-0.00396279,0.00289874,1
21.07,0.02661,0.0256671,0.00374664,0.0239406,-0.00396495,0.00289859,1
21.08,0.0391151,0.0251783,0.00373734,0.02406,-0.00398915,0.00289838,1
21.09,0.0532558,0.0248143,0.00373489,0.0241168,-0.00398062,0.00289808,1
21.1,0.0598539,0.0245538,0.00373392,0.0241173,-0.00396816,0.0028977,1
21.11,0.0564386,0.0243923,0.00373257,0.0241096,-0.00390566,0.00289722,1
21.12,0.0453787,0.0243183,0.00373062,0.0241463,-0.00383745,0.00289663,1
21.13,0.0344855,0.0243261,0.00372831,0.0242494,-0.00377455,0.00289593,1
21.14,0.0292876,0.0246132,0.00372633,0.0243823,-0.00372449,0.0028951,1
21.15,0.0282682,0.0252122,0.00372529,0.0244909,-0.00367626,0.00289414,1
21.16,0.0265735,0.0255763,0.00372514,0.0245538,-0.00364895,0.00289306,1
21.17,0.017345,0.0256473,0.00372726,0.0245488,-0.0036377,0.00289186,1
21.18,-0.00524116,0.0256308,0.00373072,0.0243513,-0.00364983,0.00289055,1
21.19,-0.022436,0.0255783,0.00373388,0.0239892,-0.0036843,0.00288915,1
21.2,-0.0128644,0.0254954,0.00373689,0.0236541,-0.00374606,0.00288768,1
21.21,0.0107956,0.0254482,0.00373927,0.0234607,-0.00378983,0.00288615,1
21.22,0.0266771,0.0254548,0.00374121,0.023367,-0.00378251,0.0028846,1
21.23,0.0291923,0.025516,0.00374272,0.0233305,-0.003623,0.00288301,1
21.24,0.021905,0.0255047,0.00374349,0.0233758,-0.00350374,0.00288239,1
21.25,0.0178482,0.0253643,0.00374319,0.0234777,-0.0035015,0.00288238,1
21.26,0.0143116,0.0254821,0.00374043,0.0235925,-0.00354041,0.00288233,1
21.27,0.00385929,0.0257415,0.00373501,0.0236981,-0.00355212,0.00288223,1
21.28,-0.00490964,0.0258778,0.00372789,0.0237757,-0.00358039,0.00288207,1
21.29,-0.012733,0.0259385,0.00372137,0.0238058,-0.00361293,0.00288185,1
21.3,-0.0155625,0.0259446,0.00371495,0.0237929,-0.00361553,0.00288157,1
21.31,-0.0118519,0.0259056,0.00370777,0.0237769,-0.00360644,0.00288121,1
21.32,-0.00218131,0.0257468,0.00370028,0.0237901,-0.00355992,0.00288077,1
21.33,0.00548984,0.0253585,0.00369237,0.0238389,-0.00353908,0.00288023,1
21.34,0.00801993,0.0247434,0.00368498,0.0239052,-0.00352087,0.00287959,1
21.35,0.0055334,0.0238385,0.00367862,0.0239646,-0.00352488,0.00287884,1
21.36,0.00363639,0.0225032,0.00367318,0.0240135,-0.0035132,0.002878,1
21.37,0.001643,0.0213201,0.00366994,0.0240695,-0.00349835,0.00287705,1
21.38,0.015628,0.0206722,0.00366678,0.0240656,-0.00353983,0.00287602,1
21.39,0.0368454,0.0203114,0.00366214,0.0238824,-0.0035808,0.00287491,1
21.4,0.0366687,0.0199959,0.00365805,0.0236444,-0.0036276,0.00287374,1
21.41,0.0196326,0.0196185,0.00365488,0.0234723,-0.00369907,0.00287253,1
21.42,0.0052344,0.0193323,0.00365207,0.0233912,-0.00380846,0.00287128,1
21.43,-0.00134031,0.0192952,0.00364956,0.0233781,-0.00380386,0.00287,1
21.44,-0.00305422,0.0192811,0.00364662,0.0234608,-0.00376647,0.0028695,1
21.45,6.63713e-07,0.0192327,0.00364253,0.0236139,-0.00377154,0.00286949,1
21.46,0.00272037,0.0194182,0.00363727,0.0237848,-0.00380213,0.00286946,1
21.47,0.0119299,0.0193852,0.00363108,0.0239444,-0.0038192,0.00286938,1
21.48,0.0264908,0.0190038,0.00362647,0.0240688,-0.00385858,0.00286925,1
21.49,0.040566,0.0186428,0.00362545,0.0241262,-0.00387517,0.00286907,1
21.5,0.0457567,0.0184419,0.00362484,0.024124,-0.0038616,0.00286884,1
21.51,0.043296,0.0182914,0.00362368,0.0241051,-0.00383749,0.00286854,1
21.52,0.0294956,0.0182356,0.00362194,0.0241324,-0.00378499,0.00286818,1
21.53,0.0193251,0.0182752,0.00362024,0.0242255,-0.00372109,0.00286774,1
21.54,0.015265,0.0187142,0.00361848,0.0243513,-0.00366021,0.00286722,1
21.55,0.0133566,0.0195094,0.00361678,0.0244585,-0.00363508,0.00286662,1
21.56,0.0115793,0.0199138,0.00361612,0.0245217,-0.0035922,0.00286595,1
21.57,0.00535863,0.0199988,0.00361708,0.0245425,-0.00358071,0.0028652,1
21.58,-0.0159289,0.0200043,0.00361939,0.0243853,-0.00361313,0.00286438,1
21.59,-0.0328946,0.0199835,0.00362097,0.0240499,-0.00364774,0.00286352,1
21.6,-0.0271831,0.0199722,0.00362264,0.0237225,-0.00369354,0.00286261,1
21.61,-0.00516809,0.0199827,0.00362438,0.0235171,-0.00371171,0.00286168,1
21.62,0.0128284,0.020066,0.00362646,0.0234267,-0.00369082,0.00286073,1
21.63,0.0160281,0.020315,0.00362862,0.0234011,-0.00357864,0.00285978,1
21.64,0.0135649,0.0205085,0.00362994,0.0234629,-0.0034948,0.00285941,1
21.65,0.0090436,0.0206206,0.00362998,0.0235875,-0.00348374,0.00285942,1
21.66,0.00664691,0.0210558,0.00362858,0.0237243,-0.00349017,0.00285941,1
21.67,-0.00201157,0.0215415,0.00362441,0.0238487,-0.00351001,0.00285937,1
21.68,-0.011008,0.0217595,0.00361795,0.023947,-0.00351302,0.0028593,1
21.69,-0.0163765,0.0218643,0.00361118,0.0239895,-0.00351429,0.0028592,1
21.7,-0.0201853,0.0219582,0.00360357,0.0239757,-0.00350991,0.00285905,1
21.71,-0.0205138,0.0220496,0.0035951,0.0239507,-0.00348188,0.00285887,1
21.72,-0.0136662,0.0221219,0.0035855,0.0239593,-0.00349487,0.00285864,1
21.73,-0.00400026,0.0219858,0.00357503,0.0240118,-0.00348573,0.00285835,1
21.74,-0.000403742,0.0216745,0.0035638,0.0240945,-0.0034628,0.00285802,1
21.75,-0.00195367,0.0211584,0.00355286,0.0241753,-0.00347547,0.00285763,1
21.76,-0.00307781,0.0202547,0.00354309,0.0242408,-0.00345155,0.00285718,1
21.77,-0.000984176,0.0195696,0.0035345,0.0243024,-0.00346874,0.00285668,1
21.78,0.0198389,0.0194131,0.00352665,0.0242725,-0.00348886,0.00285614,0
21.79,0.0390548,0.019459,0.0035186,0.0240458,-0.0035088,0.00285556,0
21.8,0.0383876,0.0194887,0.00351111,0.0237751,-0.00355566,0.00285495,0
21.81,0.0219861,0.019483,0.00350451,0.0235869,-0.00360813,0.00285432,0
21.82,0.00681584,0.019456,0.0034984,0.0235047,-0.00366209,0.00285367,0
21.83,0.00193956,0.019444,0.0034925,0.0234928,-0.00364449,0.00285301,0
21.84,0.00488929,0.0192238,0.00348597,0.0235692,-0.00361049,0.0028527,0
21.85,0.00526215,0.0189196,0.00347922,0.0237229,-0.0036085,0.00285273,0
21.86,0.00912112,0.0190734,0.00347174,0.0238943,-0.00360755,0.00285274,0
21.87,0.0186796,0.0192507,0.0034638,0.0240496,-0.00361747,0.00285272,0
21.88,0.0284387,0.019201,0.0034569,0.0241691,-0.00361712,0.00285269,0
21.89,0.0386383,0.0191175,0.0034528,0.024226,-0.00361752,0.00285262,0
21.9,0.0441023,0.0190715,0.00344863,0.0242188,-0.00359412,0.00285253,0
21.91,0.0406463,0.0190917,0.00344465,0.0241875,-0.00357143,0.00285242,0
21.92,0.0267114,0.0191313,0.00344053,0.0241924,-0.0035102,0.00285227,0
21.93,0.0175342,0.0191291,0.00343601,0.0242621,-0.00344866,0.00285209,0
21.94,0.0143108,0.0193776,0.00343143,0.0243725,-0.0034144,0.00285187,0
21.95,0.01494,0.0198575,0.003427,0.0244776,-0.00335417,0.00285161,0
21.96,0.0144532,0.0199687,0.00342315,0.0245549,-0.0033384,0.00285132,0
21.97,0.0120948,0.019836,0.00342059,0.0246011,-0.00331878,0.002851,0
21.98,-0.00910566,0.0198206,0.00341863,0.0244901,-0.00331732,0.00285066,0
21.99,-0.0279859,0.0198666,0.00341697,0.0241836,-0.00331388,0.00285029,0
22,-0.0215889,0.0199152,0.00341513,0.0238661,-0.00334997,0.0028499,0
22.01,0.000965866,0.0199419,0.00341333,0.0236649,-0.00338795,0.00284951,0
22.02,0.0151522,0.0199427,0.00341189,0.0235754,-0.00338301,0.00284912,0
22.03,0.0197344,0.0199545,0.00341048,0.0235593,-0.00333417,0.00284873,0
22.04,0.0174526,0.0197346,0.00340849,0.0236273,-0.00326625,0.00284856,0
22.05,0.0137964,0.0192913,0.00340594,0.0237705,-0.00327455,0.0028486,0
22.06,0.00966278,0.0192517,0.00340206,0.0239295,-0.00326658,0.00284862,0
22.07,0.00132695,0.0194146,0.00339682,0.0240741,-0.0032815,0.00284864,0
22.08,-0.00857596,0.0195068,0.00338998,0.0241861,-0.00329452,0.00284865,0
22.09,-0.0189039,0.019527,0.00338407,0.0242355,-0.00331267,0.00284864,0
22.1,-0.0252049,0.0195205,0.00337823,0.0242231,-0.00333768,0.00284862,0
22.11,-0.0231278,0.0195184,0.00337222,0.0241928,-0.00331504,0.00284858,0
22.12,-0.0151526,0.0194578,0.00336573,0.0241941,-0.00331317,0.00284853,0
22.13,-0.0092774,0.0191869,0.00335908,0.0242529,-0.00331261,0.00284846,0
22.14,-0.00728211,0.0189445,0.00335249,0.0243466,-0.00327959,0.00284837,0
22.15,-0.00893255,0.0186874,0.0033456,0.0244422,-0.00327713,0.00284827,0
22.16,-0.0109335,0.0180349,0.00333872,0.0245207,-0.00330875,0.00284815,0
22.17,-0.00610585,0.0174167,0.00333224,0.0245744,-0.00327521,0.002848,0
22.18,0.014039,0.0171425,0.00332682,0.024511,-0.0032769,0.00284785,0
22.19,0.0346974,0.0170123,0.00332216,0.0242483,-0.00328364,0.00284768,0
22.2,0.0318844,0.0168965,0.00331895,0.0239517,-0.00329628,0.00284751,0
22.21,0.0151568,0.0167808,0.0033165,0.0237641,-0.00334274,0.00284733,0
22.22,-0.00327411,0.0166586,0.00331519,0.0236784,-0.00338108,0.00284715,0
22.23,-0.00854236,0.0167229,0.00331455,0.023666,-0.00339927,0.00284697,0
22.24,-0.0108032,0.0167871,0.00331437,0.0237492,-0.00339984,0.00284693,0
22.25,-0.00881795,0.0168498,0.00331424,0.0238987,-0.00336768,0.00284697,0
22.26,-0.00460883,0.0172905,0.00331361,0.0240633,-0.00337818,0.00284701,0
22.27,0.00475291,0.0175518,0.00331222,0.0242129,-0.00339117,0.00284704,0
22.28,0.0157299,0.0174825,0.00331093,0.024323,-0.00341327,0.00284707,0
22.29,0.0264226,0.0172939,0.00331134,0.0243711,-0.00339491,0.00284709,0
22.3,0.0315493,0.0171599,0.00331234,0.0243538,-0.00338421,0.0028471,0
22.31,0.0269911,0.0170863,0.00331317,0.0243166,-0.00339268,0.00284711,0
22.32,0.0182702,0.0170699,0.00331409,0.0243142,-0.0033435,0.00284711,0
22.33,0.00947303,0.0170815,0.00331488,0.0243739,-0.00332215,0.0028471,0
22.34,0.00365533,0.0173592,0.00331508,0.0244691,-0.0033267,0.00284708,0
22.35,0.00439911,0.0177724,0.00331458,0.0245667,-0.00331618,0.00284706,0
22.36,0.00700068,0.0177644,0.0033136,0.0246403,-0.00329251,0.00284702,0
22.37,0.00520611,0.0175963,0.00331288,0.024693,-0.00330345,0.00284698,0
22.38,-0.0141511,0.0175294,0.00331225,0.0246257,-0.00329866,0.00284693,0
22.39,-0.0342035,0.0175326,0.00331176,0.0243575,-0.00327928,0.00284688,0
22.4,-0.0318568,0.0175153,0.00331212,0.0240554,-0.0032631,0.00284683,0
22.41,-0.0180475,0.0174569,0.00331241,0.023856,-0.0032379,0.00284678,0
22.42,-0.000430213,0.0174207,0.00331276,0.023771,-0.00323933,0.00284673,0
22.43,0.00463056,0.0175401,0.00331369,0.0237599,-0.00320042,0.00284668,0
22.44,0.0041991,0.0174782,0.00331446,0.0238432,-0.00321374,0.0028467,0
22.45,0.00308747,0.0172478,0.00331518,0.0239964,-0.00321256,0.00284675,0
22.46,-0.000689477,0.0174452,0.00331587,0.024164,-0.00325265,0.00284679,0
22.47,-0.00701898,0.0177383,0.00331516,0.0243166,-0.00328423,0.00284684,0
22.48,-0.0177113,0.0178068,0.00331404,0.0244341,-0.00329538,0.00284688,0
22.49,-0.0266413,0.0177829,0.00331287,0.0244862,-0.00330904,0.00284692,0
22.5,-0.0323218,0.0177677,0.00331189,0.0244689,-0.00335483,0.00284696,0
22.51,-0.0268041,0.0177903,0.00331071,0.0244305,-0.00332682,0.002847,0
22.52,-0.0176433,0.0178566,0.00330969,0.0244313,-0.00331367,0.00284704,0
22.53,-0.00895916,0.0178214,0.00330751,0.024487,-0.00331788,0.00284707,0
22.54,-0.00424166,0.0177521,0.00330487,0.0245775,-0.0033336,0.00284711,0
22.55,-0.00475004,0.0176887,0.0033024,0.0246636,-0.00331336,0.00284713,0
22.56,-0.0052677,0.0173303,0.00329983,0.0247307,-0.00330746,0.00284716,0
22.57,-0.00312822,0.017021,0.00329718,0.0247763,-0.00333403,0.00284718,0
22.58,0.0157662,0.0170329,0.00329548,0.0247116,-0.00330608,0.0028472,0
22.59,0.0335382,0.0171729,0.00329352,0.0244509,-0.00331064,0.00284722,0
22.6,0.0308566,0.0172639,0.00329189,0.0241567,-0.00329102,0.00284723,0
22.61,0.015849,0.0173072,0.00329095,0.0239581,-0.00327565,0.00284725,0
22.62,-0.000448277,0.017291,0.00328981,0.0238733,-0.00328939,0.00284727,0
22.63,-0.00891437,0.0172924,0.00328836,0.0238606,-0.00327372,0.00284729,0
22.64,-0.00745135,0.0170428,0.00328667,0.0239496,-0.00328409,0.00284732,0
22.65,-0.00418971,0.0165459,0.00328512,0.0241065,-0.00330675,0.00284737,0
22.66,6.57888e-06,0.016405,0.00328385,0.0242826,-0.00330131,0.00284742,0
22.67,0.0114082,0.0164354,0.00328256,0.024442,-0.0033121,0.00284747,0
22.68,0.0192275,0.0164398,0.00328169,0.0245624,-0.00331408,0.00284752,0
22.69,0.0282168,0.0164447,0.00328131,0.0246184,-0.00331219,0.00284756,0
22.7,0.031779,0.0164475,0.00328056,0.0246029,-0.00333405,0.00284761,0
22.71,0.0287572,0.016453,0.00328016,0.0245671,-0.00332357,0.00284765,0
22.72,0.019498,0.0164647,0.00327912,0.0245656,-0.0033418,0.0028477,0
22.73,0.00779971,0.016534,0.00327748,0.0246242,-0.00333756,0.00284774,0
22.74,0.00721199,0.0170644,0.0032756,0.0247213,-0.003338,0.00284778,0
22.75,0.00941438,0.0179097,0.00327293,0.0248197,-0.0033272,0.00284781,0
22.76,0.0106096,0.0182501,0.00326989,0.024894,-0.00331303,0.00284784,0
22.77,0.0108843,0.0181973,0.00326743,0.0249474,-0.00332195,0.00284787,0
22.78,-0.00866181,0.0181383,0.00326508,0.0248722,-0.00328522,0.00284789,0
22.79,-0.0266356,0.0181313,0.00326323,0.0245903,-0.00328684,0.00284791,0
22.8,-0.0243113,0.0181512,0.00326135,0.0242811,-0.00326573,0.00284793,0
22.81,-0.00622179,0.0181925,0.0032593,0.0240731,-0.00325295,0.00284794,0
22.82,0.0105583,0.0183325,0.00325675,0.0239822,-0.00325034,0.00284795,0
22.83,0.0175882,0.0187351,0.00325412,0.0239669,-0.00322593,0.00284796,0
22.84,0.014747,0.0191641,0.00325192,0.0240416,-0.00323411,0.00284799,0
22.85,0.0111153,0.0195782,0.00324995,0.024198,-0.00326123,0.00284804,0
22.86,0.00836373,0.0203378,0.00324892,0.0243694,-0.00324791,0.00284809,0
22.87,-0.000652095,0.0210619,0.00324827,0.024524,-0.00322992,0.00284813,0
22.88,-0.0104412,0.0214746,0.00324815,0.024641,-0.00321483,0.00284817,0
22.89,-0.0184996,0.0217054,0.0032485,0.0246893,-0.00320769,0.00284821,0
22.9,-0.0217032,0.0219394,0.00324885,0.0246694,-0.00318392,0.00284824,0
22.91,-0.0170826,0.0221897,0.00324921,0.0246274,-0.00316592,0.00284827,0
22.92,-0.00690513,0.022467,0.00324901,0.0246248,-0.00317595,0.0028483,0
22.93,0.00270161,0.0224985,0.00324766,0.0246754,-0.00317311,0.00284832,0
22.94,0.00554159,0.0222731,0.0032456,0.0247659,-0.00317515,0.00284833,0
22.95,0.00366717,0.0220048,0.0032432,0.0248571,-0.00321265,0.00284833,0
22.96,0.00411677,0.0215832,0.00324001,0.0249232,-0.00319865,0.00284833,0
22.97,0.00864416,0.0213857,0.0032369,0.0249669,-0.00321056,0.00284832,0
22.98,0.0274029,0.0215576,0.00323372,0.0249004,-0.0031953,0.0028483,0
22.99,0.0461434,0.0218492,0.00323132,0.0246302,-0.00319515,0.00284827,0
23,0.0466398,0.0220688,0.00322885,0.0243291,-0.00318358,0.00284823,0
23.01,0.0273311,0.022181,0.00322614,0.0241253,-0.00319565,0.00284819,0
23.02,0.0132631,0.0221784,0.00322282,0.0240361,-0.00320214,0.00284814,0
23.03,0.00615273,0.0221672,0.00321977,0.0240215,-0.0032093,0.00284809,0
23.04,0.00535269,0.022083,0.00321717,0.0241016,-0.00323366,0.00284809,0
23.05,0.00955379,0.0218902,0.00321434,0.0242651,-0.00321847,0.00284813,0
23.06,0.0124168,0.0219093,0.00321173,0.0244452,-0.00319837,0.00284818,0
23.07,0.0231056,0.0219466,0.00320993,0.0246079,-0.00320129,0.00284821,0
23.08,0.0343186,0.0218508,0.00320883,0.0247333,-0.00321166,0.00284825,0
23.09,0.0441979,0.0217498,0.00320878,0.024789,-0.00319443,0.00284827,0
23.1,0.0459011,0.0217303,0.00320879,0.0247728,-0.00323094,0.00284829,0
23.11,0.043882,0.0217401,0.00320892,0.0247323,-0.00323613,0.00284831,0
23.12,0.0341404,0.02177,0.00320997,0.02473,-0.00328085,0.00284831,0
23.13,0.0257777,0.0218749,0.00321168,0.0247903,-0.0032941,0.0028483,0
23.14,0.0230753,0.0223548,0.00321342,0.0248903,-0.00331408,0.00284828,0
23.15,0.0238434,0.0231245,0.00321521,0.0249879,-0.00332637,0.00284825,0
23.16,0.0250061,0.0235313,0.00321664,0.0250678,-0.00331076,0.0028482,0
23.17,0.0245486,0.0236451,0.00321779,0.0251238,-0.00326382,0.00284813,0
23.18,0.00392472,0.0236751,0.00321856,0.0250471,-0.00323086,0.00284805,0
23.19,-0.0145389,0.0236834,0.00322033,0.0247539,-0.00320834,0.00284796,0
23.2,-0.0133197,0.0237138,0.00322178,0.0244266,-0.00318387,0.00284785,0
23.21,0.00550958,0.0237621,0.00322275,0.0242183,-0.00317737,0.00284773,0
23.22,0.0194343,0.0238696,0.00322362,0.0241236,-0.00317707,0.00284759,0
23.23,0.0255878,0.0241302,0.00322403,0.0241049,-0.00319273,0.00284744,0
23.24,0.024517,0.0242216,0.00322381,0.0241881,-0.00322975,0.00284741,0
23.25,0.0216751,0.0242243,0.0032239,0.0243439,-0.00319019,0.00284745,0
23.26,0.0149554,0.0246131,0.0032241,0.0245136,-0.00317139,0.00284748,0
23.27,0.00428823,0.0251698,0.00322395,0.0246673,-0.00315319,0.0028475,0
23.28,-0.00714492,0.0255525,0.0032246,0.0247855,-0.00314156,0.00284752,0
23.29,-0.0163347,0.0257679,0.00322509,0.0248315,-0.00313487,0.00284752,0
23.3,-0.019728,0.0259324,0.00322628,0.0248082,-0.00313176,0.00284751,0
23.31,-0.0155915,0.0261253,0.00322804,0.0247659,-0.00314481,0.00284748,0
23.32,-0.00334821,0.0262221,0.00322991,0.0247632,-0.00317083,0.00284743,0
23.33,0.00570828,0.025995,0.00323162,0.024817,-0.00321196,0.00284737,0
23.34,0.0102221,0.0254507,0.00323342,0.024905,-0.0032443,0.00284728,0
23.35,0.0126846,0.0247802,0.00323456,0.0249872,-0.00325371,0.00284717,0
23.36,0.00982822,0.0239351,0.0032349,0.0250536,-0.0032881,0.00284703,0
23.37,0.0105576,0.0233055,0.0032345,0.0250969,-0.00329915,0.00284688,0
23.38,0.0258514,0.0230984,0.00323375,0.025031,-0.00330308,0.00284669,0
23.39,0.0457905,0.0231147,0.00323369,0.0247559,-0.00329691,0.00284649,0
23.4,0.0439451,0.0230834,0.00323367,0.024446,-0.00325869,0.00284627,0
23.41,0.0271994,0.0230146,0.00323363,0.0242355,-0.00323785,0.00284604,0
23.42,0.0129855,0.0228192,0.00323368,0.0241419,-0.00321002,0.00284579,0
23.43,0.0059802,0.0226889,0.00323414,0.024125,-0.00324062,0.00284553,0
23.44,0.00856858,0.0227152,0.0032353,0.024215,-0.00327391,0.00284545,0
23.45,0.00985885,0.0227038,0.00323669,0.0243813,-0.00326404,0.00284548,0
23.46,0.0125741,0.0228141,0.00323822,0.0245662,-0.003253,0.00284551,0
23.47,0.0240958,0.0228069,0.00324052,0.0247347,-0.00322265,0.00284553,0
23.48,0.0364793,0.0225672,0.00324349,0.0248647,-0.0032057,0.00284553,0
23.49,0.0460401,0.0222765,0.00324641,0.0249242,-0.00319123,0.00284551,0
23.5,0.0500932,0.0220616,0.00325025,0.0249054,-0.00319909,0.00284548,0
23.51,0.0474392,0.0219343,0.00325456,0.0248628,-0.00318245,0.00284543,0
23.52,0.0365564,0.0219122,0.00325912,0.024859,-0.00320866,0.00284536,0
23.53,0.0271801,0.0220545,0.00326421,0.0249165,-0.00324476,0.00284526,0
23.54,0.0218162,0.0226074,0.00326899,0.0250147,-0.00326244,0.00284513,0
23.55,0.0234628,0.0233631,0.00327347,0.0251159,-0.00329161,0.00284498,0
23.56,0.0247205,0.0236856,0.00327733,0.0251896,-0.00329651,0.00284479,0
23.57,0.0196172,0.023756,0.00327993,0.025245,-0.00328477,0.00284457,0
23.58,0.00191275,0.023756,0.00328165,0.0251613,-0.00329662,0.00284432,0
23.59,-0.0170064,0.0237294,0.00328355,0.0248562,-0.00327646,0.00284404,0
23.6,-0.0153861,0.0236753,0.0032853,0.0245176,-0.00324225,0.00284373,0
23.61,0.00110941,0.0236221,0.00328645,0.0242888,-0.0032395,0.0028434,0
23.62,0.0170144,0.0236192,0.00328688,0.0241863,-0.00323362,0.00284305,0
23.63,0.0241992,0.0237066,0.00328681,0.0241647,-0.0032618,0.00284267,0
23.64,0.023118,0.023588,0.00328656,0.0242505,-0.0033122,0.00284254,0
23.65,0.0199562,0.0232575,0.00328667,0.024413,-0.00332745,0.00284257,0
23.66,0.0184644,0.023285,0.00328734,0.0245924,-0.00331196,0.00284259,0
23.67,0.00687209,0.0235325,0.00328899,0.0247549,-0.00328388,0.00284259,0
23.68,-0.00587778,0.0237258,0.00329189,0.024876,-0.00327827,0.00284257,0
23.69,-0.0148587,0.0238406,0.0032939,0.0249282,-0.00326858,0.00284252,0
23.7,-0.016813,0.0239317,0.00329685,0.0249021,-0.00326455,0.00284245,0
23.71,-0.0154814,0.0240396,0.00330041,0.0248539,-0.00327256,0.00284236,0
23.72,-0.00588246,0.0240736,0.00330401,0.0248518,-0.00330496,0.00284223,0
23.73,0.00285293,0.0237539,0.00330753,0.0249065,-0.00335143,0.00284207,0
23.74,0.0077538,0.0231171,0.00331169,0.0249987,-0.00336813,0.00284187,0
23.75,0.00940079,0.0222697,0.00331523,0.0250851,-0.00340726,0.00284163,0
23.76,0.00777853,0.0211647,0.00331766,0.0251509,-0.00340043,0.00284134,0
23.77,0.0110053,0.020356,0.00331918,0.0251925,-0.0033977,0.00284103,0
23.78,0.0277054,0.0201239,0.00331982,0.0251138,-0.00339693,0.00284067,0
23.79,0.0450899,0.0202137,0.00332152,0.0248237,-0.00336399,0.00284028,0
23.8,0.0406615,0.0202811,0.00332347,0.0244989,-0.00334317,0.00283986,0
23.81,0.0229337,0.0201921,0.00332541,0.0242798,-0.00330293,0.00283942,0
23.82,0.0066477,0.0200663,0.00332777,0.0241803,-0.00327336,0.00283896,0
23.83,-0.00110968,0.0199902,0.00332985,0.0241616,-0.00328937,0.00283848,0
23.84,-0.000437493,0.0199526,0.00333139,0.0242415,-0.00331824,0.00283826,0
23.85,0.000631956,0.0198267,0.00333329,0.0244116,-0.00332889,0.00283829,0
23.86,0.00423515,0.0198256,0.0033355,0.0245977,-0.00331497,0.0028383,0
23.87,0.0159362,0.0197801,0.00333822,0.024766,-0.00330644,0.0028383,0
23.88,0.0280981,0.0195932,0.00334111,0.0248991,-0.0032838,0.00283827,0
23.89,0.0346157,0.0194083,0.00334342,0.0249542,-0.00328361,0.00283822,0
23.9,0.0389125,0.0193414,0.00334581,0.024935,-0.00328747,0.00283814,0
23.91,0.0352083,0.0193,0.0033487,0.0248879,-0.00329805,0.00283803,0
23.92,0.0275108,0.0193944,0.00335253,0.0248828,-0.00335026,0.00283789,0
23.93,0.0188251,0.0198281,0.00335719,0.0249445,-0.00336715,0.00283771,0
23.94,0.0169315,0.0210259,0.00336146,0.0250425,-0.00337019,0.00283748,0
23.95,0.0183923,0.0225523,0.00336482,0.0251408,-0.00343437,0.00283722,0
23.96,0.019706,0.0234663,0.00336701,0.0252177,-0.00342605,0.0028369,0
23.97,0.0178467,0.0237771,0.0033675,0.0252727,-0.0034091,0.00283655,0
23.98,-0.00096079,0.0238607,0.00336696,0.0251862,-0.00340659,0.00283614,0
23.99,-0.0193471,0.0238835,0.0033669,0.0248738,-0.00338711,0.0028357,0
24,-0.0167357,0.0239105,0.00336639,0.0245284,-0.00334181,0.00283522,0
24.01,0.00316916,0.0239876,0.00336587,0.0242962,-0.00328652,0.00283471,0
24.02,0.0201248,0.0242086,0.00336502,0.0241914,-0.00325818,0.00283417,0
24.03,0.0270357,0.0245956,0.00336358,0.0241679,-0.00328308,0.00283361,0
24.04,0.0269624,0.0248778,0.00336207,0.0242466,-0.00337175,0.00283333,0
24.05,0.0222197,0.0252138,0.00336122,0.0244109,-0.00337824,0.00283335,0
24.06,0.0193657,0.0259772,0.00336123,0.0245898,-0.00341219,0.00283336,0
24.07,0.0102365,0.0267728,0.00336248,0.0247561,-0.00340606,0.00283334,0
24.08,0.00136009,0.0273117,0.00336471,0.0248796,-0.00337533,0.00283329,0
24.09,-0.00676791,0.0276861,0.00336712,0.0249283,-0.00336009,0.00283321,0
24.1,-0.0109106,0.0280226,0.00336959,0.0249038,-0.00334734,0.0028331,0
24.11,-0.00514796,0.0283651,0.00337266,0.0248593,-0.00335543,0.00283295,0
24.12,0.00324376,0.0286686,0.00337614,0.0248523,-0.00338778,0.00283276,0
24.13,0.0126935,0.0286846,0.00337977,0.0249077,-0.00340088,0.00283253,0
24.14,0.0178709,0.0283488,0.00338336,0.0250017,-0.00341012,0.00283224,0
24.15,0.0185517,0.0279047,0.00338615,0.0250914,-0.00345985,0.00283191,0
24.16,0.0175824,0.0273939,0.00338781,0.0251551,-0.00347517,0.00283152,0
24.17,0.0220729,0.0271185,0.00338807,0.0252,-0.00350168,0.00283108,0
24.18,0.0398763,0.0272087,0.00338712,0.0251214,-0.00350288,0.00283059,0
24.19,0.0590741,0.0274394,0.00338741,0.0248243,-0.00346053,0.00283007,0
24.2,0.0561473,0.0276495,0.0033867,0.0244902,-0.00339085,0.0028295,0
24.21,0.0382176,0.0277511,0.00338528,0.0242752,-0.00332931,0.00282891,0
24.22,0.0188056,0.0277554,0.00338382,0.0241718,-0.00330254,0.0028283,0
24.23,0.0106944,0.02775,0.00338289,0.0241502,-0.00332761,0.00282766,0
24.24,0.00963265,0.0277078,0.00338185,0.0242398,-0.00337131,0.00282742,0
24.25,0.0139353,0.0275766,0.00338167,0.0244116,-0.00337514,0.00282745,0
24.26,0.0199421,0.0275788,0.00338304,0.0245989,-0.00335597,0.00282745,0
24.27,0.0305063,0.027531,0.00338624,0.0247685,-0.00333469,0.00282743,0
24.28,0.0410475,0.0273463,0.00338987,0.0248951,-0.00331656,0.00282739,0
24.29,0.0501474,0.0271429,0.00339245,0.0249463,-0.00331709,0.00282731,0
24.3,0.0552247,0.0270162,0.00339486,0.0249243,-0.00331423,0.0028272,0
24.31,0.0535506,0.0269611,0.00339756,0.0248789,-0.00335041,0.00282705,0
24.32,0.0427579,0.0269803,0.0034002,0.0248671,-0.00336562,0.00282686,0
24.33,0.0338333,0.0272135,0.00340296,0.0249233,-0.00342129,0.00282662,0
24.34,0.0307214,0.0279803,0.00340523,0.025022,-0.00345179,0.00282634,0
24.35,0.0296101,0.0290439,0.00340726,0.0251219,-0.00347096,0.00282599,0
24.36,0.0314601,0.0296899,0.00340882,0.0251995,-0.00348258,0.00282559,0
24.37,0.0299192,0.0298923,0.00340976,0.0252509,-0.00348399,0.00282514,0
24.38,0.00901672,0.0299326,0.00341071,0.0251683,-0.00347701,0.00282463,0
24.39,-0.0111787,0.0299,0.00341244,0.024857,-0.00344917,0.00282408,0
24.4,-0.00843606,0.0298615,0.00341394,0.0245062,-0.00340352,0.00282348,0
24.41,0.00677686,0.0298785,0.00341468,0.0242664,-0.00334477,0.00282285,0
24.42,0.0235285,0.0299984,0.00341442,0.0241584,-0.00330496,0.00282218,0
24.43,0.0302247,0.0301871,0.00341368,0.0241362,-0.00335508,0.00282149,0
24.44,0.0299596,0.0301134,0.00341295,0.0242249,-0.00337809,0.00282122,0
24.45,0.0288506,0.029977,0.00341274,0.024397,-0.00337105,0.00282124,0
24.46,0.023111,0.0303282,0.0034136,0.0245847,-0.00334464,0.00282123,0
24.47,0.0141558,0.030991,0.00341599,0.0247569,-0.00335697,0.0028212,0
24.48,0.00625219,0.0315361,0.00341892,0.0248859,-0.00334862,0.00282113,0
24.49,-0.00452251,0.0319266,0.00342103,0.0249393,-0.00336033,0.00282103,0
24.5,-0.0107723,0.0322539,0.00342349,0.0249142,-0.00337824,0.00282089,0
24.51,-0.00645245,0.0326088,0.00342621,0.0248659,-0.00340066,0.00282071,0
24.52,0.00428809,0.0328633,0.003429,0.0248542,-0.00343546,0.00282047,0
24.53,0.0130057,0.0327253,0.00343224,0.0249119,-0.00344201,0.00282019,0
24.54,0.015858,0.0321142,0.00343574,0.0250089,-0.00348349,0.00281985,0
24.55,0.0159007,0.0312042,0.00343883,0.025102,-0.00350384,0.00281944,0
24.56,0.0171025,0.0302292,0.0034408,0.0251713,-0.0035345,0.00281898,0
24.57,0.0191064,0.0296082,0.00344135,0.0252166,-0.00354145,0.00281847,0
24.58,0.0368162,0.0294963,0.00344126,0.0251322,-0.00350385,0.00281789,0
24.59,0.0547456,0.0295778,0.00344177,0.0248177,-0.00346693,0.00281728,0
24.6,0.0521845,0.0296309,0.00344198,0.0244678,-0.00344608,0.00281662,0
24.61,0.0323791,0.0295777,0.00344152,0.0242308,-0.00342051,0.00281593,0
24.62,0.0163321,0.0294113,0.00344079,0.0241254,-0.00341341,0.00281522,0
24.63,0.0125019,0.0292795,0.00343939,0.0241068,-0.00345846,0.00281448,0
24.64,0.013766,0.0292737,0.0034378,0.0242001,-0.00350663,0.0028142,0
24.65,0.016646,0.0292296,0.00343669,0.024375,-0.00351104,0.00281422,0
24.66,0.0230728,0.0292338,0.00343682,0.0245662,-0.00348126,0.00281422,0
24.67,0.0342953,0.0291432,0.0034387,0.0247423,-0.00346731,0.00281419,0
24.68,0.0442126,0.0288947,0.00344137,0.0248774,-0.00346226,0.00281413,0
24.69,0.0526616,0.02863,0.00344319,0.0249346,-0.0034421,0.00281403,0
24.7,0.0595292,0.0284006,0.0034458,0.0249115,-0.00341334,0.0028139,0
24.71,0.0566691,0.0282621,0.00344922,0.0248642,-0.003414,0.00281372,0
24.72,0.0492364,0.0282347,0.00345271,0.024854,-0.00345634,0.0028135,0
24.73,0.0385731,0.028421,0.00345569,0.0249116,-0.00344546,0.00281323,0
24.74,0.0344632,0.029172,0.00345842,0.0250147,-0.00348801,0.0028129,0
24.75,0.035445,0.0303064,0.00345973,0.0251178,-0.00349426,0.00281251,0
24.76,0.0392924,0.0310329,0.0034596,0.0251937,-0.0034989,0.00281206,0
24.77,0.0361469,0.0313791,0.00345759,0.025251,-0.00348933,0.00281156,0
24.78,0.0172392,0.0314807,0.00345516,0.0251573,-0.00348922,0.00281099,0
24.79,-0.00176039,0.0315062,0.00345352,0.0248259,-0.00347309,0.00281038,0
24.8,-0.00010401,0.0315276,0.0034516,0.0244585,-0.00344831,0.00280972,0
24.81,0.0149439,0.0316174,0.00344904,0.02421,-0.00340412,0.00280902,0
24.82,0.0305357,0.0318218,0.00344617,0.0240971,-0.00337185,0.00280829,0
24.83,0.0354612,0.0321432,0.00344324,0.0240732,-0.00342462,0.00280752,0
24.84,0.0336068,0.0322068,0.00344071,0.0241515,-0.00346898,0.00280715,0
24.85,0.0307697,0.0321678,0.00343802,0.0243221,-0.00345888,0.00280716,0
24.86,0.0256117,0.0325631,0.00343588,0.0245116,-0.00346171,0.00280716,0
24.87,0.0149705,0.0332257,0.00343428,0.024684,-0.00343579,0.00280712,0
24.88,0.00689257,0.0337555,0.0034329,0.024813,-0.00338844,0.00280705,0
24.89,-0.00184882,0.0340923,0.00343095,0.0248659,-0.00336907,0.00280694,0
24.9,-0.00585023,0.0343879,0.00342937,0.0248375,-0.00337237,0.00280678,0
24.91,-0.00382832,0.0347058,0.0034287,0.024786,-0.00339755,0.00280659,0
24.92,0.00444598,0.0349021,0.00342842,0.0247751,-0.00343907,0.00280634,0
24.93,0.0109879,0.0347302,0.0034281,0.0248331,-0.00345283,0.00280604,0
24.94,0.0158049,0.0340675,0.00342765,0.0249339,-0.00349528,0.00280567,0
24.95,0.0174138,0.0331353,0.00342737,0.0250324,-0.00352682,0.00280525,0
24.96,0.016695,0.0320777,0.00342664,0.0250986,-0.00352894,0.00280476,0
24.97,0.0196978,0.0312967,0.00342465,0.0251469,-0.00350991,0.00280421,0
24.98,0.0356524,0.0310254,0.00342255,0.0250644,-0.00349526,0.00280361,0
24.99,0.0566675,0.0310096,0.00342155,0.0247484,-0.00347028,0.00280296,0
25,0.0551416,0.0309805,0.00342014,0.0243941,-0.0034061,0.00280227,0
25.01,0.0401892,0.0308047,0.00341796,0.0241551,-0.00335463,0.00280155,0
25.02,0.0235971,0.0304888,0.00341618,0.0240488,-0.00332082,0.0028008,0
25.03,0.0172735,0.0302634,0.00341363,0.0240294,-0.00332949,0.00280003,0
25.04,0.017661,0.0302385,0.0034109,0.024116,-0.00340522,0.00279966,0
25.05,0.0211645,0.0302378,0.00340826,0.0242947,-0.00340679,0.00279968,0
25.06,0.0267479,0.0302273,0.00340654,0.0244954,-0.00338964,0.00279967,0
25.07,0.0368082,0.0300601,0.00340621,0.0246769,-0.00339943,0.00279964,0
25.08,0.0451137,0.0297239,0.00340707,0.0248193,-0.00336461,0.00279958,0
25.09,0.0529997,0.0294139,0.00340717,0.0248775,-0.00334332,0.00279948,0
25.1,0.0574261,0.0291884,0.00340753,0.0248547,-0.00331543,0.00279934,0
25.11,0.0554595,0.0290387,0.0034089,0.0248051,-0.00333379,0.00279916,0
25.12,0.0483411,0.0289933,0.00341059,0.024796,-0.00334668,0.00279894,0
25.13,0.0387936,0.0292144,0.00341311,0.0248574,-0.00340077,0.00279866,0
25.14,0.0353344,0.0300729,0.00341558,0.0249657,-0.00341663,0.00279832,0
25.15,0.0371337,0.0312343,0.00341713,0.0250743,-0.00345401,0.00279793,0
25.16,0.0380628,0.0319819,0.00341754,0.0251573,-0.00347788,0.00279747,0
25.17,0.0357544,0.0322827,0.00341639,0.0252162,-0.0034572,0.00279695,0
25.18,0.0149713,0.0323701,0.0034145,0.0251235,-0.0034311,0.00279638,0
25.19,-0.00554827,0.0324084,0.00341349,0.0247777,-0.00342582,0.00279575,0
25.2,-0.00307273,0.0324418,0.00341162,0.0244002,-0.00339255,0.00279508,0
25.21,0.0120287,0.0325135,0.00340862,0.0241578,-0.0033379,0.00279437,0
25.22,0.0284139,0.0326754,0.00340508,0.0240422,-0.00333091,0.00279363,0
25.23,0.0356315,0.0329597,0.00340152,0.0240181,-0.00337718,0.00279286,0
25.24,0.0347098,0.0330269,0.00339821,0.0241086,-0.00343172,0.00279257,0
25.25,0.0299168,0.0329307,0.00339604,0.024283,-0.00339799,0.00279258,0
25.26,0.0264378,0.0332221,0.00339466,0.0244745,-0.00339472,0.00279258,0
25.27,0.0151814,0.0336912,0.00339421,0.0246448,-0.00338545,0.00279254,0
25.28,0.00660216,0.0340918,0.00339452,0.024772,-0.00334225,0.00279247,0
25.29,-0.00185058,0.0343582,0.00339409,0.0248158,-0.00333793,0.00279236,0
25.3,-0.00548093,0.0346038,0.00339347,0.0247819,-0.0033368,0.00279221,0
25.31,-0.00449737,0.0348183,0.00339352,0.0247297,-0.00335363,0.00279202,0
25.32,0.00659416,0.034879,0.00339388,0.0247183,-0.00339889,0.00279177,0
25.33,0.0161174,0.0345623,0.00339457,0.0247751,-0.00345739,0.00279147,0
25.34,0.0202549,0.0338908,0.00339534,0.0248714,-0.00348328,0.0027911,0
25.35,0.0207182,0.0330253,0.00339578,0.0249663,-0.00350949,0.00279067,0
25.36,0.0182977,0.0320314,0.00339527,0.0250299,-0.00352357,0.00279018,0
25.37,0.0192179,0.0312911,0.00339374,0.025077,-0.0035433,0.00278963,0
25.38,0.0394604,0.0309997,0.0033922,0.0249981,-0.00352175,0.00278903,0
25.39,0.059564,0.0310238,0.00339155,0.0246789,-0.0034838,0.00278837,0
25.4,0.0557274,0.0310543,0.00339021,0.0243224,-0.00341274,0.00278768,0
25.41,0.0396524,0.0309289,0.00338758,0.0240824,-0.0033769,0.00278695,0
25.42,0.0213672,0.0306828,0.00338509,0.0239753,-0.00334561,0.0027862,0
25.43,0.0169309,0.0304877,0.00338248,0.023954,-0.00337984,0.00278543,0
25.44,0.0173542,0.0304741,0.00338036,0.0240527,-0.00342974,0.00278514,0
25.45,0.0200823,0.0304686,0.00337811,0.0242362,-0.00340237,0.00278515,0
25.46,0.0249166,0.0304778,0.00337669,0.0244396,-0.00336453,0.00278515,0
25.47,0.0344863,0.0303387,0.0033765,0.0246264,-0.00334123,0.00278512,0
25.48,0.0455938,0.0300267,0.00337656,0.0247657,-0.00332286,0.00278505,0
25.49,0.0538777,0.0297007,0.00337625,0.0248234,-0.0033283,0.00278496,0
25.5,0.0576479,0.0294478,0.00337631,0.0247966,-0.00332026,0.00278482,0
25.51,0.0556179,0.0292757,0.00337724,0.0247443,-0.0033042,0.00278464,0
25.52,0.0464108,0.029226,0.00337794,0.024736,-0.00331201,0.00278442,0
25.53,0.0377856,0.0294123,0.00337921,0.0247993,-0.00334465,0.00278414,0
25.54,0.034029,0.0301774,0.00338013,0.0249069,-0.00336182,0.0027838,0
25.55,0.035098,0.0311484,0.00338007,0.0250209,-0.00338782,0.00278341,0
25.56,0.0354914,0.0317237,0.00337891,0.0250996,-0.003419,0.00278296,0
25.57,0.032249,0.0319263,0.0033763,0.0251584,-0.00342053,0.00278244,0
25.58,0.0110662,0.0319516,0.00337264,0.0250598,-0.00340299,0.00278187,0
25.59,-0.00859057,0.0318809,0.00336927,0.0247099,-0.00338158,0.00278125,0
25.6,-0.00651794,0.0318051,0.00336595,0.0243239,-0.00332099,0.00278059,0
25.61,0.0113432,0.0317806,0.00336131,0.0240683,-0.00326813,0.00277989,0
25.62,0.0284824,0.0318551,0.00335576,0.0239524,-0.00325583,0.00277916,0
25.63,0.0360997,0.031977,0.00334989,0.0239268,-0.00333313,0.0027784,0
25.64,0.0376507,0.0317661,0.0033447,0.0240091,-0.00337188,0.00277802,0
25.65,0.0351302,0.031406,0.003341,0.0241868,-0.00334669,0.00277804,0
25.66,0.0286475,0.0314344,0.00333805,0.0243826,-0.0033428,0.00277803,0
25.67,0.0200679,0.0316957,0.00333625,0.0245599,-0.00332427,0.002778,0
25.68,0.0080571,0.0318893,0.00333539,0.024694,-0.00331851,0.00277793,0
25.69,-0.00216024,0.0319809,0.00333364,0.0247444,-0.00330887,0.00277782,0
25.7,-0.00698471,0.0320203,0.0033324,0.0247145,-0.00330003,0.00277767,0
25.71,-0.00528853,0.0320132,0.00333218,0.0246583,-0.00330243,0.00277748,0
25.72,0.00608809,0.0319024,0.00333294,0.0246443,-0.00333689,0.00277724,0
25.73,0.0155413,0.031445,0.00333433,0.0247027,-0.00336802,0.00277695,0
25.74,0.0187742,0.0307403,0.00333559,0.0248073,-0.00341456,0.00277659,0
25.75,0.0191277,0.0299152,0.00333615,0.0249117,-0.00344182,0.00277618,0
25.76,0.0183474,0.0288622,0.00333657,0.0249874,-0.00345191,0.00277571,0
25.77,0.0178736,0.0279368,0.00333658,0.0250386,-0.00343411,0.00277518,0
25.78,0.0378839,0.0274019,0.00333572,0.0249566,-0.00340366,0.00277459,0
25.79,0.0559244,0.0271021,0.00333593,0.0246228,-0.00335585,0.00277396,0
25.8,0.0499329,0.0268214,0.00333669,0.0242507,-0.00331913,0.0027733,0
25.81,0.0320076,0.0264644,0.00333676,0.0240047,-0.00325265,0.0027726,0
25.82,0.0190252,0.0260686,0.00333662,0.0238966,-0.00323528,0.00277188,0
25.83,0.0117635,0.0258409,0.00333637,0.0238784,-0.0032604,0.00277113,0
25.84,0.0120601,0.0258549,0.0033365,0.0239664,-0.00333132,0.00277077,0
25.85,0.0158165,0.0258903,0.00333686,0.0241489,-0.00331774,0.00277079,0
25.86,0.0197954,0.0259702,0.00333825,0.0243537,-0.00327526,0.00277079,0
25.87,0.0294315,0.0258338,0.00334059,0.0245392,-0.00324478,0.00277077,0
25.88,0.0397982,0.0254249,0.00334339,0.0246815,-0.00324148,0.00277071,0
25.89,0.0480745,0.0248954,0.00334557,0.0247435,-0.00326333,0.00277062,0
25.9,0.0507792,0.0243998,0.00334862,0.0247193,-0.00325396,0.00277049,0
25.91,0.0475906,0.0240032,0.00335243,0.024663,-0.00326079,0.00277032,0
25.92,0.0360284,0.02376,0.00335676,0.0246531,-0.00330622,0.00277011,0
25.93,0.0260461,0.0237679,0.00336136,0.0247195,-0.00332782,0.00276985,0
25.94,0.02201,0.024265,0.00336507,0.0248338,-0.00335038,0.00276953,0
25.95,0.0214314,0.0249903,0.00336885,0.0249463,-0.00335767,0.00276916,0
25.96,0.0225037,0.0253697,0.00337183,0.0250342,-0.00338529,0.00276873,0
25.97,0.0180667,0.0254511,0.00337377,0.0250969,-0.00339558,0.00276824,0
25.98,-0.00345957,0.0254031,0.00337504,0.0250028,-0.00340218,0.0027677,0
25.99,-0.0239987,0.0252847,0.00337678,0.0246451,-0.00336545,0.00276711,0
26,-0.0212948,0.0251462,0.00337832,0.0242517,-0.00334211,0.00276648,0
26.01,-0.00262616,0.0250203,0.00337913,0.023989,-0.00332419,0.00276582,0
26.02,0.0125267,0.0249517,0.00337958,0.023872,-0.00329496,0.00276512,0
26.03,0.0189003,0.0249211,0.00338033,0.0238495,-0.00330988,0.00276439,0
26.04,0.0201343,0.0243988,0.00338151,0.0239342,-0.00339726,0.00276404,0
26.05,0.0205027,0.0237631,0.00338343,0.0241149,-0.00340663,0.00276406,0
26.06,0.0160482,0.0236599,0.00338578,0.0243197,-0.00341319,0.00276405,0
26.07,0.00694068,0.0238486,0.00338887,0.024502,-0.00339836,0.00276402,0
26.08,-0.00366841,0.02399,0.00339287,0.024642,-0.00340304,0.00276396,0
26.09,-0.01202,0.0240562,0.00339685,0.024691,-0.0033804,0.00276386,0
26.1,-0.0160566,0.0240851,0.00340106,0.0246586,-0.00335351,0.00276372,0
26.11,-0.012951,0.0241138,0.00340652,0.0245997,-0.00338141,0.00276354,0
26.12,-0.00402916,0.0240209,0.00341288,0.0245888,-0.00339863,0.00276331,0
26.13,0.00252383,0.0235585,0.00341953,0.0246486,-0.00345605,0.00276304,0
26.14,0.00961465,0.0229166,0.00342563,0.0247536,-0.00347883,0.0027627,0
26.15,0.0115211,0.0222581,0.00343077,0.02486,-0.00352628,0.00276231,0
26.16,0.00936162,0.0213198,0.00343513,0.0249419,-0.00354437,0.00276186,0
26.17,0.00963583,0.0204706,0.00343828,0.0249936,-0.00355284,0.00276136,0
26.18,0.025376,0.0200422,0.00344088,0.0249053,-0.00352439,0.00276081,0
26.19,0.0426301,0.0198298,0.00344454,0.0245641,-0.00349424,0.00276021,0
26.2,0.038037,0.0196613,0.00344848,0.0241897,-0.00347031,0.00275958,0
26.21,0.0215479,0.0194352,0.00345164,0.0239348,-0.00343055,0.00275891,0
26.22,0.00371754,0.0191929,0.00345433,0.0238226,-0.00340985,0.00275823,0
26.23,-0.00170213,0.0191591,0.00345686,0.0238055,-0.00343114,0.00275752,0
26.24,-0.000476927,0.0192212,0.00345937,0.023899,-0.00349363,0.00275718,0
26.25,0.00434946,0.0192069,0.00346239,0.0240888,-0.00349897,0.00275721,0
26.26,0.00867285,0.0194459,0.00346589,0.0242958,-0.00346473,0.00275721,0
26.27,0.0192074,0.0196089,0.00347026,0.0244892,-0.00346539,0.00275718,0
26.28,0.0292364,0.0195171,0.00347564,0.0246318,-0.00345475,0.00275713,0
26.29,0.0348436,0.0193258,0.00348,0.0246975,-0.00343261,0.00275705,0
26.3,0.0404995,0.0191048,0.00348416,0.0246709,-0.00343088,0.00275693,0
26.31,0.0364262,0.018922,0.00348845,0.0246155,-0.00339069,0.00275677,0
26.32,0.028431,0.018848,0.00349271,0.0246016,-0.00341699,0.00275658,0
26.33,0.0188028,0.0188687,0.0034967,0.0246689,-0.00348075,0.00275633,0
26.34,0.0162632,0.0192226,0.00350022,0.0247849,-0.00352129,0.00275603,0
26.35,0.018376,0.0198351,0.00350312,0.0249039,-0.00354911,0.00275568,0
26.36,0.0195309,0.0200268,0.00350487,0.0249951,-0.00357988,0.00275527,0
26.37,0.0139642,0.0200064,0.00350552,0.0250606,-0.00357102,0.00275482,0
26.38,-0.00693022,0.0200223,0.00350526,0.0249617,-0.00358437,0.00275431,0
26.39,-0.0289003,0.020033,0.00350578,0.0245933,-0.00354388,0.00275375,0
26.4,-0.0279276,0.0199949,0.00350526,0.0241914,-0.00348953,0.00275315,0
26.41,-0.0097269,0.0199428,0.00350397,0.0239235,-0.00345998,0.00275252,0
26.42,0.00530084,0.0199017,0.00350185,0.023806,-0.00342726,0.00275186,0
26.43,0.0121648,0.0198305,0.00349951,0.0237823,-0.00347987,0.00275118,0
26.44,0.0135169,0.0194486,0.0034976,0.0238693,-0.00354404,0.00275084,0
26.45,0.00852131,0.0189805,0.00349557,0.0240519,-0.00354082,0.00275086,0
26.46,0.00595805,0.0189252,0.00349409,0.024257,-0.00352247,0.00275086,0
26.47,-0.00279438,0.0191068,0.0034936,0.0244407,-0.00352095,0.00275084,0
26.48,-0.0141165,0.0192011,0.00349388,0.0245766,-0.00352023,0.00275078,0
26.49,-0.0221172,0.0192224,0.00349348,0.0246291,-0.00352013,0.00275069,0
26.5,-0.0257056,0.0192323,0.00349325,0.0245963,-0.00349932,0.00275056,0
26.51,-0.0234909,0.0192282,0.00349336,0.0245408,-0.00352783,0.00275039,0
26.52,-0.0131746,0.0191739,0.00349388,0.0245269,-0.00355117,0.00275018,0
26.53,-0.00488766,0.0188794,0.00349426,0.0245936,-0.00357231,0.00274991,0
26.54,-0.00262315,0.0186724,0.00349456,0.0247015,-0.0036056,0.0027496,0
26.55,-0.00312202,0.0186113,0.00349414,0.02481,-0.00362215,0.00274923,0
26.56,-0.00235632,0.0181249,0.0034932,0.0248887,-0.00361747,0.00274881,0
26.57,-0.00161545,0.0175684,0.00349133,0.0249407,-0.0036151,0.00274833,0
26.58,0.0168448,0.0172544,0.00348804,0.0248546,-0.00358658,0.00274781,0
26.59,0.0363092,0.0170978,0.00348471,0.0245134,-0.00354744,0.00274725,0
26.6,0.0324589,0.0169481,0.00348096,0.0241271,-0.00347063,0.00274665,0
26.61,0.0140133,0.0167328,0.00347656,0.0238714,-0.00342085,0.00274602,0
26.62,-0.00174852,0.0165596,0.00347202,0.0237606,-0.00340133,0.00274537,0
26.63,-0.00833902,0.0167173,0.00346746,0.0237435,-0.00344383,0.00274471,0
26.64,-0.00722017,0.0169169,0.00346308,0.0238384,-0.00350843,0.00274439,0
26.65,-0.00417842,0.0169738,0.00345884,0.0240307,-0.00345654,0.00274441,0
26.66,-0.0029758,0.0173613,0.00345537,0.0242466,-0.0034517,0.00274441,0
26.67,0.00591379,0.0177542,0.00345273,0.0244456,-0.00343478,0.00274439,0
26.68,0.0165753,0.0178517,0.00345065,0.0245902,-0.00341262,0.00274435,0
26.69,0.0273437,0.017799,0.00344733,0.0246484,-0.003408,0.00274427,0
26.7,0.0311733,0.0177686,0.00344387,0.0246158,-0.00337302,0.00274416,0
26.71,0.027009,0.0178132,0.00344099,0.0245579,-0.00337415,0.00274402,0
26.72,0.0170674,0.0179044,0.00343779,0.0245442,-0.00341861,0.00274383,0
26.73,0.0082088,0.017903,0.00343439,0.0246111,-0.00343068,0.0027436,0
26.74,0.00480778,0.0178505,0.00343094,0.0247282,-0.00349301,0.00274332,0
26.75,0.00531433,0.0178882,0.00342694,0.0248475,-0.00348135,0.00274299,0
26.76,0.00685896,0.0176254,0.00342163,0.0249382,-0.00347979,0.00274261,0
26.77,0.00449451,0.0174467,0.00341514,0.0250087,-0.00349592,0.00274217,0
26.78,-0.0155078,0.0175505,0.00340798,0.0249059,-0.00347497,0.00274169,0
26.79,-0.0341746,0.0177556,0.00340105,0.0245323,-0.0034365,0.00274117,0
26.8,-0.0333487,0.0179824,0.00339415,0.0241243,-0.00337936,0.0027406,0
26.81,-0.0161308,0.0181873,0.00338715,0.0238551,-0.00332876,0.00274001,0
26.82,-0.00246399,0.0182874,0.00337967,0.0237376,-0.00326795,0.00273938,0
26.83,0.00244744,0.0182692,0.00337192,0.0237157,-0.00328888,0.00273873,0
26.84,0.00381926,0.0178804,0.00336389,0.0238063,-0.0033437,0.00273842,0
26.85,-1.69255e-05,0.0171498,0.00335696,0.0239926,-0.00333729,0.00273844,0
26.86,-0.00369361,0.0168582,0.00335118,0.0242005,-0.00334853,0.00273844,0
26.87,-0.0123188,0.0168361,0.00334655,0.0243853,-0.00334854,0.00273842,0
26.88,-0.0233996,0.0168516,0.00334204,0.0245278,-0.00334868,0.00273837,0
26.89,-0.0314092,0.016925,0.00333602,0.0245832,-0.00331921,0.00273829,0
26.9,-0.0337763,0.0170559,0.00333037,0.024548,-0.0033018,0.00273817,0
26.91,-0.0307897,0.0171833,0.00332532,0.0244891,-0.00328563,0.00273801,0
26.92,-0.0211704,0.0172634,0.00332074,0.0244759,-0.00332198,0.00273781,0
26.93,-0.0100421,0.0174525,0.0033168,0.0245427,-0.00334274,0.00273756,0
26.94,-0.0089525,0.0180836,0.00331255,0.0246564,-0.00336591,0.00273727,0
26.95,-0.0101268,0.0189221,0.003308,0.0247683,-0.00338199,0.00273692,0
26.96,-0.0132435,0.0192004,0.00330282,0.024853,-0.00337221,0.00273652,0
26.97,-0.0122555,0.0190931,0.0032961,0.0249093,-0.00334629,0.00273607,0
26.98,0.00328232,0.019015,0.00328849,0.0248245,-0.00335511,0.00273558,0
26.99,0.0243395,0.0189955,0.00328072,0.0244758,-0.00330997,0.00273504,0
27,0.0216947,0.0189924,0.00327225,0.0240826,-0.00327388,0.00273448,0
27.01,0.00248057,0.0189928,0.00326353,0.0238176,-0.00321931,0.00273389,0
27.02,-0.0122489,0.0190345,0.00325483,0.0237027,-0.00319985,0.00273327,0
27.03,-0.0196166,0.0192193,0.00324587,0.0236905,-0.0032027,0.00273264,0
27.04,-0.0198132,0.0193462,0.00323686,0.0237894,-0.00326873,0.00273234,0
27.05,-0.0209019,0.0193711,0.00322821,0.0239866,-0.00328344,0.00273237,0
27.06,-0.0176071,0.0198134,0.00322042,0.0242069,-0.00326123,0.00273237,0
27.07,-0.00825927,0.0202851,0.00321407,0.0244089,-0.00323517,0.00273236,0
27.08,0.00139434,0.0205287,0.00320889,0.0245652,-0.00319124,0.00273232,0
27.09,0.00925104,0.0206497,0.00320334,0.0246237,-0.00316653,0.00273225,0
27.1,0.0122159,0.0207767,0.00319861,0.0245914,-0.00316305,0.00273215,0
27.11,0.00831268,0.0209368,0.00319431,0.0245324,-0.00315704,0.00273201,0
27.12,-0.0018571,0.0210726,0.00318997,0.0245189,-0.00319881,0.00273184,0
27.13,-0.0118248,0.0209923,0.00318547,0.0245909,-0.00319869,0.00273162,0
27.14,-0.0153201,0.0206944,0.00318121,0.0247171,-0.00320588,0.00273136,0
27.15,-0.0164275,0.0203982,0.00317724,0.024846,-0.00319791,0.00273105,0
27.16,-0.0131511,0.0199112,0.00317297,0.0249491,-0.00320353,0.00273069,0
27.17,-0.0133182,0.019582,0.00316814,0.0250264,-0.003221,0.00273028,0
27.18,-0.0297407,0.0195942,0.00316262,0.024925,-0.00321716,0.00272982,0
27.19,-0.0493099,0.0197193,0.00315791,0.0245396,-0.00316488,0.00272933,0
27.2,-0.0458227,0.0198274,0.00315322,0.0241111,-0.00313312,0.0027288,0
27.21,-0.0266964,0.0198727,0.00314829,0.0238287,-0.00307672,0.00272823,0
27.22,-0.00928486,0.0198398,0.00314353,0.0237077,-0.00303259,0.00272764,0
27.23,-0.00329315,0.0198147,0.00313919,0.0236911,-0.00304696,0.00272703,0
27.24,-0.00347284,0.0197766,0.00313528,0.0237866,-0.00306484,0.00272673,0
27.25,-0.00409044,0.0196193,0.00313159,0.0239827,-0.00305602,0.00272676,0
27.26,-0.00808733,0.0197186,0.00312918,0.0241969,-0.00306199,0.00272676,0
27.27,-0.0157,0.0197819,0.00312763,0.0243966,-0.00303479,0.00272675,0
27.28,-0.0257531,0.0196518,0.00312648,0.0245453,-0.00302441,0.0027267,0
27.29,-0.0342676,0.0194617,0.00312508,0.0245972,-0.00300035,0.00272662,0
27.3,-0.0395623,0.01925,0.00312334,0.0245583,-0.00295097,0.00272651,0
27.31,-0.0363551,0.0190553,0.00312172,0.0244913,-0.00294971,0.00272636,0
27.32,-0.0260849,0.0189594,0.00312083,0.0244751,-0.00300236,0.00272618,0
27.33,-0.017423,0.018982,0.00312083,0.024542,-0.003026,0.00272595,0
27.34,-0.0158824,0.0194115,0.00312103,0.0246575,-0.00307653,0.00272567,0
27.35,-0.0175107,0.0201947,0.00311976,0.0247751,-0.00313162,0.00272534,0
27.36,-0.0188835,0.0205255,0.00311748,0.024865,-0.00313359,0.00272496,0
27.37,-0.0169614,0.0205659,0.00311438,0.0249247,-0.00313284,0.00272454,0
27.38,-0.00126218,0.0205511,0.00311081,0.0248333,-0.00312628,0.00272407,0
27.39,0.0192973,0.0204907,0.0031082,0.0244662,-0.00311797,0.00272357,0
27.4,0.0173145,0.0203763,0.00310577,0.024056,-0.00310325,0.00272303,0
27.41,0.00104341,0.0202641,0.00310335,0.0237814,-0.0030765,0.00272248,0
27.42,-0.0135503,0.0202032,0.00310077,0.023665,-0.00305773,0.0027219,0
27.43,-0.018519,0.0200847,0.00309737,0.0236537,-0.00309204,0.0027213,0
27.44,-0.0184677,0.0195461,0.0030949,0.0237561,-0.00314758,0.00272102,0
27.45,-0.0154423,0.0186547,0.00309304,0.0239622,-0.00315993,0.00272104,0
27.46,-0.0140606,0.0182994,0.00309165,0.0241853,-0.0031376,0.00272105,0
27.47,-0.00248597,0.0183693,0.00309133,0.024394,-0.00313474,0.00272104,0
27.48,0.00826738,0.0184345,0.00309156,0.0245465,-0.00316131,0.00272101,0
27.49,0.0165221,0.0184507,0.00309201,0.0246111,-0.00312913,0.00272094,0
27.5,0.0204042,0.0184488,0.00309309,0.0245777,-0.00311837,0.00272085,0
27.51,0.0168994,0.0184319,0.00309462,0.0245179,-0.00311608,0.00272072,0
27.52,0.00695724,0.0183637,0.00309575,0.0245039,-0.00313418,0.00272056,0
27.53,0.000950887,0.0181824,0.00309693,0.0245796,-0.00317404,0.00272036,0
27.54,-0.00219031,0.0181647,0.00309766,0.024709,-0.00316668,0.00272012,0
27.55,0.00161668,0.0183021,0.00309849,0.0248431,-0.0031919,0.00271982,0
27.56,0.00231405,0.0179482,0.00309871,0.0249469,-0.00319713,0.00271948,0
27.57,0.00245232,0.0174429,0.00309793,0.0250243,-0.00320975,0.0027191,0
27.58,-0.0182101,0.017158,0.00309574,0.0249219,-0.00320526,0.00271867,0
27.59,-0.0400297,0.0170187,0.00309371,0.024525,-0.00315168,0.0027182,0
27.6,-0.0358358,0.0168695,0.00309072,0.0240839,-0.00306455,0.0027177,0
27.61,-0.0160763,0.0166746,0.00308654,0.0237915,-0.0030314,0.00271717,0
27.62,-0.00087177,0.0164755,0.00308203,0.0236679,-0.00300881,0.00271661,0
27.63,0.00863389,0.0164727,0.00307729,0.0236526,-0.00302367,0.00271603,0
27.64,0.00650409,0.0166746,0.00307238,0.0237558,-0.00308551,0.00271576,0
27.65,0.00339433,0.0169153,0.00306804,0.0239556,-0.00309112,0.00271578,0
27.66,-0.000279002,0.0174181,0.00306406,0.0241793,-0.00308373,0.00271579,0
27.67,-0.00946308,0.0177271,0.00306067,0.024384,-0.00307715,0.00271578,0
27.68,-0.0196715,0.0176813,0.00305757,0.0245336,-0.00307892,0.00271573,0
27.69,-0.0261233,0.0175346,0.00305386,0.0245899,-0.00306826,0.00271566,0
27.7,-0.0285487,0.0173938,0.00305047,0.0245502,-0.00305358,0.00271556,0
27.71,-0.0265295,0.0173344,0.00304788,0.0244824,-0.00303718,0.00271542,0
27.72,-0.0159411,0.0173303,0.00304607,0.0244653,-0.00302491,0.00271525,0
27.73,-0.00768363,0.0173369,0.00304406,0.0245346,-0.00308633,0.00271503,0
27.74,-0.0051043,0.0175282,0.00304107,0.0246543,-0.00310342,0.00271477,0
27.75,-0.00211051,0.0179072,0.00303777,0.024776,-0.00313072,0.00271446,0
27.76,-0.000993903,0.0179789,0.00303387,0.0248648,-0.00310622,0.00271411,0
27.77,-9.18058e-05,0.0179188,0.00302946,0.02493,-0.00310077,0.00271371,0
27.78,0.0175815,0.0179285,0.00302422,0.0248321,-0.00306895,0.00271327,0
27.79,0.0389434,0.0179658,0.00302,0.0244541,-0.003039,0.00271279,0
27.8,0.0370782,0.017989,0.00301618,0.0240336,-0.00298715,0.00271229,0
27.81,0.0209446,0.0179937,0.00301187,0.0237533,-0.00294123,0.00271176,0
27.82,0.00258266,0.0179961,0.00300666,0.0236341,-0.0028971,0.00271121,0
27.83,-0.00388385,0.018049,0.00300111,0.0236244,-0.00290652,0.00271065,0
27.84,-0.00454524,0.0178477,0.00299634,0.0237326,-0.00296764,0.00271038,0
27.85,-0.00334395,0.0174462,0.00299355,0.023944,-0.00292772,0.00271041,0
27.86,-0.000656062,0.017593,0.0029919,0.0241799,-0.00289974,0.00271042,0
27.87,0.00749719,0.0179339,0.00299073,0.024396,-0.00289406,0.00271041,0
27.88,0.0168049,0.0180839,0.00298987,0.0245551,-0.00288259,0.00271038,0
27.89,0.0258051,0.0181213,0.00298815,0.0246165,-0.00289023,0.00271032,0
27.9,0.0318204,0.0181591,0.00298634,0.0245846,-0.00287832,0.00271024,0
27.91,0.028265,0.0182047,0.00298457,0.0245173,-0.00289314,0.00271012,0
27.92,0.0189458,0.0182416,0.00298249,0.0245022,-0.00289601,0.00270997,0
27.93,0.00964109,0.0181475,0.00298063,0.0245782,-0.00292149,0.00270978,0
27.94,0.00709305,0.0181486,0.00297813,0.0247117,-0.00296181,0.00270955,0
27.95,0.00893221,0.0182793,0.00297501,0.0248504,-0.00299954,0.00270928,0
27.96,0.0120407,0.0180708,0.00297148,0.0249599,-0.00305588,0.00270896,0
27.97,0.00661356,0.0178131,0.00296701,0.0250388,-0.0030476,0.00270859,0
27.98,-0.0105411,0.0177909,0.00296199,0.0249282,-0.00303955,0.00270819,0
27.99,-0.0295771,0.0178627,0.00295713,0.0245159,-0.00297185,0.00270775,0
28,-0.0298206,0.0179227,0.00295221,0.0240656,-0.0029403,0.00270727,0
28.01,-0.0136361,0.0179526,0.0029472,0.0237641,-0.00291383,0.00270677,0
28.02,0.0024741,0.0179562,0.00294254,0.0236376,-0.00287207,0.00270625,0
28.03,0.00770177,0.0179776,0.00293752,0.0236251,-0.00292741,0.0027057,0
28.04,0.00850156,0.0177425,0.00293342,0.0237333,-0.00299648,0.00270544,0
28.05,0.00512701,0.0172745,0.00293022,0.0239426,-0.00299809,0.00270546,0
28.06,0.00095873,0.0172829,0.00292791,0.0241744,-0.0029704,0.00270547,0
28.07,-0.00813712,0.0175891,0.00292646,0.024381,-0.00294666,0.00270546,0
28.08,-0.0177054,0.0177604,0.00292589,0.0245388,-0.00295049,0.00270542,0
28.09,-0.0279647,0.0177976,0.0029242,0.0246009,-0.00295333,0.00270536,0
28.1,-0.0332281,0.017816,0.00292246,0.0245588,-0.00295761,0.00270527,0
28.11,-0.0299292,0.0178456,0.00292164,0.0244879,-0.0029653,0.00270514,0
28.12,-0.0220513,0.0179008,0.0029208,0.0244718,-0.00295308,0.00270497,0
28.13,-0.0128733,0.0178381,0.0029202,0.0245436,-0.00296949,0.00270477,0
28.14,-0.0102979,0.0177484,0.00291888,0.0246719,-0.00297804,0.00270452,0
28.15,-0.00924192,0.0176638,0.00291651,0.0247997,-0.00300656,0.00270423,0
28.16,-0.00925904,0.0172364,0.00291376,0.024891,-0.00298302,0.0027039,0
28.17,-0.0084148,0.0168942,0.00291058,0.0249498,-0.00298196,0.00270352,0
28.18,0.0116431,0.0168679,0.00290697,0.0248428,-0.00296455,0.0027031,0
28.19,0.0318632,0.0170111,0.00290379,0.0244463,-0.00292683,0.00270265,0
28.2,0.0271953,0.0171394,0.00290033,0.0240036,-0.00288059,0.00270217,0
28.21,0.00956325,0.0172055,0.00289577,0.0237149,-0.00282061,0.00270167,1
28.22,-0.00643108,0.0171944,0.00289048,0.0235959,-0.00278864,0.00270115,1
28.23,-0.0132425,0.0171821,0.00288502,0.0235864,-0.00281814,0.00270062,1
28.24,-0.0118069,0.0169972,0.00288075,0.0236995,-0.00287497,0.00270037,1
28.25,-0.00886189,0.0166414,0.00287717,0.0239089,-0.002885,0.0027004,1
28.26,-0.0041414,0.0166431,0.00287391,0.0241383,-0.00288755,0.00270041,1
28.27,0.00584356,0.0167814,0.00287114,0.0243493,-0.00288142,0.00270041,1
28.28,0.0152572,0.016785,0.00286902,0.0245058,-0.00284015,0.00270038,1
28.29,0.0256205,0.0167448,0.00286533,0.024567,-0.00286071,0.00270033,1
28.3,0.0305605,0.0167294,0.00286086,0.0245257,-0.00285454,0.00270025,1
28.31,0.028844,0.0167284,0.00285626,0.0244602,-0.00285081,0.00270014,1
28.32,0.0226808,0.0167416,0.00285178,0.0244517,-0.00287188,0.0027,1
28.33,0.0120748,0.0168001,0.00284733,0.0245271,-0.00286214,0.00269982,1
28.34,0.00790567,0.017247,0.00284252,0.0246442,-0.0028479,0.0026996,1
28.35,0.00663887,0.0177049,0.00283691,0.0247509,-0.00286464,0.00269934,1
28.36,0.0093436,0.0175958,0.00283091,0.0248284,-0.00286537,0.00269903,1
28.37,0.010403,0.0172511,0.00282459,0.0248914,-0.00286323,0.00269868,1
28.38,-0.00602083,0.0170782,0.00281834,0.0248112,-0.00283482,0.0026983,1
28.39,-0.0256221,0.017003,0.002813,0.0244372,-0.00278448,0.00269787,1
28.4,-0.0221273,0.0169583,0.00280771,0.0240084,-0.00275713,0.00269741,1
28.41,-0.00646895,0.0169393,0.00280193,0.023718,-0.00271917,0.00269693,1
28.42,0.00875719,0.0169694,0.00279691,0.0235997,-0.00271158,0.00269642,1
28.43,0.0169952,0.0172601,0.00279181,0.0235941,-0.00273708,0.00269589,1
28.44,0.0176948,0.0175473,0.00278709,0.0237166,-0.00280284,0.00269564,1
28.45,0.0156683,0.0177091,0.00278308,0.023942,-0.00279376,0.00269567,1
28.46,0.0132999,0.0182317,0.00278029,0.0241923,-0.00279251,0.00269568,1
28.47,0.00171093,0.0187352,0.0027791,0.0244233,-0.00276404,0.00269567,1
28.48,-0.00619674,0.0189596,0.00277765,0.0245941,-0.0027846,0.00269564,1
28.49,-0.0183889,0.0190185,0.00277486,0.0246594,-0.00277788,0.00269557,1
28.5,-0.0223684,0.0190803,0.00277152,0.0246216,-0.0027751,0.00269548,1
28.51,-0.0211514,0.0192215,0.00276775,0.0245736,-0.00275465,0.00269536,1
28.52,-0.0104834,0.0193996,0.00276381,0.0245911,-0.00276874,0.0026952,1
28.53,-0.00234235,0.0194411,0.00276034,0.0246852,-0.00277066,0.00269499,1
28.54,0.00295183,0.0192639,0.0027565,0.0248139,-0.00278536,0.00269474,1
28.55,0.00342304,0.0189946,0.00275191,0.024923,-0.00277314,0.00269445,1
28.56,0.00443129,0.0185424,0.00274645,0.0249846,-0.00273788,0.00269411,1
28.57,0.00843339,0.0181906,0.00274113,0.0250084,-0.00272345,0.00269373,1
28.58,0.0260631,0.0181455,0.00273552,0.0248551,-0.00271154,0.0026933,1
28.59,0.0429758,0.0182928,0.00273079,0.0244193,-0.00268991,0.00269285,1
28.6,0.0365539,0.0184153,0.00272589,0.0239609,-0.00266803,0.00269236,1
28.61,0.0180241,0.0184662,0.00271993,0.0236725,-0.00265412,0.00269185,1
28.62,-6.767e-05,0.0184348,0.0027142,0.0235526,-0.00263929,0.00269132,1
28.63,-0.00241866,0.0184156,0.00270922,0.0235357,-0.00267145,0.00269077,1
28.64,0.00158788,0.0183557,0.00270512,0.0236272,-0.00273235,0.00269051,1
28.65,0.00643934,0.0182272,0.00270181,0.0238127,-0.0027214,0.00269054,1
28.66,0.0083085,0.0183595,0.00269881,0.0240204,-0.00273812,0.00269055,1
28.67,0.0168393,0.0184495,0.00269615,0.0242086,-0.0027255,0.00269054,1
28.68,0.0289671,0.0183656,0.0026938,0.0243414,-0.00272863,0.00269051,1
28.69,0.0340589,0.0181991,0.00269035,0.0243843,-0.0027072,0.00269046,1
28.7,0.0372287,0.0180661,0.00268629,0.0243426,-0.0027256,0.00269037,1
28.71,0.0347597,0.0179576,0.00268225,0.024292,-0.00274211,0.00269025,1
28.72,0.0262352,0.0179318,0.00267837,0.0242947,-0.00273862,0.0026901,1
28.73,0.0188959,0.0181149,0.00267486,0.0243644,-0.00271623,0.0026899,1
28.74,0.0161156,0.0187861,0.00267075,0.0244573,-0.00270527,0.00268966,1
28.75,0.0163664,0.0196457,0.00266625,0.0245339,-0.00270556,0.00268937,1
28.76,0.0194184,0.0198292,0.0026614,0.0245885,-0.00268206,0.00268903,1
28.77,0.0175163,0.0197403,0.00265632,0.0246482,-0.00267347,0.00268864,1
28.78,0.00353314,0.0197195,0.00265226,0.0246227,-0.00266113,0.00268821,1
28.79,-0.0163303,0.0197197,0.00265138,0.0243235,-0.00264606,0.00268773,1
28.8,-0.0141108,0.019731,0.00265127,0.0239444,-0.0025935,0.00268722,1
28.81,0.000549172,0.0197726,0.00265194,0.0236793,-0.00257169,0.00268668,1
28.82,0.0127683,0.0198578,0.0026529,0.0235685,-0.00257869,0.00268611,1
28.83,0.0192943,0.0200129,0.00265344,0.0235715,-0.00260303,0.00268551,1
28.84,0.0174088,0.0198174,0.00265403,0.0237018,-0.00263381,0.00268522,1
28.85,0.0151573,0.01949,0.00265582,0.0239391,-0.00258971,0.00268525,1
28.86,0.00961843,0.0196048,0.00265867,0.0242038,-0.00256691,0.00268525,1
28.87,0.00395736,0.0199618,0.00266246,0.0244482,-0.00259308,0.00268523,1
28.88,-0.00729582,0.0202409,0.00266635,0.0246225,-0.00261741,0.00268519,1
28.89,-0.0183185,0.0204295,0.00266906,0.0246959,-0.00260305,0.00268511,1
28.9,-0.0234403,0.0205963,0.00267156,0.0246764,-0.00259814,0.00268499,1
28.91,-0.0183831,0.0207426,0.00267418,0.0246505,-0.00258595,0.00268484,1
28.92,-0.00683528,0.0208537,0.00267633,0.0246955,-0.00259359,0.00268464,1
28.93,0.00235616,0.020701,0.0026788,0.0248202,-0.00260498,0.00268439,1
28.94,0.00466719,0.020237,0.00268119,0.0249662,-0.00260429,0.00268408,1
28.95,0.00609026,0.0197528,0.002683,0.0250669,-0.00260136,0.00268372,1
28.96,0.00517052,0.0191244,0.00268447,0.0251116,-0.00259985,0.0026833,1
28.97,0.00964086,0.0186387,0.00268478,0.0251029,-0.00260944,0.00268283,1
28.98,0.0286212,0.0184169,0.00268539,0.024884,-0.00258898,0.0026823,1
28.99,0.0465845,0.0183763,0.00268751,0.024393,-0.00257714,0.00268173,1
29,0.0392565,0.0183084,0.00269023,0.0239102,-0.00253221,0.00268113,1
29.01,0.0175977,0.0181488,0.00269294,0.0236201,-0.00250978,0.00268049,1
29.02,0.0021679,0.017955,0.00269537,0.0234974,-0.00252963,0.00267982,1
29.03,-0.00164877,0.0178706,0.00269804,0.0234713,-0.00266882,0.00267913,1
29.04,0.00351442,0.0179769,0.00270119,0.0235458,-0.00278327,0.0026788,1
29.05,0.00857748,0.0181399,0.00270443,0.0237169,-0.00278735,0.00267882,1
29.06,0.0107594,0.0184849,0.00270842,0.0239099,-0.00278291,0.00267882,1
29.07,0.0195757,0.0186709,0.0027122,0.0240898,-0.00276523,0.0026788,1
29.08,0.0275997,0.0185987,0.00271613,0.0242258,-0.00274124,0.00267875,1
29.09,0.0320625,0.0184049,0.00271948,0.02428,-0.00275254,0.00267866,1
29.1,0.0339872,0.0182569,0.00272302,0.0242556,-0.00278485,0.00267853,1
29.11,0.0299913,0.0181883,0.00272748,0.0242226,-0.00280802,0.00267836,1
29.12,0.0257013,0.0182053,0.0027318,0.0242442,-0.00282887,0.00267814,1
29.13,0.0198055,0.0184245,0.00273494,0.024318,-0.00284057,0.00267786,1
29.14,0.0192039,0.0190338,0.00273805,0.0244035,-0.00285193,0.00267753,1
29.15,0.0185971,0.019781,0.00274081,0.024473,-0.00285278,0.00267712,1
29.16,0.0190213,0.0199374,0.00274281,0.0245225,-0.00284158,0.00267665,1
29.17,0.0198532,0.0198854,0.00274488,0.0245907,-0.00284456,0.00267612,1
29.18,0.00381283,0.0198795,0.0027488,0.024584,-0.00285326,0.00267552,1
29.19,-0.0160104,0.0198811,0.00275774,0.0243114,-0.00280241,0.00267487,1
29.2,-0.015604,0.0199028,0.0027679,0.0239454,-0.00279365,0.00267416,1
29.21,-0.0022066,0.0199709,0.00277785,0.0236781,-0.00278264,0.00267341,1
29.22,0.00995115,0.0201049,0.00278761,0.0235594,-0.00274299,0.00267262,1
29.23,0.0141025,0.0202516,0.00279689,0.0235594,-0.00277216,0.00267179,1
29.24,0.0120592,0.020017,0.00280626,0.0236903,-0.00283891,0.00267138,1
29.25,0.00786319,0.0195748,0.00281686,0.0239346,-0.00283733,0.00267139,1
29.26,0.00257526,0.0197044,0.00282858,0.0242068,-0.00281422,0.00267138,1
29.27,-0.00190458,0.0200543,0.0028405,0.0244559,-0.00280084,0.00267133,1
29.28,-0.00970034,0.0202704,0.00285185,0.0246406,-0.00281755,0.00267124,1
29.29,-0.0215936,0.020405,0.00286064,0.0247113,-0.00280019,0.00267111,1
29.3,-0.0265913,0.0204889,0.0028698,0.0246978,-0.00277663,0.00267093,1
29.31,-0.0250269,0.0205496,0.00287934,0.024691,-0.00278731,0.00267069,1
29.32,-0.0136136,0.0205987,0.00288926,0.0247671,-0.00278513,0.00267038,1
29.33,-0.00477311,0.0204137,0.00289955,0.0249163,-0.00278127,0.00267,1
29.34,0.00179317,0.0200145,0.00290956,0.0250754,-0.00280044,0.00266954,1
29.35,0.00425371,0.0196119,0.00291843,0.0251909,-0.00281118,0.002669,1
29.36,0.00735338,0.0191097,0.00292627,0.0252246,-0.00279166,0.00266838,1
29.37,0.0135376,0.0186934,0.00293341,0.0251852,-0.00279176,0.00266767,1
29.38,0.0283136,0.018512,0.00294089,0.0249064,-0.00276376,0.00266689,1
29.39,0.0437177,0.0185487,0.00295059,0.0243694,-0.00275836,0.00266604,1
29.4,0.0382962,0.0185314,0.00296098,0.0238672,-0.00271702,0.00266514,1
29.41,0.0162284,0.0184394,0.00297166,0.0235747,-0.00267898,0.00266418,1
29.42,0.00159933,0.0182934,0.00298227,0.0234387,-0.00272855,0.00266318,1
29.43,0.00266158,0.0181879,0.0029929,0.0233913,-0.0029214,0.00266215,1
29.44,0.00599207,0.0181836,0.00300325,0.0234496,-0.00310311,0.00266163,1
29.45,0.0119177,0.0181394,0.00301441,0.0236049,-0.00307517,0.00266164,1
29.46,0.0144173,0.0182014,0.00302584,0.0237836,-0.00308214,0.00266162,1
29.47,0.0220319,0.0182267,0.00303825,0.023956,-0.00306039,0.00266155,1
29.48,0.0286816,0.0181637,0.00305079,0.0240873,-0.00303787,0.00266144,1
29.49,0.0331994,0.0180888,0.00306246,0.0241386,-0.00306903,0.00266128,1
29.5,0.0341069,0.0180834,0.00307326,0.0241193,-0.00310217,0.00266106,1
29.51,0.0316041,0.0181838,0.00308412,0.0240969,-0.00308226,0.00266078,1
29.52,0.0244746,0.0183927,0.00309528,0.0241142,-0.00312916,0.00266041,1
29.53,0.0187635,0.0189026,0.0031057,0.0241765,-0.00314638,0.00265996,1
29.54,0.0159476,0.019928,0.00311555,0.02425,-0.00318573,0.00265942,1
29.55,0.0138898,0.0209377,0.00312572,0.0243099,-0.00323577,0.00265877,1
29.56,0.0167214,0.021124,0.00313564,0.0243613,-0.00324046,0.00265802,1
29.57,0.0175231,0.020996,0.00314661,0.0244374,-0.00325537,0.00265717,1
29.58,0.0045294,0.0209572,0.00316171,0.0244587,-0.00323536,0.00265622,1
29.59,-0.0164893,0.0209787,0.00318535,0.0242199,-0.00321284,0.00265519,1
29.6,-0.0147232,0.0210638,0.0032106,0.0238676,-0.0031866,0.00265407,1
29.61,-0.00191529,0.0211644,0.00323527,0.0235984,-0.00317869,0.00265289,1
29.62,0.0102527,0.0212879,0.00326002,0.0234813,-0.00317781,0.00265165,1
29.63,0.0208898,0.0213871,0.00328468,0.0234785,-0.00324074,0.00265034,1
29.64,0.0195568,0.0212011,0.00330927,0.0236087,-0.00334944,0.00264968,1
29.65,0.0155041,0.0208998,0.00333408,0.0238492,-0.0033567,0.00264968,1
29.66,0.011113,0.0211333,0.00335994,0.0241183,-0.00335442,0.00264963,1
29.67,0.00755413,0.0215351,0.00338644,0.0243698,-0.00335788,0.00264953,1
29.68,-0.00311956,0.0218305,0.00341131,0.0245575,-0.00334962,0.00264937,1
29.69,-0.0124794,0.0220755,0.00343256,0.0246423,-0.00332601,0.00264913,1
29.7,-0.0166028,0.0222926,0.0034532,0.024641,-0.00335794,0.00264882,1
29.71,-0.0123838,0.0224725,0.00347431,0.0246507,-0.00335347,0.00264843,1
29.72,-0.00286768,0.0225885,0.00349511,0.024747,-0.00337381,0.00264793,1
29.73,0.00658857,0.0224909,0.00351612,0.0249207,-0.00339007,0.00264731,1
29.74,0.0093708,0.0220865,0.0035369,0.0250997,-0.00338471,0.00264656,1
29.75,0.0120476,0.0215978,0.00355598,0.0252195,-0.00337217,0.00264569,1
29.76,0.0169007,0.0210834,0.0035736,0.0252653,-0.00337359,0.00264469,1
29.77,0.0236895,0.0207555,0.00359096,0.0252074,-0.00335381,0.00264356,1
29.78,0.0409974,0.0207461,0.00360808,0.0248658,-0.0033178,0.00264231,1
29.79,0.0526803,0.0209631,0.00362699,0.0242749,-0.00331448,0.00264095,1
29.8,0.0449038,0.0212086,0.00364582,0.0237497,-0.00329026,0.00263951,1
29.81,0.0174133,0.0213833,0.00366403,0.023443,-0.00329195,0.00263799,1
29.82,0.00405905,0.0213889,0.00368188,0.0232948,-0.00342859,0.00263641,1
29.83,0.00381872,0.0213712,0.00369947,0.0232284,-0.00372753,0.00263476,1
29.84,0.010699,0.0213416,0.00371655,0.0232714,-0.0040035,0.00263393,1
29.85,0.0153835,0.0212291,0.00373316,0.023411,-0.00398075,0.00263391,1
29.86,0.0153427,0.0212221,0.00374968,0.0235737,-0.00396682,0.00263385,1
29.87,0.0212753,0.0212155,0.00376614,0.0237394,-0.00397602,0.00263372,1
29.88,0.0278493,0.0211181,0.00378182,0.0238731,-0.00396645,0.00263352,1
29.89,0.0336349,0.020965,0.003795,0.0239318,-0.00397089,0.00263324,1
29.9,0.0368354,0.020926,0.00380716,0.0239207,-0.00396757,0.00263286,1
29.91,0.0334114,0.0210206,0.00381896,0.0239093,-0.00401806,0.00263239,1
29.92,0.0264995,0.0212776,0.00383077,0.0239295,-0.00403093,0.00263179,1
29.93,0.0237836,0.0219602,0.0038419,0.0239822,-0.00404606,0.00263104,1
29.94,0.0231588,0.0233221,0.00385218,0.0240408,-0.00407866,0.00263015,1
29.95,0.0236831,0.0246042,0.00386062,0.0240853,-0.00408862,0.0026291,1
29.96,0.0241125,0.0251109,0.00386828,0.0241347,-0.00409028,0.00262789,1
29.97,0.0242173,0.025175,0.00387683,0.0242171,-0.00408988,0.00262653,1
29.98,0.0103009,0.0251915,0.00389096,0.0242642,-0.00407599,0.00262501,1
29.99,-0.00915088,0.0252221,0.00391698,0.0240494,-0.0040621,0.00262337,1
30,-0.00988351,0.0253408,0.00394525,0.023713,-0.0040056,0.0026216,1
30.01,0.00387693,0.0255217,0.00397316,0.023449,-0.00398602,0.00261973,1
30.02,0.0164243,0.0257331,0.0040007,0.0233259,-0.00398647,0.00261778,1
30.03,0.0243401,0.025798,0.00402811,0.023317,-0.00403673,0.00261573,1
30.04,0.0288383,0.0255631,0.00405616,0.0234412,-0.00413191,0.00261468,1
30.05,0.0260569,0.0253111,0.00408412,0.0236773,-0.00414071,0.00261464,1
30.06,0.0203146,0.0255774,0.00411265,0.0239427,-0.00414235,0.00261454,1
30.07,0.0157696,0.0260712,0.00414052,0.024197,-0.00413571,0.00261436,1
30.08,0.00520351,0.0264724,0.00416543,0.0243855,-0.00409676,0.00261408,1
30.09,-0.00500227,0.0267682,0.00418425,0.024475,-0.00407276,0.0026137,1
30.1,-0.00973777,0.0270389,0.0042017,0.0244888,-0.00403875,0.0026132,1
30.11,-0.00639015,0.0273174,0.00421847,0.0245125,-0.00403899,0.00261257,1
30.12,0.000815403,0.0275676,0.00423449,0.0246207,-0.00403746,0.00261177,1
30.13,0.00876195,0.0275958,0.00425016,0.02481,-0.0039959,0.0026108,1
30.14,0.0140963,0.0272864,0.00426456,0.0250074,-0.00398499,0.00260963,1
30.15,0.0166166,0.0268386,0.00427714,0.0251352,-0.00397261,0.00260826,1
30.16,0.0221291,0.0263613,0.00428769,0.0251866,-0.00397736,0.00260669,1
30.17,0.0305143,0.0260919,0.00429634,0.0251255,-0.00396062,0.00260493,1
30.18,0.0489874,0.0260576,0.00430516,0.0247466,-0.00392117,0.002603,1
30.19,0.0609085,0.0261096,0.00431663,0.0241114,-0.0038397,0.00260091,1
30.2,0.0511725,0.026124,0.00432862,0.023561,-0.00376363,0.00259868,1
30.21,0.0216772,0.0260678,0.00434008,0.0232387,-0.003785,0.00259635,1
30.22,0.0085067,0.0259597,0.00435164,0.0230725,-0.00393122,0.00259393,1
30.23,0.00815472,0.0258457,0.00436346,0.0229858,-0.00440447,0.00259141,1
30.24,0.0158106,0.0258343,0.00437519,0.0230085,-0.00476209,0.00259013,1
30.25,0.0244586,0.025801,0.00438737,0.0231364,-0.0047299,0.00259007,1
30.26,0.0283421,0.0258127,0.00439937,0.0232954,-0.00473284,0.00258995,1
30.27,0.0326111,0.0257726,0.00441093,0.0234538,-0.00470397,0.00258973,1
30.28,0.0376596,0.0256413,0.00442155,0.0235851,-0.00472214,0.00258941,1
30.29,0.0438996,0.0254371,0.00442946,0.023645,-0.0047274,0.00258896,1
30.3,0.0441228,0.0252432,0.00443608,0.0236497,-0.00474037,0.00258838,1
30.31,0.0406081,0.0251398,0.00444147,0.0236519,-0.00475526,0.00258764,1
30.32,0.034448,0.0252849,0.00444589,0.0236881,-0.00476532,0.00258672,1
30.33,0.030562,0.0259888,0.0044491,0.0237493,-0.00479267,0.00258559,1
30.34,0.029727,0.0274258,0.00445073,0.0238175,-0.00482675,0.00258424,1
30.35,0.030761,0.0288174,0.0044507,0.0238769,-0.00479991,0.00258266,1
30.36,0.0318604,0.0294119,0.00444978,0.0239436,-0.00476936,0.00258084,1
30.37,0.0313285,0.029524,0.00444965,0.024052,-0.00474659,0.0025788,1
30.38,0.0160277,0.0295823,0.00445559,0.0241268,-0.00471531,0.00257655,1
30.39,-0.00585398,0.0296894,0.00447502,0.0239083,-0.00462628,0.00257411,1
30.4,-0.00721747,0.0298672,0.00449749,0.0235521,-0.00455508,0.0025715,1
30.41,0.0083042,0.0301031,0.0045199,0.0232792,-0.00447279,0.00256875,1
30.42,0.0209856,0.030352,0.00454183,0.0231425,-0.00445347,0.00256588,1
30.43,0.0256718,0.0304596,0.00456397,0.0231236,-0.004538,0.00256289,1
30.44,0.0252384,0.0301189,0.00458674,0.0232445,-0.00466317,0.00256134,1
30.45,0.0228243,0.0298261,0.00461058,0.0234808,-0.00467369,0.00256127,1
30.46,0.0189781,0.0301162,0.00463536,0.0237498,-0.00465257,0.00256111,1
30.47,0.0135985,0.03066,0.00465883,0.0240043,-0.00466862,0.00256084,1
30.48,0.00479767,0.0311356,0.00467751,0.0242056,-0.0046768,0.00256045,1
30.49,-0.00363813,0.0315199,0.00468637,0.0243038,-0.00465762,0.0025599,1
30.5,-0.00794898,0.0317618,0.00469305,0.0243302,-0.00461693,0.00255919,1
30.51,-0.00707281,0.0319632,0.00469885,0.0243734,-0.00458777,0.00255828,1
30.52,0.00241996,0.0321328,0.00470426,0.0245056,-0.00457059,0.00255716,1
30.53,0.0129127,0.0321263,0.00470868,0.0247295,-0.00451203,0.00255578,1
30.54,0.0142859,0.0316855,0.00471093,0.0249624,-0.00451385,0.00255414,1
30.55,0.0153873,0.0310396,0.00471138,0.025128,-0.0044425,0.00255222,1
30.56,0.0216823,0.0304951,0.00470933,0.0252001,-0.00439421,0.00255002,1
30.57,0.0332376,0.0302252,0.0047051,0.0251127,-0.00433014,0.00254756,1
30.58,0.0566707,0.0301969,0.00469958,0.0246616,-0.0042508,0.00254486,1
30.59,0.0655834,0.0303246,0.00469566,0.0239489,-0.00409828,0.00254195,1
30.6,0.0563818,0.030427,0.00469203,0.0233412,-0.00401177,0.00253885,1
30.61,0.025655,0.0304342,0.00468845,0.0229881,-0.00396797,0.00253561,1
30.62,0.0131264,0.0303813,0.00468464,0.0228044,-0.00412924,0.00253225,1
30.63,0.0166279,0.0303514,0.00468055,0.022707,-0.00466495,0.00252877,1
30.64,0.0258412,0.0304208,0.00467697,0.0227279,-0.00509561,0.002527,1
30.65,0.0310179,0.0304148,0.00467471,0.0228583,-0.00508866,0.0025269,1
30.66,0.0346565,0.0304141,0.00467361,0.0230152,-0.00506973,0.00252671,1
30.67,0.0407699,0.0303804,0.00467311,0.023177,-0.00506542,0.0025264,1
30.68,0.0440615,0.0303168,0.00467166,0.0233072,-0.00505615,0.00252594,1
30.69,0.048428,0.03032,0.00466652,0.0233699,-0.00503886,0.00252532,1
30.7,0.0507074,0.0304445,0.00465972,0.0233717,-0.00505827,0.00252451,1
30.71,0.0459256,0.030722,0.00465241,0.0233704,-0.00505587,0.0025235,1
30.72,0.0398818,0.0312477,0.00464383,0.0233989,-0.00505705,0.00252225,1
30.73,0.0372976,0.0323228,0.00463345,0.0234646,-0.00507267,0.00252073,1
30.74,0.0353319,0.0339634,0.00462158,0.0235343,-0.00507945,0.00251891,1
30.75,0.0353408,0.0356072,0.00460812,0.0235937,-0.00502848,0.00251679,1
30.76,0.0374611,0.0364246,0.00459389,0.0236631,-0.00500287,0.00251437,1
30.77,0.0381664,0.0366833,0.00458082,0.0237828,-0.00496097,0.00251166,1
30.78,0.024276,0.0368126,0.00457434,0.023854,-0.00487698,0.00250868,1
30.79,0.00440777,0.0370046,0.00458242,0.0236224,-0.00479009,0.00250547,1
30.8,0.00418646,0.0373627,0.0045942,0.0232522,-0.00469681,0.00250205,1
30.81,0.0186487,0.0377699,0.00460696,0.0229664,-0.00457901,0.00249846,1
30.82,0.0290846,0.0382193,0.00462069,0.0228191,-0.00449455,0.00249474,1
30.83,0.0330527,0.0384475,0.00463557,0.0227933,-0.00453506,0.00249088,1
30.84,0.0354698,0.0383566,0.00465176,0.022927,-0.00464748,0.00248928,1
30.85,0.0333667,0.0384343,0.00466946,0.0231735,-0.00462292,0.00248917,1
30.86,0.0311872,0.0390431,0.00468767,0.0234533,-0.00457856,0.00248896,1
30.87,0.0283661,0.0398455,0.00470506,0.0237174,-0.00454204,0.00248861,1
30.88,0.0210892,0.0404864,0.00471684,0.0239231,-0.00450456,0.00248809,1
30.89,0.0103161,0.0410128,0.00471581,0.0240244,-0.00447661,0.00248739,1
30.9,0.00408945,0.0414613,0.00471151,0.0240486,-0.00447269,0.00248648,1
30.91,0.00580041,0.0418458,0.00470682,0.0240849,-0.00444766,0.00248534,1
30.92,0.0160787,0.0421662,0.00470127,0.0242211,-0.00441421,0.00248393,1
30.93,0.0225163,0.0422734,0.00469442,0.024444,-0.00437214,0.0024822,1
30.94,0.0297534,0.0419307,0.00468581,0.0246854,-0.00434455,0.00248015,1
30.95,0.0332753,0.0413725,0.00467487,0.0248599,-0.00430734,0.00247777,1
30.96,0.0384212,0.0408633,0.00466102,0.0249259,-0.00426172,0.00247505,1
30.97,0.0516507,0.0406296,0.00464491,0.024831,-0.00415646,0.00247202,1
30.98,0.0685724,0.0406324,0.00462807,0.0243596,-0.00407211,0.0024687,1
30.99,0.0780402,0.0407804,0.00461356,0.0236146,-0.00397494,0.00246514,1
31,0.0690823,0.0409272,0.00460063,0.0229854,-0.00387388,0.00246136,1
31.01,0.0393132,0.0409294,0.00458865,0.0226182,-0.00380654,0.00245742,1
31.02,0.023901,0.0407969,0.00457686,0.0224243,-0.0039813,0.00245335,1
31.03,0.0258665,0.0406398,0.00456622,0.0223207,-0.00456468,0.00244915,1
31.04,0.0362072,0.0406172,0.00455684,0.0223359,-0.00504541,0.00244701,1
31.05,0.0419992,0.0406183,0.00454865,0.0224687,-0.00504512,0.0024469,1
31.06,0.0461726,0.0405902,0.00454206,0.0226296,-0.00505198,0.00244666,1
31.07,0.0519978,0.0404498,0.00453717,0.022796,-0.00503866,0.00244628,1
31.08,0.0561906,0.0402417,0.00453239,0.0229287,-0.00502237,0.00244574,1
31.09,0.0628083,0.0400354,0.00452457,0.0229921,-0.00498046,0.002445,1
31.1,0.0660006,0.0398671,0.00451533,0.022988,-0.00494854,0.00244405,1
31.11,0.0619518,0.0397908,0.00450591,0.0229876,-0.00493867,0.00244286,1
31.12,0.054882,0.0398791,0.0044963,0.0230209,-0.00493737,0.00244139,1
31.13,0.0508197,0.0403894,0.00448588,0.0230857,-0.00492346,0.00243961,1
31.14,0.051917,0.0414616,0.00447481,0.0231535,-0.00490518,0.00243749,1
31.15,0.0514144,0.04257,0.0044623,0.0232111,-0.00487184,0.00243503,1
31.16,0.0523364,0.0431092,0.0044486,0.0232853,-0.00484276,0.00243223,1
31.17,0.0527687,0.0432075,0.00443591,0.0234037,-0.00475815,0.00242911,1
31.18,0.0364672,0.0431827,0.00442918,0.0234744,-0.00468213,0.00242569,1
31.19,0.0133589,0.0431447,0.00443555,0.0232388,-0.00455516,0.00242201,1
31.2,0.010747,0.0431535,0.00444587,0.0228517,-0.00444682,0.00241811,1
31.21,0.0244664,0.0432124,0.00445677,0.0225355,-0.00430755,0.00241403,1
31.22,0.035227,0.0431676,0.00446902,0.0223818,-0.00420968,0.0024098,1
31.23,0.0429325,0.0428206,0.00448227,0.0223624,-0.0042764,0.00240544,1
31.24,0.0431604,0.0421336,0.00449648,0.0224941,-0.00443195,0.00240319,1
31.25,0.0390852,0.0414399,0.00451213,0.0227572,-0.00443295,0.00240306,1
31.26,0.0336492,0.0413674,0.00452887,0.0230521,-0.00441432,0.00240281,1
31.27,0.0259216,0.0416876,0.00454465,0.0233288,-0.00439308,0.00240241,1
31.28,0.0163909,0.0419935,0.00455435,0.0235395,-0.00438765,0.00240182,1
31.29,0.00537328,0.0421113,0.00455034,0.023646,-0.00435551,0.00240104,1
31.3,5.94038e-05,0.0420462,0.00454265,0.023672,-0.00432275,0.00240003,1
31.31,0.000901143,0.0419299,0.00453421,0.023716,-0.00431144,0.00239877,1
31.32,0.00746095,0.0417301,0.00452504,0.0238582,-0.00427061,0.00239722,1
31.33,0.0165436,0.0413563,0.00451471,0.0241012,-0.00423417,0.00239533,1
31.34,0.0228858,0.0405684,0.00450326,0.024357,-0.00418497,0.0023931,1
31.35,0.0241206,0.0394993,0.0044902,0.0245418,-0.00413003,0.00239052,1
31.36,0.0303549,0.0384487,0.00447558,0.0246163,-0.00410292,0.00238758,1
31.37,0.041808,0.0376581,0.00445865,0.0245165,-0.00401436,0.00238432,1
31.38,0.0633435,0.0371799,0.00444083,0.0240157,-0.00393408,0.00238075,1
31.39,0.0715533,0.03683,0.00442494,0.0232355,-0.00384911,0.00237693,1
31.4,0.0603341,0.0364201,0.00440968,0.022569,-0.00374427,0.0023729,1
31.41,0.0309967,0.0359072,0.00439405,0.0222049,-0.0036864,0.0023687,1
31.42,0.0159667,0.0353269,0.00437922,0.0220078,-0.0038525,0.00236438,1
31.43,0.0194542,0.0347717,0.00436548,0.0219003,-0.00437756,0.00235993,1
31.44,0.0285212,0.0345942,0.00435348,0.0219134,-0.0048264,0.00235768,1
31.45,0.0372854,0.0345676,0.00434427,0.0220439,-0.00482048,0.00235756,1
31.46,0.0404442,0.0344978,0.00433709,0.0221995,-0.00481688,0.00235733,1
31.47,0.0425198,0.0342244,0.00433205,0.0223598,-0.00480325,0.00235695,1
31.48,0.0481557,0.0338035,0.00432769,0.0224892,-0.00477831,0.00235639,1
31.49,0.053031,0.033298,0.00431976,0.0225354,-0.00475279,0.00235564,1
31.5,0.0530454,0.0328757,0.00430936,0.0225307,-0.00473358,0.00235468,1
31.51,0.0502396,0.0326395,0.00429827,0.022525,-0.00469831,0.00235346,1
31.52,0.0451687,0.0326495,0.00428629,0.0225555,-0.00470368,0.00235195,1
31.53,0.0394236,0.0331561,0.00427241,0.022616,-0.00470448,0.00235011,1
31.54,0.0364972,0.0342981,0.00425734,0.0226882,-0.00470834,0.00234793,1
31.55,0.0351836,0.0354275,0.00424105,0.0227491,-0.00466285,0.00234539,1
31.56,0.0393142,0.035902,0.00422421,0.0228223,-0.00462927,0.00234251,1
31.57,0.0401397,0.0359781,0.00420759,0.0229439,-0.00458003,0.00233929,1
31.58,0.0251695,0.0359541,0.00419626,0.0230334,-0.00449503,0.00233578,1
31.59,0.00504373,0.0359004,0.00419541,0.0228025,-0.00438419,0.00233199,1
31.6,0.00364361,0.035865,0.00419704,0.0224192,-0.00428489,0.00232799,1
31.61,0.0170814,0.0358409,0.00419959,0.0221047,-0.00414547,0.00232382,1
31.62,0.0283718,0.03574,0.00420283,0.0219481,-0.0040516,0.0023195,1
31.63,0.0346167,0.0352975,0.00420744,0.0219307,-0.0040747,0.00231505,1
31.64,0.0351775,0.0343715,0.00421289,0.0220713,-0.00416063,0.00231277,1
31.65,0.0308451,0.0334668,0.00421971,0.0223405,-0.00411158,0.00231264,1
31.66,0.0276343,0.0332015,0.00422803,0.0226483,-0.00408851,0.00231239,1
31.67,0.0220507,0.033346,0.00423564,0.0229402,-0.00405043,0.00231199,1
31.68,0.0120336,0.0334875,0.00423718,0.023166,-0.004044,0.00231141,1
31.69,-0.000265423,0.0335241,0.0042251,0.0232822,-0.00402868,0.00231063,1
31.7,-0.0048612,0.0334172,0.0042091,0.0233113,-0.00402869,0.00230963,1
31.71,-0.00353424,0.0331806,0.00419197,0.023357,-0.00399272,0.00230837,1
31.72,0.00567292,0.0329103,0.00417355,0.0235058,-0.00398961,0.00230682,1
31.73,0.0140133,0.0324649,0.00415422,0.0237576,-0.00398186,0.00230495,1
31.74,0.0185657,0.031695,0.00413385,0.0240251,-0.00392323,0.00230274,1
31.75,0.0202694,0.0308104,0.00411199,0.0242093,-0.00387434,0.00230017,1
31.76,0.0268919,0.0299273,0.0040881,0.0242889,-0.00381536,0.00229726,1
31.77,0.0375045,0.0292033,0.00406249,0.0241887,-0.0037213,0.00229403,1
31.78,0.057666,0.0287335,0.0040365,0.0236745,-0.00360113,0.0022905,1
31.79,0.0667812,0.0284791,0.00401232,0.0228677,-0.00350515,0.00228673,1
31.8,0.0544664,0.0282676,0.00398916,0.022181,-0.00339903,0.00228275,1
31.81,0.024755,0.0279771,0.00396664,0.0218068,-0.0033587,0.00227862,1
31.82,0.00728015,0.0275605,0.00394432,0.0216002,-0.00347735,0.00227437,1
31.83,0.00973124,0.0271681,0.00392315,0.0214898,-0.00393807,0.00227,1
31.84,0.0181143,0.0270759,0.00390358,0.0215144,-0.00424462,0.00226822,1
31.85,0.0224973,0.0271077,0.00388641,0.0216457,-0.00424179,0.00226811,1
31.86,0.0274734,0.0271434,0.00387175,0.0218091,-0.00424037,0.00226789,1
31.87,0.0311674,0.0270002,0.00385901,0.0219756,-0.00421986,0.00226752,1
31.88,0.0362797,0.026639,0.00384669,0.0221116,-0.00418814,0.00226698,1
31.89,0.0399535,0.02617,0.003832,0.022169,-0.00418362,0.00226625,1
31.9,0.0399147,0.0257726,0.00381651,0.0221635,-0.00415989,0.00226531,1
31.91,0.0352313,0.0255133,0.003801,0.0221621,-0.00416429,0.00226412,1
31.92,0.0285867,0.0254126,0.00378533,0.0221985,-0.00413188,0.00226265,1
31.93,0.0258487,0.0257764,0.00376888,0.0222685,-0.00410638,0.00226087,1
31.94,0.0250017,0.0267045,0.00375118,0.0223496,-0.00407516,0.00225875,1
31.95,0.0263412,0.0277018,0.00373165,0.0224192,-0.0040448,0.00225629,1
31.96,0.0282203,0.028035,0.00371114,0.022494,-0.00396549,0.00225349,1
31.97,0.0290385,0.0280542,0.00369122,0.0226295,-0.00389454,0.00225037,1
31.98,0.0141579,0.0280176,0.00367574,0.0227265,-0.00381718,0.00224697,1
31.99,-0.00822667,0.0279454,0.00367232,0.0224943,-0.00371044,0.00224332,1
32,-0.00873263,0.0278834,0.00367312,0.0220893,-0.00359477,0.00223946,1
32.01,0.00412181,0.027806,0.00367429,0.021758,-0.00345639,0.00223544,1
32.02,0.0192859,0.0276497,0.0036762,0.021598,-0.00337834,0.00223129,1
32.03,0.0247093,0.0271885,0.00368061,0.0215876,-0.00346969,0.00222702,1
32.04,0.0264312,0.0261464,0.00368649,0.0217382,-0.00356869,0.00222483,1
32.05,0.0250378,0.0251625,0.0036938,0.0220195,-0.00356473,0.00222471,1
32.06,0.0221,0.0249882,0.00370238,0.0223407,-0.00353772,0.00222448,1
32.07,0.0177662,0.0252502,0.00371064,0.0226434,-0.00351856,0.00222411,1
32.08,0.00854368,0.0255056,0.00371389,0.0228723,-0.00349426,0.00222356,1
32.09,-0.00537792,0.0256609,0.00370612,0.0229933,-0.00347652,0.00222283,1
32.1,-0.012778,0.0257363,0.00369619,0.0230189,-0.00350259,0.00222188,1
32.11,-0.0132874,0.0257501,0.00368562,0.0230676,-0.0034665,0.0022207,1
32.12,-0.0058474,0.0257006,0.00367428,0.0232158,-0.00341815,0.00221924,1
32.13,0.00528675,0.0254686,0.00366136,0.0234764,-0.00340055,0.00221747,1
32.14,0.0098521,0.0249121,0.00364681,0.0237598,-0.00336177,0.00221539,1
32.15,0.0103877,0.0242719,0.00363069,0.0239615,-0.00332136,0.00221297,1
32.16,0.015975,0.0236774,0.00361284,0.0240564,-0.00327764,0.00221023,1
32.17,0.0266741,0.0233288,0.00359324,0.0239664,-0.00322494,0.00220719,1
32.18,0.0444265,0.0232606,0.00357348,0.0234379,-0.00313684,0.00220387,1
32.19,0.0548945,0.0233776,0.00355588,0.0225913,-0.00303974,0.00220033,1
32.2,0.0444872,0.0235041,0.00353926,0.0218714,-0.00294712,0.00219659,1
32.21,0.0141054,0.0234582,0.0035237,0.0214598,-0.00288637,0.00219271,1
32.22,-0.000777936,0.023268,0.00350938,0.0212453,-0.0030085,0.00218872,1
32.23,0.00269996,0.0230773,0.0034962,0.0211405,-0.00350582,0.00218462,1
32.24,0.0114704,0.0230614,0.00348443,0.0211618,-0.00393189,0.00218255,1
32.25,0.0170105,0.0230294,0.00347412,0.0213075,-0.00392006,0.00218245,1
32.26,0.020058,0.0230332,0.0034665,0.0214874,-0.00388973,0.00218224,1
32.27,0.0272153,0.0229724,0.00346072,0.021673,-0.00387037,0.00218189,1
32.28,0.0336973,0.0227847,0.00345503,0.0218266,-0.00385599,0.00218139,1
32.29,0.0366413,0.022545,0.00344602,0.0218862,-0.00382763,0.00218071,1
32.3,0.0370887,0.0223175,0.00343543,0.0218783,-0.00381028,0.00217983,1
32.31,0.032306,0.0222057,0.0034242,0.0218779,-0.00382023,0.00217873,1
32.32,0.0283575,0.0222895,0.00341238,0.0219176,-0.00379743,0.00217738,1
32.33,0.0242589,0.0228776,0.00339943,0.0219957,-0.00381863,0.00217574,1
32.34,0.0247087,0.0240915,0.00338556,0.0220847,-0.00378859,0.0021738,1
32.35,0.0244186,0.0252976,0.00337019,0.0221616,-0.00377977,0.00217154,1
32.36,0.0266279,0.0256811,0.00335373,0.0222519,-0.00372452,0.00216899,1
32.37,0.0270332,0.0256782,0.00333868,0.022397,-0.00365739,0.00216614,1
32.38,0.0126537,0.0256783,0.0033288,0.0225002,-0.00354404,0.00216304,1
32.39,-0.00644814,0.0256867,0.00332973,0.0222476,-0.00344103,0.0021597,1
32.4,-0.00549208,0.0257282,0.00333386,0.0218196,-0.00333843,0.00215618,1
32.41,0.00865577,0.0257771,0.00333907,0.0214916,-0.00323502,0.00215251,1
32.42,0.0199911,0.0257979,0.00334494,0.0213336,-0.00316377,0.00214873,1
32.43,0.0279664,0.0255881,0.00335181,0.0213243,-0.00318855,0.00214484,1
32.44,0.0310933,0.0250566,0.00336031,0.0214797,-0.00325492,0.00214286,1
32.45,0.0281129,0.0245332,0.00337033,0.0217744,-0.00326072,0.00214277,1
32.46,0.0216172,0.024642,0.00338154,0.022097,-0.00323689,0.00214258,1
32.47,0.0143049,0.0249703,0.00339213,0.0224059,-0.00322473,0.00214226,1
32.48,0.00762525,0.0252252,0.00339714,0.0226337,-0.00319653,0.00214178,1
32.49,-0.000609798,0.0253924,0.00338914,0.0227483,-0.00315438,0.00214114,1
32.5,-0.00691113,0.0255121,0.00337731,0.0227699,-0.00313616,0.0021403,1
32.51,-0.00591104,0.025589,0.00336459,0.0228167,-0.00312543,0.00213925,1
32.52,0.00114625,0.0255775,0.00335135,0.0229858,-0.00311202,0.00213795,1
32.53,0.0109364,0.0253432,0.00333667,0.0232621,-0.00308152,0.00213636,1
32.54,0.0136563,0.0248718,0.00332062,0.0235495,-0.00303164,0.00213449,1
32.55,0.014614,0.0243902,0.00330337,0.0237502,-0.00299567,0.00213231,1
32.56,0.0204834,0.0239235,0.00328415,0.02384,-0.00292082,0.00212984,1
32.57,0.0306038,0.0235307,0.00326344,0.0237404,-0.00285847,0.00212709,1
32.58,0.0481612,0.023274,0.00324197,0.0232048,-0.00276598,0.00212409,1
32.59,0.0583927,0.0230871,0.00322196,0.0223471,-0.00267752,0.00212087,1
32.6,0.0479338,0.0228667,0.00320287,0.0216083,-0.00259281,0.00211749,1
32.61,0.0166096,0.0226009,0.00318426,0.0211808,-0.00257089,0.00211397,1
32.62,0.00420144,0.022286,0.00316642,0.0209614,-0.00271675,0.00211034,1
32.63,0.00341177,0.0220665,0.00315011,0.0208552,-0.00315345,0.00210662,1
32.64,0.012426,0.0220985,0.00313592,0.0208836,-0.00355524,0.00210475,1
32.65,0.0164748,0.022236,0.00312354,0.0210354,-0.00354817,0.00210466,1
32.66,0.0195987,0.0224106,0.0031129,0.0212231,-0.0035608,0.00210448,1
32.67,0.023567,0.0223875,0.00310406,0.0214167,-0.00354056,0.00210418,1
32.68,0.0311108,0.0221395,0.00309543,0.021575,-0.00353068,0.00210373,1
32.69,0.0358566,0.0217457,0.00308435,0.0216389,-0.00351451,0.00210312,1
32.7,0.0384094,0.0213848,0.0030723,0.0216319,-0.00351481,0.00210233,1
32.71,0.0321405,0.0212278,0.00305951,0.0216306,-0.00349455,0.00210135,1
32.72,0.0278141,0.0213425,0.00304576,0.0216743,-0.00346557,0.00210013,1
32.73,0.0217998,0.0220278,0.00303098,0.0217472,-0.00343015,0.00209865,1
32.74,0.0218312,0.0235626,0.00301512,0.0218387,-0.00340891,0.0020969,1
32.75,0.0226579,0.0250429,0.00299852,0.0219185,-0.00335136,0.00209487,1
32.76,0.0226276,0.0256633,0.00298055,0.0220171,-0.00327624,0.00209256,1
32.77,0.0213849,0.0257599,0.00296294,0.0221688,-0.00321661,0.00209,1
32.78,0.00844016,0.025808,0.00294894,0.0222688,-0.00313481,0.0020872,1
32.79,-0.011869,0.0259224,0.00294445,0.0220081,-0.0030184,0.00208419,1
32.8,-0.0154995,0.0261891,0.00294264,0.0215629,-0.00293043,0.00208102,1
32.81,-0.00261126,0.0265212,0.002941,0.0212047,-0.00283026,0.00207771,1
32.82,0.00779438,0.0268431,0.00294044,0.0210427,-0.00274533,0.0020743,1
32.83,0.0122394,0.0269761,0.00294118,0.0210361,-0.00278245,0.00207078,1
32.84,0.0114318,0.0267343,0.00294344,0.0212126,-0.00287493,0.00206934,1
32.85,0.00898309,0.0265284,0.00294736,0.0215163,-0.00286233,0.00206926,1
32.86,0.00597072,0.0270064,0.00295208,0.0218588,-0.00285304,0.00206909,1
32.87,0.00244809,0.0276734,0.00295627,0.022184,-0.00281636,0.00206879,1
32.88,-0.00610449,0.0281913,0.00295528,0.0224401,-0.00280417,0.00206836,1
32.89,-0.0169934,0.0286137,0.00294266,0.0225708,-0.00277414,0.00206777,1
32.9,-0.020844,0.0289375,0.00292642,0.0225957,-0.00274936,0.002067,1
32.91,-0.0170616,0.0292175,0.00290945,0.0226338,-0.00274048,0.00206604,1
32.92,-0.00673301,0.0294962,0.00289098,0.0228095,-0.00272424,0.00206486,1
32.93,0.00518262,0.0295791,0.00287144,0.023098,-0.00267467,0.00206342,1
32.94,0.0108595,0.0292488,0.00285032,0.0233996,-0.0026518,0.00206172,1
32.95,0.0137491,0.028758,0.00282762,0.0236245,-0.00259377,0.00205974,1
32.96,0.0205433,0.028344,0.0028034,0.0237252,-0.00252524,0.00205751,1
32.97,0.0306673,0.0281676,0.00277806,0.0236353,-0.00246024,0.00205502,1
32.98,0.0520089,0.0281926,0.00275217,0.0230712,-0.00235659,0.00205232,1
32.99,0.0630578,0.0283518,0.00272821,0.0221688,-0.0022588,0.00204942,1
33,0.0533302,0.028505,0.00270497,0.0213974,-0.00213175,0.00204637,1
33.01,0.0220329,0.0285536,0.00268305,0.0209547,-0.00208415,0.0020432,1
33.02,0.0118342,0.0285133,0.00266224,0.0207322,-0.0021939,0.00203995,1
33.03,0.0153131,0.0284467,0.00264269,0.0206235,-0.00258861,0.00203661,1
33.04,0.0264205,0.0284423,0.00262531,0.0206541,-0.00294251,0.00203493,1
33.05,0.0334296,0.0284281,0.00260995,0.0208117,-0.00290149,0.00203486,1
33.06,0.035322,0.0284778,0.00259652,0.0210078,-0.00287341,0.0020347,1
33.07,0.0420625,0.0285236,0.00258522,0.0212039,-0.0028567,0.00203444,1
33.08,0.0454641,0.0284908,0.00257402,0.0213666,-0.00286166,0.00203405,1
33.09,0.0494089,0.0284507,0.00256056,0.0214296,-0.00284678,0.00203351,1
33.1,0.0498609,0.0284581,0.00254592,0.0214217,-0.0028384,0.00203282,1
33.11,0.0472823,0.0285208,0.00253052,0.0214202,-0.00282576,0.00203194,1
33.12,0.0400793,0.0287284,0.00251434,0.0214665,-0.00285353,0.00203086,1
33.13,0.0365809,0.0293841,0.00249799,0.0215517,-0.00284116,0.00202955,1
33.14,0.0342588,0.0305496,0.00248081,0.021643,-0.0028091,0.00202799,1
33.15,0.0325033,0.031618,0.0024628,0.0217281,-0.00279284,0.00202618,1
33.16,0.0340642,0.0319801,0.00244404,0.0218264,-0.00272382,0.00202413,1
33.17,0.0364162,0.0319836,0.00242566,0.0219856,-0.00265141,0.00202184,1
33.18,0.0210319,0.0319858,0.002411,0.0220989,-0.00257458,0.00201934,1
33.19,0.00105655,0.0319937,0.00240523,0.0218316,-0.00246987,0.00201665,1
33.2,-0.00135608,0.0320339,0.00240161,0.0213849,-0.00236963,0.00201382,1
33.21,0.0139177,0.0320893,0.0023988,0.021014,-0.00226656,0.00201086,1
33.22,0.024094,0.0321071,0.00239738,0.0208486,-0.00220157,0.00200782,1
33.23,0.0290807,0.0318788,0.00239768,0.0208529,-0.00219656,0.00200468,1
33.24,0.0319657,0.0311726,0.00239988,0.0210281,-0.00229275,0.00200308,1
33.25,0.0277955,0.0305082,0.00240364,0.021344,-0.00226228,0.00200302,1
33.26,0.0223965,0.0304231,0.00240904,0.021689,-0.00224498,0.00200288,1
33.27,0.0148711,0.0306624,0.00241439,0.02202,-0.00222605,0.00200263,1
33.28,0.00228456,0.0308361,0.00241528,0.0222774,-0.00220668,0.00200225,1
33.29,-0.00976193,0.0308671,0.00240525,0.0223991,-0.00220274,0.00200174,1
33.3,-0.0167976,0.030727,0.0023927,0.0224286,-0.00218916,0.00200107,1
33.31,-0.0152819,0.0305019,0.00238061,0.0224798,-0.00218935,0.00200023,1
33.32,-0.00541641,0.0301811,0.00236817,0.0226523,-0.00218204,0.00199919,1
33.33,0.0040994,0.0296404,0.00235495,0.0229486,-0.00214711,0.00199792,1
33.34,0.0103092,0.02891,0.00234056,0.0232698,-0.00213611,0.00199642,1
33.35,0.012897,0.0281488,0.00232486,0.0234924,-0.00208789,0.00199468,1
33.36,0.0198682,0.0273481,0.00230725,0.0236012,-0.00200978,0.00199271,1
33.37,0.0325106,0.0266379,0.00228795,0.0235043,-0.0019597,0.00199051,1
33.38,0.0544777,0.0261035,0.00226807,0.0229233,-0.00190389,0.00198812,1
33.39,0.0642667,0.0256393,0.00224918,0.0219984,-0.00181975,0.00198555,1
33.4,0.0524369,0.0252106,0.00223138,0.0212087,-0.00174242,0.00198285,1
33.41,0.0206008,0.0247661,0.00221382,0.0207835,-0.00168593,0.00198004,1
33.42,0.00583812,0.0242475,0.0021981,0.0205595,-0.00181083,0.00197715,1
33.43,0.00543057,0.0238941,0.00218407,0.0204534,-0.00216405,0.00197419,1
33.44,0.0144042,0.0240236,0.00217141,0.0204802,-0.00246549,0.00197271,1
33.45,0.0207053,0.0244209,0.00216047,0.0206296,-0.00244715,0.00197266,1
33.46,0.023223,0.0248323,0.00215113,0.0208167,-0.00242776,0.00197254,1
33.47,0.0288281,0.0249674,0.00214266,0.0210098,-0.00243222,0.00197233,1
33.48,0.0328959,0.0248238,0.00213512,0.0211706,-0.00241537,0.001972,1
33.49,0.0381768,0.0244898,0.0021252,0.0212268,-0.00240881,0.00197154,1
33.5,0.0391124,0.0241145,0.00211438,0.0212124,-0.00238873,0.00197095,1
33.51,0.0344953,0.0238341,0.00210307,0.0212047,-0.0023877,0.00197019,1
33.52,0.0281637,0.0236854,0.00209126,0.0212454,-0.0023943,0.00196924,1
33.53,0.0248985,0.0238313,0.00207887,0.0213274,-0.00238742,0.00196809,1
33.54,0.0212279,0.0244133,0.00206554,0.0214217,-0.00237233,0.00196671,1
33.55,0.0214434,0.024985,0.0020513,0.0215111,-0.00234938,0.0019651,1
33.56,0.0215686,0.0250367,0.00203637,0.0216166,-0.00232272,0.00196328,1
33.57,0.0213364,0.025004,0.00202154,0.0217837,-0.00227034,0.00196124,1
33.58,0.0057496,0.0250902,0.00201069,0.0219092,-0.00220567,0.00195901,1
33.59,-0.0159595,0.0251128,0.00200711,0.0216493,-0.00214848,0.00195662,1
33.6,-0.0187088,0.0250651,0.00200504,0.0211964,-0.00203992,0.00195409,1
33.61,-0.0062419,0.0249685,0.00200428,0.0208261,-0.00194032,0.00195145,1
33.62,0.00464855,0.0247392,0.00200476,0.0206612,-0.00188347,0.00194873,1
33.63,0.00908528,0.0240166,0.00200582,0.02067,-0.00191215,0.00194592,1
33.64,0.00764026,0.0225972,0.00200842,0.0208506,-0.00196809,0.0019445,1
33.65,0.00406248,0.0210708,0.00201271,0.021179,-0.00194803,0.00194446,1
33.66,-0.00180347,0.0204852,0.00201792,0.0215426,-0.00194576,0.00194434,1
33.67,-0.00781665,0.0204959,0.00202222,0.0218916,-0.0019413,0.00194412,1
33.68,-0.0161351,0.0205312,0.00202202,0.0221607,-0.00192445,0.0019438,1
33.69,-0.0282333,0.0205067,0.00201223,0.0222974,-0.00188601,0.00194335,1
33.7,-0.0331606,0.0203711,0.00200033,0.0223243,-0.00186223,0.00194276,1
33.71,-0.0304004,0.0201526,0.00198835,0.0223779,-0.00180657,0.00194202,1
33.72,-0.0222372,0.0198359,0.00197576,0.0225566,-0.00178252,0.00194109,1
33.73,-0.0145259,0.0193875,0.00196203,0.0228663,-0.0017659,0.00193997,1
33.74,-0.00687987,0.0188615,0.00194744,0.0231966,-0.00170713,0.00193863,1
33.75,-0.00278278,0.0184299,0.00193137,0.0234296,-0.00166826,0.00193708,1
33.76,0.00104267,0.0179325,0.0019142,0.023538,-0.00161471,0.00193532,1
33.77,0.0111195,0.0173918,0.00189577,0.0234513,-0.00155296,0.00193336,1
33.78,0.0309164,0.0169946,0.00187709,0.0228558,-0.00149826,0.00193122,1
33.79,0.0426322,0.0167053,0.00185999,0.0219039,-0.00142076,0.00192893,1
33.8,0.0323746,0.0164611,0.00184348,0.0210804,-0.00133406,0.00192652,1
33.81,0.00172309,0.0161749,0.00182698,0.0206133,-0.00129752,0.001924,1
33.82,-0.0143069,0.0158811,0.00181106,0.0203821,-0.00143058,0.00192142,1
33.83,-0.0139968,0.0157756,0.00179616,0.0202781,-0.00180678,0.00191876,1
33.84,-0.00547051,0.0160115,0.00178227,0.0203254,-0.0020198,0.00191771,1
33.85,-0.000156243,0.0163604,0.00176965,0.0204892,-0.0020215,0.00191767,1
33.86,0.00352048,0.0168576,0.00175926,0.0206952,-0.00202344,0.00191756,1
33.87,0.0100128,0.017299,0.00175039,0.0209085,-0.00200092,0.00191737,1
33.88,0.0149869,0.0174705,0.00174147,0.0210783,-0.00200623,0.00191707,1
33.89,0.0191835,0.0174935,0.00173062,0.0211475,-0.00201553,0.00191665,1
33.9,0.0197787,0.0175047,0.00171902,0.0211352,-0.00200705,0.00191611,1
33.91,0.0161027,0.0175156,0.00170757,0.0211342,-0.00197549,0.00191543,1
33.92,0.0119617,0.0175225,0.0016954,0.0211767,-0.00193217,0.00191457,1
33.93,0.00761639,0.0176936,0.0016826,0.0212705,-0.00192782,0.00191353,1
33.94,0.00437685,0.0181329,0.00166981,0.0213724,-0.001936,0.00191229,1
33.95,0.00540099,0.0184068,0.00165696,0.0214692,-0.00189167,0.00191085,1
33.96,0.00549997,0.0180741,0.00164426,0.0215821,-0.00186351,0.00190921,1
33.97,0.00713109,0.0176917,0.00163316,0.0217644,-0.00180326,0.00190738,1
33.98,-0.0063398,0.0175493,0.00162588,0.0218999,-0.00176321,0.00190538,1
33.99,-0.0250617,0.0175071,0.00162804,0.0216156,-0.00166125,0.00190323,1
34,-0.0260859,0.0175048,0.00163364,0.0211323,-0.00158513,0.00190096,1
34.01,-0.0114591,0.0175599,0.00163988,0.0207429,-0.0015021,0.00189859,1
34.02,0.00131798,0.0176678,0.00164696,0.0205655,-0.00148355,0.00189615,1
34.03,0.0067788,0.0176793,0.00165477,0.0205763,-0.00151781,0.00189363,1
34.04,0.00596161,0.0173407,0.00166399,0.0207666,-0.0015822,0.00189236,1
34.05,0.00672222,0.01698,0.00167462,0.0210989,-0.00156868,0.00189233,1
34.06,0.000803084,0.0172705,0.0016862,0.0214726,-0.00153732,0.00189223,1
34.07,-0.00401539,0.0175664,0.00169732,0.0218228,-0.00153428,0.00189204,1
34.08,-0.0164938,0.0176578,0.0017041,0.0220893,-0.00151847,0.00189176,1
34.09,-0.026474,0.0177659,0.00170196,0.0222195,-0.00149533,0.00189136,1
34.1,-0.0321914,0.0179299,0.001698,0.0222487,-0.00145737,0.00189084,1
34.11,-0.0316153,0.0181997,0.00169291,0.0222986,-0.00144753,0.00189018,1
34.12,-0.0217156,0.018472,0.00168733,0.0224854,-0.00143498,0.00188935,1
34.13,-0.0132382,0.0186002,0.00168117,0.0227933,-0.00139547,0.00188835,1
34.14,-0.00779951,0.0184618,0.00167392,0.0231221,-0.00136652,0.00188715,1
34.15,-0.00700805,0.0183737,0.00166532,0.0233621,-0.00135623,0.00188576,1
34.16,0.000189268,0.0182182,0.00165578,0.0234708,-0.00130652,0.00188418,1
34.17,0.0115722,0.0181847,0.00164582,0.0233625,-0.00127838,0.00188242,1
34.18,0.0297869,0.0183801,0.001636,0.0227573,-0.001239,0.0018805,1
34.19,0.0398997,0.0186846,0.00162757,0.0217889,-0.00119218,0.00187844,1
34.2,0.0327653,0.0189334,0.00161928,0.0209509,-0.00116509,0.00187627,1
34.21,0.00345842,0.0190844,0.00161157,0.0204698,-0.00114467,0.00187401,1
34.22,-0.00936018,0.0191789,0.00160427,0.0202335,-0.00126205,0.00187168,1
34.23,-0.00802486,0.0192225,0.00159801,0.0201262,-0.00162529,0.00186929,1
34.24,0.00155063,0.0190803,0.00159246,0.020161,-0.00193245,0.0018681,1
34.25,0.00744975,0.0187281,0.00158876,0.0203308,-0.0019372,0.00186808,1
34.26,0.0133403,0.018561,0.00158655,0.0205378,-0.00193522,0.001868,1
34.27,0.01923,0.0185619,0.00158515,0.0207582,-0.00189775,0.00186783,1
34.28,0.0253977,0.0185616,0.0015839,0.0209272,-0.00190214,0.00186757,1
34.29,0.0313062,0.0186051,0.0015807,0.020993,-0.00193653,0.00186721,1
34.3,0.0313433,0.0187067,0.00157698,0.0209871,-0.00191523,0.00186674,1
34.31,0.026449,0.0188974,0.00157348,0.0209806,-0.00191691,0.00186613,1
34.32,0.0213902,0.0193245,0.00156969,0.0210266,-0.0019075,0.00186538,1
34.33,0.0177956,0.0202805,0.00156558,0.0211111,-0.00189052,0.00186445,1
34.34,0.0172895,0.0219243,0.00156115,0.0212169,-0.00185568,0.00186335,1
34.35,0.0199384,0.0234156,0.00155607,0.0213127,-0.00181249,0.00186207,1
34.36,0.0232541,0.0237986,0.00155082,0.0214191,-0.00177936,0.00186061,1
34.37,0.02366,0.0236221,0.00154645,0.0215959,-0.00172762,0.00185898,1
34.38,0.0102817,0.0235361,0.00154634,0.0217267,-0.00168058,0.00185719,1
34.39,-0.0115858,0.0236262,0.00155495,0.021439,-0.00165041,0.00185527,1
34.4,-0.0129185,0.0238553,0.00156597,0.0209465,-0.00157073,0.00185324,1
34.41,0.00367342,0.0242187,0.00157724,0.0205781,-0.00150232,0.00185112,1
34.42,0.0183671,0.0247219,0.00158889,0.0204056,-0.00145307,0.00184893,1
34.43,0.0245173,0.0252703,0.00160084,0.020409,-0.00147665,0.00184667,1
34.44,0.0233732,0.0256483,0.00161283,0.0205885,-0.00154158,0.00184554,1
34.45,0.0194176,0.0261008,0.00162497,0.0209154,-0.00151207,0.00184553,1
34.46,0.0162033,0.0269112,0.00163734,0.0212897,-0.00150021,0.00184545,1
34.47,0.012682,0.0276487,0.00164904,0.0216381,-0.00148399,0.0018453,1
34.48,0.00493391,0.0281508,0.00165751,0.0219046,-0.00145834,0.00184507,1
34.49,-0.00661977,0.0285441,0.00165736,0.0220267,-0.00144349,0.00184472,1
34.5,-0.0121886,0.0288815,0.00165441,0.0220544,-0.00143328,0.00184427,1
34.51,-0.00931524,0.0292222,0.00165086,0.0221015,-0.00141735,0.00184369,1
34.52,-0.000858025,0.0295741,0.00164662,0.0222923,-0.00141418,0.00184297,1
34.53,0.00874727,0.029692,0.00164168,0.0226033,-0.00139988,0.00184208,1
34.54,0.013032,0.0294328,0.00163526,0.0229391,-0.00138298,0.00184101,1
34.55,0.0168842,0.029119,0.00162745,0.0231781,-0.00137827,0.00183977,1
34.56,0.0231512,0.0288169,0.00161816,0.0232902,-0.00134144,0.00183835,1
34.57,0.0351093,0.0286809,0.00160745,0.0231938,-0.00130379,0.00183677,1
34.58,0.0548684,0.0287251,0.00159602,0.0225865,-0.00128139,0.00183505,1
34.59,0.0683135,0.0288986,0.00158661,0.0216045,-0.00121104,0.00183319,1
34.6,0.0581691,0.02904,0.00157809,0.0207624,-0.0011527,0.00183123,1
34.61,0.0259778,0.0290738,0.00157065,0.0202908,-0.00114905,0.00182919,1
34.62,0.0117922,0.0290106,0.00156396,0.0200601,-0.0012715,0.00182708,1
34.63,0.0153041,0.0289308,0.00155802,0.0199558,-0.00162354,0.00182492,1
34.64,0.0220908,0.0289225,0.00155298,0.0199919,-0.00189475,0.00182385,1
34.65,0.0276171,0.0288671,0.00154888,0.0201661,-0.00189285,0.00182384,1
34.66,0.0332707,0.0288632,0.00154639,0.0203806,-0.00188906,0.00182377,1
34.67,0.0390214,0.0288181,0.00154521,0.0205966,-0.00187373,0.00182363,1
34.68,0.0448697,0.0286892,0.00154433,0.0207706,-0.00186478,0.0018234,1
34.69,0.0495136,0.0285629,0.00154173,0.0208376,-0.00182674,0.00182308,1
34.7,0.0517054,0.0285312,0.00153865,0.0208305,-0.00183184,0.00182266,1
34.71,0.0490949,0.0285909,0.00153527,0.0208282,-0.00182791,0.00182211,1
34.72,0.0412369,0.0287936,0.00153145,0.0208779,-0.00183005,0.00182143,1
34.73,0.0363386,0.029393,0.00152754,0.020972,-0.00183862,0.0018206,1
34.74,0.0314192,0.0305059,0.00152307,0.0210767,-0.00181782,0.00181961,1
34.75,0.0318062,0.031598,0.00151786,0.0211747,-0.00181517,0.00181845,1
34.76,0.0342695,0.0320155,0.00151171,0.02129,-0.00174533,0.00181712,1
34.77,0.0347668,0.0320746,0.0015065,0.0214734,-0.00169622,0.00181564,1
34.78,0.0160003,0.0320861,0.00150455,0.0216018,-0.00164218,0.00181402,1
34.79,-0.00617353,0.0320963,0.00151034,0.0213061,-0.00159409,0.00181228,1
34.8,-0.00670889,0.03211,0.00151787,0.0208098,-0.0015076,0.00181043,1
34.81,0.00705034,0.0321238,0.00152515,0.0204122,-0.00142547,0.00180851,1
34.82,0.0195563,0.0320615,0.00153261,0.0202379,-0.00134004,0.00180651,1
34.83,0.0263809,0.0316869,0.00153988,0.020254,-0.00138361,0.00180446,1
34.84,0.0275667,0.0307777,0.00154787,0.020459,-0.00143304,0.00180364,1
34.85,0.0247013,0.0297768,0.00155687,0.020799,-0.00143095,0.00180363,1
34.86,0.0221122,0.0294942,0.00156652,0.0211816,-0.00142881,0.00180357,1
34.87,0.0146549,0.0296633,0.0015757,0.0215389,-0.00142192,0.00180343,1
34.88,0.0078441,0.0297965,0.00158127,0.021826,-0.00141521,0.00180321,1
34.89,-0.00350939,0.0298184,0.00157852,0.0219576,-0.00141213,0.0018029,1
34.9,-0.00778405,0.0297438,0.00157346,0.021985,-0.00140351,0.00180248,1
34.91,-0.00435239,0.0295604,0.00156787,0.0220412,-0.00141602,0.00180194,1
34.92,0.00375527,0.0292801,0.00156165,0.0222333,-0.00140004,0.00180128,1
34.93,0.0127853,0.0287647,0.00155458,0.0225617,-0.00140889,0.00180046,1
34.94,0.0172745,0.0279981,0.0015471,0.0229065,-0.00137418,0.00179948,1
34.95,0.0211348,0.0271244,0.00153886,0.0231479,-0.00133606,0.00179834,1
34.96,0.0251438,0.0261875,0.00152982,0.0232626,-0.00130122,0.00179704,1
34.97,0.0343373,0.0254207,0.00151972,0.0231593,-0.00127323,0.00179559,1
34.98,0.0523128,0.0249595,0.00150897,0.0225345,-0.00121483,0.00179401,1
34.99,0.0610157,0.0247336,0.00149917,0.021529,-0.00116641,0.00179231,1
35,0.0510427,0.0245643,0.00149011,0.0206619,-0.0010697,0.00179051,1
35.01,0.0219728,0.0242983,0.00148199,0.0201752,-0.00105592,0.00178865,1
35.02,0.00765391,0.0239017,0.00147427,0.0199352,-0.0011757,0.00178673,1
35.03,0.0100551,0.0236122,0.00146766,0.0198282,-0.00150309,0.00178475,1
35.04,0.0154556,0.0235878,0.00146184,0.0198628,-0.00175132,0.00178378,1
35.05,0.0186495,0.0235942,0.00145724,0.0200283,-0.00173431,0.00178378,1
35.06,0.0231064,0.0236206,0.00145463,0.0202371,-0.00171451,0.00178372,1
35.07,0.0273474,0.0235471,0.00145318,0.0204548,-0.00168601,0.0017836,1
35.08,0.0304162,0.0233494,0.00145242,0.0206324,-0.00166477,0.0017834,1
35.09,0.0342409,0.0230908,0.00144983,0.0206982,-0.00168206,0.00178312,1
35.1,0.0349162,0.0229374,0.00144723,0.0206904,-0.00167048,0.00178274,1
35.11,0.0312357,0.0229248,0.00144413,0.0206876,-0.00169456,0.00178225,1
35.12,0.0262783,0.0232122,0.00144059,0.020735,-0.00169878,0.00178164,1
35.13,0.020052,0.0241444,0.00143673,0.0208268,-0.00167894,0.00178089,1
35.14,0.0200335,0.0257967,0.00143198,0.0209365,-0.00166416,0.00177998,1
35.15,0.0188718,0.0274237,0.00142633,0.0210396,-0.00165184,0.00177893,1
35.16,0.0190164,0.0281739,0.00141963,0.0211588,-0.00161799,0.00177773,1
35.17,0.0211101,0.0283178,0.00141303,0.0213464,-0.00158219,0.00177639,1
35.18,0.00598126,0.0283433,0.00140916,0.0214842,-0.0015286,0.00177491,1
35.19,-0.0135707,0.0283689,0.00141226,0.0211896,-0.00147673,0.00177333,1
35.2,-0.0140876,0.0284761,0.00141765,0.0206944,-0.00141942,0.00177164,1
35.21,0.000275081,0.0286686,0.00142359,0.0202924,-0.0013579,0.00176989,1
35.22,0.0144475,0.0288347,0.0014305,0.0201169,-0.00131266,0.00176807,1
35.23,0.0210909,0.0287615,0.00143734,0.020129,-0.00133035,0.0017662,1
35.24,0.0249563,0.0283595,0.00144459,0.0203244,-0.00139206,0.00176527,1
35.25,0.0222589,0.0279623,0.00145293,0.0206763,-0.00139063,0.00176527,1
35.26,0.0194241,0.0282185,0.00146236,0.0210638,-0.00136873,0.00176522,1
35.27,0.0144354,0.0287127,0.00147127,0.021436,-0.00135796,0.0017651,1
35.28,0.00532631,0.029064,0.00147708,0.0217245,-0.00134234,0.00176491,1
35.29,-0.00645264,0.029296,0.00147569,0.0218667,-0.00133197,0.00176464,1
35.3,-0.00998738,0.0294837,0.00147291,0.021897,-0.00132863,0.00176427,1
35.31,-0.00645792,0.0296922,0.00146971,0.0219548,-0.00132727,0.00176379,1
35.32,0.00305563,0.0298741,0.00146577,0.0221592,-0.00131575,0.00176319,1
35.33,0.0107968,0.0299133,0.00146109,0.0224901,-0.00128515,0.00176246,1
35.34,0.0172246,0.0295955,0.00145523,0.0228437,-0.00128088,0.00176157,1
35.35,0.0204311,0.0291646,0.0014484,0.0230995,-0.0012755,0.00176055,1
35.36,0.0271631,0.0287981,0.00143969,0.0232228,-0.00124859,0.00175937,1
35.37,0.0397518,0.0286359,0.0014293,0.0231169,-0.00120931,0.00175806,1
35.38,0.0585397,0.028712,0.00141826,0.0224843,-0.00118465,0.00175663,1
35.39,0.0682153,0.0289189,0.00140836,0.0214638,-0.0011059,0.00175509,1
35.4,0.0587125,0.0291182,0.00139911,0.0205909,-0.00104852,0.00175346,1
35.41,0.0286223,0.0292235,0.00139007,0.0201249,-0.00101633,0.00175177,1
35.42,0.0132335,0.0292295,0.00138137,0.0198878,-0.00107876,0.00175002,1
35.43,0.0137719,0.0291998,0.00137316,0.0197806,-0.00136634,0.00174823,1
35.44,0.0230795,0.0291896,0.00136576,0.0198157,-0.00161765,0.00174735,1
35.45,0.0304576,0.0291202,0.00135982,0.0199798,-0.00161342,0.00174736,1
35.46,0.0334816,0.0291108,0.00135478,0.0201882,-0.00162689,0.00174732,1
35.47,0.0384597,0.0290945,0.00135105,0.0204004,-0.00160527,0.00174723,1
35.48,0.0434712,0.0290047,0.00134766,0.0205729,-0.00157646,0.00174706,1
35.49,0.0483812,0.0288934,0.00134337,0.0206349,-0.00156938,0.00174681,1
35.5,0.0486398,0.0288449,0.0013386,0.0206175,-0.00156982,0.00174648,1
35.51,0.0451048,0.0289109,0.00133346,0.0206152,-0.00158692,0.00174605,1
35.52,0.0347733,0.0291587,0.00132874,0.0206625,-0.00159617,0.0017455,1
35.53,0.0295301,0.0298937,0.00132344,0.0207573,-0.00160957,0.00174483,1
35.54,0.0282368,0.031303,0.00131765,0.0208657,-0.00162467,0.00174401,1
35.55,0.030813,0.0326679,0.00131115,0.0209741,-0.00159984,0.00174305,1
35.56,0.0339971,0.0332567,0.001304,0.0210947,-0.00155477,0.00174196,1
35.57,0.0338377,0.0333926,0.00129768,0.0212885,-0.00147903,0.00174073,1
35.58,0.0204453,0.0334614,0.00129456,0.0214368,-0.00141977,0.00173938,1
35.59,0.00103742,0.0335873,0.00129858,0.021146,-0.00137306,0.00173793,1
35.6,0.000963372,0.0338012,0.00130375,0.0206466,-0.00129327,0.00173639,1
35.61,0.014359,0.0340642,0.00130945,0.0202346,-0.00119767,0.00173478,1
35.62,0.0246587,0.0342433,0.00131607,0.0200588,-0.00114296,0.00173311,1
35.63,0.0305947,0.0341266,0.00132344,0.0200807,-0.00115295,0.00173139,1
35.64,0.0323765,0.0336085,0.00133158,0.0202923,-0.00120241,0.00173054,1
35.65,0.0273726,0.0331659,0.00134101,0.0206556,-0.00121065,0.00173055,1
35.66,0.0234986,0.0333462,0.00135137,0.0210634,-0.00118759,0.00173051,1
35.67,0.0184059,0.0338382,0.0013616,0.0214551,-0.00114967,0.00173041,1
35.68,0.00883888,0.0342504,0.00136935,0.0217506,-0.00112426,0.00173025,1
35.69,-0.00301498,0.0345283,0.00137011,0.0218981,-0.00113343,0.00173,1
35.7,-0.00744573,0.0346538,0.00136866,0.021925,-0.00113162,0.00172967,1
35.71,-0.00624594,0.0346823,0.00136685,0.0219813,-0.00111805,0.00172924,1
35.72,0.00487868,0.0346422,0.00136457,0.0221887,-0.00113358,0.00172869,1
35.73,0.0133775,0.0343578,0.00136226,0.0225326,-0.00113681,0.00172802,1
35.74,0.0188628,0.0337312,0.00136002,0.0228928,-0.00114731,0.00172722,1
35.75,0.0228009,0.0330493,0.00135689,0.0231654,-0.00113186,0.00172628,1
35.76,0.0288298,0.0323907,0.00135257,0.0232883,-0.00110082,0.0017252,1
35.77,0.0380092,0.0319156,0.00134691,0.0231801,-0.00109215,0.001724,1
35.78,0.0601261,0.0317342,0.00134077,0.022522,-0.00103496,0.00172269,1
35.79,0.0705977,0.0317023,0.00133542,0.0214573,-0.00096849,0.00172127,1
35.8,0.0581073,0.0316515,0.00132995,0.0205386,-0.000922194,0.00171978,1
35.81,0.0293167,0.0314572,0.00132522,0.0200225,-0.000915814,0.00171822,1
35.82,0.016192,0.0311781,0.00132157,0.0197699,-0.00101834,0.00171662,1
35.83,0.0202116,0.030911,0.00131954,0.0196638,-0.00132473,0.00171497,1
35.84,0.0299225,0.030868,0.00131887,0.0197154,-0.00153087,0.00171434,1
35.85,0.0364762,0.0309039,0.00131875,0.0198915,-0.00152645,0.00171435,1
35.86,0.0384162,0.030942,0.00132107,0.0201115,-0.00154244,0.00171432,1
35.87,0.0428928,0.0308421,0.00132521,0.0203424,-0.00156272,0.00171423,1
35.88,0.0459054,0.0305989,0.00132976,0.0205256,-0.00155664,0.00171408,1
35.89,0.0533688,0.0302977,0.00133323,0.0205977,-0.00155582,0.00171385,1
35.9,0.05351,0.0300363,0.00133617,0.0205917,-0.00156924,0.00171354,1
35.91,0.0492138,0.0299384,0.00133933,0.0205817,-0.00155468,0.00171314,1
35.92,0.0413469,0.0300314,0.00134244,0.0206324,-0.00157354,0.00171263,1
35.93,0.0370637,0.0306235,0.00134566,0.0207277,-0.00157187,0.00171201,1
35.94,0.0346825,0.0318194,0.00134807,0.0208439,-0.0015572,0.00171125,1
35.95,0.0329066,0.0330154,0.00134911,0.0209501,-0.00154097,0.00171037,1
35.96,0.0352057,0.033528,0.00134967,0.0210771,-0.0015308,0.00170936,1
35.97,0.0311596,0.0336169,0.0013509,0.0212713,-0.00150094,0.00170823,1
35.98,0.0151316,0.033634,0.00135534,0.0214151,-0.00148206,0.00170699,1
35.99,-0.00762994,0.033638,0.00136665,0.0210985,-0.00144772,0.00170565,1
36,-0.00878426,0.0336894,0.00137875,0.0205769,-0.00140569,0.00170423,1
36.01,0.00408947,0.0337765,0.00139079,0.0201538,-0.00133943,0.00170275,1
36.02,0.0172092,0.0338053,0.00140275,0.019972,-0.00131906,0.00170121,1
36.03,0.0252853,0.0335517,0.00141466,0.0199896,-0.00133818,0.00169963,1
36.04,0.0276427,0.0327503,0.00142699,0.0201967,-0.00139767,0.00169884,1
36.05,0.022941,0.031906,0.00143976,0.0205545,-0.00137653,0.00169886,1
36.06,0.0191334,0.0318039,0.00145292,0.0209629,-0.00135415,0.00169883,1
36.07,0.0123962,0.032056,0.00146522,0.0213348,-0.00135843,0.00169875,1
36.08,0.00498346,0.0322414,0.00147497,0.0216263,-0.00135218,0.0016986,1
36.09,-0.00571572,0.0322579,0.0014786,0.0217701,-0.00134442,0.00169838,1
36.1,-0.0142676,0.0321267,0.00148078,0.0217915,-0.00134061,0.00169808,1
36.11,-0.0110725,0.0318534,0.0014829,0.0218395,-0.0013742,0.00169768,1
36.12,-0.00230701,0.0315413,0.00148434,0.0220334,-0.0013889,0.00169719,1
36.13,0.00711265,0.031056,0.00148477,0.0223683,-0.00136449,0.00169657,1
36.14,0.0108519,0.0302925,0.00148424,0.0227283,-0.00136467,0.00169583,1
36.15,0.0165324,0.0293931,0.00148262,0.0229852,-0.00136207,0.00169497,1
36.16,0.0227574,0.028477,0.00147997,0.0231099,-0.00134411,0.00169398,1
36.17,0.0350272,0.0277574,0.00147617,0.0229933,-0.00131888,0.00169287,1
36.18,0.0565232,0.0272727,0.00147162,0.022335,-0.00127915,0.00169166,1
36.19,0.0649195,0.0269005,0.00146762,0.0212747,-0.00122256,0.00169035,1
36.2,0.055658,0.026546,0.00146452,0.0203717,-0.00116186,0.00168897,1
36.21,0.0245834,0.0261429,0.00146132,0.0198679,-0.0011628,0.00168753,1
36.22,0.0125678,0.0257035,0.00145811,0.019627,-0.00125843,0.00168605,1
36.23,0.0123781,0.02546,0.00145523,0.019522,-0.00153725,0.00168453,1
36.24,0.0208869,0.0255434,0.00145284,0.0195612,-0.00173125,0.00168378,1
36.25,0.0299569,0.0257459,0.00145088,0.0197399,-0.00171674,0.0016838,1
36.26,0.0309778,0.0260118,0.00144985,0.0199549,-0.00169662,0.00168378,1
36.27,0.0361476,0.0261461,0.00145008,0.0201826,-0.00168888,0.00168371,1
36.28,0.0395295,0.0260284,0.0014508,0.0203675,-0.001668,0.00168358,1
36.29,0.0414727,0.0257717,0.00145071,0.020439,-0.00163884,0.00168338,1
36.3,0.042076,0.0255193,0.00144996,0.0204274,-0.00167147,0.0016831,1
36.31,0.0386678,0.0253515,0.00144874,0.0204235,-0.00163702,0.00168274,1
36.32,0.0312745,0.025277,0.00144767,0.0204776,-0.00165781,0.00168228,1
36.33,0.0266902,0.0255178,0.0014459,0.0205801,-0.0016467,0.00168171,1
36.34,0.0259132,0.0262878,0.00144349,0.0206965,-0.00163607,0.00168103,1
36.35,0.024246,0.0270824,0.00144068,0.0208064,-0.00162421,0.00168022,1
36.36,0.0244174,0.0272816,0.00143649,0.0209375,-0.00163265,0.0016793,1
36.37,0.0260015,0.0272654,0.00143206,0.0211377,-0.00159827,0.00167826,1
36.38,0.0109371,0.0272752,0.00143008,0.021292,-0.00154625,0.00167712,1
36.39,-0.0120411,0.027249,0.0014351,0.0209858,-0.00149512,0.00167589,1
36.4,-0.0129716,0.0272004,0.00144129,0.020454,-0.0014564,0.00167459,1
36.41,-0.000384481,0.027109,0.00144711,0.0200589,-0.00138188,0.00167323,1
36.42,0.011923,0.0269072,0.00145256,0.0198808,-0.0013689,0.00167182,1
36.43,0.0165026,0.0263007,0.00145834,0.0199005,-0.00132228,0.00167036,1
36.44,0.0148778,0.025106,0.0014651,0.0201009,-0.00140041,0.00166965,1
36.45,0.0101027,0.0238835,0.00147306,0.0204524,-0.00138551,0.00166967,1
36.46,0.00544836,0.0234749,0.00148198,0.0208515,-0.00136681,0.00166966,1
36.47,-0.00127402,0.023557,0.00148986,0.0212164,-0.00135508,0.00166959,1
36.48,-0.0105134,0.0236462,0.00149442,0.021497,-0.00133563,0.00166947,1
36.49,-0.0216375,0.0236469,0.00149249,0.0216347,-0.00132948,0.00166928,1
36.5,-0.0271048,0.0234948,0.00148904,0.021665,-0.00132331,0.00166901,1
36.51,-0.0244226,0.0232096,0.00148486,0.0217228,-0.00133801,0.00166866,1
36.52,-0.0172159,0.0228874,0.00148007,0.0219226,-0.00134577,0.00166822,1
36.53,-0.00962638,0.0223574,0.00147445,0.0222653,-0.00136051,0.00166766,1
36.54,-0.00569947,0.0216296,0.00146837,0.0226413,-0.00136202,0.00166699,1
36.55,-0.00232451,0.020982,0.00146152,0.022907,-0.00131985,0.0016662,1
36.56,0.00414427,0.0202402,0.00145362,0.0230307,-0.00130803,0.00166529,1
36.57,0.0161117,0.0196094,0.00144503,0.0229275,-0.00128106,0.00166427,1
36.58,0.0383246,0.0192204,0.0014358,0.0222788,-0.00123041,0.00166316,1
36.59,0.0486877,0.0189697,0.00142761,0.0212219,-0.00120012,0.00166195,1
36.6,0.0392681,0.0187048,0.00142013,0.0203027,-0.00113545,0.00166068,1
36.61,0.0108433,0.0184441,0.00141236,0.0197872,-0.00111318,0.00165935,1
36.62,-0.00464205,0.018105,0.00140471,0.0195439,-0.00117794,0.00165798,1
36.63,-0.00440882,0.0178636,0.00139698,0.0194401,-0.00145157,0.00165657,1
36.64,0.00141615,0.0179404,0.00139011,0.0194879,-0.00166575,0.00165589,1
36.65,0.00981691,0.0180975,0.00138376,0.0196626,-0.00165754,0.00165592,1
36.66,0.0113133,0.0183292,0.00137812,0.0198819,-0.00162069,0.0016559,1
36.67,0.0177148,0.0184126,0.00137343,0.0201098,-0.00159652,0.00165584,1
36.68,0.0222577,0.0183048,0.00136926,0.0203028,-0.00159902,0.00165573,1
36.69,0.0292042,0.0181707,0.00136438,0.0203809,-0.00160018,0.00165555,1
36.7,0.0297787,0.0180963,0.00135848,0.0203738,-0.00162199,0.0016553,1
36.71,0.0256394,0.0181248,0.00135277,0.0203647,-0.00162576,0.00165497,1
36.72,0.0204164,0.0183742,0.001347,0.0204214,-0.00160009,0.00165455,1
36.73,0.0171818,0.019207,0.00134092,0.0205245,-0.00160981,0.00165403,1
36.74,0.0166236,0.0207015,0.00133413,0.0206513,-0.00157985,0.0016534,1
36.75,0.0154317,0.022092,0.00132677,0.02076,-0.00153754,0.00165266,1
36.76,0.0180027,0.0223888,0.00131874,0.0208882,-0.00150476,0.0016518,1
36.77,0.0196752,0.0222622,0.00131074,0.0210958,-0.0014263,0.00165085,1
36.78,0.00501606,0.0221972,0.00130433,0.0212447,-0.00137157,0.00164979,1
36.79,-0.0159481,0.0222324,0.00130293,0.0209284,-0.00134579,0.00164866,1
36.8,-0.0174146,0.0223724,0.00130341,0.0203856,-0.00128458,0.00164745,1
36.81,-0.00474134,0.0225659,0.00130418,0.0199583,-0.00123507,0.00164619,1
36.82,0.0067477,0.0227507,0.00130449,0.0197836,-0.00118198,0.00164488,1
36.83,0.0131959,0.0227994,0.00130482,0.0198075,-0.00120898,0.00164353,1
36.84,0.0138121,0.0223539,0.00130584,0.02003,-0.00125635,0.00164301,1
36.85,0.0112919,0.0219013,0.00130752,0.0203919,-0.00126001,0.00164304,1
36.86,0.00727409,0.0220671,0.00130976,0.0208064,-0.0012503,0.00164303,1
36.87,0.00264954,0.022356,0.00131185,0.0212021,-0.00120187,0.00164297,1
36.88,-0.00767635,0.0225085,0.00131061,0.0215012,-0.00117605,0.00164286,1
36.89,-0.0189924,0.0226681,0.0013014,0.0216509,-0.00116499,0.00164268,1
36.9,-0.0232225,0.0227989,0.00129051,0.0216742,-0.00112755,0.00164243,1
36.91,-0.0184522,0.0228937,0.00127961,0.0217288,-0.00111511,0.0016421,1
36.92,-0.0084054,0.0229823,0.00126943,0.0219268,-0.00111444,0.00164169,1
36.93,0.00262232,0.0229133,0.0012585,0.0222798,-0.00111124,0.00164116,1
36.94,0.00606816,0.0226411,0.00124679,0.0226616,-0.0010779,0.00164054,1
36.95,0.00794021,0.0223553,0.00123401,0.0229252,-0.00108175,0.0016398,1
36.96,0.0158781,0.0220437,0.00121931,0.0230557,-0.0010547,0.00163895,1
36.97,0.0302757,0.021831,0.00120364,0.0229612,-0.0010282,0.001638,1
36.98,0.0513185,0.0217447,0.00118784,0.0222807,-0.000971358,0.00163696,1
36.99,0.0628752,0.0217284,0.0011725,0.0211971,-0.000914219,0.00163584,1
37,0.0518595,0.0216946,0.00115823,0.0202588,-0.000857455,0.00163465,1
37.01,0.0200005,0.0216195,0.00114513,0.0197334,-0.000825955,0.00163342,1
37.02,0.00619795,0.0214643,0.00113278,0.0194897,-0.000921109,0.00163214,1
37.03,0.00849048,0.0213527,0.00112153,0.019385,-0.00115747,0.00163083,1
37.04,0.0160507,0.0214255,0.00111107,0.019424,-0.00136775,0.0016302,1
37.05,0.0202844,0.0215095,0.00110181,0.0196051,-0.00135677,0.00163023,1
37.06,0.0206305,0.0217174,0.00109328,0.0198329,-0.00132685,0.00163023,1
37.07,0.0267142,0.021875,0.00108544,0.020072,-0.00129275,0.00163018,1
37.08,0.0306833,0.0218611,0.00107776,0.0202611,-0.00127061,0.00163008,1
37.09,0.0335701,0.0217718,0.00106851,0.0203277,-0.00128439,0.00162991,1
37.1,0.0359073,0.0217041,0.00105822,0.0203226,-0.00125892,0.00162969,1
37.11,0.0288187,0.0217083,0.00104787,0.0203153,-0.00124954,0.00162939,1
37.12,0.0211255,0.021863,0.00103747,0.020371,-0.00123263,0.00162901,1
37.13,0.018422,0.0223764,0.0010277,0.0204813,-0.00119466,0.00162853,1
37.14,0.018957,0.0234303,0.00101732,0.0206099,-0.00117607,0.00162794,1
37.15,0.0179252,0.0244433,0.0010072,0.02073,-0.00114175,0.00162726,1
37.16,0.0200005,0.0247691,0.000997024,0.0208644,-0.0011319,0.00162647,1
37.17,0.0189698,0.0247273,0.000987073,0.0210773,-0.00109707,0.00162558,1
37.18,0.00574462,0.0247185,0.00097849,0.0212385,-0.00106674,0.00162461,1
37.19,-0.0158048,0.0247343,0.00097421,0.0209184,-0.00101954,0.00162355,1
37.2,-0.0150207,0.0248176,0.000971258,0.0203751,-0.000962913,0.00162243,1
37.21,0.000258322,0.0249503,0.000968413,0.0199417,-0.000887505,0.00162126,1
37.22,0.0101249,0.0250444,0.000965687,0.0197565,-0.000812259,0.00162005,1
37.23,0.0154484,0.0247594,0.000963479,0.0197778,-0.000838614,0.00161879,1
37.24,0.014893,0.023917,0.000961876,0.0200028,-0.000884376,0.00161818,1
37.25,0.0114494,0.0229697,0.000961052,0.0203831,-0.000889044,0.00161822,1
37.26,0.00758201,0.0229862,0.000960664,0.020807,-0.000884799,0.00161821,1
37.27,0.00403919,0.0234032,0.00095975,0.0212167,-0.000858241,0.00161817,1
37.28,-0.00867281,0.0236873,0.000956236,0.0215356,-0.000833096,0.00161807,1
37.29,-0.0207432,0.0238649,0.000944856,0.021691,-0.000839662,0.00161791,1
37.3,-0.0244573,0.0239649,0.000931104,0.0217302,-0.000835319,0.00161769,1
37.31,-0.0235985,0.0240642,0.00091758,0.021789,-0.00078802,0.00161739,1
37.32,-0.0130681,0.0242084,0.000904306,0.0220081,-0.000763078,0.00161701,1
37.33,-0.00307438,0.0241283,0.000890457,0.0223784,-0.000749533,0.00161654,1
37.34,0.00188026,0.0237346,0.00087532,0.0227663,-0.000694113,0.00161596,1
37.35,0.00681677,0.0232451,0.00085964,0.0230518,-0.000711418,0.00161529,1
37.36,0.014506,0.0227852,0.000843479,0.0231907,-0.000686165,0.00161451,1
37.37,0.025207,0.0225414,0.000826527,0.0230789,-0.00065937,0.00161363,1
37.38,0.0454692,0.0225198,0.000810159,0.0223753,-0.000579512,0.00161267,1
37.39,0.0551048,0.022565,0.000794575,0.0212456,-0.000535687,0.00161164,1
37.4,0.0480157,0.0225997,0.000778995,0.0202724,-0.000525348,0.00161054,1
37.41,0.0178413,0.0225763,0.000763886,0.019761,-0.000492934,0.0016094,1
37.42,0.00143693,0.0224816,0.000748623,0.0195057,-0.00055004,0.00160823,1
37.43,0.00399319,0.0224014,0.000734716,0.0193951,-0.000758637,0.00160701,1
37.44,0.0119994,0.022379,0.000721461,0.0194301,-0.000936278,0.00160644,1
37.45,0.0195035,0.0223289,0.000708868,0.0196052,-0.000923224,0.00160648,1
37.46,0.0234562,0.0223922,0.000698121,0.0198278,-0.00091293,0.00160648,1
37.47,0.02882,0.0224397,0.000689231,0.020059,-0.000885694,0.00160645,1
37.48,0.0316956,0.0223754,0.000680934,0.0202436,-0.000888834,0.00160637,1
37.49,0.0368199,0.0222746,0.000671335,0.0203075,-0.00084277,0.00160623,1
37.5,0.0378194,0.0222189,0.000660938,0.0202885,-0.000825952,0.00160603,1
37.51,0.0369422,0.0222258,0.00065035,0.0202811,-0.000816784,0.00160576,1
37.52,0.0295116,0.0223544,0.000639971,0.0203338,-0.000805351,0.00160542,1
37.53,0.0246419,0.0229188,0.000629669,0.0204423,-0.000803702,0.00160498,1
37.54,0.023402,0.0240887,0.000619069,0.0205671,-0.000762404,0.00160444,1
37.55,0.0238041,0.0252166,0.00060794,0.0206844,-0.000745418,0.00160381,1
37.56,0.0281444,0.025577,0.000597064,0.0208161,-0.000745053,0.00160308,1
37.57,0.0288672,0.0255386,0.000586946,0.0210256,-0.000662775,0.00160226,1
37.58,0.0146969,0.0255338,0.000577866,0.0212031,-0.000587658,0.00160136,1
37.59,-0.00732399,0.0256104,0.000572204,0.0208927,-0.000508052,0.00160038,1
37.6,-0.00699689,0.025793,0.000567638,0.0203321,-0.000453617,0.00159933,1
37.61,0.00458578,0.0260735,0.000562892,0.0198872,-0.000388742,0.00159824,1
37.62,0.0151199,0.0263563,0.000558252,0.0197012,-0.000346873,0.00159711,1
37.63,0.0197045,0.026423,0.000553903,0.0197359,-0.000349158,0.00159594,1
37.64,0.0208211,0.026094,0.000550812,0.0199613,-0.000361014,0.00159538,1
37.65,0.0180986,0.0257633,0.000548363,0.0203603,-0.000359101,0.00159542,1
37.66,0.0149627,0.0260297,0.000546676,0.02081,-0.000346842,0.00159542,1
37.67,0.0102593,0.0266088,0.000544758,0.0212367,-0.000360245,0.00159539,1
37.68,0.0010957,0.0270465,0.000540035,0.0215666,-0.000371093,0.0015953,1
37.69,-0.00914537,0.0274431,0.000527478,0.0217254,-0.000318448,0.00159516,1
37.7,-0.0152138,0.0277861,0.000512834,0.0217551,-0.000324309,0.00159496,1
37.71,-0.0156915,0.0280828,0.000497369,0.0218162,-0.000304702,0.00159469,1
37.72,-0.00643173,0.0282869,0.000481835,0.0220444,-0.000321314,0.00159434,1
37.73,0.000842141,0.0283085,0.000465866,0.0224207,-0.00031772,0.0015939,1
37.74,0.00574887,0.0279333,0.0004499,0.0228279,-0.000307572,0.00159337,1
37.75,0.0093451,0.02744,0.000434102,0.023122,-0.000297287,0.00159274,1
37.76,0.0133293,0.0269353,0.000418637,0.0232671,-0.000307095,0.00159201,1
37.77,0.0252097,0.026669,0.000402778,0.0231551,-0.000270721,0.0015912,1
37.78,0.0475231,0.0267285,0.000385901,0.0224412,-0.000215088,0.00159031,1
37.79,0.0588694,0.0269116,0.000369701,0.0212768,-0.000153324,0.00158934,1
37.8,0.0525143,0.0270577,0.00035414,0.020273,-9.11211e-05,0.00158832,1
37.81,0.0232662,0.0270882,0.000338597,0.0197047,-5.45642e-05,0.00158725,1
37.82,0.00921056,0.0269528,0.000323071,0.0194358,-9.57881e-05,0.00158615,1
37.83,0.010159,0.0267882,0.00031072,0.0193278,-0.000348374,0.00158502,1
37.84,0.0181731,0.0267711,0.00030099,0.0193861,-0.000480439,0.0015846,1
37.85,0.0258564,0.0267654,0.000293267,0.0195817,-0.000477055,0.00158464,1
37.86,0.0318822,0.0267989,0.000287431,0.0198264,-0.000449696,0.00158465,1
37.87,0.0337885,0.0267728,0.000283465,0.0200806,-0.000408157,0.00158462,1
37.88,0.039399,0.0266534,0.00027968,0.0202813,-0.000363164,0.00158455,1
37.89,0.0445281,0.0265227,0.000275384,0.0203579,-0.000368536,0.00158442,1
37.9,0.0458292,0.0264383,0.000271185,0.0203416,-0.000399745,0.00158423,1
37.91,0.0425366,0.0263954,0.000267307,0.0203328,-0.000393043,0.00158398,1
37.92,0.0366569,0.0264445,0.000263351,0.0203912,-0.000383091,0.00158365,1
37.93,0.033135,0.0268183,0.000258704,0.0205079,-0.000363158,0.00158324,1
37.94,0.0340758,0.0276965,0.000254254,0.0206354,-0.000321995,0.00158274,1
37.95,0.034984,0.0286016,0.000250589,0.0207646,-0.00029038,0.00158215,1
37.96,0.0365802,0.0289243,0.000246777,0.0209154,-0.000257275,0.00158147,1
37.97,0.0362646,0.0289095,0.000242761,0.0211464,-0.000206794,0.0015807,1
37.98,0.0200378,0.0289045,0.000239989,0.0213238,-0.000145077,0.00157985,1
37.99,0.000630387,0.0289014,0.000244295,0.0209792,-8.49865e-05,0.00157894,1
38,-0.000407437,0.02891,0.000249984,0.0203891,-4.82438e-05,0.00157796,1
38.01,0.0141069,0.0289304,0.000255355,0.019924,-1.33742e-05,0.00157694,1
38.02,0.0268529,0.0289366,0.000260758,0.0197241,1.7446e-05,0.00157588,1
38.03,0.0317661,0.0287067,0.00026707,0.019758,-1.37717e-05,0.00157478,1
38.04,0.0314229,0.0280197,0.000272898,0.0200002,-7.59637e-05,0.00157426,1
38.05,0.0291189,0.0272623,0.000279045,0.0204055,-9.31046e-05,0.0015743,1
38.06,0.0248565,0.0270779,0.000285223,0.0208584,-8.36323e-05,0.00157431,1
38.07,0.0178776,0.0272067,0.000291629,0.0212928,-6.10406e-05,0.00157429,1
38.08,0.00584912,0.0272602,0.000296384,0.0216212,-8.43562e-05,0.00157421,1
38.09,-0.00445527,0.0272212,0.000295362,0.0217895,-7.77475e-05,0.00157409,1
38.1,-0.0105615,0.0270564,0.000292898,0.021813,-9.93464e-05,0.0015739,1
38.11,-0.00973986,0.0267514,0.00029041,0.0218389,-0.000126951,0.00157365,1
38.12,-0.00128841,0.026336,0.000287806,0.0220322,-0.000110725,0.00157333,1
38.13,0.00797441,0.0258324,0.000285364,0.0223814,-0.000104825,0.00157292,1
38.14,0.0135051,0.0252013,0.000281996,0.022753,-0.000114749,0.00157243,1
38.15,0.0122229,0.0245217,0.00027744,0.023027,-0.000122901,0.00157184,1
38.16,0.0146506,0.0237375,0.000271851,0.0231648,-0.000121269,0.00157116,1
38.17,0.0227871,0.0230496,0.000266282,0.0230859,-0.000131224,0.0015704,1
38.18,0.0417851,0.0225594,0.000260901,0.0224108,-0.000121019,0.00156956,1
38.19,0.052977,0.0220796,0.000256217,0.0212737,-8.95843e-05,0.00156866,1
38.2,0.0467265,0.0215423,0.000252559,0.0202691,-6.16306e-05,0.0015677,1
38.21,0.0176383,0.0209443,0.0002498,0.0196788,-2.3709e-05,0.0015667,1
38.22,0.00112802,0.0203288,0.000247975,0.0194058,-8.41724e-05,0.00156567,1
38.23,-0.00189384,0.0198618,0.000246997,0.0192961,-0.000315541,0.00156461,1
38.24,0.00632746,0.019839,0.000246642,0.0193378,-0.00048901,0.00156411,1
38.25,0.011966,0.0200012,0.000246597,0.0195275,-0.000466343,0.00156415,1
38.26,0.0148008,0.0202041,0.000246606,0.0197537,-0.000483748,0.00156417,1
38.27,0.0231064,0.0201518,0.000246651,0.0199886,-0.000480804,0.00156415,1
38.28,0.0296387,0.0198256,0.000246695,0.0201784,-0.000459794,0.00156408,1
38.29,0.0342339,0.0193623,0.000246629,0.0202634,-0.000424041,0.00156397,1
38.3,0.0343112,0.018921,0.000246365,0.0202826,-0.000437029,0.0015638,1
38.31,0.0282975,0.0185566,0.000246133,0.0203238,-0.000424183,0.00156357,1
38.32,0.0187736,0.0183057,0.000246138,0.0204095,-0.000428011,0.00156327,1
38.33,0.0116402,0.0182408,0.000246115,0.0204988,-0.000426269,0.00156288,1
38.34,0.00793417,0.0185603,0.000245852,0.020532,-0.000420006,0.00156241,1
38.35,0.00284042,0.019132,0.000245639,0.0204816,-0.000382346,0.00156185,1
38.36,0.0018989,0.0192842,0.000245282,0.0204196,-0.000363622,0.00156121,1
38.37,0.00354881,0.0192732,0.000244781,0.0203973,-0.00031275,0.00156048,1
38.38,-0.00348586,0.0193313,0.000244717,0.0204057,-0.000241584,0.00155968,1
38.39,-0.0174748,0.0193244,0.000248791,0.0201701,-0.000152491,0.00155882,1
38.4,-0.0153985,0.0192347,0.00025409,0.0197716,-0.000107124,0.00155791,1
38.41,-0.00311585,0.0191539,0.000259432,0.01949,-5.03804e-05,0.00155695,1
38.42,0.0059803,0.0190423,0.000264106,0.0193757,-2.10074e-05,0.00155597,1
38.43,0.00922408,0.0186438,0.000268933,0.0194187,-3.59026e-05,0.00155495,1
38.44,0.00721405,0.0175569,0.000273704,0.0196228,-4.95746e-05,0.00155447,1
38.45,0.00463706,0.0162236,0.000278508,0.0199626,-3.90993e-05,0.00155452,1
38.46,0.00261949,0.0156274,0.000283529,0.0203487,-9.04733e-05,0.00155454,1
38.47,0.00122305,0.0155846,0.000287695,0.0207204,-8.31683e-05,0.00155453,1
38.48,-0.00743154,0.0155874,0.000290499,0.020965,-7.89824e-05,0.00155447,1
38.49,-0.0151485,0.0156388,0.000287031,0.0210277,-4.70823e-05,0.00155437,1
38.5,-0.0214341,0.0157713,0.000281694,0.0209711,-4.74696e-05,0.00155422,1
38.51,-0.0201495,0.015919,0.00027555,0.0209308,-2.96724e-05,0.001554,1
38.52,-0.0161164,0.0159918,0.000268929,0.0210195,-4.8955e-05,0.0015537,1
38.53,-0.0136474,0.0158123,0.000261733,0.0212312,-3.94578e-05,0.00155333,1
38.54,-0.0119739,0.0153597,0.000255124,0.0214878,-3.12976e-05,0.00155287,1
38.55,-0.00881319,0.0148209,0.000248219,0.0217052,-3.30335e-05,0.00155232,1
38.56,-0.00788174,0.0142547,0.000241052,0.0218609,-5.50034e-05,0.0015517,1
38.57,-0.00150821,0.0138357,0.000233207,0.0219521,-6.20231e-05,0.00155099,1
38.58,0.0156676,0.013681,0.000225284,0.021632,-4.61116e-05,0.00155022,1
38.59,0.0323189,0.0136285,0.000217295,0.0208063,2.03637e-05,0.00154939,1
38.6,0.030969,0.0136095,0.000209934,0.0199706,7.82494e-05,0.00154851,1
38.61,0.00551643,0.0136163,0.000203426,0.0194251,6.86808e-05,0.0015476,1
38.62,-0.00962419,0.0136241,0.000197988,0.0191608,4.56262e-06,0.00154666,1
38.63,-0.0113676,0.0136211,0.000194353,0.0190545,-0.000193241,0.0015457,1
38.64,-0.00596437,0.0135645,0.000192813,0.0190946,-0.00038793,0.00154524,1
38.65,0.00164034,0.0134103,0.000192353,0.0192624,-0.000387676,0.0015453,1
38.66,0.00580537,0.0134584,0.000192363,0.01947,-0.000392471,0.00154532,1
38.67,0.014464,0.0135183,0.000192621,0.0196915,-0.00037489,0.00154531,1
38.68,0.019213,0.0135076,0.000192802,0.0198932,-0.000387264,0.00154527,1
38.69,0.0219276,0.0134808,0.00019292,0.020035,-0.000364324,0.00154518,1
38.7,0.0190718,0.0134875,0.000193016,0.0201321,-0.000378566,0.00154504,1
38.71,0.00864452,0.0134928,0.000192858,0.0202536,-0.000365759,0.00154484,1
38.72,0.000725228,0.0134908,0.000192493,0.0203714,-0.000351613,0.00154456,1
38.73,-0.00544736,0.0135752,0.000192177,0.0204219,-0.00032566,0.00154421,1
38.74,-0.0131722,0.0141385,0.000191939,0.0203545,-0.000289802,0.00154379,1
38.75,-0.0187842,0.0151738,0.00019179,0.0201932,-0.000271432,0.00154328,1
38.76,-0.0201753,0.0156462,0.000191716,0.0199963,-0.000212843,0.0015427,1
38.77,-0.021159,0.0155951,0.000191645,0.0198291,-0.00020288,0.00154205,1
38.78,-0.0164539,0.0154871,0.000192254,0.019726,-0.00016459,0.00154133,1
38.79,-0.0198779,0.0154145,0.000197506,0.0195853,-0.000138658,0.00154057,1
38.8,-0.0168936,0.0154186,0.000204284,0.0193689,-8.41743e-05,0.00153976,1
38.81,-0.00855662,0.0155834,0.000210631,0.0192047,-4.70594e-05,0.00153892,1
38.82,-6.36437e-06,0.0161093,0.00021674,0.0191304,-1.38892e-05,0.00153806,1
38.83,0.00458141,0.0169351,0.000222482,0.0191491,-4.11045e-05,0.00153717,1
38.84,0.00389199,0.0175512,0.000227668,0.0193211,-5.38607e-05,0.00153684,1
38.85,0.00371104,0.0178326,0.000232349,0.0196246,-7.55126e-05,0.0015369,1
38.86,0.00393913,0.0183158,0.000236368,0.0199573,-7.15438e-05,0.00153693,1
38.87,0.00364872,0.0186785,0.000239582,0.020262,-0.000108327,0.00153693,1
38.88,-0.00348786,0.0187681,0.000242153,0.0204336,-0.000109415,0.00153689,1
38.89,-0.0101588,0.0187429,0.000239995,0.0204169,-9.78043e-05,0.00153682,1
38.9,-0.0139939,0.0187361,0.000235748,0.0203134,-9.88359e-05,0.00153669,1
38.91,-0.0106399,0.0187383,0.000230567,0.0202138,-8.39918e-05,0.00153651,1
38.92,-0.00797572,0.0186943,0.000225268,0.0202115,-7.68533e-05,0.00153627,1
38.93,-0.00569536,0.0185355,0.000219077,0.0203109,-5.16786e-05,0.00153595,1
38.94,-0.00635544,0.0183376,0.000212601,0.0204553,-8.27741e-05,0.00153556,1
38.95,-0.00568363,0.0182554,0.000205972,0.0206368,-5.71139e-05,0.00153511,1
38.96,-0.00332953,0.0182719,0.00019895,0.0208292,-4.15685e-05,0.00153458,1
38.97,0.00299307,0.0183912,0.000193026,0.0210239,-3.26244e-05,0.00153398,1
38.98,0.0208225,0.0185639,0.000187223,0.0209497,1.15784e-05,0.00153333,1
38.99,0.0400736,0.018755,0.000182054,0.0203611,9.55821e-06,0.00153264,1
39,0.0427993,0.0188405,0.000177792,0.019674,2.48327e-06,0.0015319,1
39.01,0.0214564,0.018868,0.000174576,0.01919,1.25084e-05,0.00153114,1
39.02,0.0092499,0.0188897,0.000171915,0.0189435,-2.62345e-05,0.00153036,1
39.03,0.00609744,0.018908,0.000169913,0.0188448,-0.000224486,0.00152956,1
39.04,0.00822342,0.0188245,0.00016866,0.0188787,-0.000358716,0.00152919,1
39.05,0.0142213,0.0186199,0.000168201,0.0190323,-0.00036045,0.00152925,1
39.06,0.0240257,0.0185101,0.000168102,0.0192262,-0.000363739,0.00152929,1
39.07,0.0344298,0.0185031,0.000168276,0.0194453,-0.000366236,0.0015293,1
39.08,0.0398611,0.0184982,0.000168647,0.0196534,-0.000352742,0.00152928,1
39.09,0.0412125,0.0184872,0.000168882,0.0198259,-0.000341796,0.00152922,1
39.1,0.0381028,0.0184814,0.000169193,0.0199881,-0.000320201,0.00152912,1
39.11,0.0312761,0.0184719,0.000169467,0.0201394,-0.00030023,0.00152896,1
39.12,0.0212441,0.0184735,0.000169569,0.0202645,-0.000264365,0.00152875,1
39.13,0.0114795,0.0186439,0.000169488,0.0202655,-0.000248835,0.00152847,1
39.14,0.00289272,0.019416,0.000169772,0.0201239,-0.000232891,0.00152812,1
39.15,-0.00211773,0.0208238,0.000170588,0.0198581,-0.000205553,0.00152771,1
39.16,-0.00513665,0.0216685,0.000171956,0.0195468,-0.000165253,0.00152724,1
39.17,-0.00241814,0.0218329,0.000173452,0.0192813,-0.000107063,0.00152671,1
39.18,0.00251389,0.0218936,0.000174333,0.0191011,-5.03478e-05,0.00152613,1
39.19,0.0145257,0.0219953,0.000174168,0.0190217,-2.75968e-05,0.00152552,1
39.2,0.0177769,0.022211,0.000173898,0.0190124,1.22982e-05,0.00152487,1
39.21,0.014882,0.0226833,0.000173769,0.0190058,5.3398e-05,0.0015242,1
39.22,0.0174968,0.0235347,0.000173679,0.018992,6.84075e-05,0.00152352,1
39.23,0.0199731,0.024449,0.000173707,0.019011,4.15733e-05,0.00152282,1
39.24,0.0214265,0.0250872,0.000173852,0.0191446,3.07109e-05,0.00152249,1
39.25,0.0210877,0.0251667,0.000173896,0.0194072,3.2689e-05,0.00152255,1
39.26,0.0229897,0.0252002,0.00017391,0.0197111,2.52493e-05,0.00152259,1
39.27,0.0213666,0.0253421,0.000173932,0.0199714,3.57336e-05,0.00152262,1
39.28,0.0158116,0.0253814,0.000173205,0.0201019,3.89647e-05,0.00152261,1
39.29,0.00689543,0.0253716,0.000167198,0.0200634,6.02307e-05,0.00152257,1
39.3,-0.000773121,0.0253895,0.00015888,0.0199215,7.15982e-05,0.0015225,1
39.31,-0.0035974,0.0254303,0.000150446,0.0197817,6.8918e-05,0.00152238,1
39.32,-0.000590788,0.0252675,0.000141651,0.01972,7.93502e-05,0.00152221,1
39.33,0.000397724,0.0248373,0.000132753,0.0197516,7.78875e-05,0.00152199,1
39.34,-0.000678847,0.0241879,0.000124438,0.0198554,9.32641e-05,0.0015217,1
39.35,-0.000772932,0.0237331,0.000116543,0.020011,9.71941e-05,0.00152137,1
39.36,0.000464615,0.0233449,0.000109759,0.0202068,8.82981e-05,0.00152098,1
39.37,0.00905744,0.023106,0.000105368,0.0204473,9.8816e-05,0.00152054,1
39.38,0.0289388,0.0230294,0.000101996,0.0204785,0.000109766,0.00152006,1
39.39,0.0494685,0.023108,9.77297e-05,0.0200135,0.000144268,0.00151955,1
39.4,0.0548933,0.0232642,9.38284e-05,0.0194157,0.000162942,0.00151901,1
39.41,0.028402,0.0235285,9.26391e-05,0.0190185,0.000185557,0.00151845,1
39.42,0.0149457,0.0238947,9.36583e-05,0.018808,0.000167464,0.00151788,1
39.43,0.0141123,0.0242742,9.76064e-05,0.0187128,6.56868e-05,0.00151729,1
39.44,0.0187891,0.0245001,0.000101858,0.0187355,-1.21284e-05,0.00151703,1
39.45,0.0279296,0.0244727,0.000106227,0.0188615,-1.11267e-05,0.00151709,1
39.46,0.0398665,0.0243863,0.000110939,0.019032,-1.73787e-07,0.00151715,1
39.47,0.0466557,0.0242883,0.000115594,0.0192438,-1.51107e-05,0.00151718,1
39.48,0.0503808,0.024157,0.000120137,0.0194846,-4.47051e-05,0.00151719,1
39.49,0.0479333,0.0239731,0.000124288,0.0197247,-3.17361e-05,0.00151717,1
39.5,0.0400947,0.0237893,0.000128074,0.0199597,-2.51986e-05,0.0015171,1
39.51,0.0297386,0.0235997,0.000131817,0.0201781,1.872e-05,0.00151699,1
39.52,0.0171933,0.0233894,0.000135422,0.0202895,2.62427e-05,0.00151684,1
39.53,0.00396776,0.02338,0.000139434,0.0202377,3.25104e-05,0.00151663,1
39.54,-0.0077669,0.0241217,0.000143184,0.0199949,3.77299e-05,0.00151637,1
39.55,-0.0179338,0.0254823,0.00014684,0.0196109,3.90748e-05,0.00151607,1
39.56,-0.0212397,0.0262751,0.000150571,0.0192191,6.66134e-05,0.00151572,1
39.57,-0.0220052,0.026453,0.000154395,0.0189325,8.47181e-05,0.00151533,1
39.58,-0.00962946,0.0265353,0.000156394,0.0187697,9.02628e-05,0.00151492,1
39.59,0.0177304,0.0266543,0.000156482,0.0187121,0.000110759,0.00151448,1
39.6,0.0245208,0.0268645,0.000156403,0.0187562,0.000136134,0.00151402,1
39.61,0.0136363,0.0272631,0.000156257,0.0188401,0.000170975,0.00151356,1
39.62,0.0106263,0.0279038,0.000156417,0.0188902,0.00018547,0.00151308,1
39.63,0.01354,0.0286641,0.000156464,0.0189171,0.000178221,0.00151261,1
39.64,0.0170375,0.0289801,0.000156129,0.0190224,9.42684e-05,0.0015124,1
39.65,0.0221536,0.028617,0.000155766,0.0192459,0.000126019,0.00151246,1
39.66,0.0288427,0.0283532,0.000155621,0.0195115,0.000172044,0.00151251,1
39.67,0.0305214,0.0283509,0.000155751,0.019758,0.000194407,0.00151256,1
39.68,0.0282384,0.0283048,0.000157203,0.0198826,0.000217106,0.00151259,1
39.69,0.0204755,0.0282464,0.000160306,0.019844,0.000198759,0.0015126,1
39.7,0.00947084,0.028243,0.000164263,0.0196925,0.000230716,0.00151258,1
39.71,0.00465586,0.0281736,0.000167852,0.0195387,0.000218705,0.00151253,1
39.72,0.00250298,0.0277907,0.000172218,0.0194495,0.000244054,0.00151244,1
39.73,0.00136048,0.0271782,0.000177306,0.0194649,0.000237572,0.00151232,1
39.74,-0.00213541,0.0262991,0.00018312,0.0195672,0.000223111,0.00151216,1
39.75,-0.00315722,0.0258812,0.000190214,0.0197321,0.000223654,0.00151196,1
39.76,-0.00182846,0.0257243,0.000197643,0.0199636,0.000215773,0.00151173,1
39.77,0.00691909,0.0255866,0.000205976,0.0202525,0.000230107,0.00151147,1
39.78,0.0314492,0.0255741,0.000213949,0.0203167,0.000249996,0.00151118,1
39.79,0.0547018,0.0256274,0.000220522,0.0198827,0.000232837,0.00151087,1
39.8,0.0585008,0.0256403,0.00022697,0.019301,0.000245084,0.00151054,0
39.81,0.0282628,0.0256192,0.000233982,0.0188923,0.000251036,0.00151021,0
39.82,0.0156699,0.0257088,0.000240378,0.0186986,0.000231908,0.00150986,0
39.83,0.0158104,0.0258482,0.000246925,0.0186144,0.000142506,0.00150951,0
39.84,0.0213857,0.025936,0.000253675,0.0186437,7.78012e-05,0.00150942,0
39.85,0.0279348,0.0257305,0.000260252,0.0187551,0.000102181,0.00150948,0
39.86,0.03761,0.0256212,0.00026735,0.0189141,9.10676e-05,0.00150953,0
39.87,0.0469818,0.0256177,0.000274621,0.0191353,0.000109259,0.00150955,0
39.88,0.0510244,0.0256304,0.000281785,0.0194042,9.62016e-05,0.00150954,0
39.89,0.0467983,0.0256331,0.000289712,0.0197284,0.000114788,0.0015095,0
39.9,0.0392758,0.0256209,0.000297402,0.0200748,0.000161052,0.00150943,0
39.91,0.0272324,0.0254927,0.00030472,0.0203929,0.000173833,0.00150933,0
39.92,0.0127406,0.0251884,0.000312297,0.0205616,0.000208005,0.0015092,0
39.93,-0.00325406,0.024875,0.000320365,0.0204643,0.00020849,0.00150904,0
39.94,-0.0158679,0.0251667,0.000328434,0.0200761,0.000255216,0.00150886,0
39.95,-0.0277479,0.0261299,0.000337166,0.0195295,0.000239947,0.00150865,0
39.96,-0.0303,0.0265777,0.000346911,0.0190076,0.000257028,0.00150843,0
39.97,-0.0287854,0.0266152,0.000355986,0.0186776,0.000273663,0.0015082,0
39.98,-0.0154541,0.0266141,0.000363934,0.0185535,0.000314593,0.00150796,0
39.99,0.0199544,0.0266368,0.000369263,0.0185128,0.000345878,0.00150771,0
40,0.0362722,0.0267623,0.000373936,0.0185085,0.00036896,0.00150747,0
40.01,0.0203036,0.0271267,0.000378206,0.0186533,0.000406529,0.00150723,0
40.02,0.0110852,0.0278083,0.000383134,0.0187795,0.000419745,0.00150699,0
40.03,0.0107168,0.0284885,0.000388096,0.0188385,0.000391559,0.00150676,0
40.04,0.0132876,0.0286499,0.000393695,0.0189241,0.000381442,0.00150669,0
40.05,0.0166133,0.0280751,0.000399559,0.019102,0.000396663,0.00150677,0
40.06,0.0229604,0.0277222,0.000406162,0.019326,0.00039377,0.00150683,0
40.07,0.0283435,0.0276808,0.000412602,0.019542,0.000402531,0.00150688,0
40.08,0.0208465,0.0276167,0.000420009,0.019642,0.000418632,0.00150691,0
40.09,0.00815779,0.0275455,0.000428507,0.0195802,0.000426815,0.00150692,0
40.1,-0.00522512,0.027543,0.00043734,0.0194174,0.000443019,0.00150691,0
40.11,-0.0111201,0.0275004,0.000446238,0.0192428,0.000481921,0.00150688,0
40.12,-0.0124143,0.0271201,0.000455419,0.0191585,0.000477827,0.00150684,0
40.13,-0.0139561,0.0263345,0.000464421,0.0191771,0.000490535,0.00150677,0
40.14,-0.0191941,0.0254422,0.000473392,0.0193023,0.000500569,0.00150668,0
40.15,-0.0173212,0.0250856,0.000481867,0.0195244,0.000488664,0.00150659,0
40.16,-0.0138804,0.0248586,0.00049027,0.0198265,0.00051162,0.00150648,0
40.17,-0.00123175,0.0247256,0.000498008,0.0201687,0.000527111,0.00150636,0
40.18,0.0242757,0.024731,0.000504738,0.020213,0.000560094,0.00150624,0
40.19,0.0486272,0.0247601,0.000510672,0.0197124,0.000566041,0.00150612,0
40.2,0.0504273,0.0246595,0.000515933,0.019072,0.000606954,0.001506,0
40.21,0.0173822,0.0244959,0.000521117,0.0186353,0.000633219,0.00150588,0
40.22,0.00326261,0.0244955,0.000525846,0.0184376,0.000606009,0.00150577,0
40.23,0.00377867,0.0246058,0.000530217,0.0183605,0.000538095,0.00150566,0
40.24,0.0128505,0.0247627,0.000534377,0.0183761,0.000475175,0.00150565,0
40.25,0.0251979,0.0244176,0.000538267,0.018472,0.000465622,0.00150573,0
40.26,0.0397405,0.0240645,0.000542489,0.0186208,0.000472919,0.00150581,0
40.27,0.0463609,0.0239803,0.000546504,0.0188387,0.000479883,0.00150588,0
40.28,0.0495441,0.0239473,0.000551155,0.0191442,0.000524616,0.00150594,0
40.29,0.0457253,0.0238863,0.000556373,0.019517,0.00051924,0.00150599,0
40.3,0.0381455,0.0238088,0.000561325,0.0199349,0.000563217,0.00150602,0
40.31,0.024884,0.0236549,0.000565941,0.0203132,0.000564984,0.00150605,0
40.32,0.0114691,0.023376,0.00057071,0.020517,0.000583331,0.00150606,0
40.33,-0.00433834,0.0233248,0.000575049,0.0204128,0.000595688,0.00150606,0
40.34,-0.0169027,0.0242372,0.000579359,0.0200372,0.000624175,0.00150605,0
40.35,-0.0297337,0.0257815,0.000583631,0.0195029,0.000638583,0.00150604,0
40.36,-0.0292498,0.0263587,0.000587158,0.0189943,0.000640657,0.00150602,0
40.37,-0.024637,0.0263659,0.000590238,0.0186566,0.000649373,0.00150599,0
40.38,-0.00871308,0.0263266,0.000592608,0.0185008,0.000660491,0.00150596,0
40.39,0.0240039,0.0262899,0.000593449,0.0184677,0.000646259,0.00150592,0
40.4,0.0330307,0.0263031,0.000593792,0.0185912,0.00065272,0.00150589,0
40.41,0.0145041,0.0265214,0.000594314,0.0188141,0.00065256,0.00150586,0
40.42,0.00730108,0.0270904,0.000595033,0.0189319,0.000634949,0.00150583,0
40.43,0.0100262,0.0278014,0.000595443,0.0189606,0.00060132,0.0015058,0
40.44,0.0149639,0.0280982,0.000595823,0.0190332,0.000583321,0.00150583,0
40.45,0.0184196,0.0277387,0.000595904,0.0192176,0.000565236,0.00150592,0
40.46,0.0273152,0.0276155,0.000595356,0.0194706,0.000575287,0.00150601,0
40.47,0.0312427,0.0276927,0.00059527,0.0197199,0.000557312,0.00150609,0
40.48,0.0260341,0.0277024,0.000595866,0.0198691,0.000577633,0.00150616,0
40.49,0.0157986,0.0277756,0.00059871,0.0198557,0.000563187,0.00150623,0
40.5,0.00162644,0.0279498,0.00060281,0.0197166,0.000599014,0.00150628,0
40.51,-0.00517129,0.0280161,0.0006073,0.0195585,0.000617369,0.00150634,0
40.52,-0.00755251,0.027737,0.00061168,0.0194858,0.000644196,0.00150638,0
40.53,-0.00288774,0.0271718,0.000616959,0.0195367,0.00065849,0.00150642,0
40.54,-0.00396362,0.0263217,0.000621646,0.0197006,0.000656823,0.00150645,0
40.55,-0.00467239,0.0257823,0.000626373,0.0199712,0.000654364,0.00150648,0
40.56,-0.000912448,0.0254113,0.000631258,0.020295,0.00064891,0.0015065,0
40.57,0.0124768,0.0252689,0.000636128,0.0206215,0.000642321,0.00150652,0
40.58,0.0381084,0.0252538,0.000640424,0.0205592,0.00065687,0.00150654,0
40.59,0.060597,0.0252089,0.000644076,0.0199197,0.000658753,0.00150656,0
40.6,0.0577016,0.024995,0.000647956,0.0191842,0.000650255,0.00150658,0
40.61,0.0197844,0.0246383,0.0006516,0.0187228,0.000646141,0.0015066,0
40.62,0.00610911,0.0243975,0.000655247,0.0185145,0.000622735,0.00150663,0
40.63,0.00962421,0.0243151,0.00065964,0.0184312,0.00057567,0.00150665,0
40.64,0.0155368,0.0242894,0.000663967,0.0184483,0.00050885,0.00150671,0
40.65,0.0235568,0.0238785,0.000668651,0.0185545,0.000521415,0.0015068,0
40.66,0.0368571,0.023732,0.000673035,0.0187149,0.000540301,0.00150689,0
40.67,0.0444142,0.0239059,0.000677764,0.0189567,0.000569858,0.00150698,0
40.68,0.0469345,0.0241061,0.000682877,0.0192856,0.000573195,0.00150707,0
40.69,0.0450343,0.0242016,0.00068811,0.0196875,0.000573319,0.00150715,0
40.7,0.0348733,0.0242542,0.000693158,0.0201265,0.000580582,0.00150723,0
40.71,0.0234,0.0241753,0.000697904,0.020536,0.00060268,0.0015073,0
40.72,0.00990636,0.02383,0.000702277,0.0207668,0.000614415,0.00150737,0
40.73,-0.00840058,0.0235603,0.000706113,0.0207075,0.000629096,0.00150744,0
40.74,-0.0233679,0.0240534,0.0007098,0.0203454,0.000670531,0.00150751,0
40.75,-0.0333156,0.0251779,0.000713494,0.0197936,0.000695574,0.00150757,0
40.76,-0.0346754,0.0255383,0.000717156,0.0192317,0.000693526,0.00150763,0
40.77,-0.0297673,0.0255298,0.000720954,0.0188214,0.000744146,0.00150769,0
40.78,-0.0188608,0.025522,0.000724231,0.0186054,0.000761148,0.00150775,0
40.79,0.0121112,0.0255209,0.000726429,0.01856,0.000748467,0.00150781,0
40.8,0.0203584,0.0255343,0.000728528,0.0187098,0.000789555,0.00150787,0
40.81,0.000519379,0.0256249,0.000730982,0.0189123,0.00079608,0.00150792,0
40.82,-0.00212098,0.0258303,0.000733375,0.0190096,0.000798953,0.00150798,0
40.83,0.000309979,0.0259394,0.000735845,0.0190299,0.00077544,0.00150805,0
40.84,0.00339476,0.0252983,0.000738296,0.0191253,0.000791892,0.00150813,0
40.85,0.00630743,0.0239866,0.000740865,0.0193383,0.000806396,0.00150822,0
40.86,0.0114727,0.0234427,0.000743864,0.0196076,0.000803851,0.00150831,0
40.87,0.0134098,0.0233907,0.000747372,0.0198886,0.000834325,0.00150841,0
40.88,0.0110951,0.0234393,0.000751347,0.0200591,0.000844651,0.0015085,0
40.89,0.000472487,0.023709,0.00075613,0.0200656,0.000850979,0.00150859,0
40.9,-0.0120374,0.0241628,0.00076129,0.0199338,0.000854764,0.00150868,0
40.91,-0.0212593,0.0246564,0.000765959,0.0197755,0.000853,0.00150877,0
40.92,-0.024152,0.0247068,0.000770187,0.0197134,0.000865758,0.00150886,0
40.93,-0.0217196,0.0242893,0.000774662,0.0197742,0.000848722,0.00150895,0
40.94,-0.0190948,0.0234345,0.000779524,0.0199583,0.000834806,0.00150903,0
40.95,-0.0192575,0.0228203,0.000784337,0.0202414,0.00080811,0.00150912,0
40.96,-0.0130223,0.0224722,0.000788796,0.020574,0.00081422,0.0015092,0
40.97,0.00385574,0.02233,0.000793082,0.0208866,0.000770947,0.00150928,0
40.98,0.0294534,0.022327,0.000797485,0.0207992,0.000764583,0.00150936,0
40.99,0.0509847,0.0222091,0.000801387,0.0201362,0.0007715,0.00150944,0
41,0.0481237,0.0218348,0.00080476,0.0194024,0.000782571,0.00150952,0
41.01,0.0101002,0.0212977,0.000808026,0.0189563,0.000803103,0.00150961,0
41.02,-0.00509864,0.0208128,0.000811126,0.0187525,0.000823804,0.00150969,0
41.03,-0.00159654,0.0205166,0.000813248,0.0186692,0.000782879,0.00150977,0
41.04,0.00419583,0.0204717,0.000815495,0.0186853,0.000761104,0.00150986,0
41.05,0.0126479,0.020354,0.000817498,0.0187914,0.00075796,0.00150995,0
41.06,0.0203386,0.0205229,0.000818912,0.0189574,0.000780685,0.00151004,0
41.07,0.0278083,0.0208486,0.000820301,0.0191997,0.000777502,0.00151014,0
41.08,0.0294708,0.0212029,0.00082215,0.0195386,0.000773089,0.00151023,0
41.09,0.0269986,0.0216055,0.000823932,0.019943,0.000784779,0.00151033,0
41.1,0.0207002,0.0220599,0.000825072,0.0203789,0.000796433,0.00151042,0
41.11,0.00991893,0.0224091,0.000826672,0.0207774,0.000802321,0.00151051,0
41.12,-0.00445545,0.0225338,0.000828651,0.0209964,0.000823597,0.0015106,0
41.13,-0.0206586,0.0224836,0.000830314,0.0209285,0.000807952,0.00151069,0
41.14,-0.0339048,0.0228071,0.000832022,0.0205478,0.000811161,0.00151078,0
41.15,-0.0433206,0.0235242,0.000833547,0.0199726,0.000796053,0.00151087,0
41.16,-0.0445365,0.023645,0.000835272,0.0193845,0.000790226,0.00151096,0
41.17,-0.0378731,0.023457,0.000836986,0.0189564,0.000803452,0.00151104,0
41.18,-0.022556,0.0233354,0.000839016,0.018726,0.000831239,0.00151113,0
41.19,0.00947812,0.0232372,0.000841641,0.0186703,0.000851675,0.00151122,0
41.2,0.0176976,0.0230862,0.000844393,0.0188139,0.000844684,0.00151131,0
41.21,6.97004e-05,0.0229789,0.000846951,0.0190232,0.000830394,0.0015114,0
41.22,-0.00417319,0.0230551,0.000849622,0.0191179,0.000863782,0.00151149,0
41.23,-0.00281171,0.0231756,0.000852933,0.0191387,0.000854499,0.00151157,0
41.24,-0.000895217,0.0226743,0.000856316,0.0192237,0.000868031,0.00151167,0
41.25,0.00225022,0.0214991,0.000859373,0.0194345,0.000850549,0.00151176,0
41.26,0.00638619,0.0210914,0.000861544,0.0197134,0.000865676,0.00151186,0
41.27,0.0107496,0.0211143,0.000862996,0.0199857,0.000873208,0.00151195,0
41.28,0.00703423,0.021348,0.000864164,0.0201661,0.000853966,0.00151205,0
41.29,-0.00373182,0.0220826,0.000866447,0.0201728,0.0008548,0.00151214,0
41.3,-0.0178205,0.0233239,0.000869174,0.0200403,0.000879831,0.00151224,0
41.31,-0.0253333,0.0246187,0.00087125,0.0198763,0.000854507,0.00151233,0
41.32,-0.0273217,0.0256361,0.000873072,0.0198084,0.000879441,0.00151243,0
41.33,-0.0284954,0.0263171,0.00087541,0.019863,0.00087384,0.00151252,0
41.34,-0.0315927,0.0263786,0.000878129,0.0200429,0.000851675,0.00151262,0
41.35,-0.0311009,0.0261486,0.000880592,0.020326,0.000858759,0.00151271,0
41.36,-0.025924,0.02613,0.000882364,0.0206591,0.000893269,0.0015128,0
41.37,-0.0115712,0.0263422,0.000883846,0.0209861,0.000919988,0.0015129,0
41.38,0.0148574,0.0265274,0.000885581,0.0208943,0.000928603,0.00151299,0
41.39,0.0387791,0.0264179,0.000887632,0.0202276,0.000924557,0.00151308,0
41.4,0.0374769,0.0260111,0.000889986,0.0194738,0.000934581,0.00151318,0
41.41,0.00156106,0.0253052,0.000892746,0.0190294,0.000940948,0.00151327,0
41.42,-0.0149845,0.024665,0.00089563,0.0188149,0.000942415,0.00151336,0
41.43,-0.0149537,0.0242813,0.000898298,0.0187238,0.000957306,0.00151346,0
41.44,-0.00948081,0.0243531,0.000900807,0.0187354,0.000968858,0.00151355,0
41.45,0.00076157,0.0246155,0.000903238,0.0188397,0.000944192,0.00151364,0
41.46,0.0125204,0.025208,0.000905624,0.0190002,0.000925513,0.00151374,0
41.47,0.0211392,0.0259221,0.000907987,0.0192395,0.000920596,0.00151383,0
41.48,0.0242279,0.0265311,0.00091063,0.0195728,0.000924481,0.00151393,0
41.49,0.0206001,0.0270849,0.000913088,0.0199696,0.000933918,0.00151402,0
41.5,0.0108459,0.0276011,0.000915442,0.0204092,0.000919085,0.00151412,0
41.51,-0.00119269,0.0280567,0.00091787,0.0208116,0.000890047,0.00151421,0
41.52,-0.015212,0.0282894,0.000919884,0.0210253,0.000874435,0.00151431,0
41.53,-0.0309916,0.0282943,0.000921712,0.020938,0.000881654,0.0015144,0
41.54,-0.0487296,0.0284408,0.000923758,0.0205445,0.000912498,0.00151449,0
41.55,-0.058026,0.0288051,0.000926246,0.019966,0.000886018,0.00151459,0
41.56,-0.0564244,0.0287269,0.000928759,0.0193699,0.000874246,0.00151468,0
41.57,-0.0543101,0.0285858,0.000931809,0.018943,0.000884356,0.00151477,0
41.58,-0.0432538,0.0285057,0.000935283,0.0187227,0.000910704,0.00151487,0
41.59,-0.0120149,0.0283192,0.000938942,0.01867,0.000920988,0.00151496,0
41.6,-0.00525017,0.02801,0.000942249,0.0188229,0.000903158,0.00151505,0
41.61,-0.0229151,0.027709,0.000945251,0.0190478,0.000887018,0.00151514,0
41.62,-0.0254147,0.0275731,0.000948031,0.0191622,0.000908447,0.00151523,0
41.63,-0.0242461,0.0276225,0.000950502,0.0191909,0.000916587,0.00151533,0
41.64,-0.020457,0.0273963,0.000952789,0.0192766,0.000933565,0.00151542,0
41.65,-0.0186001,0.0267865,0.000954432,0.0194897,0.000933028,0.00151551,0
41.66,-0.0140962,0.0265738,0.000955522,0.0197704,0.000939414,0.00151561,0
41.67,-0.0101947,0.0266219,0.000956586,0.0200584,0.000938457,0.0015157,0
41.68,-0.0133904,0.0268491,0.000957114,0.0202264,0.000961224,0.0015158,0
41.69,-0.0245926,0.0274669,0.000956814,0.0202267,0.000976987,0.00151589,0
41.7,-0.036615,0.0285215,0.000956694,0.0200867,0.000962044,0.00151599,0
41.71,-0.042854,0.0298526,0.000957363,0.0199149,0.000956251,0.00151608,0
41.72,-0.0416247,0.031066,0.000957954,0.0198397,0.000976682,0.00151618,0
41.73,-0.0389923,0.0318781,0.000958164,0.0199022,0.000980369,0.00151627,0
41.74,-0.0383179,0.0320443,0.00095795,0.0200858,0.000969886,0.00151637,0
41.75,-0.0374115,0.0319789,0.000957904,0.0203885,0.000986731,0.00151646,0
41.76,-0.0329353,0.0320839,0.000958216,0.0207412,0.000978831,0.00151655,0
41.77,-0.0189,0.03234,0.000959151,0.0210791,0.000957078,0.00151664,0
41.78,0.007843,0.032442,0.000960421,0.0209796,0.000965079,0.00151674,0
41.79,0.032034,0.0321538,0.000961484,0.020284,0.000985753,0.00151683,0
41.8,0.0301115,0.0314226,0.00096215,0.0195156,0.000980117,0.00151692,0
41.81,-0.00775636,0.0304719,0.000962851,0.0190275,0.00100168,0.00151701,0
41.82,-0.0228756,0.0295015,0.000963198,0.0188019,0.00103864,0.0015171,0
41.83,-0.0208916,0.0286542,0.00096294,0.0187101,0.0010448,0.00151719,0
41.84,-0.0135383,0.0284549,0.000962043,0.0187373,0.00103413,0.00151728,0
41.85,-0.00709436,0.028822,0.000961271,0.0188508,0.00101656,0.00151737,0
41.86,0.00416404,0.0294259,0.000960985,0.0190226,0.0010443,0.00151747,0
41.87,0.0121616,0.0300005,0.00096042,0.0192815,0.00103596,0.00151756,0
41.88,0.014352,0.0305131,0.000960044,0.0196386,0.00104229,0.00151765,0
41.89,0.0104642,0.031057,0.000959599,0.0200615,0.00102416,0.00151775,0
41.9,0.00327763,0.0316709,0.000958525,0.0205307,0.00100124,0.00151784,0
41.91,-0.00682002,0.0322816,0.000957641,0.0209458,0.000976747,0.00151793,0
41.92,-0.0224497,0.0326687,0.000957182,0.0211752,0.000989702,0.00151802,0
41.93,-0.0374839,0.032749,0.000957073,0.0211071,0.000964613,0.00151811,0
41.94,-0.0490317,0.032687,0.000957095,0.0207114,0.00094446,0.0015182,0
41.95,-0.0604444,0.0325581,0.00095689,0.0201114,0.000962809,0.00151828,0
41.96,-0.06399,0.0321095,0.000956688,0.0194839,0.000964427,0.00151837,0
41.97,-0.0603765,0.0317583,0.000956492,0.0190177,0.000946016,0.00151846,0
41.98,-0.0447796,0.0315386,0.000956372,0.0187641,0.000944427,0.00151854,0
41.99,-0.0142607,0.0312947,0.000957266,0.0187059,0.000933454,0.00151863,0
42,-0.00834689,0.030957,0.000958363,0.0188724,0.000927519,0.00151872,0
42.01,-0.0288048,0.0305649,0.000959598,0.0190961,0.000935261,0.0015188,0
42.02,-0.0299883,0.0303246,0.000960746,0.0192047,0.000943465,0.00151889,0
42.03,-0.0280138,0.030302,0.000962185,0.0192254,0.00093657,0.00151897,0
42.04,-0.0245658,0.030184,0.000963266,0.019314,0.000930991,0.00151906,0
42.05,-0.0219162,0.0298027,0.000963819,0.0195259,0.000934234,0.00151915,0
42.06,-0.0170153,0.0297429,0.000964325,0.0198123,0.000901097,0.00151925,0
42.07,-0.0121295,0.0298141,0.00096408,0.0200964,0.000890659,0.00151934,0
42.08,-0.0163366,0.030106,0.00096318,0.0202812,0.000874091,0.00151944,0
42.09,-0.0254364,0.0308224,0.000962105,0.0202837,0.000870316,0.00151953,0
42.1,-0.0424969,0.0319811,0.000961455,0.0201357,0.000882889,0.00151962,0
42.11,-0.046958,0.0334526,0.000960503,0.0199695,0.000862228,0.00151972,0
42.12,-0.046521,0.0347888,0.00095897,0.0198948,0.000884387,0.00151981,0
42.13,-0.046098,0.0357251,0.00095747,0.0199518,0.000895307,0.0015199,0
42.14,-0.0460369,0.0360941,0.000955883,0.0201394,0.000875195,0.00151999,0
42.15,-0.0492413,0.0361212,0.000955004,0.0204352,0.000884748,0.00152008,0
42.16,-0.0433883,0.0361922,0.000954067,0.0207832,0.000901723,0.00152017,0
42.17,-0.0292455,0.0363187,0.000953025,0.0211189,0.000939953,0.00152025,0
42.18,-0.00271696,0.036248,0.000952951,0.0210152,0.000963286,0.00152034,0
42.19,0.0201722,0.0358482,0.000954137,0.0203088,0.00097684,0.00152042,0
42.2,0.0188886,0.035082,0.000955956,0.0195202,0.000951118,0.00152051,0
42.21,-0.0194051,0.0339892,0.000957535,0.0190314,0.000947407,0.00152059,0
42.22,-0.0306127,0.0328188,0.00095987,0.0188046,0.00096468,0.00152067,0
42.23,-0.0297877,0.0318634,0.000962825,0.0187111,0.000997299,0.00152075,0
42.24,-0.0226018,0.0315797,0.000966362,0.0187272,0.00102479,0.00152084,0
42.25,-0.0127715,0.0317659,0.000970326,0.0188404,0.00103651,0.00152094,0
42.26,-0.002207,0.0320535,0.000974657,0.0190174,0.00102384,0.00152103,0
42.27,0.00382094,0.0322772,0.000978588,0.0192768,0.00102767,0.00152112,0
42.28,0.00940418,0.0325164,0.000982106,0.0196297,0.00101828,0.00152121,0
42.29,0.00639716,0.032771,0.000984994,0.0200541,0.0010239,0.0015213,0
42.3,-0.00164251,0.0331033,0.000987658,0.0205153,0.00102257,0.00152139,0
42.31,-0.0156103,0.0334216,0.000990472,0.0209299,0.00101315,0.00152147,0
42.32,-0.0298901,0.0336009,0.000993173,0.0211663,0.00100157,0.00152156,0
42.33,-0.0436396,0.0335893,0.000995578,0.0210977,0.00100008,0.00152164,0
42.34,-0.0567758,0.0335513,0.00099811,0.0206918,0.000988156,0.00152173,0
42.35,-0.0673769,0.0334863,0.00100037,0.0200884,0.000990646,0.00152181,0
42.36,-0.0695558,0.0329446,0.00100249,0.0194695,0.00098003,0.00152189,0
42.37,-0.0639956,0.0323202,0.00100527,0.0190053,0.000970505,0.00152197,0
42.38,-0.050307,0.0317474,0.00100805,0.018756,0.000958338,0.00152204,0
42.39,-0.0193373,0.031128,0.00101158,0.0186959,0.000976868,0.00152212,0
42.4,-0.00773035,0.0303933,0.00101599,0.0188559,0.000953258,0.0015222,0
42.41,-0.0247009,0.029668,0.00102004,0.0190863,0.00092979,0.00152228,0
42.42,-0.025951,0.0292837,0.00102305,0.0191922,0.000957929,0.00152235,0
42.43,-0.0227134,0.0293389,0.00102596,0.0192102,0.000989894,0.00152243,0
42.44,-0.0172528,0.0294916,0.00102824,0.0192973,0.00102585,0.00152252,0
42.45,-0.0146372,0.0294269,0.00103056,0.0195098,0.00103127,0.00152261,0
42.46,-0.00779659,0.0294044,0.00103269,0.0197959,0.0010522,0.0015227,0
42.47,-0.00233777,0.0291856,0.00103419,0.0200925,0.00107542,0.0015228,0
42.48,-0.00674262,0.0290617,0.00103486,0.0202711,0.00108906,0.00152289,0
42.49,-0.0201081,0.0292742,0.00103448,0.0202677,0.00110234,0.00152298,0
42.5,-0.0324884,0.0299553,0.00103375,0.020121,0.00112434,0.00152307,0
42.51,-0.0394511,0.0310067,0.00103244,0.019954,0.00113253,0.00152316,0
42.52,-0.0406417,0.0319795,0.00103142,0.0198899,0.00110567,0.00152325,0
42.53,-0.0387704,0.0326281,0.00103076,0.0199539,0.00110742,0.00152334,0
42.54,-0.0401298,0.0327827,0.00103027,0.0201484,0.00107293,0.00152343,0
42.55,-0.0405646,0.0327849,0.00102962,0.0204412,0.00107035,0.00152351,0
42.56,-0.0335915,0.0327841,0.0010284,0.0207898,0.00104402,0.0015236,0
42.57,-0.0196497,0.0327165,0.00102744,0.0211342,0.00101428,0.00152368,0
42.58,0.00531903,0.0323807,0.00102682,0.0210261,0.00100536,0.00152376,0
42.59,0.0274669,0.0316583,0.00102635,0.020319,0.00098513,0.00152384,0
42.6,0.0271801,0.030507,0.00102602,0.0195255,0.000992484,0.00152392,0
42.61,-0.00900668,0.0289253,0.00102593,0.0190294,0.00100964,0.00152399,0
42.62,-0.0194703,0.0273001,0.00102623,0.0188066,0.0010213,0.00152407,0
42.63,-0.0164082,0.0260028,0.00102635,0.0187165,0.00105158,0.00152414,0
42.64,-0.0112427,0.0254845,0.00102621,0.0187351,0.00110115,0.00152423,0
42.65,0.000318689,0.0256766,0.00102554,0.0188501,0.00110249,0.00152432,0
42.66,0.0121522,0.0260833,0.00102531,0.0190229,0.00107841,0.00152441,0
42.67,0.0210691,0.0265141,0.00102562,0.0192791,0.00108183,0.0015245,0
42.68,0.0253251,0.0269191,0.00102564,0.0196369,0.00108373,0.00152459,0
42.69,0.0203371,0.0274177,0.00102457,0.0200722,0.00107845,0.00152468,0
42.7,0.0119853,0.027948,0.00102273,0.0205421,0.00106994,0.00152476,0
42.71,2.87217e-05,0.0284851,0.00102017,0.0209621,0.00104634,0.00152485,0
42.72,-0.0165403,0.0288556,0.00101689,0.0211997,0.00101776,0.00152493,0
42.73,-0.0313159,0.0289373,0.00101336,0.0211278,0.00101385,0.00152501,0
42.74,-0.0433821,0.0289663,0.00100987,0.0207184,0.000981542,0.00152508,0
42.75,-0.0538165,0.029015,0.00100591,0.0201063,0.000984329,0.00152516,0
42.76,-0.057519,0.0286092,0.00100195,0.0194809,0.000965093,0.00152523,0
42.77,-0.0511763,0.0281612,0.000998394,0.0190192,0.000990214,0.00152531,0
42.78,-0.0361653,0.0277339,0.000995965,0.0187687,0.000986171,0.00152538,0
42.79,-0.00514447,0.0272808,0.000995526,0.0187109,0.000994317,0.00152545,0
42.8,0.00428782,0.0267004,0.000995635,0.0188742,0.00095589,0.00152552,0
42.81,-0.0139411,0.0261544,0.000996279,0.0190979,0.000949339,0.00152559,0
42.82,-0.0179271,0.0259182,0.000997776,0.0192069,0.00097841,0.00152567,0
42.83,-0.0152678,0.0260527,0.000999583,0.0192321,0.000976873,0.00152574,0
42.84,-0.012772,0.0261341,0.00100102,0.0193395,0.000971787,0.00152582,0
42.85,-0.0136144,0.0258931,0.00100206,0.0195578,0.000962975,0.00152591,0
42.86,-0.00985598,0.0258304,0.00100282,0.0198499,0.000992597,0.00152601,0
42.87,-0.00457536,0.0257641,0.00100303,0.0201465,0.000991524,0.0015261,0
42.88,-0.00805662,0.0258094,0.00100266,0.0203184,0.000961329,0.00152619,0
42.89,-0.0199947,0.0262212,0.00100098,0.0203134,0.000931526,0.00152628,0
42.9,-0.0319595,0.0270362,0.000998712,0.0201699,0.000928251,0.00152637,0
42.91,-0.0417301,0.0281257,0.000996845,0.0199899,0.000936978,0.00152646,0
42.92,-0.0418732,0.0290533,0.000995524,0.0199198,0.000970757,0.00152655,0
42.93,-0.0415206,0.0296178,0.000993445,0.0199805,0.000960027,0.00152664,0
42.94,-0.0415192,0.0296352,0.000991383,0.0201713,0.000949809,0.00152672,0
42.95,-0.0416766,0.0295345,0.000989172,0.020468,0.000921593,0.0015268,0
42.96,-0.0384533,0.0295361,0.000987569,0.0208271,0.000903529,0.00152689,0
42.97,-0.0246101,0.0296081,0.000986479,0.0211563,0.000904906,0.00152697,0
42.98,0.00165435,0.0294934,0.000985963,0.0210449,0.000903878,0.00152704,0
42.99,0.0261714,0.0290562,0.000986208,0.0203354,0.00092257,0.00152712,0
43,0.023212,0.0282275,0.000986602,0.0195383,0.000920039,0.00152719,0
43.01,-0.0111918,0.0270404,0.00098688,0.0190415,0.000939751,0.00152727,0
43.02,-0.0221582,0.0259012,0.000987569,0.0188162,0.000980436,0.00152734,0
43.03,-0.0185255,0.0250809,0.000987546,0.0187263,0.00103837,0.00152741,0
43.04,-0.0120656,0.0248525,0.000987587,0.0187399,0.00108163,0.00152749,0
43.05,-0.00171262,0.0249087,0.000988056,0.0188546,0.0010683,0.00152758,0
43.06,0.00972909,0.0250971,0.000989683,0.0190313,0.00110609,0.00152767,0
43.07,0.0179657,0.0252738,0.0009914,0.0192944,0.00109708,0.00152776,0
43.08,0.0236707,0.0254558,0.000992418,0.0196581,0.00108877,0.00152785,0
43.09,0.0197524,0.0256863,0.00099338,0.0200995,0.00105921,0.00152794,0
43.1,0.0104388,0.0259158,0.000994014,0.020572,0.0010462,0.00152802,0
43.11,-0.00235148,0.0261397,0.000994387,0.0210072,0.00102161,0.0015281,0
43.12,-0.0152107,0.0262354,0.000994343,0.0212493,0.00102898,0.00152818,0
43.13,-0.0292544,0.0262466,0.000994424,0.0211811,0.000998174,0.00152826,0
43.14,-0.0419268,0.0265771,0.000995087,0.0207705,0.00098321,0.00152833,0
43.15,-0.0523625,0.0271155,0.00099654,0.0201442,0.000996482,0.0015284,0
43.16,-0.0563556,0.0269354,0.000998155,0.0195109,0.00100739,0.00152848,0
43.17,-0.0522394,0.0262662,0.00099925,0.0190277,0.000998588,0.00152855,0
43.18,-0.0367265,0.0256482,0.00100061,0.0187737,0.000993914,0.00152862,0
43.19,-0.00761194,0.0249671,0.00100306,0.0187127,0.000967261,0.00152868,0
43.2,0.00283327,0.0242758,0.00100567,0.0188743,0.000979747,0.00152875,0
43.21,-0.0145567,0.0237138,0.00100924,0.0191022,0.000977905,0.00152882,0
43.22,-0.0166488,0.0235942,0.00101355,0.0192099,0.000974344,0.00152889,0
43.23,-0.0110552,0.0240118,0.00101727,0.0192325,0.000992123,0.00152896,0
43.24,-0.0034166,0.0244043,0.00102031,0.0193222,0.00101062,0.00152904,0
43.25,-0.00178629,0.0243826,0.00102293,0.0195453,0.000990386,0.00152913,0
43.26,0.00462874,0.0244462,0.00102492,0.019849,0.00100605,0.00152922,0
43.27,0.00835853,0.0243159,0.00102703,0.0201494,0.00100147,0.00152932,0
43.28,0.00450146,0.0242194,0.00102819,0.0203291,0.000992833,0.00152941,0
43.29,-0.00632659,0.0244383,0.00102751,0.020327,0.00100301,0.0015295,0
43.3,-0.0197898,0.0250111,0.00102642,0.020185,0.0010116,0.00152959,0
43.31,-0.0256232,0.0257802,0.00102441,0.020012,0.00104662,0.00152968,0
43.32,-0.0271292,0.0264426,0.00102165,0.0199366,0.0010247,0.00152976,0
43.33,-0.0284367,0.0267397,0.00101863,0.0199995,0.00101666,0.00152985,0
43.34,-0.0277328,0.0266349,0.00101586,0.0201959,0.00101205,0.00152993,0
43.35,-0.028249,0.0266214,0.00101368,0.0204991,0.00100735,0.00153002,0
43.36,-0.0228124,0.0266311,0.00101218,0.0208531,0.000984542,0.0015301,0
43.37,-0.00823145,0.0266052,0.00101105,0.0211923,0.000996493,0.00153017,0
43.38,0.0191725,0.0264312,0.00101021,0.0210771,0.000985243,0.00153025,0
43.39,0.0427926,0.0259371,0.00101009,0.0203481,0.00098977,0.00153032,0
43.4,0.0424617,0.0250668,0.00100967,0.0195438,0.00102152,0.0015304,0
43.41,0.00710366,0.0238272,0.00100889,0.0190725,0.00100418,0.00153047,0
43.42,-0.0073437,0.0226053,0.00100763,0.0188435,0.00101637,0.00153054,0
43.43,-0.00900765,0.0216615,0.00100666,0.0187493,0.00106732,0.00153061,0
43.44,0.000850335,0.0213827,0.00100629,0.0187614,0.00106884,0.00153069,0
43.45,0.0116195,0.0214427,0.00100656,0.0188674,0.00108208,0.00153078,0
43.46,0.0245879,0.021653,0.00100658,0.0190293,0.00110265,0.00153087,0
43.47,0.0332191,0.0218361,0.00100649,0.019273,0.00111405,0.00153096,0
43.48,0.0362462,0.0220294,0.00100591,0.0196175,0.00108482,0.00153104,0
43.49,0.0313646,0.0223,0.00100485,0.0200455,0.00106127,0.00153113,0
43.5,0.0216957,0.0226168,0.00100369,0.0205017,0.00104604,0.00153121,0
43.51,0.00957637,0.0229191,0.00100307,0.0209114,0.00104609,0.00153129,0
43.52,-0.00712737,0.0230177,0.0010022,0.0211334,0.00106249,0.00153137,0
43.53,-0.0212028,0.0230216,0.00100185,0.0210316,0.00103884,0.00153145,0
43.54,-0.0344061,0.0234172,0.00100141,0.0206208,0.00102254,0.00153152,0
43.55,-0.0418708,0.0241401,0.00100064,0.0200168,0.00099631,0.00153159,0
43.56,-0.0451757,0.0241234,0.000999531,0.0194093,0.000977546,0.00153166,0
43.57,-0.0415681,0.0238684,0.000998367,0.0189711,0.000950215,0.00153173,0
43.58,-0.025253,0.0236479,0.00099805,0.0187473,0.00093551,0.0015318,0
43.59,0.00584139,0.0233735,0.000998936,0.0186943,0.000921903,0.00153187,0
43.6,0.0160173,0.0230475,0.00100047,0.0188452,0.00093564,0.00153193,0
43.61,-0.00227646,0.0227609,0.00100236,0.01908,0.000980454,0.001532,0
43.62,-0.00469199,0.0227482,0.00100488,0.0192011,0.000963628,0.00153207,0
43.63,-0.00320125,0.0229739,0.0010076,0.0192299,0.00098037,0.00153213,0
43.64,0.00174681,0.0227842,0.00101023,0.0193216,0.000980693,0.00153221,0
43.65,0.00286504,0.0220122,0.00101233,0.0195451,0.000969854,0.00153231,0
43.66,0.00822569,0.0216928,0.00101441,0.0198456,0.00095618,0.0015324,0
43.67,0.0114293,0.02169,0.00101645,0.0201429,0.000936419,0.00153249,0
43.68,0.00889745,0.0217586,0.00101761,0.0203224,0.000942616,0.00153258,0
43.69,-0.00432916,0.0221308,0.00101767,0.0203276,0.000987491,0.00153267,0
43.7,-0.0182735,0.0228406,0.00101723,0.020184,0.000978792,0.00153276,0
43.71,-0.0265839,0.0237058,0.00101599,0.0200101,0.000984402,0.00153285,0
43.72,-0.0254306,0.0242817,0.00101415,0.0199335,0.000973389,0.00153294,0
43.73,-0.0257374,0.0244545,0.00101306,0.0199955,0.000967042,0.00153302,0
43.74,-0.0250197,0.0241223,0.00101219,0.0201979,0.00094942,0.00153311,0
43.75,-0.0280111,0.0238575,0.00101188,0.0205059,0.00094703,0.00153319,0
43.76,-0.0220246,0.0237502,0.00101218,0.0208657,0.000961759,0.00153327,0
43.77,-0.0067425,0.0237709,0.00101236,0.0212197,0.000962151,0.00153334,0
43.78,0.018523,0.023731,0.00101265,0.0211095,0.000979713,0.00153342,0
43.79,0.0413354,0.0234108,0.0010138,0.0203755,0.000972692,0.00153349,0
43.8,0.0388705,0.0227682,0.00101533,0.0195608,0.00097598,0.00153356,0
43.81,-0.00125312,0.0218822,0.00101696,0.0190537,0.000974283,0.00153363,0
43.82,-0.0139419,0.0209963,0.00101892,0.0188244,0.000974511,0.0015337,0
43.83,-0.0156141,0.0204005,0.00102118,0.0187304,0.00103635,0.00153377,0
43.84,-0.00970248,0.0203013,0.00102369,0.018757,0.00107093,0.00153385,0
43.85,0.00102412,0.0203271,0.00102608,0.0188676,0.00108899,0.00153394,0
43.86,0.0128287,0.0206137,0.00102798,0.0190436,0.00109227,0.00153403,0
43.87,0.0198,0.0210717,0.00102963,0.0193021,0.00111569,0.00153412,0
43.88,0.0261663,0.0215619,0.00103126,0.0196646,0.00110237,0.00153421,0
43.89,0.0212306,0.0220311,0.00103248,0.0201043,0.00110385,0.00153429,0
43.9,0.0158397,0.0224842,0.00103352,0.0205847,0.00110738,0.00153438,0
43.91,0.00525677,0.0228722,0.00103417,0.0210218,0.00112178,0.00153446,0
43.92,-0.00724647,0.0230242,0.00103522,0.0212712,0.00110268,0.00153453,0
43.93,-0.0215532,0.0230003,0.00103594,0.0211813,0.00108313,0.00153461,0
43.94,-0.0352801,0.0233316,0.00103645,0.0207697,0.00106889,0.00153468,0
43.95,-0.046697,0.0239933,0.00103684,0.0201496,0.00103576,0.00153475,0
43.96,-0.0480095,0.0239774,0.00103677,0.0195091,0.00101497,0.00153482,0
43.97,-0.0457173,0.0237146,0.00103668,0.0190373,0.00104423,0.00153489,0
43.98,-0.0317307,0.0235033,0.00103716,0.0187854,0.00104162,0.00153496,0
43.99,0.00354772,0.0232415,0.00103862,0.0187257,0.00103467,0.00153502,0
44,0.0127058,0.0229355,0.00104032,0.0188868,0.00105179,0.00153509,0
44.01,-0.00554911,0.022704,0.00104221,0.0191143,0.00105124,0.00153515,0
44.02,-0.0109524,0.0228048,0.00104411,0.0192257,0.00106096,0.00153522,0
44.03,-0.00699704,0.0231488,0.00104588,0.0192518,0.00107606,0.00153529,0
44.04,-0.00388781,0.0232209,0.00104717,0.0193476,0.00107853,0.00153537,0
44.05,-0.00141923,0.0227231,0.00104832,0.0195732,0.00108533,0.00153546,0
44.06,0.00222581,0.0226057,0.00104953,0.0198717,0.00106552,0.00153555,0
44.07,0.00716009,0.0225738,0.00105033,0.0201743,0.00105079,0.00153564,0
44.08,0.00288096,0.0225821,0.00105023,0.0203584,0.00106487,0.00153573,0
44.09,-0.0103409,0.022948,0.00104889,0.0203604,0.00105216,0.00153582,0
44.1,-0.0222432,0.0237267,0.00104726,0.0202087,0.00106115,0.00153591,0
44.11,-0.029178,0.0246933,0.00104519,0.0200339,0.00104743,0.001536,0
44.12,-0.0325565,0.0254562,0.00104256,0.0199562,0.00105559,0.00153609,0
44.13,-0.0324291,0.025866,0.0010396,0.0200226,0.00104982,0.00153617,0
44.14,-0.0318111,0.0257929,0.00103619,0.0202291,0.00102965,0.00153625,0
44.15,-0.032304,0.0256816,0.00103292,0.020534,0.000995719,0.00153634,0
44.16,-0.0263002,0.0256448,0.00102973,0.0209084,0.000994866,0.00153641,0
44.17,-0.0117383,0.0256728,0.00102672,0.0212603,0.000999593,0.00153649,0
44.18,0.0144772,0.0256187,0.00102402,0.0211555,0.000969271,0.00153657,0
44.19,0.0399448,0.0252974,0.00102219,0.0204206,0.00100891,0.00153664,0
44.2,0.0378708,0.0246441,0.00102129,0.0195881,0.000987974,0.00153671,0
44.21,0.00178371,0.0236777,0.0010208,0.0190724,0.00096868,0.00153678,0
44.22,-0.0128639,0.0227675,0.00102045,0.0188444,0.000964872,0.00153685,0
44.23,-0.00869979,0.0220695,0.00101958,0.0187518,0.00102256,0.00153692,0
44.24,-0.00348746,0.021899,0.00101882,0.0187704,0.00103643,0.001537,0
44.25,0.00828323,0.0218816,0.00101801,0.0188872,0.00105656,0.00153709,0
44.26,0.0179246,0.0219981,0.00101708,0.0190668,0.00105637,0.00153718,0
44.27,0.0267865,0.0221813,0.00101566,0.0193433,0.00107516,0.00153727,0
44.28,0.0333384,0.0223363,0.00101425,0.0197233,0.00104267,0.00153735,0
44.29,0.0307157,0.0224715,0.00101237,0.0201758,0.00103924,0.00153744,0
44.3,0.0205095,0.0225823,0.00101106,0.0206675,0.00102117,0.00153752,0
44.31,0.00818204,0.022642,0.00101027,0.0211137,0.00103513,0.0015376,0
44.32,-0.00828829,0.0226447,0.00100984,0.0213675,0.00100521,0.00153768,0
44.33,-0.0241741,0.022784,0.00100951,0.021282,0.000988668,0.00153775,0
44.34,-0.0382448,0.023601,0.00100879,0.0208658,0.00100178,0.00153782,0
44.35,-0.0473742,0.0248302,0.00100806,0.0202233,0.000991717,0.00153789,0
44.36,-0.0481575,0.0251248,0.00100764,0.0195547,0.000962363,0.00153796,0
44.37,-0.0445423,0.0248011,0.00100708,0.0190654,0.000978682,0.00153803,0
44.38,-0.0307525,0.0244009,0.00100678,0.0188044,0.0009485,0.0015381,0
44.39,-0.00156269,0.0240499,0.00100818,0.0187425,0.000945818,0.00153817,0
44.4,0.0108771,0.0237908,0.00101045,0.0189172,0.000933339,0.00153823,0
44.41,-0.00573604,0.0238106,0.00101302,0.0191732,0.000966803,0.0015383,0
44.42,-0.0115047,0.0243269,0.00101521,0.0192991,0.000946499,0.00153837,0
44.43,-0.00693655,0.0250967,0.0010175,0.0193256,0.000963893,0.00153843,0
44.44,-0.00240881,0.0255281,0.00101928,0.0194225,0.000993549,0.00153851,0
44.45,-0.00177624,0.0254021,0.0010208,0.0196581,0.00100685,0.0015386,0
44.46,0.00529076,0.0254936,0.0010226,0.0199676,0.00100681,0.00153869,0
44.47,0.0104047,0.0255463,0.00102461,0.0202791,0.00100839,0.00153879,0
44.48,0.00720119,0.0254971,0.00102604,0.0204693,0.000991711,0.00153888,0
44.49,-0.0027413,0.0255995,0.00102633,0.0204686,0.000984965,0.00153897,0
44.5,-0.0140287,0.0259405,0.00102588,0.0203141,0.001001,0.00153906,0
44.51,-0.0202903,0.0263564,0.001025,0.0201254,0.00100602,0.00153915,0
44.52,-0.0217198,0.0266156,0.00102382,0.0200363,0.000994108,0.00153923,0
44.53,-0.0195164,0.0265409,0.00102196,0.0201068,0.000991346,0.00153932,0
44.54,-0.0172849,0.0261563,0.00102029,0.0203198,0.0010152,0.0015394,0
44.55,-0.0136247,0.0260877,0.00101867,0.0206411,0.00103091,0.00153948,0
44.56,-0.00834147,0.0261009,0.00101686,0.0210279,0.00104809,0.00153956,0
44.57,0.00431038,0.0261008,0.00101549,0.0213981,0.0010392,0.00153964,0
44.58,0.0322556,0.0260058,0.00101431,0.0212932,0.00102931,0.00153971,0
44.59,0.0542221,0.0256433,0.00101393,0.0205361,0.00101746,0.00153979,0
44.6,0.0536915,0.0249416,0.00101425,0.0196726,0.00101733,0.00153986,0
44.61,0.0188939,0.0240277,0.00101504,0.0191252,0.00102988,0.00153993,0
44.62,0.00845278,0.0232492,0.00101538,0.0188782,0.00102621,0.00154,0
44.63,0.0108987,0.0227109,0.00101587,0.0187785,0.0010774,0.00154006,0
44.64,0.0161084,0.0226106,0.00101681,0.0187959,0.00112334,0.00154014,0
44.65,0.0254859,0.0225825,0.00101812,0.0189139,0.00113657,0.00154023,0
44.66,0.0385143,0.0225789,0.00101956,0.0191,0.00110322,0.00154032,0
44.67,0.0426089,0.0225925,0.00102028,0.0193882,0.00111192,0.00154041,0
44.68,0.0456067,0.022601,0.00102109,0.0197759,0.00108336,0.0015405,0
44.69,0.0409173,0.0226446,0.00102183,0.0202486,0.00107683,0.00154058,0
44.7,0.0313362,0.0226994,0.00102167,0.0207596,0.00107361,0.00154067,0
44.71,0.0194218,0.0227356,0.00102125,0.0212205,0.00107322,0.00154075,0
44.72,0.00502487,0.0227079,0.00102116,0.0214802,0.00105232,0.00154082,0
44.73,-0.0110322,0.0228451,0.00102104,0.021401,0.0010587,0.0015409,0
44.74,-0.0252442,0.0237039,0.00102097,0.0209683,0.00102823,0.00154097,0
44.75,-0.0330699,0.0249687,0.00102023,0.0203026,0.00101693,0.00154104,0
44.76,-0.035862,0.0253136,0.00101936,0.019623,0.0010004,0.00154111,0
44.77,-0.0308898,0.025144,0.00101866,0.0191134,0.00098039,0.00154118,0
44.78,-0.0148767,0.0249686,0.00101821,0.0188325,0.000975725,0.00154125,0
44.79,0.0152322,0.0248496,0.00101854,0.0187711,0.000950077,0.00154132,0
44.8,0.0248864,0.0248071,0.00101811,0.0189631,0.000940579,0.00154138,0
44.81,0.00711022,0.0249522,0.00101724,0.0192197,0.000944295,0.00154145,0
44.82,0.00178762,0.0253023,0.00101625,0.0193375,0.000934208,0.00154152,0
44.83,0.005572,0.0256144,0.0010154,0.019367,0.000951367,0.00154158,0
44.84,0.00860595,0.025349,0.0010146,0.019477,0.00099573,0.00154167,0
44.85,0.0103968,0.0243863,0.00101382,0.0197101,0.00103153,0.00154176,0
44.86,0.0152703,0.0239328,0.00101251,0.0200224,0.000991311,0.00154185,0
44.87,0.0196144,0.0238822,0.00101136,0.0203357,0.000996042,0.00154194,0
44.88,0.0172323,0.0238892,0.00100996,0.0205215,0.000987748,0.00154203,0
44.89,0.0071798,0.0240638,0.00100707,0.0205062,0.000994459,0.00154212,0
44.9,-0.00230169,0.0244435,0.00100333,0.0203488,0.00102718,0.00154221,0
44.91,-0.00962861,0.0247642,0.000999082,0.0201608,0.00101896,0.0015423,0
44.92,-0.0106271,0.0246913,0.000995363,0.0200695,0.000997267,0.00154239,0
44.93,-0.01053,0.0242628,0.000991569,0.020132,0.00102363,0.00154247,0
44.94,-0.0119142,0.0235364,0.000987575,0.0203369,0.00101258,0.00154255,0
44.95,-0.011703,0.0229481,0.000983704,0.0206609,0.00098705,0.00154264,0
44.96,-0.00559968,0.0226613,0.000980153,0.0210352,0.000993847,0.00154271,0
44.97,0.0061932,0.0226626,0.000976923,0.0213997,0.00100114,0.00154279,0
44.98,0.0340278,0.0227006,0.000974314,0.0212905,0.000989295,0.00154287,0
44.99,0.0544218,0.0225862,0.000972262,0.0205209,0.000970972,0.00154294,0
45,0.0509062,0.0222014,0.000971058,0.0196586,0.000957729,0.00154301,0
45.01,0.0132651,0.0216318,0.000969625,0.0191209,0.000955182,0.00154308,0
45.02,0.00109823,0.0210779,0.000968808,0.018874,0.000962832,0.00154315,0
45.03,0.00199991,0.0207686,0.000968887,0.0187761,0.000997233,0.00154322,0
45.04,0.00998921,0.0207853,0.000969373,0.018792,0.00101969,0.0015433,0
45.05,0.0173234,0.0208062,0.000970328,0.0189078,0.000992462,0.00154339,0
45.06,0.0274504,0.0211703,0.000971459,0.0190903,0.00100175,0.00154348,0
45.07,0.0318408,0.0216364,0.000972469,0.0193608,0.00100116,0.00154357,0
45.08,0.0359275,0.0220505,0.000973803,0.0197307,0.00100459,0.00154366,0
45.09,0.0332463,0.0223987,0.000974724,0.0201725,0.00098199,0.00154374,0
45.1,0.0209742,0.02267,0.000975153,0.0206534,0.00096534,0.00154383,0
45.11,0.0110792,0.0228313,0.000975688,0.0210731,0.000961276,0.00154391,0
45.12,-0.00253251,0.0227577,0.000976783,0.0212827,0.000968725,0.00154398,0
45.13,-0.01646,0.0226047,0.000978165,0.0211966,0.000975399,0.00154406,0
45.14,-0.0316727,0.0228114,0.00097913,0.020807,0.000961935,0.00154413,0
45.15,-0.040998,0.02331,0.000979459,0.0202374,0.000926082,0.00154421,0
45.16,-0.0405194,0.0234094,0.00097952,0.0196507,0.000916237,0.00154428,0
45.17,-0.0350461,0.0233924,0.00098057,0.0192175,0.000919511,0.00154435,0
45.18,-0.0209157,0.0234116,0.000982158,0.01898,0.000887893,0.00154442,0
45.19,0.00206386,0.023371,0.00098504,0.0189704,0.000882236,0.00154448,0
45.2,0.00236196,0.0233205,0.000989049,0.0192076,0.000885535,0.00154455,0
45.21,-0.013584,0.0233361,0.000993618,0.0193926,0.000897175,0.00154462,0
45.22,-0.0124554,0.023459,0.000997534,0.0194258,0.000923655,0.00154469,0
45.23,-0.0081226,0.0235548,0.00100155,0.019416,0.000948634,0.00154475,0
45.24,-0.00662093,0.0231366,0.00100547,0.0195164,0.000960046,0.00154483,0
45.25,-0.00273119,0.0222714,0.00100971,0.019785,0.000943051,0.00154493,0
45.26,0.00114808,0.0221958,0.00101346,0.0201271,0.000941203,0.00154502,0
45.27,0.00411857,0.0224258,0.00101707,0.0204623,0.000965116,0.00154511,0
45.28,-0.00484606,0.0225012,0.00102063,0.020679,0.000975489,0.0015452,0
45.29,-0.0182619,0.0224932,0.0010233,0.0207211,0.000982174,0.00154529,0
45.3,-0.0306333,0.0224396,0.00102617,0.0206209,0.00100739,0.00154538,0
45.31,-0.0325257,0.0222672,0.00102903,0.0204871,0.00100515,0.00154547,0
45.32,-0.0308718,0.0219199,0.00103127,0.0204571,0.00100726,0.00154555,0
45.33,-0.0296648,0.021441,0.00103347,0.0205464,0.00101136,0.00154564,0
45.34,-0.0270973,0.0210098,0.00103582,0.0207244,0.00101996,0.00154572,0
45.35,-0.0254034,0.0209202,0.00103785,0.0209581,0.00105384,0.00154581,0
45.36,-0.0173324,0.0210115,0.00103983,0.0211619,0.00103398,0.00154589,0
45.37,-0.00690553,0.0210839,0.00104219,0.0213098,0.00105802,0.00154596,0
45.38,0.01554,0.0210485,0.00104524,0.0210681,0.00105635,0.00154604,0
45.39,0.0343789,0.0207663,0.00104925,0.0202744,0.00103024,0.00154612,0
45.4,0.0269266,0.0201367,0.00105421,0.0195074,0.00102542,0.00154619,0
45.41,-0.00175377,0.0192689,0.00105905,0.0191334,0.00103467,0.00154626,1
45.42,-0.0129676,0.0184747,0.00106374,0.0189528,0.00106698,0.00154633,1
45.43,-0.00945435,0.0179871,0.00106927,0.0188838,0.00111224,0.0015464,1
45.44,-0.000646148,0.0180136,0.00107531,0.0189208,0.00117024,0.00154648,1
45.45,0.00769765,0.018276,0.0010812,0.0190748,0.00118733,0.00154657,1
45.46,0.014055,0.0186705,0.00108704,0.0193042,0.00118642,0.00154666,1
45.47,0.0222849,0.018974,0.00109279,0.0196348,0.00117647,0.00154675,1
45.48,0.0295279,0.0192073,0.00109825,0.0200505,0.00116532,0.00154684,1
45.49,0.0340377,0.0193549,0.00110315,0.0205037,0.00117453,0.00154693,1
45.5,0.0345643,0.0194389,0.00110734,0.0209401,0.00115618,0.00154702,1
45.51,0.0277559,0.0194877,0.00111168,0.0213088,0.00114041,0.00154711,1
45.52,0.0172733,0.0194877,0.00111593,0.0216123,0.00114088,0.00154719,1
45.53,0.00833637,0.0195282,0.00111978,0.0218129,0.00113773,0.00154727,1
45.54,-0.00266087,0.0198522,0.00112375,0.0218348,0.00114645,0.00154735,1
45.55,-0.0101109,0.0200152,0.00112802,0.0216528,0.00114247,0.00154743,1
45.56,-0.0113326,0.0195731,0.00113224,0.0213834,0.00110511,0.0015475,1
45.57,-0.0118102,0.0191364,0.00113621,0.0211563,0.00110346,0.00154758,1
45.58,-0.0112347,0.0188417,0.00114043,0.0210329,0.00111378,0.00154765,1
45.59,-0.0247528,0.0185455,0.00114507,0.0207193,0.00108879,0.00154772,1
45.6,-0.0240441,0.018256,0.0011496,0.0202534,0.00106942,0.00154779,1
45.61,-0.0182243,0.0179989,0.0011537,0.0198959,0.00106862,0.00154786,1
45.62,-0.00742863,0.0179041,0.00115767,0.0196926,0.00111756,0.00154793,1
45.63,-0.00173122,0.0178914,0.00116111,0.0196531,0.00115095,0.001548,1
45.64,-0.00388378,0.0175931,0.00116423,0.0197965,0.00119199,0.00154808,1
45.65,-0.00631045,0.0170065,0.00116733,0.0201183,0.00116945,0.00154817,1
45.66,-0.00384888,0.0169363,0.00117022,0.0205035,0.00115715,0.00154826,1
45.67,-0.00310325,0.0169368,0.00117242,0.0208842,0.00118308,0.00154835,1
45.68,-0.00880101,0.0168472,0.0011739,0.0211503,0.00117622,0.00154844,1
45.69,-0.018089,0.0168877,0.00117359,0.0212512,0.00119099,0.00154853,1
45.7,-0.0264262,0.0170243,0.00117264,0.0212269,0.00118276,0.00154862,1
45.71,-0.0283628,0.0171037,0.00117131,0.0211609,0.00120081,0.00154871,1
45.72,-0.0265294,0.0170405,0.00117053,0.0211778,0.00120527,0.00154879,1
45.73,-0.0205618,0.016785,0.00116963,0.0212989,0.00121123,0.00154888,1
45.74,-0.0142055,0.0165847,0.00116917,0.0214791,0.00118671,0.00154896,1
45.75,-0.0124742,0.0165937,0.00116906,0.0216193,0.00117428,0.00154904,1
45.76,-0.00557364,0.0163342,0.00116931,0.0216957,0.00117648,0.00154912,1
45.77,0.000975787,0.0160479,0.00116969,0.0217187,0.00118387,0.0015492,1
45.78,0.0178742,0.0159432,0.00117028,0.0214192,0.00116362,0.00154928,1
45.79,0.0324775,0.0159321,0.00117168,0.0206076,0.00119213,0.00154935,1
45.8,0.022307,0.015928,0.00117297,0.0198151,0.00120781,0.00154942,1
45.81,-0.00455074,0.0158888,0.00117412,0.019397,0.00122082,0.0015495,1
45.82,-0.0188616,0.0158687,0.00117594,0.0192227,0.00120797,0.00154957,1
45.83,-0.0180283,0.0159475,0.0011775,0.0191857,0.00124753,0.00154964,1
45.84,-0.0142083,0.0160722,0.00117871,0.0192949,0.00125682,0.00154972,1
45.85,-0.0100199,0.0162074,0.00117988,0.0195314,0.00126298,0.00154982,1
45.86,-0.00553779,0.0164941,0.00118133,0.0198444,0.00123875,0.00154991,1
45.87,0.00226057,0.0167758,0.00118238,0.0202085,0.00124092,0.00155,1
45.88,0.00771487,0.0170061,0.00118313,0.0205898,0.00121999,0.00155009,1
45.89,0.0121321,0.0171193,0.00118294,0.0209027,0.00119017,0.00155018,1
45.9,0.0130432,0.0171726,0.00118238,0.0211446,0.00119537,0.00155026,1
45.91,0.0112017,0.0172004,0.00118229,0.021348,0.00116977,0.00155035,1
45.92,0.00536582,0.017233,0.00118168,0.0215372,0.00115841,0.00155044,1
45.93,-0.00492336,0.0172326,0.00118027,0.0217141,0.0011336,0.00155052,1
45.94,-0.0138936,0.0172283,0.00117866,0.0217887,0.00113678,0.0015506,1
45.95,-0.0155897,0.017054,0.00117691,0.0217346,0.00111946,0.00155068,1
45.96,-0.0155358,0.01661,0.00117454,0.0216021,0.00114919,0.00155076,1
45.97,-0.0126065,0.0163646,0.00117159,0.021496,0.0011245,0.00155083,1
45.98,-0.0189076,0.0163927,0.00116836,0.0214139,0.00113835,0.00155091,1
45.99,-0.0334405,0.0166086,0.00116555,0.020933,0.00116689,0.00155098,1
46,-0.0296664,0.0168167,0.00116312,0.0203041,0.00115626,0.00155106,1
46.01,-0.0151082,0.0169828,0.00116097,0.0198792,0.00114725,0.00155113,1
46.02,-0.00454358,0.0171068,0.00115879,0.0196849,0.0011517,0.0015512,1
46.03,-0.000104206,0.0171092,0.00115653,0.019653,0.00119865,0.00155127,1
46.04,-0.00246226,0.0166784,0.00115447,0.0198138,0.00120874,0.00155136,1
46.05,-0.00669494,0.0161214,0.00115227,0.0201295,0.00120022,0.00155145,1
46.06,-0.00802041,0.0160298,0.00115004,0.0204883,0.00119726,0.00155154,1
46.07,-0.0128966,0.0159375,0.00114774,0.0208284,0.00117819,0.00155163,1
46.08,-0.019421,0.0157845,0.00114503,0.0210692,0.00118012,0.00155172,1
46.09,-0.0263409,0.0157382,0.00114149,0.0211759,0.00115163,0.00155181,1
46.1,-0.0319676,0.0158033,0.00113782,0.0211832,0.00113069,0.0015519,1
46.11,-0.0287333,0.0159936,0.00113414,0.0211681,0.00114705,0.00155199,1
46.12,-0.0228291,0.0162496,0.001131,0.0211997,0.00114754,0.00155208,1
46.13,-0.0159722,0.0167938,0.00112776,0.021279,0.0011646,0.00155216,1
46.14,-0.0119558,0.0181287,0.00112494,0.0213308,0.00115076,0.00155225,1
46.15,-0.0096354,0.0199418,0.00112216,0.0213064,0.00116589,0.00155233,1
46.16,-0.00826976,0.0210258,0.0011197,0.0212218,0.00114471,0.00155241,1
46.17,-0.00732698,0.021354,0.00111744,0.02114,0.00112818,0.00155249,1
46.18,0.00513726,0.0214928,0.00111597,0.0209752,0.00111658,0.00155257,1
46.19,0.0174013,0.0216272,0.0011153,0.0204158,0.00110751,0.00155265,1
46.2,0.00507662,0.0218493,0.0011148,0.0198095,0.00107923,0.00155272,1
46.21,-0.0141681,0.0221837,0.00111432,0.0194774,0.00105624,0.0015528,1
46.22,-0.022659,0.022727,0.00111355,0.0193539,0.00103874,0.00155288,1
46.23,-0.0268475,0.0234675,0.00111297,0.0193778,0.00105116,0.00155295,1
46.24,-0.0240254,0.0241255,0.0011121,0.0195562,0.00105587,0.00155303,1
46.25,-0.0217802,0.0247622,0.00111121,0.0199007,0.00106048,0.00155313,1
46.26,-0.0172269,0.0255674,0.00111011,0.0203244,0.00106147,0.00155322,1
46.27,-0.0122422,0.0263175,0.0011094,0.0207662,0.00106469,0.00155331,1
46.28,-0.00666932,0.0268449,0.00110824,0.0211941,0.00107141,0.0015534,1
46.29,-0.00378168,0.0272169,0.00110593,0.0214952,0.00109012,0.00155349,1
46.3,-0.00240358,0.0275199,0.00110345,0.0216762,0.00110613,0.00155358,1
46.31,-0.00344405,0.0277534,0.00110139,0.0217934,0.0010972,0.00155366,1
46.32,-0.0080479,0.027964,0.00109945,0.0219528,0.0010943,0.00155375,1
46.33,-0.0134797,0.0281229,0.00109761,0.0221774,0.00106985,0.00155383,1
46.34,-0.0148556,0.0280272,0.00109627,0.0224112,0.00107644,0.00155392,1
46.35,-0.0178833,0.0277688,0.00109591,0.022593,0.00108256,0.001554,1
46.36,-0.0195576,0.0276784,0.00109558,0.0227314,0.00108496,0.00155408,1
46.37,-0.0233515,0.0280099,0.00109477,0.0228789,0.00108462,0.00155416,1
46.38,-0.0415525,0.0286271,0.00109339,0.0227096,0.00105921,0.00155424,1
46.39,-0.0580073,0.0293589,0.00109294,0.0218096,0.00104649,0.00155431,1
46.4,-0.0564793,0.0300136,0.00109219,0.020789,0.00105554,0.00155439,1
46.41,-0.0368116,0.0305767,0.00109145,0.0201597,0.00104319,0.00155446,1
46.42,-0.0191348,0.0310797,0.00109064,0.0198529,0.00106071,0.00155454,1
46.43,-0.0175777,0.0314792,0.00108923,0.0197737,0.00109604,0.00155461,1
46.44,-0.0240839,0.0316782,0.0010877,0.0198629,0.00110406,0.0015547,1
46.45,-0.0295819,0.0317503,0.00108614,0.0201103,0.00109853,0.00155479,1
46.46,-0.0351692,0.0318363,0.00108508,0.0204091,0.00108926,0.00155488,1
46.47,-0.040672,0.0318471,0.00108489,0.0206943,0.00110481,0.00155497,1
46.48,-0.0457629,0.0318383,0.00108488,0.0209113,0.00110487,0.00155506,1
46.49,-0.0512061,0.0318654,0.00108506,0.0210359,0.00111772,0.00155515,1
46.5,-0.0532143,0.0319934,0.00108511,0.0210915,0.00109366,0.00155524,1
46.51,-0.0485715,0.0321554,0.0010851,0.0211669,0.00111064,0.00155533,1
46.52,-0.0409854,0.0324534,0.0010841,0.0213138,0.00111133,0.00155541,1
46.53,-0.0333263,0.0331592,0.0010829,0.0214685,0.00110091,0.0015555,1
46.54,-0.0301314,0.0347248,0.00108127,0.0215342,0.00109514,0.00155558,1
46.55,-0.0269128,0.0367869,0.00107885,0.0214569,0.00109927,0.00155567,1
46.56,-0.0270038,0.0383356,0.00107628,0.0213187,0.00111477,0.00155575,1
46.57,-0.0265974,0.0391794,0.00107377,0.0211947,0.00109653,0.00155583,1
46.58,-0.0212809,0.039685,0.0010715,0.0210702,0.00109553,0.00155591,1
46.59,-0.0113476,0.0401133,0.00106991,0.0206108,0.00111416,0.00155598,1
46.6,-0.0178564,0.0405996,0.00106819,0.0200534,0.00112501,0.00155606,1
46.61,-0.0353124,0.0412593,0.00106664,0.0197217,0.00111144,0.00155613,1
46.62,-0.0440998,0.0421621,0.00106437,0.0196116,0.00109444,0.00155621,1
46.63,-0.0479478,0.0432407,0.00106228,0.019674,0.00113248,0.00155628,1
46.64,-0.0463857,0.0440933,0.00106036,0.0199437,0.00112846,0.00155637,1
46.65,-0.0436567,0.0447011,0.00105902,0.0203904,0.00112838,0.00155646,1
46.66,-0.0410669,0.0453569,0.00105739,0.0209048,0.0011111,0.00155655,1
46.67,-0.0382991,0.0460727,0.00105557,0.0214146,0.00105888,0.00155664,1
46.68,-0.0324108,0.0466097,0.00105275,0.0218093,0.00103114,0.00155673,1
46.69,-0.0225392,0.046929,0.00104943,0.0219862,0.00102179,0.00155682,1
46.7,-0.018196,0.0470495,0.00104616,0.0220069,0.00101588,0.0015569,1
46.71,-0.0179184,0.0470571,0.00104258,0.0220001,0.0010124,0.00155699,1
46.72,-0.0223693,0.0470004,0.00103885,0.0221187,0.00104677,0.00155708,1
46.73,-0.0263514,0.0469337,0.00103545,0.0224014,0.00104484,0.00155716,1
46.74,-0.0295846,0.0467847,0.00103193,0.0227873,0.00105981,0.00155724,1
46.75,-0.0303822,0.0465772,0.00102792,0.0231731,0.00105502,0.00155732,1
46.76,-0.0300792,0.0466074,0.00102394,0.0235413,0.00104602,0.0015574,1
46.77,-0.0398645,0.0470397,0.00101948,0.0238853,0.000989518,0.00155747,1
46.78,-0.063402,0.0477125,0.00101527,0.0235517,0.00100889,0.00155755,1
46.79,-0.0825182,0.048525,0.00101169,0.0224232,0.000983107,0.00155762,1
46.8,-0.0844708,0.0493406,0.00100816,0.0211836,0.000968903,0.00155769,1
46.81,-0.0648499,0.0501191,0.00100484,0.0203336,0.000975295,0.00155777,1
46.82,-0.0495408,0.0508683,0.00100145,0.0199264,0.000950155,0.00155784,1
46.83,-0.0431565,0.0514865,0.000998549,0.0198062,0.00098918,0.00155791,1
46.84,-0.0449804,0.0519766,0.000995504,0.0199177,0.000990795,0.00155799,1
46.85,-0.0510983,0.0522909,0.000991942,0.0201831,0.000985614,0.00155808,1
46.86,-0.0603635,0.0523908,0.00098772,0.0204954,0.000988798,0.00155817,1
46.87,-0.0708964,0.0523062,0.0009835,0.0208052,0.000978538,0.00155826,1
46.88,-0.0775887,0.0521657,0.000979084,0.0210781,0.000939589,0.00155835,1
46.89,-0.0799478,0.0520543,0.000973458,0.0212708,0.000966711,0.00155844,1
46.9,-0.0761338,0.0520104,0.000967872,0.0213976,0.000973427,0.00155853,1
46.91,-0.0668444,0.0519804,0.000962247,0.0215938,0.000974582,0.00155861,1
46.92,-0.0586337,0.0521001,0.00095776,0.0218595,0.00093829,0.0015587,1
46.93,-0.046446,0.0527702,0.000954858,0.0220962,0.000931745,0.00155878,1
46.94,-0.0387168,0.0542856,0.00095206,0.02218,0.000938589,0.00155886,1
46.95,-0.0330299,0.0562703,0.000949357,0.0220388,0.000927507,0.00155894,1
46.96,-0.0329655,0.0578075,0.000947123,0.0217676,0.000899964,0.00155901,1
46.97,-0.0371914,0.0586562,0.000943913,0.0214946,0.000919799,0.00155909,1
46.98,-0.0406799,0.0592125,0.000941115,0.0212631,0.000942,0.00155916,1
46.99,-0.038802,0.0596965,0.000938673,0.0208193,0.000916671,0.00155923,1
47,-0.0489112,0.0602832,0.000937328,0.0203109,0.000907241,0.0015593,1
47.01,-0.0591935,0.0611054,0.000936483,0.0200275,0.000880049,0.00155936,1
47.02,-0.0667593,0.0620839,0.000936469,0.0199635,0.000905348,0.00155943,1
47.03,-0.0683227,0.0630705,0.000936885,0.0201026,0.000901487,0.00155949,1
47.04,-0.0709044,0.0637284,0.000936621,0.020471,0.000915764,0.00155957,1
47.05,-0.0678384,0.0641003,0.000936762,0.021023,0.000908698,0.00155966,1
47.06,-0.0676351,0.0645588,0.00093706,0.0216623,0.000927649,0.00155975,1
47.07,-0.0642071,0.0651806,0.000937692,0.022274,0.000951273,0.00155984,1
47.08,-0.0572663,0.0657122,0.000937819,0.0227005,0.00094159,0.00155993,1
47.09,-0.0463941,0.0660399,0.000937789,0.0228237,0.000962566,0.00156001,1
47.1,-0.0372916,0.066201,0.000937655,0.0226844,0.000935173,0.0015601,1
47.11,-0.033161,0.0662127,0.000937655,0.0224509,0.00090346,0.00156018,1
47.12,-0.0363136,0.066088,0.000938186,0.0223859,0.000880954,0.00156026,1
47.13,-0.0399717,0.0658427,0.00093906,0.0226419,0.000887398,0.00156034,1
47.14,-0.0432459,0.0654203,0.000940191,0.0231849,0.000858297,0.00156041,1
47.15,-0.0419498,0.064861,0.000940806,0.0238595,0.000849107,0.00156048,1
47.16,-0.040583,0.0645722,0.00094148,0.0245164,0.000857212,0.00156055,1
47.17,-0.0563336,0.0646837,0.000942529,0.0248945,0.000886342,0.00156062,1
47.18,-0.0850801,0.0651586,0.000943723,0.0242225,0.000905449,0.00156068,1
47.19,-0.104115,0.0658354,0.000944559,0.0227077,0.000880347,0.00156074,1
47.2,-0.106338,0.0665699,0.000945684,0.0212205,0.000900616,0.0015608,1
47.21,-0.0810246,0.0673861,0.000947202,0.0202714,0.000891188,0.00156086,1
47.22,-0.0646138,0.0682032,0.000948831,0.0198555,0.000894597,0.00156091,1
47.23,-0.0601766,0.0687956,0.000950818,0.0197245,0.000923737,0.00156097,1
47.24,-0.0633384,0.0691458,0.000952974,0.019814,0.00097047,0.00156104,1
47.25,-0.0717521,0.0692569,0.000955192,0.0200634,0.0010129,0.00156113,1
47.26,-0.0822449,0.0691219,0.000957484,0.0203809,0.00102413,0.00156122,1
47.27,-0.0896226,0.0687857,0.000959961,0.0207277,0.00101262,0.00156131,1
47.28,-0.0957462,0.0684245,0.000962344,0.0210453,0.00099197,0.00156139,1
47.29,-0.100033,0.0680463,0.000964395,0.0212444,0.000972877,0.00156148,1
47.3,-0.0968269,0.0676575,0.000966586,0.0213659,0.000982554,0.00156156,1
47.31,-0.0899071,0.0672898,0.000968311,0.0215526,0.000994938,0.00156164,1
47.32,-0.080063,0.0669856,0.000969971,0.0218166,0.000985979,0.00156172,1
47.33,-0.0682949,0.0670787,0.00097148,0.0220527,0.00097733,0.00156179,1
47.34,-0.0590583,0.0678266,0.000972697,0.0221243,0.000994974,0.00156186,1
47.35,-0.0566629,0.0689801,0.000973311,0.0219988,0.000987822,0.00156193,1
47.36,-0.0573318,0.0698418,0.000974186,0.0217615,0.00100222,0.00156199,1
47.37,-0.0591926,0.0702398,0.000975849,0.0215597,0.000998534,0.00156205,1
47.38,-0.0631118,0.0704306,0.000978547,0.0214627,0.00101489,0.0015621,1
47.39,-0.0517573,0.0705744,0.000982779,0.0211225,0.00101297,0.00156215,1
47.4,-0.0558087,0.0708197,0.000987293,0.0206004,0.00100513,0.0015622,1
47.41,-0.0635788,0.0712689,0.000991824,0.0202818,0.00100763,0.00156225,1
47.42,-0.0741629,0.0717977,0.000996018,0.0201904,0.00100531,0.00156229,1
47.43,-0.078918,0.072116,0.000999758,0.02033,0.000974749,0.00156233,1
47.44,-0.0787198,0.0719766,0.00100388,0.0207096,0.000983821,0.0015624,1
47.45,-0.0786854,0.0715444,0.00100845,0.0212769,0.000991931,0.00156249,1
47.46,-0.0822319,0.0713084,0.00101304,0.0219028,0.000993902,0.00156257,1
47.47,-0.07933,0.0714187,0.00101838,0.0224438,0.00101397,0.00156266,1
47.48,-0.0687761,0.0715183,0.00102343,0.0227388,0.00104106,0.00156274,1
47.49,-0.0561061,0.0714503,0.0010277,0.0227043,0.00102715,0.00156282,1
47.5,-0.0451814,0.0712152,0.00103106,0.0224278,0.0010159,0.0015629,1
47.51,-0.0396494,0.0707655,0.00103387,0.022101,0.00100666,0.00156298,1
47.52,-0.0444128,0.0701613,0.00103663,0.0219936,0.00102024,0.00156305,1
47.53,-0.0474529,0.0694467,0.00103919,0.0222142,0.00101533,0.00156311,1
47.54,-0.0489346,0.0685398,0.00104221,0.0226795,0.00102617,0.00156317,1
47.55,-0.0462174,0.0674696,0.001045,0.0232314,0.0010015,0.00156322,1
47.56,-0.0462465,0.066622,0.00104754,0.0237246,0.00100909,0.00156327,1
47.57,-0.0559956,0.0661958,0.00104996,0.0240371,0.00103289,0.00156332,1
47.58,-0.0783496,0.0662281,0.00105234,0.0234964,0.00102703,0.00156336,1
47.59,-0.0973769,0.0665817,0.00105482,0.0221628,0.00100382,0.00156339,1
47.6,-0.0962608,0.0670047,0.00105745,0.0208211,0.000973776,0.00156342,1
47.61,-0.0710628,0.0674355,0.00105983,0.0200078,0.000961088,0.00156345,1
47.62,-0.0547213,0.0678188,0.0010617,0.0196606,0.000985549,0.00156347,1
47.63,-0.0517817,0.0679828,0.00106375,0.0195705,0.00105883,0.00156349,1
47.64,-0.0545408,0.0679991,0.00106634,0.0196862,0.00108345,0.00156355,1
47.65,-0.0653282,0.0679248,0.00106855,0.0199673,0.00107634,0.00156363,1
47.66,-0.0744402,0.0676086,0.00107077,0.0203192,0.00108254,0.00156372,1
47.67,-0.0813444,0.0670874,0.00107358,0.0206971,0.00107191,0.00156381,1
47.68,-0.0868113,0.0664551,0.00107651,0.0210491,0.00109189,0.00156389,1
47.69,-0.0906184,0.0658022,0.00108035,0.0212762,0.00110682,0.00156397,1
47.7,-0.0885811,0.0651562,0.00108443,0.0214073,0.00112238,0.00156404,1
47.71,-0.0818051,0.0644195,0.0010892,0.0215784,0.001138,0.00156411,1
47.72,-0.0726544,0.0636936,0.00109414,0.0218097,0.00114613,0.00156417,1
47.73,-0.060195,0.0634178,0.00109833,0.0220227,0.00115788,0.00156423,1
47.74,-0.0536957,0.063868,0.00110267,0.0220712,0.00115001,0.00156428,1
47.75,-0.0511226,0.064861,0.00110735,0.0219236,0.00115928,0.00156433,1
47.76,-0.0525929,0.0655171,0.00111183,0.0216787,0.00115045,0.00156436,1
47.77,-0.0569399,0.0656931,0.00111591,0.0214703,0.00113273,0.00156439,1
47.78,-0.0619091,0.0656545,0.00112021,0.0213623,0.0011361,0.00156442,1
47.79,-0.0502962,0.065599,0.00112569,0.0210486,0.00112155,0.00156444,1
47.8,-0.0529408,0.0656634,0.00113124,0.0205504,0.00111654,0.00156445,1
47.81,-0.0609916,0.0658899,0.00113686,0.0202103,0.00111402,0.00156446,1
47.82,-0.0735654,0.0662124,0.00114166,0.0201237,0.00110286,0.00156446,1
47.83,-0.0799467,0.0663618,0.00114565,0.0202669,0.00110856,0.00156446,1
47.84,-0.079272,0.0661198,0.0011498,0.020667,0.00111673,0.00156451,1
47.85,-0.0770931,0.0655848,0.0011548,0.0212469,0.0011157,0.0015646,1
47.86,-0.0771235,0.0653074,0.00116027,0.0219037,0.00109256,0.00156468,1
47.87,-0.0743173,0.0653159,0.00116489,0.022468,0.00109074,0.00156477,1
47.88,-0.0650192,0.0652831,0.0011689,0.022791,0.0011209,0.00156484,1
47.89,-0.0516122,0.0650997,0.00117187,0.0227726,0.00113329,0.00156492,1
47.9,-0.0387928,0.0647036,0.0011746,0.0225041,0.00111056,0.00156498,1
47.91,-0.0335345,0.0640715,0.00117727,0.0221916,0.00113503,0.00156504,1
47.92,-0.0376112,0.0632384,0.00117962,0.022103,0.00114698,0.0015651,1
47.93,-0.045243,0.0622545,0.00118149,0.0223438,0.001154,0.00156514,1
47.94,-0.0440838,0.0610761,0.0011831,0.0228449,0.00118487,0.00156518,1
47.95,-0.0437436,0.059756,0.00118447,0.0234229,0.00121004,0.00156521,1
47.96,-0.0406556,0.0585843,0.00118534,0.0239615,0.00124345,0.00156522,1
47.97,-0.0531331,0.057719,0.00118533,0.024291,0.0012249,0.00156523,1
47.98,-0.074235,0.0572145,0.00118483,0.0236955,0.00124569,0.00156524,1
47.99,-0.0929465,0.0570253,0.00118491,0.0223009,0.00124933,0.00156523,1
48,-0.0901673,0.0568557,0.00118541,0.0209072,0.00124475,0.00156522,1
48.01,-0.0628499,0.0567218,0.00118557,0.0200549,0.00121816,0.0015652,1
48.02,-0.0451721,0.0565658,0.00118525,0.0196842,0.00122118,0.00156518,1
48.03,-0.0419132,0.056223,0.00118488,0.019586,0.00126028,0.00156515,1
48.04,-0.0489078,0.0558025,0.00118445,0.0196802,0.00129355,0.00156518,1
48.05,-0.0553317,0.0554105,0.00118416,0.019946,0.00129056,0.00156527,1
48.06,-0.0638518,0.054864,0.00118384,0.0202802,0.00126933,0.00156535,1
48.07,-0.0716082,0.0540508,0.00118365,0.0206441,0.00123693,0.00156543,1
48.08,-0.0772263,0.0530039,0.00118391,0.0209947,0.00122288,0.00156551,1
48.09,-0.0798108,0.0518397,0.00118369,0.0212039,0.00124217,0.00156558,1
48.1,-0.0758612,0.0507044,0.00118351,0.0213257,0.00125477,0.00156564,1
48.11,-0.0692312,0.0495613,0.00118361,0.0214936,0.00123439,0.00156569,1
48.12,-0.0561404,0.0484549,0.00118444,0.0217368,0.00121986,0.00156574,1
48.13,-0.0442805,0.0477559,0.00118495,0.0219283,0.0012295,0.00156578,1
48.14,-0.0341129,0.0478312,0.00118483,0.0219703,0.00122238,0.0015658,1
48.15,-0.0298292,0.0484511,0.00118467,0.0218222,0.00121984,0.00156582,1
48.16,-0.0255919,0.0488182,0.00118411,0.0215733,0.00121309,0.00156582,1
48.17,-0.0297385,0.0487967,0.0011834,0.0213731,0.00119599,0.00156581,1
48.18,-0.0298251,0.0485533,0.00118321,0.0212732,0.00119046,0.0015658,1
48.19,-0.0197641,0.0482342,0.00118444,0.0209726,0.00118794,0.00156577,1
48.2,-0.0190432,0.0479681,0.00118513,0.0204958,0.00118413,0.00156574,1
48.21,-0.0271444,0.0478405,0.00118485,0.0201735,0.00117103,0.0015657,1
48.22,-0.0376183,0.047772,0.00118428,0.0200799,0.00114057,0.00156565,1
48.23,-0.0451466,0.0474368,0.00118337,0.0202222,0.00113815,0.0015656,1
48.24,-0.0438838,0.0465578,0.00118184,0.0206137,0.00117858,0.00156561,1
48.25,-0.0419186,0.0451628,0.00117991,0.0211882,0.00116935,0.0015657,1
48.26,-0.046132,0.0442596,0.00117838,0.0218404,0.00114395,0.00156578,1
48.27,-0.0428345,0.0438859,0.00117714,0.0223952,0.0011194,0.00156586,1
48.28,-0.0349678,0.0435964,0.00117532,0.0227079,0.00110929,0.00156593,1
48.29,-0.0229862,0.0431824,0.00117187,0.0226851,0.00110779,0.00156599,1
48.3,-0.0111183,0.0425804,0.00116794,0.022405,0.00111127,0.00156604,1
48.31,-0.00657495,0.041737,0.00116412,0.0220791,0.00109712,0.00156609,1
48.32,-0.0110032,0.0406333,0.00116039,0.0219847,0.0010923,0.00156613,1
48.33,-0.0172712,0.0392812,0.00115678,0.0222194,0.00111027,0.00156615,1
48.34,-0.0175191,0.0376674,0.00115313,0.022731,0.0011138,0.00156616,1
48.35,-0.0165768,0.0359948,0.00114897,0.0233016,0.00111353,0.00156616,1
48.36,-0.0182408,0.0344657,0.00114458,0.0238236,0.00113334,0.00156615,1
48.37,-0.0318267,0.0333544,0.00114054,0.0241443,0.001134,0.00156612,1
48.38,-0.0526619,0.0327342,0.00113611,0.0235609,0.00112923,0.00156608,1
48.39,-0.0713383,0.0324435,0.00113146,0.0221669,0.00112862,0.00156604,1
48.4,-0.0667707,0.032299,0.00112696,0.0208027,0.00109382,0.00156598,1
48.41,-0.0412506,0.0322475,0.00112211,0.020015,0.00109837,0.00156591,1
48.42,-0.0247064,0.032219,0.00111735,0.0196664,0.00111071,0.00156584,1
48.43,-0.0210158,0.032059,0.00111239,0.0195601,0.00118994,0.00156577,1
48.44,-0.0224338,0.0318771,0.00110743,0.019644,0.00123249,0.00156577,1
48.45,-0.0293734,0.0317809,0.00110272,0.0198884,0.00121176,0.00156586,1
48.46,-0.0374652,0.0316606,0.00109792,0.0202022,0.00121123,0.00156594,1
48.47,-0.0457201,0.0313346,0.00109372,0.0205514,0.00119502,0.00156601,1
48.48,-0.051561,0.0307995,0.00109053,0.0208681,0.00116639,0.00156608,1
48.49,-0.0518525,0.0301278,0.00108702,0.0210629,0.00115715,0.00156614,1
48.5,-0.048345,0.0295342,0.00108357,0.0211726,0.0011569,0.00156619,1
48.51,-0.0405284,0.0288775,0.00108081,0.0213274,0.00116871,0.00156624,1
48.52,-0.0296828,0.0281948,0.00107873,0.0215448,0.00114813,0.00156627,1
48.53,-0.0174065,0.0278988,0.00107727,0.0217435,0.0011374,0.00156628,1
48.54,-0.0089475,0.0284718,0.00107603,0.0217884,0.00109866,0.00156628,1
48.55,-0.00438028,0.0296717,0.00107441,0.0216346,0.00109787,0.00156627,1
48.56,-0.00412518,0.0303768,0.00107247,0.0213945,0.00108633,0.00156624,1
48.57,-0.00528649,0.0305451,0.00107006,0.0212001,0.00105842,0.0015662,1
48.58,-0.00819779,0.0305418,0.00106784,0.0211039,0.00104189,0.00156614,1
48.59,0.00225851,0.0304915,0.00106726,0.0208305,0.00102795,0.00156608,1
48.6,-0.000161815,0.0304929,0.00106723,0.020385,0.00105101,0.001566,1
48.61,-0.00789586,0.030586,0.00106728,0.0200746,0.00101457,0.00156591,1
48.62,-0.0210181,0.0307808,0.00106688,0.0199969,0.00101229,0.00156582,1
48.63,-0.0242761,0.0307602,0.00106663,0.0201375,0.000986544,0.00156572,1
48.64,-0.0246125,0.0301488,0.00106658,0.0205177,0.00100179,0.00156571,1
48.65,-0.0222758,0.0290609,0.00106703,0.0210957,0.000965315,0.00156579,1
48.66,-0.025905,0.0284529,0.00106861,0.0217529,0.00096121,0.00156587,1
48.67,-0.0236831,0.0283108,0.00106956,0.0223241,0.000934297,0.00156594,1
48.68,-0.0133718,0.0282676,0.00106978,0.0226337,0.00091445,0.001566,1
48.69,-0.00097622,0.0281399,0.00106752,0.0226135,0.00092948,0.00156606,1
48.7,0.00767449,0.0279165,0.00106472,0.022349,0.000939759,0.0015661,1
48.71,0.0109771,0.0275153,0.00106217,0.0220486,0.000921988,0.00156613,1
48.72,0.00336303,0.0268859,0.00105906,0.0219493,0.000942224,0.00156615,1
48.73,-0.00465682,0.0260192,0.00105628,0.0221948,0.000982296,0.00156616,1
48.74,-0.00826602,0.024955,0.00105382,0.0227083,0.000989395,0.00156615,1
48.75,-0.00524736,0.0239309,0.00105147,0.0233042,0.00101299,0.00156612,1
48.76,-0.00469751,0.0230743,0.00104818,0.0238254,0.00102782,0.00156608,1
48.77,-0.0188413,0.0225555,0.00104403,0.0241608,0.00104298,0.00156602,1
48.78,-0.040882,0.0224218,0.0010395,0.0235738,0.00104052,0.00156594,1
48.79,-0.0599099,0.0225321,0.00103535,0.0221633,0.00102549,0.00156586,1
48.8,-0.058178,0.0226613,0.00103154,0.0207866,0.00100893,0.00156576,1
48.81,-0.0323059,0.0228446,0.00102763,0.019948,0.000983849,0.00156565,1
48.82,-0.0152787,0.023004,0.00102377,0.0196009,0.000969838,0.00156554,1
48.83,-0.0111288,0.0230765,0.00101955,0.0194988,0.0010343,0.00156542,1
48.84,-0.0154328,0.0230817,0.0010152,0.0196151,0.00110886,0.00156542,1
48.85,-0.0197483,0.0230936,0.001011,0.0198782,0.00110225,0.0015655,1
48.86,-0.0303178,0.0231491,0.00100707,0.0202092,0.00112876,0.00156558,1
48.87,-0.0373409,0.0230835,0.00100358,0.0205783,0.00111712,0.00156565,1
48.88,-0.0434609,0.0228678,0.00100042,0.0209143,0.00112779,0.00156571,1
48.89,-0.0446779,0.0226142,0.000997242,0.0211221,0.00112501,0.00156577,1
48.9,-0.0419422,0.0223896,0.000994332,0.021256,0.00115696,0.00156581,1
48.91,-0.0315399,0.0221275,0.000991956,0.0214327,0.00116566,0.00156584,1
48.92,-0.0221764,0.0218881,0.000990179,0.0216661,0.00113826,0.00156585,1
48.93,-0.0136047,0.0221161,0.000989183,0.0218778,0.00113155,0.00156585,1
48.94,-0.00648704,0.0232863,0.000987838,0.0219187,0.00110321,0.00156582,1
48.95,-0.000491286,0.024794,0.000985524,0.0217578,0.00110355,0.00156579,1
48.96,-0.000288893,0.0255358,0.000983097,0.0215211,0.00106645,0.00156573,1
48.97,-0.00280832,0.0256841,0.000980603,0.0213307,0.00105233,0.00156566,1
48.98,-0.00461195,0.0257356,0.000978515,0.0212246,0.00105313,0.00156557,1
48.99,0.00583789,0.0257743,0.000978164,0.0209267,0.00105031,0.00156546,1
49,0.00559687,0.0258815,0.000977925,0.0204432,0.00103088,0.00156535,1
49.01,-0.00290988,0.0261649,0.000977364,0.0201155,0.00096967,0.00156522,1
49.02,-0.0137425,0.0266186,0.000977124,0.0200202,0.000938081,0.00156509,1
49.03,-0.0195987,0.0269158,0.000976522,0.020165,0.000889999,0.00156495,1
49.04,-0.0194047,0.0266721,0.00097592,0.0205485,0.000903053,0.00156492,1
49.05,-0.0192363,0.0259236,0.000975826,0.0211391,0.00089514,0.001565,1
49.06,-0.0203314,0.0256116,0.000975979,0.0217968,0.000900435,0.00156508,1
49.07,-0.0173971,0.0257169,0.000976346,0.0223777,0.000837107,0.00156514,1
49.08,-0.0102963,0.0257979,0.000976311,0.0226878,0.000801571,0.0015652,1
49.09,0.00176182,0.0257956,0.000974622,0.0226644,0.000795425,0.00156525,1
49.1,0.0102263,0.0256908,0.000971933,0.0223802,0.000816862,0.00156528,1
49.11,0.010379,0.0254618,0.000968805,0.0220546,0.000826497,0.00156531,1
49.12,0.00450029,0.0250171,0.00096557,0.0219601,0.000826168,0.00156531,1
49.13,-0.00501056,0.0243864,0.000961905,0.0222003,0.000822062,0.0015653,1
49.14,-0.0069031,0.0235559,0.000957739,0.0227206,0.000830493,0.00156528,1
49.15,-0.00297428,0.0227286,0.000953048,0.0233101,0.000826608,0.00156523,1
49.16,-0.00287289,0.0221375,0.000946793,0.023859,0.000850427,0.00156516,1
49.17,-0.0187241,0.0218918,0.000940683,0.0241997,0.00086504,0.00156508,1
49.18,-0.0412008,0.0219781,0.000934528,0.0236025,0.000865046,0.00156498,1
49.19,-0.059844,0.0222627,0.000928696,0.0221971,0.000814376,0.00156486,1
49.2,-0.0568761,0.0225398,0.000923634,0.020801,0.000788723,0.00156474,1
49.21,-0.0280895,0.0228424,0.00091933,0.0199557,0.000776194,0.0015646,1
49.22,-0.0130452,0.0231386,0.000915474,0.0195982,0.000802715,0.00156445,1
49.23,-0.010265,0.023321,0.000911572,0.0194971,0.000918024,0.0015643,1
49.24,-0.0151659,0.0233668,0.000907527,0.0196068,0.000980511,0.00156426,1
49.25,-0.023352,0.0233523,0.000903604,0.0198809,0.000993912,0.00156435,1
49.26,-0.0325241,0.023398,0.000900616,0.0202212,0.00100448,0.00156442,1
49.27,-0.0387196,0.0234216,0.00089885,0.0206014,0.00101813,0.00156449,1
49.28,-0.0423938,0.0233173,0.000897963,0.0209556,0.0010135,0.00156455,1
49.29,-0.0431161,0.0231407,0.000897238,0.0211729,0.00101454,0.00156459,1
49.3,-0.0398199,0.0229992,0.000896559,0.021302,0.00101547,0.00156463,1
49.31,-0.0331126,0.0228188,0.000896281,0.0214766,0.000989413,0.00156465,1
49.32,-0.0236913,0.022656,0.000896521,0.0217256,0.00100685,0.00156465,1
49.33,-0.0154404,0.0227039,0.000897836,0.0219299,0.000988988,0.00156464,1
49.34,-0.00763297,0.0233552,0.000899386,0.0219777,0.000982025,0.0015646,1
49.35,-0.00234789,0.0243477,0.000900529,0.0218329,0.000979798,0.00156455,1
49.36,-0.00245547,0.0247616,0.000900928,0.021577,0.000966464,0.00156447,1
49.37,-0.00392946,0.0248039,0.000900917,0.0213719,0.0009554,0.00156438,1
49.38,-0.00748777,0.0248129,0.000901563,0.0212709,0.000941123,0.00156427,1
49.39,0.00107887,0.0248152,0.000904736,0.0209545,0.000936051,0.00156414,1
49.4,-0.00241785,0.0248845,0.00090776,0.0204667,0.000885599,0.001564,1
49.41,-0.00875027,0.0251122,0.000910379,0.0201632,0.000861752,0.00156385,1
49.42,-0.0194393,0.0255089,0.000912328,0.0200754,0.000858817,0.00156369,1
49.43,-0.0261298,0.0258686,0.000914062,0.0202173,0.000850338,0.00156353,1
49.44,-0.0264895,0.0256349,0.000915602,0.020608,0.000851585,0.00156348,1
49.45,-0.0245185,0.0250324,0.000917902,0.0211924,0.000886576,0.00156356,1
49.46,-0.0262926,0.0249326,0.000920584,0.0218503,0.000888488,0.00156364,1
49.47,-0.0247112,0.025168,0.000922936,0.0224182,0.000868826,0.00156371,1
49.48,-0.0159346,0.0253098,0.000924738,0.0227325,0.000866572,0.00156376,1
49.49,-0.00220982,0.0253423,0.000924338,0.0227009,0.000849592,0.00156381,1
49.5,0.0088683,0.0252562,0.000923071,0.0224207,0.000846522,0.00156384,1
49.51,0.0122042,0.0249813,0.000921497,0.0220857,0.00085042,0.00156385,1
49.52,0.00838395,0.0244886,0.000919397,0.0219824,0.000885172,0.00156385,1
49.53,0.00500797,0.0239036,0.000916925,0.0222256,0.000873989,0.00156384,1
49.54,0.00245359,0.0231683,0.000914134,0.0227495,0.000861371,0.0015638,1
49.55,0.00344492,0.0223889,0.000911108,0.0233434,0.000876568,0.00156374,1
49.56,0.00316577,0.0218369,0.00090808,0.0238705,0.000884822,0.00156366,1
49.57,-0.00959605,0.0216982,0.000904797,0.0242262,0.000888472,0.00156356,1
49.58,-0.0301473,0.021944,0.000901409,0.0236406,0.000890299,0.00156345,1
49.59,-0.0475004,0.0224122,0.000898264,0.0222288,0.000885877,0.00156332,1
49.6,-0.04503,0.0228858,0.000895632,0.020821,0.000854622,0.00156317,1
49.61,-0.0197694,0.0233768,0.000893029,0.0199595,0.000832147,0.00156301,1
49.62,-0.00681607,0.0239239,0.000890617,0.0195962,0.000837753,0.00156285,1
49.63,-0.0056051,0.0243791,0.000888491,0.0195021,0.00093226,0.00156267,1
49.64,-0.00909905,0.0245788,0.00088645,0.0196099,0.000987971,0.00156263,1
49.65,-0.0196516,0.0246302,0.000884939,0.0198911,0.000975038,0.00156271,1
49.66,-0.0283811,0.0246305,0.000883879,0.0202561,0.000964029,0.00156278,1
49.67,-0.0391821,0.024557,0.00088254,0.0206389,0.000962931,0.00156285,1
49.68,-0.0454577,0.0243823,0.000881721,0.0209998,0.000934602,0.00156291,1
49.69,-0.046932,0.0241405,0.000880955,0.0212259,0.000928368,0.00156295,1
49.7,-0.0442156,0.0239282,0.000879977,0.0213646,0.000943244,0.00156298,1
49.71,-0.0366005,0.0236851,0.000878908,0.0215504,0.000908347,0.001563,1
49.72,-0.0256402,0.0234865,0.000878126,0.0217909,0.000919978,0.00156299,1
49.73,-0.0180255,0.0237449,0.000877381,0.022006,0.000957954,0.00156297,1
49.74,-0.01216,0.0250492,0.000876834,0.0220689,0.000940128,0.00156293,1
49.75,-0.00792402,0.0268441,0.000876319,0.0219191,0.000920461,0.00156286,1
49.76,-0.00811806,0.0278642,0.000875166,0.0216724,0.000920907,0.00156278,1
49.77,-0.0122905,0.0281622,0.000873244,0.0214736,0.00090372,0.00156267,1
49.78,-0.0156638,0.0283151,0.000871515,0.0213675,0.000899427,0.00156255,1
49.79,-0.00593506,0.0284589,0.000871871,0.0210478,0.000881291,0.00156241,1
49.8,-0.0106856,0.0286736,0.000873085,0.020537,0.000865724,0.00156226,1
49.81,-0.0183526,0.0290929,0.000873859,0.0201835,0.000848773,0.0015621,1
49.82,-0.0268619,0.0297691,0.000875167,0.0200917,0.000826337,0.00156192,1
49.83,-0.034689,0.0305304,0.000876321,0.0202414,0.000831362,0.00156174,1
49.84,-0.0331076,0.0309889,0.000877711,0.020671,0.000860037,0.00156172,1
49.85,-0.0334359,0.0311418,0.000879543,0.0212666,0.000855775,0.0015618,1
49.86,-0.0354843,0.0314901,0.000882182,0.0219574,0.000845131,0.00156187,1
49.87,-0.0367878,0.0319275,0.000885058,0.0225345,0.000849902,0.00156194,1
49.88,-0.027579,0.0321986,0.000887376,0.0228639,0.000844489,0.00156199,1
49.89,-0.0153565,0.0323381,0.000887582,0.022827,0.000839194,0.00156203,1
49.9,-0.00620993,0.0323607,0.000887599,0.0225449,0.000819921,0.00156206,1
49.91,-0.00369331,0.0322361,0.000887233,0.0222155,0.000801342,0.00156207,1
49.92,-0.00785625,0.0319465,0.000886679,0.0221253,0.000790969,0.00156207,1
49.93,-0.0123957,0.031445,0.000885544,0.0223805,0.000822681,0.00156204,1
49.94,-0.0111876,0.030801,0.000884597,0.0229138,0.000806129,0.001562,1
49.95,-0.0113401,0.0301116,0.00088313,0.0235182,0.000835817,0.00156193,1
49.96,-0.0101588,0.029564,0.00088094,0.0240752,0.000850597,0.00156185,1
49.97,-0.0218016,0.0293311,0.000878659,0.0244165,0.000829838,0.00156174,1
49.98,-0.0459148,0.0294081,0.000875961,0.0237969,0.000821495,0.00156161,1
49.99,-0.0665699,0.0296115,0.000873499,0.0223348,0.000830647,0.00156147,1
50,-0.0657047,0.0298551,0.00087118,0.0208858,0.000803636,0.00156132,1
50.01,-0.0402247,0.0301486,0.000869241,0.0199954,0.000770959,0.00156115,1
50.02,-0.023065,0.0304601,0.000867856,0.0196266,0.000762624,0.00156097,1
50.03,-0.0200815,0.0306575,0.000866874,0.0195287,0.000827649,0.00156079,1
50.04,-0.0219505,0.0307214,0.000866175,0.0196361,0.000922172,0.00156074,1
50.05,-0.0303413,0.030718,0.000865848,0.0199174,0.000930111,0.00156082,1
50.06,-0.0400573,0.0306648,0.000866188,0.020275,0.00093745,0.0015609,1
50.07,-0.0492426,0.0304852,0.00086723,0.0206633,0.000940908,0.00156096,1
50.08,-0.0534042,0.0301947,0.000868964,0.0210214,0.000947201,0.00156101,1
50.09,-0.0548651,0.0298207,0.000870785,0.0212507,0.000962725,0.00156106,1
50.1,-0.0505222,0.0294668,0.000873267,0.0213787,0.000968733,0.00156109,1
50.11,-0.0426564,0.0290905,0.000876324,0.0215695,0.000969406,0.0015611,1
50.12,-0.0339145,0.0286857,0.000879383,0.0218209,0.000959908,0.0015611,1
50.13,-0.0255159,0.0286121,0.000882877,0.0220482,0.000971931,0.00156107,1
50.14,-0.0190214,0.0293667,0.00088615,0.0220957,0.000981389,0.00156102,1
50.15,-0.0137475,0.0306495,0.000889235,0.021936,0.000963869,0.00156096,1
50.16,-0.0141651,0.0314015,0.000892855,0.0216837,0.000935824,0.00156087,1
50.17,-0.0128717,0.0316123,0.00089681,0.0214806,0.000917127,0.00156076,1
50.18,-0.0159481,0.0316591,0.000900828,0.0213878,0.000880026,0.00156063,1
50.19,-0.0045753,0.0316957,0.00090681,0.0210749,0.000864226,0.00156048,1
50.2,-0.0061102,0.0318254,0.000913188,0.0205637,0.000819491,0.00156033,1
50.21,-0.0138709,0.0321121,0.000919288,0.0202107,0.000807547,0.00156016,1
50.22,-0.0246085,0.0325307,0.000925381,0.0201189,0.000786873,0.00155998,1
50.23,-0.028772,0.0328672,0.000931155,0.0202759,0.000820674,0.00155979,1
50.24,-0.0289613,0.0326533,0.000936506,0.0206931,0.00081805,0.00155974,1
50.25,-0.0301976,0.0320348,0.00094143,0.0213061,0.000819156,0.00155982,1
50.26,-0.0328559,0.031795,0.000946285,0.0219993,0.000849743,0.00155989,1
50.27,-0.0316744,0.0319598,0.000951834,0.022593,0.000850938,0.00155996,1
50.28,-0.0232602,0.0320501,0.000957114,0.0229294,0.000856077,0.00156001,1
50.29,-0.0107814,0.0320432,0.000960633,0.0229039,0.000851187,0.00156005,1
50.3,0.00030964,0.0319027,0.000963816,0.0226003,0.000854403,0.00156008,1
50.31,0.00201716,0.0315452,0.000966749,0.0222562,0.000879969,0.00156009,1
50.32,-0.00432032,0.0309493,0.000968075,0.0221582,0.000890874,0.00156008,1
50.33,-0.00819094,0.0301711,0.000968483,0.0224181,0.000929762,0.00156006,1
50.34,-0.00717061,0.0292368,0.000968101,0.022944,0.000942486,0.00156001,1
50.35,-0.00536923,0.0282408,0.00096732,0.0235498,0.000984017,0.00155995,1
50.36,-0.00765276,0.0274584,0.000966054,0.0241185,0.000995897,0.00155986,1
50.37,-0.0189278,0.0269903,0.000964134,0.0244589,0.00100774,0.00155975,1
50.38,-0.0426789,0.0268619,0.000961739,0.0238329,0.00100793,0.00155963,1
50.39,-0.0612192,0.026933,0.000958773,0.0223513,0.000989863,0.00155948,1
50.4,-0.0599047,0.0271125,0.000955975,0.0208787,0.000987791,0.00155933,1
50.41,-0.0338257,0.0273617,0.000953636,0.0200298,0.000982027,0.00155916,1
50.42,-0.0192456,0.0276073,0.000951402,0.01966,0.000999518,0.00155898,1
50.43,-0.0143555,0.027723,0.000949763,0.019552,0.00103625,0.0015588,1
50.44,-0.017748,0.0277342,0.000948534,0.0196483,0.00111676,0.00155875,1
50.45,-0.0283229,0.0277325,0.000947494,0.019925,0.00111514,0.00155883,1
50.46,-0.035284,0.0277345,0.000947242,0.0202615,0.00112848,0.0015589,1
50.47,-0.0442746,0.0276329,0.000947639,0.0206307,0.00112253,0.00155897,1
50.48,-0.0488639,0.027373,0.000948119,0.0209763,0.00109801,0.00155903,1
50.49,-0.053132,0.0270727,0.000948531,0.0211899,0.0010906,0.00155907,1
50.5,-0.0492527,0.0267621,0.000949279,0.0213208,0.00106,0.0015591,1
50.51,-0.0437931,0.0264081,0.000949878,0.0214732,0.00104312,0.00155911,1
50.52,-0.0315761,0.0260325,0.00095021,0.0217051,0.00106499,0.00155911,1
50.53,-0.0221926,0.0259642,0.000949962,0.0219098,0.00103971,0.00155909,1
50.54,-0.0164065,0.0266807,0.000949677,0.0219677,0.00107589,0.00155904,1
50.55,-0.0105684,0.0279342,0.000949445,0.0218087,0.00108861,0.00155897,1
50.56,-0.0105151,0.0286457,0.000948562,0.0215503,0.00103536,0.00155889,1
50.57,-0.0132931,0.0288171,0.000947605,0.021348,0.000977439,0.00155878,1
50.58,-0.0173409,0.0288586,0.00094692,0.0212601,0.000942798,0.00155865,1
50.59,-0.0056335,0.0288815,0.00094834,0.0209615,0.000917345,0.0015585,1
50.6,-0.00606987,0.0289693,0.000949877,0.020477,0.000907654,0.00155835,1
50.61,-0.0126035,0.0291888,0.000950919,0.0201477,0.000886463,0.00155818,1
50.62,-0.0208556,0.0295661,0.000951804,0.0200645,0.000848026,0.001558,1
50.63,-0.0240313,0.0297973,0.000952281,0.0202346,0.000833634,0.00155781,1
50.64,-0.0276255,0.0295519,0.00095319,0.0206476,0.000828463,0.00155776,1
50.65,-0.0275916,0.0288286,0.00095454,0.0212628,0.000832955,0.00155784,1
50.66,-0.0306987,0.0285111,0.000955448,0.0219681,0.000812099,0.00155791,1
50.67,-0.0264607,0.0285783,0.000955982,0.0225969,0.000799105,0.00155798,1
50.68,-0.0173971,0.0286133,0.000956469,0.0229477,0.000816396,0.00155803,1
50.69,-0.00420617,0.0285571,0.000954559,0.0229166,0.000804367,0.00155807,1
50.7,0.00574026,0.0283792,0.000951988,0.0226324,0.00080484,0.0015581,1
50.71,0.00994578,0.0280231,0.000948767,0.0222951,0.00079903,0.00155811,1
50.72,0.00482314,0.0274646,0.000945285,0.0222024,0.000823937,0.0015581,1
50.73,-0.00203589,0.0266866,0.000942012,0.0224809,0.000838423,0.00155808,1
50.74,-0.00189586,0.0257043,0.000939073,0.0230364,0.000861411,0.00155803,1
50.75,-0.00173679,0.0246526,0.000935798,0.0236804,0.000857376,0.00155797,1
50.76,-0.00226528,0.0237658,0.000932194,0.0242603,0.000857539,0.00155788,1
50.77,-0.0152489,0.0231653,0.000927559,0.0246278,0.0008606,0.00155777,1
50.78,-0.0371809,0.0229396,0.000922776,0.0239802,0.000812566,0.00155765,1
50.79,-0.0564488,0.0229015,0.000917743,0.0224571,0.000852268,0.0015575,1
50.8,-0.0565933,0.0229272,0.000912488,0.0209482,0.000824482,0.00155735,1
50.81,-0.029654,0.0229952,0.000907767,0.0200217,0.000820106,0.00155718,1
50.82,-0.0161529,0.0230465,0.000904066,0.0196358,0.000844319,0.00155701,1
50.83,-0.0100584,0.0229772,0.00090132,0.0195364,0.000941175,0.00155682,1
50.84,-0.0143306,0.022913,0.000899127,0.0196638,0.00103733,0.0015568,1
50.85,-0.0214875,0.0230045,0.000897551,0.0199481,0.0010614,0.00155688,1
50.86,-0.0320816,0.0231712,0.000896156,0.0203094,0.00103784,0.00155695,1
50.87,-0.0378704,0.0232154,0.000895607,0.0207104,0.00103765,0.00155702,1
50.88,-0.043013,0.0230539,0.000895708,0.021078,0.0010305,0.00155707,1
50.89,-0.0446334,0.0227903,0.000896803,0.0213063,0.00104538,0.00155712,1
50.9,-0.040447,0.0225064,0.000897798,0.0214458,0.00104819,0.00155715,1
50.91,-0.0339242,0.0221855,0.000898878,0.0216232,0.00102658,0.00155716,1
50.92,-0.0239706,0.0218295,0.000900227,0.0218593,0.00101798,0.00155715,1
50.93,-0.0133091,0.0216403,0.000901889,0.0220762,0.0010136,0.00155713,1
50.94,-0.00656036,0.0220704,0.000903631,0.0221285,0.00100429,0.00155708,1
50.95,-0.00447005,0.0228709,0.000905633,0.0219547,0.000990892,0.00155702,1
50.96,-0.00402417,0.0231599,0.000906958,0.0216928,0.000977866,0.00155693,1
50.97,-0.00497172,0.0231418,0.000907967,0.0214822,0.000961474,0.00155682,1
50.98,-0.00841365,0.0231669,0.000909795,0.0213816,0.000952884,0.00155669,1
50.99,0.00314555,0.0231922,0.000913862,0.0210496,0.000931285,0.00155655,1
51,0.0039319,0.0231945,0.000918014,0.0205271,0.000895006,0.00155639,1
51.01,-0.00313498,0.0232283,0.00092247,0.0201712,0.000844967,0.00155622,1
51.02,-0.0139285,0.0233448,0.000925868,0.0200712,0.000824297,0.00155604,1
51.03,-0.017016,0.0233271,0.000929258,0.020233,0.000799971,0.00155586,1
51.04,-0.0170122,0.0227534,0.00093246,0.0206464,0.000817313,0.00155581,1
51.05,-0.0155194,0.0216136,0.000935043,0.0212628,0.000828875,0.00155589,1
51.06,-0.0161989,0.0209893,0.00093764,0.0219619,0.000838622,0.00155596,1
51.07,-0.0134728,0.0209079,0.000940085,0.0225739,0.000806783,0.00155603,1
51.08,-0.00251568,0.0208542,0.000941002,0.0229085,0.000817493,0.00155608,1
51.09,0.00988774,0.0207924,0.000939803,0.0228946,0.000839254,0.00155612,1
51.1,0.0195596,0.0206612,0.00093764,0.0225948,0.000832862,0.00155615,1
51.11,0.021298,0.020382,0.000935255,0.0222499,0.00082086,0.00155616,1
51.12,0.0161164,0.0198086,0.000932594,0.0221423,0.000839266,0.00155616,1
51.13,0.00951972,0.0189878,0.000929548,0.0224093,0.000869204,0.00155613,1
51.14,0.00907426,0.0179611,0.000925917,0.0229625,0.000899525,0.00155609,1
51.15,0.0100552,0.0170153,0.000921216,0.0235823,0.000882102,0.00155603,1
51.16,0.0119446,0.0161917,0.000916282,0.024164,0.000887208,0.00155594,1
51.17,-0.000192057,0.0156604,0.000911148,0.0245138,0.000890429,0.00155583,1
51.18,-0.0234774,0.0155444,0.000905594,0.0238811,0.000900246,0.00155571,1
51.19,-0.0406483,0.0156943,0.000901129,0.0223806,0.000904464,0.00155557,1
51.2,-0.0381181,0.0158672,0.000896889,0.0208897,0.00088114,0.00155542,1
51.21,-0.0103549,0.0160847,0.000892891,0.0199781,0.000868357,0.00155525,1
51.22,0.00612323,0.0163125,0.000888734,0.0195947,0.000888312,0.00155508,1
51.23,0.00796578,0.0164049,0.000884307,0.0195009,0.00099795,0.0015549,1
51.24,0.00474185,0.0163985,0.000879879,0.0196197,0.0010456,0.00155485,1
51.25,-0.00345467,0.0164266,0.000876502,0.0199091,0.00107757,0.00155493,1
51.26,-0.0138882,0.0165098,0.000874455,0.0202733,0.00105006,0.00155501,1
51.27,-0.0225752,0.0165256,0.000872834,0.0206728,0.00100904,0.00155507,1
51.28,-0.0283415,0.0163786,0.000871412,0.0210505,0.00100919,0.00155513,1
51.29,-0.0312573,0.0161881,0.000870223,0.0212742,0.000976692,0.00155517,1
51.3,-0.0282154,0.0160405,0.000868743,0.0214109,0.000958731,0.0015552,1
51.31,-0.0215972,0.0158815,0.000867179,0.0215975,0.000960522,0.00155522,1
51.32,-0.0110757,0.0157303,0.000866513,0.0218422,0.000942847,0.00155522,1
51.33,-0.00255595,0.0159815,0.000865955,0.0220752,0.000932225,0.00155519,1
51.34,0.00248277,0.0171593,0.000865786,0.02213,0.000952029,0.00155515,1
51.35,0.00881464,0.0187557,0.000865116,0.0219692,0.000937714,0.00155509,1
51.36,0.0111491,0.0193723,0.000864259,0.0217036,0.000909158,0.001555,1
51.37,0.00672921,0.0193156,0.000862766,0.0214804,0.000890896,0.0015549,1
51.38,0.00408401,0.0192353,0.000861464,0.0213737,0.000861301,0.00155478,1
51.39,0.0132228,0.0192094,0.000861476,0.0210358,0.000831727,0.00155464,1
51.4,0.0107427,0.019207,0.000862081,0.0205137,0.000807076,0.00155449,1
51.41,0.000842346,0.019347,0.000862356,0.0201586,0.000773166,0.00155432,1
51.42,-0.0100197,0.0197435,0.000862393,0.0200639,0.000732138,0.00155415,1
51.43,-0.0168417,0.0203192,0.000861811,0.0202244,0.00076423,0.00155397,1
51.44,-0.0185965,0.0205197,0.00086089,0.02065,0.000777595,0.00155393,1
51.45,-0.0179823,0.0203583,0.00085932,0.0212749,0.000780349,0.00155401,1
51.46,-0.0206882,0.0205429,0.000858476,0.0219785,0.000762672,0.00155408,1
51.47,-0.0183674,0.0208163,0.000857431,0.0225735,0.000732994,0.00155415,1
51.48,-0.00654876,0.0208764,0.000854905,0.0229198,0.000728388,0.0015542,1
51.49,0.00386062,0.0208577,0.000849825,0.0228966,0.000728674,0.00155424,1
51.5,0.011281,0.0208593,0.000844806,0.0225918,0.000747785,0.00155427,1
51.51,0.0123542,0.0208316,0.000839275,0.0222525,0.000740334,0.00155429,1
51.52,0.0067102,0.020683,0.000834427,0.0221425,0.000745084,0.00155429,1
51.53,-0.000556424,0.0203951,0.000829944,0.0224109,0.000742143,0.00155427,1
51.54,-0.0011049,0.0199614,0.000825473,0.0229584,0.000764957,0.00155423,1
51.55,6.75117e-05,0.019527,0.000821248,0.0235949,0.000744152,0.00155416,1
51.56,0.00114307,0.0191811,0.000816177,0.0241753,0.000770831,0.00155408,1
51.57,-0.0123273,0.0190317,0.000810682,0.0245245,0.000798458,0.00155398,1
51.58,-0.0337086,0.0190583,0.000805776,0.0238667,0.000811856,0.00155386,1
51.59,-0.0539287,0.0191547,0.00080053,0.0223603,0.000799402,0.00155373,1
51.6,-0.0523593,0.0192372,0.000795656,0.0208544,0.000797459,0.00155358,1
51.61,-0.0243702,0.019301,0.000791105,0.0199491,0.000768428,0.00155342,1
51.62,-0.0069103,0.0193624,0.000786932,0.0195626,0.000746865,0.00155326,1
51.63,-0.00450771,0.0193809,0.000782857,0.0194639,0.000831566,0.00155308,1
51.64,-0.00639811,0.0193514,0.000779416,0.0195732,0.000908175,0.00155304,1
51.65,-0.0151527,0.0193495,0.000776558,0.0198572,0.000910874,0.00155312,1
51.66,-0.0239328,0.0195516,0.000774339,0.02023,0.000879332,0.00155319,1
51.67,-0.0347012,0.0197401,0.00077362,0.0206332,0.000874131,0.00155326,1
51.68,-0.0382424,0.0197288,0.000773373,0.0210156,0.000869247,0.00155332,1
51.69,-0.0383841,0.0195885,0.000772786,0.021249,0.000837231,0.00155336,1
51.7,-0.0370012,0.019458,0.000772381,0.021385,0.000823354,0.00155339,1
51.71,-0.0293237,0.0193131,0.000772856,0.0215711,0.000832908,0.00155341,1
51.72,-0.0181615,0.0191242,0.000774336,0.0218274,0.000823155,0.00155341,1
51.73,-0.00904992,0.019162,0.000776316,0.0220688,0.000794274,0.00155339,1
51.74,-0.000139985,0.0199101,0.00077786,0.0221299,0.000834504,0.00155335,1
51.75,0.004507,0.0210848,0.000778734,0.0219608,0.000828706,0.00155329,1
51.76,0.00592985,0.0215781,0.000778917,0.0216932,0.00081657,0.00155321,1
51.77,0.00391162,0.0215894,0.000779263,0.0214846,0.00080727,0.00155311,1
51.78,-0.00265586,0.0215845,0.0007801,0.0213762,0.00079623,0.00155299,1
51.79,0.00931507,0.021585,0.00078242,0.0210529,0.000781248,0.00155285,1
51.8,0.00454286,0.0215937,0.000785175,0.0205336,0.000750497,0.00155271,1
51.81,-0.00116253,0.0216514,0.000787729,0.0201688,0.00069565,0.00155255,1
51.82,-0.00855284,0.021818,0.000789297,0.0200766,0.000686551,0.00155238,1
51.83,-0.0132041,0.0219474,0.00079047,0.0202369,0.000681551,0.00155221,1
51.84,-0.0140014,0.0215554,0.000791217,0.020669,0.000699903,0.00155216,1
51.85,-0.0144179,0.0205954,0.000791495,0.0213158,0.000706847,0.00155224,1
51.86,-0.0151428,0.0201635,0.000791748,0.0220314,0.000714528,0.00155232,1
51.87,-0.0108145,0.0201722,0.000792339,0.0226584,0.000686627,0.00155238,1
51.88,-0.00364969,0.0201784,0.000792484,0.0230049,0.00068956,0.00155244,1
51.89,0.0090724,0.0201758,0.000790249,0.0229726,0.000667334,0.00155248,1
51.9,0.0193174,0.0201805,0.00078708,0.0226568,0.000658275,0.00155251,1
51.91,0.0222774,0.0200755,0.000783413,0.022297,0.000693514,0.00155253,1
51.92,0.0153979,0.0197321,0.000779475,0.0221927,0.000725245,0.00155253,1
51.93,0.00934448,0.0191057,0.000775216,0.0224521,0.000748099,0.00155251,1
51.94,0.00571082,0.0183944,0.000770537,0.0230152,0.000761,0.00155247,1
51.95,0.00949778,0.0177516,0.00076575,0.023666,0.000779749,0.00155241,1
51.96,0.00737603,0.0172088,0.000760255,0.0242511,0.000803744,0.00155233,1
51.97,-0.0059602,0.0168713,0.000754652,0.024628,0.000835277,0.00155224,1
51.98,-0.0280234,0.0167735,0.000749,0.0239875,0.000819932,0.00155212,1
51.99,-0.0482103,0.0168138,0.000743228,0.0224529,0.00078455,0.00155199,1
52,-0.0465182,0.0168479,0.000736959,0.0209335,0.000776485,0.00155185,1
52.01,-0.0188729,0.0168814,0.000730751,0.0200028,0.000749775,0.00155169,1
52.02,-0.00241009,0.0169241,0.000724974,0.0196169,0.000764869,0.00155153,1
52.03,0.00187799,0.0169326,0.000719422,0.0195277,0.000822241,0.00155136,1
52.04,-0.00198085,0.0169454,0.000714101,0.019643,0.000879808,0.00155132,1
52.05,-0.00736901,0.0170899,0.000709413,0.0199462,0.000889385,0.0015514,1
52.06,-0.0152969,0.0173957,0.000705952,0.0203158,0.000872901,0.00155148,1
52.07,-0.0242483,0.0176893,0.000703248,0.020731,0.000856271,0.00155154,1
52.08,-0.0321077,0.017869,0.000701465,0.0211127,0.000849496,0.0015516,1
52.09,-0.0339182,0.0178914,0.000699908,0.0213504,0.00083644,0.00155164,1
52.1,-0.0310454,0.0179128,0.000698367,0.0214886,0.000810611,0.00155168,1
52.11,-0.0219017,0.0179746,0.000696776,0.0216817,0.000783081,0.0015517,1
52.12,-0.00976564,0.0179441,0.000695014,0.0219364,0.000787512,0.0015517,1
52.13,0.000927115,0.0179779,0.00069347,0.0221802,0.000777668,0.00155168,1
52.14,0.00768131,0.0184674,0.000691324,0.022232,0.000791365,0.00155164,1
52.15,0.0142415,0.0192506,0.000689092,0.0220667,0.000738398,0.00155158,1
52.16,0.0138138,0.0193999,0.000686326,0.0217902,0.000690038,0.00155151,1
52.17,0.00978601,0.0192089,0.000682314,0.0215635,0.000670726,0.00155141,1
52.18,0.00809927,0.0191553,0.000678377,0.0214622,0.000632299,0.00155129,1
52.19,0.0183107,0.0191519,0.000675607,0.0211304,0.000567012,0.00155116,1
52.2,0.0149585,0.0191276,0.000673054,0.0205942,0.000548817,0.00155102,1
52.21,0.00822104,0.0191293,0.00066982,0.0202428,0.000494989,0.00155087,1
52.22,-0.00312977,0.0192989,0.000666155,0.0201526,0.000482389,0.00155071,1
52.23,-0.00672117,0.0194955,0.000662055,0.0203245,0.000464819,0.00155054,1
52.24,-0.00956549,0.0191846,0.000658278,0.0207732,0.000483827,0.0015505,1
52.25,-0.00711456,0.0182952,0.000655189,0.0214196,0.000471523,0.00155058,1
52.26,-0.00960315,0.0179254,0.000652441,0.0221563,0.000479008,0.00155065,1
52.27,-0.00710692,0.0179334,0.000650099,0.0227947,0.000488065,0.00155072,1
52.28,0.000587112,0.0179388,0.000646885,0.0231492,0.00047803,0.00155078,1
52.29,0.0121509,0.0179779,0.000641742,0.0231099,0.000503809,0.00155082,1
52.3,0.0210697,0.0180838,0.000635508,0.0228069,0.000526469,0.00155085,1
52.31,0.024669,0.0181784,0.00062944,0.0224489,0.000508189,0.00155087,1
52.32,0.0225104,0.0181099,0.000623153,0.0223485,0.000563497,0.00155087,1
52.33,0.0174683,0.0177501,0.000616286,0.0226488,0.000600595,0.00155085,1
52.34,0.014082,0.0172314,0.00060895,0.0232154,0.000615681,0.00155082,1
52.35,0.0167924,0.0168005,0.000601847,0.0238934,0.000629179,0.00155076,1
52.36,0.0175471,0.0164555,0.000594317,0.024487,0.000617847,0.00155069,1
52.37,0.000567263,0.0162871,0.000586254,0.0248585,0.00060492,0.0015506,1
52.38,-0.0205532,0.0162899,0.000577732,0.02419,0.000582338,0.00155048,1
52.39,-0.0392906,0.0163304,0.000569546,0.0226112,0.000551513,0.00155036,1
52.4,-0.039461,0.0162963,0.000561655,0.0210288,0.000514984,0.00155022,1
52.41,-0.0125841,0.0162158,0.000554733,0.0200637,0.000500882,0.00155007,1
52.42,0.0038744,0.0161488,0.000548853,0.0196581,0.000483317,0.00154992,1
52.43,0.00875557,0.0161109,0.000543433,0.0195599,0.000566082,0.00154975,1
52.44,0.00407355,0.0161081,0.000539198,0.0196847,0.00064098,0.00154971,1
52.45,-0.00493767,0.0162988,0.000535889,0.0199833,0.000633407,0.00154979,1
52.46,-0.0149369,0.016827,0.000533161,0.0203606,0.000653944,0.00154987,1
52.47,-0.0222813,0.0173322,0.000531068,0.0207796,0.000645012,0.00154994,1
52.48,-0.0287337,0.0176096,0.000530067,0.0211632,0.00063062,0.00155,1
52.49,-0.0288596,0.0177435,0.000529376,0.0213978,0.000631809,0.00155004,1
52.5,-0.027092,0.0179159,0.000528872,0.0215461,0.000641106,0.00155008,1
52.51,-0.0166279,0.0181218,0.000528722,0.0217288,0.00064556,0.0015501,1
52.52,-0.00556178,0.0182089,0.00052826,0.0220052,0.000632711,0.0015501,1
52.53,0.00381572,0.0182205,0.00052777,0.0222353,0.000647892,0.00155009,1
52.54,0.0122888,0.0185122,0.000526973,0.0222892,0.000623832,0.00155005,1
52.55,0.0165447,0.0189283,0.000524969,0.0221232,0.00061221,0.00155,1
52.56,0.0168273,0.0188855,0.000522775,0.0218509,0.000618987,0.00154992,1
52.57,0.0134949,0.0186009,0.00052003,0.0216342,0.000573179,0.00154983,1
52.58,0.00993216,0.0184289,0.00051662,0.0215296,0.000528385,0.00154972,1
52.59,0.0195111,0.018354,0.000514042,0.0211848,0.000504504,0.00154959,1
52.6,0.0140113,0.0182365,0.000511148,0.0206344,0.000449861,0.00154946,1
52.61,0.00766957,0.0180981,0.000508406,0.0202582,0.000405373,0.00154931,1
52.62,-0.00309356,0.0182329,0.000506023,0.0201598,0.00037009,0.00154916,1
52.63,-0.00863901,0.0185708,0.000503499,0.0203429,0.000351569,0.00154899,1
52.64,-0.00827941,0.0186218,0.000501443,0.0207922,0.000390363,0.00154895,1
52.65,-0.00737804,0.0182213,0.000500197,0.0214574,0.000360302,0.00154904,1
52.66,-0.0083976,0.0181497,0.000499671,0.0221891,0.000376207,0.00154911,1
52.67,-0.00402928,0.018273,0.000499661,0.0228205,0.000369465,0.00154918,1
52.68,0.00612172,0.0182693,0.000499037,0.0231707,0.000369687,0.00154924,1
52.69,0.0192303,0.0182503,0.00049648,0.0231343,0.000368411,0.00154928,1
52.7,0.0304958,0.0182843,0.000493129,0.0228299,0.000365359,0.00154931,1
52.71,0.0321959,0.0182929,0.000489585,0.022466,0.000361326,0.00154933,1
52.72,0.0258513,0.0181395,0.000485879,0.0223542,0.00039883,0.00154934,1
52.73,0.0187564,0.017793,0.000482795,0.0226366,0.000410937,0.00154932,1
52.74,0.0185425,0.0173696,0.000479054,0.0232148,0.000454474,0.00154929,1
52.75,0.021105,0.0170581,0.000474275,0.023864,0.000457281,0.00154924,1
52.76,0.0192009,0.0168203,0.00046864,0.0244799,0.000464944,0.00154917,1
52.77,0.00781232,0.0167376,0.000462055,0.0248552,0.000458138,0.00154908,1
52.78,-0.0127314,0.0168124,0.000454893,0.0241946,0.000466626,0.00154897,1
52.79,-0.0322795,0.0169071,0.000447897,0.0225859,0.000419068,0.00154885,1
52.8,-0.0308238,0.0169083,0.000441628,0.0210124,0.000404594,0.00154872,1
52.81,-0.00689138,0.0168893,0.000434964,0.0200563,0.000366515,0.00154857,1
52.82,0.00832661,0.0169235,0.000428258,0.0196512,0.000385135,0.00154842,1
52.83,0.0115081,0.0169324,0.00042296,0.0195509,0.000438908,0.00154826,1
52.84,0.00610057,0.0168145,0.000418152,0.0196731,0.00049852,0.00154823,1
52.85,-0.00235718,0.0166832,0.000413894,0.019988,0.000482259,0.00154831,1
52.86,-0.0149122,0.0168341,0.000410944,0.0203743,0.000515559,0.00154839,1
52.87,-0.0247487,0.0171225,0.000408796,0.0207975,0.00048546,0.00154845,1
52.88,-0.0300196,0.0172786,0.00040716,0.0211982,0.000475083,0.00154851,1
52.89,-0.0328581,0.0173315,0.000405449,0.0214388,0.000465853,0.00154856,1
52.9,-0.0281355,0.0173864,0.000404113,0.0215869,0.000475099,0.0015486,1
52.91,-0.0208191,0.0174386,0.000403347,0.0217859,0.000480404,0.00154862,1
52.92,-0.0110496,0.0174364,0.000402164,0.0220356,0.000479487,0.00154862,1
52.93,0.0001667,0.0175569,0.000401808,0.0222777,0.000500975,0.00154861,1
52.94,0.00655728,0.018212,0.000401386,0.0223451,0.000495202,0.00154858,1
52.95,0.0103281,0.0190194,0.000400402,0.0221869,0.000500335,0.00154853,1
52.96,0.00916257,0.0189573,0.000399415,0.0219194,0.000491766,0.00154846,1
52.97,0.00666124,0.01854,0.000398073,0.0216992,0.000519695,0.00154837,1
52.98,0.00569791,0.0182626,0.000396185,0.0215986,0.000477387,0.00154826,1
52.99,0.0173301,0.0180839,0.000394665,0.0212665,0.000436704,0.00154814,1
53,0.0130693,0.0179112,0.000392769,0.0207008,0.000396593,0.00154801,1
53.01,0.00575823,0.0178129,0.000390467,0.0203359,0.000332826,0.00154787,1
53.02,-0.00664353,0.018026,0.000387911,0.0202435,0.000296312,0.00154772,1
53.03,-0.0140103,0.0185802,0.000384798,0.020435,0.000280908,0.00154756,1
53.04,-0.0148806,0.0190254,0.000381621,0.0209107,0.000311944,0.00154752,1
53.05,-0.0143214,0.0191745,0.000379191,0.0216016,0.000310551,0.0015476,1
53.06,-0.0182327,0.0194477,0.00037679,0.0223847,0.00028241,0.00154768,1
53.07,-0.0156104,0.01976,0.000374572,0.0230401,0.000270663,0.00154775,1
53.08,-0.00642676,0.0198484,0.000371554,0.0234078,0.000264516,0.00154781,1
53.09,0.00571848,0.0198528,0.00036648,0.0233814,0.000240684,0.00154785,1
53.1,0.0159153,0.0198633,0.000361234,0.0230648,0.000241979,0.00154789,1
53.11,0.023888,0.0198407,0.000355375,0.0227135,0.00024283,0.00154791,1
53.12,0.0201166,0.0196748,0.000349157,0.0226155,0.000237524,0.00154791,1
53.13,0.0144615,0.0194124,0.00034336,0.0229185,0.000242938,0.0015479,1
53.14,0.0133699,0.0189806,0.000337463,0.0235107,0.000294261,0.00154787,1
53.15,0.0122595,0.0184935,0.000331115,0.024144,0.000300458,0.00154782,1
53.16,0.0115229,0.0182071,0.000324251,0.024659,0.000318672,0.00154775,1
53.17,-0.00405988,0.0182601,0.000317043,0.0249299,0.000331911,0.00154767,1
53.18,-0.0268981,0.018668,0.000309648,0.0241862,0.000341536,0.00154756,1
53.19,-0.045773,0.0192556,0.000301709,0.0225544,0.00033262,0.00154745,1
53.2,-0.040902,0.0197613,0.000293788,0.0209664,0.000305629,0.00154732,1
53.21,-0.0167579,0.0201909,0.000285575,0.0200359,0.000285117,0.00154718,1
53.22,-0.00187102,0.0205943,0.000276841,0.0196644,0.000296786,0.00154703,1
53.23,0.000208146,0.0208696,0.000267949,0.0195875,0.000325209,0.00154688,1
53.24,-0.00415696,0.0208887,0.000260351,0.0197281,0.000365531,0.00154684,1
53.25,-0.0128829,0.020761,0.00025403,0.0200481,0.000341659,0.00154693,1
53.26,-0.0214482,0.0207015,0.000249302,0.0204515,0.000358507,0.001547,1
53.27,-0.0297646,0.0206988,0.000245651,0.0208955,0.000306452,0.00154707,1
53.28,-0.0362652,0.0206462,0.000243211,0.0213095,0.000285735,0.00154713,1
53.29,-0.0382016,0.0205633,0.000240254,0.0215848,0.000266605,0.00154718,1
53.3,-0.0342336,0.020499,0.000236852,0.0217302,0.000256011,0.00154722,1
53.31,-0.0286947,0.0204391,0.000233773,0.0219093,0.000237057,0.00154724,1
53.32,-0.0199882,0.0204681,0.000231688,0.022126,0.000237369,0.00154725,1
53.33,-0.0122749,0.0209316,0.000229313,0.0222766,0.000214123,0.00154724,1
53.34,-0.00684324,0.0221609,0.00022716,0.02225,0.000224321,0.00154721,1
53.35,-0.00536772,0.0238301,0.000225282,0.022022,0.000223415,0.00154716,1
53.36,-0.00691282,0.0246255,0.000223161,0.0217253,0.000189393,0.00154709,1
53.37,-0.012612,0.0248251,0.000220925,0.0214947,0.00019023,0.001547,1
53.38,-0.0161249,0.0249311,0.000218934,0.0213704,0.000147294,0.0015469,1
53.39,-0.00765379,0.0251038,0.00021718,0.0210606,0.000141973,0.00154679,1
53.4,-0.00746474,0.0254147,0.00021494,0.0205358,0.000107833,0.00154666,1
53.41,-0.0143645,0.0259763,0.000212104,0.0201661,7.56255e-05,0.00154652,1
53.42,-0.0242032,0.0268505,0.000209752,0.0200579,7.28259e-05,0.00154637,1
53.43,-0.0324019,0.0278245,0.000206833,0.0202089,7.24635e-05,0.00154622,1
53.44,-0.0339412,0.0285745,0.000203602,0.0206124,8.92261e-05,0.00154618,1
53.45,-0.0309858,0.0290558,0.000202405,0.0212005,8.75216e-05,0.00154627,1
53.46,-0.0309893,0.0297544,0.000201582,0.021844,8.99411e-05,0.00154634,1
53.47,-0.0280698,0.030483,0.000201347,0.0223583,0.000116878,0.00154641,1
53.48,-0.0177395,0.0310096,0.000200087,0.022623,0.000109144,0.00154647,1
53.49,-0.00580887,0.03133,0.000197066,0.0225647,0.000112706,0.00154652,1
53.5,-0.000610082,0.031509,0.000193974,0.0223225,0.000132952,0.00154655,1
53.51,0.00065189,0.0316057,0.00019107,0.02213,0.000127732,0.00154658,1
53.52,-0.00380327,0.0315876,0.00018888,0.0221621,0.00011569,0.00154658,1
53.53,-0.00687046,0.0315042,0.000187347,0.022431,0.000144494,0.00154657,1
53.54,-0.00838018,0.0312507,0.000186217,0.0228318,0.000130445,0.00154654,1
53.55,-0.00954396,0.0308897,0.000185516,0.0231677,0.000140428,0.00154648,1
53.56,-0.0153238,0.0307186,0.000184773,0.023419,0.000153674,0.00154642,1
53.57,-0.0255356,0.0308825,0.000183935,0.0235327,0.000143172,0.00154633,1
53.58,-0.0423557,0.0313119,0.000183529,0.0230589,0.00011611,0.00154622,1
53.59,-0.061745,0.0318944,0.000184178,0.0217978,0.000119592,0.00154611,1
53.6,-0.0590808,0.032464,0.000184297,0.020542,0.000117539,0.00154598,1
53.61,-0.0379703,0.0329569,0.000184189,0.0198034,9.56054e-05,0.00154584,1
53.62,-0.0259092,0.0333715,0.000184351,0.0195081,8.70245e-05,0.0015457,1
53.63,-0.0227222,0.0336478,0.000184967,0.0194576,0.000153528,0.00154555,1
53.64,-0.0263733,0.0338149,0.000186297,0.0196054,0.000196485,0.00154552,1
53.65,-0.0347954,0.0339128,0.000187501,0.0199397,0.000196486,0.0015456,1
53.66,-0.0464604,0.0339719,0.000189013,0.0203536,0.000228834,0.00154568,1
53.67,-0.0514289,0.0339793,0.00019092,0.0207978,0.000242509,0.00154575,1
53.68,-0.0567737,0.033907,0.000193359,0.0212257,0.000238454,0.00154581,1
53.69,-0.0599846,0.0338011,0.000196324,0.0215397,0.000247821,0.00154586,1
53.7,-0.0566824,0.0337595,0.000199583,0.0217031,0.000274493,0.0015459,1
53.71,-0.0514881,0.0338162,0.000202644,0.021857,0.000265453,0.00154592,1
53.72,-0.0441067,0.0339929,0.000204979,0.0219972,0.000268981,0.00154593,1
53.73,-0.0355419,0.0344614,0.000207351,0.0220636,0.000260506,0.00154592,1
53.74,-0.0280615,0.0355353,0.00020985,0.0219794,0.000263915,0.0015459,1
53.75,-0.0233224,0.0369366,0.000212082,0.0217332,0.000253149,0.00154585,1
53.76,-0.0237668,0.0378964,0.000214261,0.0214437,0.000270142,0.00154579,1
53.77,-0.0253668,0.0383597,0.000216783,0.0212127,0.000253296,0.00154571,1
53.78,-0.0299834,0.0386675,0.000220029,0.0210932,0.000252946,0.00154562,1
53.79,-0.0175034,0.0389555,0.000225577,0.0208217,0.000250605,0.00154551,1
53.8,-0.0176792,0.039305,0.000231504,0.0203469,0.00023288,0.00154539,1
53.81,-0.0277838,0.0397783,0.000237617,0.0200019,0.00021275,0.00154526,1
53.82,-0.0391761,0.0403696,0.000243184,0.0198908,0.000190998,0.00154512,1
53.83,-0.0429321,0.0409482,0.000248563,0.0199777,0.000227932,0.00154498,1
53.84,-0.0434462,0.0412118,0.000253423,0.020283,0.000246011,0.00154495,1
53.85,-0.0426055,0.0411546,0.000258033,0.0207802,0.00020448,0.00154503,1
53.86,-0.0387961,0.0414144,0.000263315,0.0213118,0.000199899,0.00154511,1
53.87,-0.036523,0.0418092,0.000269334,0.0217518,0.000197315,0.00154518,1
53.88,-0.0313639,0.0421999,0.000275137,0.0220145,0.000206677,0.00154524,1
53.89,-0.0215881,0.0424442,0.000280379,0.0220294,0.000207539,0.00154529,1
53.9,-0.0175551,0.0425435,0.00028515,0.0219039,0.000193685,0.00154533,1
53.91,-0.0176511,0.0424647,0.000289655,0.0218348,0.000192909,0.00154536,1
53.92,-0.0213288,0.0422008,0.000293973,0.0219276,0.000221338,0.00154537,1
53.93,-0.0260842,0.0418404,0.000298458,0.0221462,0.000256411,0.00154536,1
53.94,-0.0285123,0.0412849,0.000302771,0.0224011,0.000259062,0.00154533,1
53.95,-0.0323132,0.0406059,0.000305916,0.0225666,0.000273062,0.00154528,1
53.96,-0.0360102,0.0401366,0.000308668,0.022643,0.000248982,0.00154522,1
53.97,-0.0419035,0.0399537,0.00031102,0.0226652,0.000242249,0.00154514,1
53.98,-0.0551,0.0400622,0.000314299,0.0223765,0.000255828,0.00154504,1
53.99,-0.0712422,0.0403883,0.000317928,0.0214031,0.00025339,0.00154494,1
54,-0.069597,0.0408078,0.000321227,0.0203456,0.000250984,0.00154482,1
54.01,-0.0482988,0.0412283,0.000324116,0.0196836,0.000264506,0.0015447,1
54.02,-0.0373827,0.041622,0.000326836,0.0193946,0.000269675,0.00154457,1
54.03,-0.0334871,0.0418203,0.000329696,0.0193276,0.000345685,0.00154444,1
54.04,-0.0361571,0.0419003,0.000333098,0.0194522,0.000387982,0.00154441,1
54.05,-0.0412029,0.041988,0.000336188,0.0197436,0.000400117,0.0015445,1
54.06,-0.0490543,0.0420374,0.00033925,0.020103,0.000395947,0.00154458,1
54.07,-0.0567938,0.0419794,0.000342434,0.0204862,0.000390561,0.00154465,1
54.08,-0.0605534,0.041848,0.000345485,0.0208196,0.000375834,0.00154471,1
54.09,-0.0612722,0.041697,0.000348005,0.0210294,0.000353307,0.00154477,1
54.1,-0.0595845,0.0416309,0.000350601,0.0211405,0.000375767,0.00154481,1
54.11,-0.0547667,0.0416644,0.000353723,0.0212251,0.000412761,0.00154484,1
54.12,-0.0486959,0.0418287,0.000356636,0.021281,0.000415032,0.00154486,1
54.13,-0.0433018,0.0421687,0.000359445,0.0212838,0.000416944,0.00154486,1
54.14,-0.0381644,0.0429027,0.000361755,0.0211604,0.000426615,0.00154485,1
54.15,-0.0348462,0.0439218,0.000364326,0.0209381,0.000417347,0.00154481,1
54.16,-0.0338573,0.0446421,0.000366942,0.0206845,0.000410869,0.00154477,1
54.17,-0.036314,0.0449977,0.000369548,0.0204952,0.000431265,0.0015447,1
54.18,-0.036839,0.0451739,0.000372251,0.020416,0.000429374,0.00154463,1
54.19,-0.0280487,0.0453008,0.000375969,0.0202766,0.000424293,0.00154454,1
54.2,-0.0291886,0.0455051,0.00037994,0.01995,0.000400901,0.00154444,1
54.21,-0.0361871,0.0457807,0.000383977,0.0196777,0.000389542,0.00154434,1
54.22,-0.042901,0.0460693,0.000388469,0.0195551,0.000397402,0.00154423,1
54.23,-0.0479365,0.0463367,0.000393269,0.0195891,0.000421986,0.00154412,1
54.24,-0.0483506,0.0462979,0.000397907,0.0198162,0.000411958,0.0015441,1
54.25,-0.0475865,0.0460246,0.000402584,0.0202232,0.000411986,0.00154418,1
54.26,-0.0477552,0.0459746,0.000407022,0.0206856,0.00040565,0.00154426,1
54.27,-0.0446235,0.0462023,0.000410923,0.0210844,0.00039107,0.00154434,1
54.28,-0.0342945,0.0463956,0.000414099,0.0213211,0.000413173,0.0015444,1
54.29,-0.0271312,0.0465084,0.00041625,0.0213876,0.000408429,0.00154446,1
54.3,-0.0250732,0.0464812,0.000418253,0.0213588,0.000390949,0.00154451,1
54.31,-0.0264686,0.0462906,0.000419405,0.0213587,0.000397845,0.00154454,1
54.32,-0.0312844,0.0459181,0.000420627,0.0214409,0.000380967,0.00154456,1
54.33,-0.0348853,0.0454037,0.000422162,0.0215588,0.000375947,0.00154457,1
54.34,-0.0384676,0.0447785,0.00042447,0.0216298,0.000378574,0.00154456,1
54.35,-0.0413964,0.0440347,0.000427629,0.021602,0.000396174,0.00154453,1
54.36,-0.0437317,0.0433516,0.000430716,0.0215311,0.000381833,0.00154449,1
54.37,-0.0482048,0.0428997,0.000432911,0.021457,0.00037171,0.00154443,1
54.38,-0.0549698,0.0425671,0.00043538,0.0213182,0.000354525,0.00154437,1
54.39,-0.0680865,0.0423736,0.000438197,0.0207382,0.000348733,0.00154429,1
54.4,-0.067355,0.0422153,0.00044036,0.0199684,0.000364394,0.00154421,1
54.41,-0.0494561,0.0420375,0.000442053,0.0194479,0.00036315,0.00154412,1
54.42,-0.0391001,0.0418354,0.000443264,0.0192076,0.000374742,0.00154403,1
54.43,-0.035453,0.0415545,0.000443968,0.0191404,0.000421589,0.00154394,1
54.44,-0.0392571,0.0412923,0.000445049,0.0192302,0.000468072,0.00154393,1
54.45,-0.0464831,0.0411141,0.000446101,0.0194717,0.000466182,0.00154402,1
54.46,-0.0508187,0.0408547,0.00044739,0.0197908,0.000478075,0.0015441,1
54.47,-0.0559569,0.0404912,0.000448896,0.0201472,0.000490378,0.00154418,1
54.48,-0.0607173,0.0400338,0.000449282,0.0204289,0.00050089,0.00154425,1
54.49,-0.0623738,0.0395384,0.00044931,0.0205968,0.000504653,0.00154431,1
54.5,-0.0605359,0.0390597,0.000449563,0.0206667,0.000485807,0.00154437,1
54.51,-0.0557155,0.0386203,0.000449939,0.0206783,0.000489156,0.00154441,1
54.52,-0.0495466,0.0382557,0.000450647,0.0206603,0.000464249,0.00154444,1
54.53,-0.0424961,0.038082,0.000451767,0.0205998,0.000472064,0.00154446,1
54.54,-0.0386375,0.0381698,0.000452758,0.0204637,0.000487051,0.00154447,1
54.55,-0.0346478,0.0384852,0.00045425,0.0202693,0.000466018,0.00154446,1
54.56,-0.0319873,0.0386375,0.00045581,0.0200779,0.000466608,0.00154444,1
54.57,-0.0330117,0.0385476,0.000457044,0.0199291,0.000443732,0.00154441,1
54.58,-0.0331065,0.0383613,0.000458983,0.0198845,0.000474549,0.00154437,1
54.59,-0.0234618,0.0381165,0.000461669,0.0198123,0.000500623,0.00154432,1
54.6,-0.0199098,0.0378684,0.000464756,0.0195889,0.000533208,0.00154427,0
54.61,-0.0237911,0.0375823,0.000467984,0.019372,0.000514953,0.00154421,0
54.62,-0.0281952,0.0372037,0.000471169,0.0192516,0.000505041,0.00154414,0
54.63,-0.0293927,0.0367571,0.000475002,0.0192368,0.000546711,0.00154408,0
54.64,-0.0278029,0.036041,0.000479464,0.0193766,0.000528827,0.00154409,0
54.65,-0.0239331,0.035109,0.000483802,0.0196777,0.000513471,0.00154417,0
54.66,-0.0211205,0.0345235,0.000488453,0.0200503,0.000478297,0.00154425,0
54.67,-0.0167717,0.0342618,0.000492948,0.0204054,0.000469233,0.00154433,0
54.68,-0.0110751,0.0340728,0.000497242,0.020642,0.000474189,0.00154441,0
54.69,-0.00170456,0.0338138,0.000500935,0.0207607,0.000471423,0.00154447,0
54.7,-0.00112978,0.0333548,0.000504601,0.0208077,0.000458746,0.00154453,0
54.71,-0.00591242,0.0326831,0.000508672,0.0208442,0.000476953,0.00154458,0
54.72,-0.0127174,0.0318618,0.000512575,0.0208803,0.000453992,0.00154461,0
54.73,-0.016903,0.030808,0.000516101,0.0208916,0.000427991,0.00154464,0
54.74,-0.0202841,0.029589,0.000519603,0.0208406,0.000438271,0.00154465,0
54.75,-0.0226424,0.0282675,0.000523708,0.0207199,0.000428077,0.00154466,0
54.76,-0.0262047,0.0270559,0.00052815,0.0205387,0.00043555,0.00154465,0
54.77,-0.0300557,0.0260423,0.000532855,0.0203726,0.000450461,0.00154463,0
54.78,-0.0312756,0.0253258,0.000538079,0.0202363,0.000469684,0.00154461,0
54.79,-0.040654,0.0247386,0.000544088,0.0199314,0.00046107,0.00154458,0
54.8,-0.0414827,0.0242623,0.000550362,0.0194828,0.000474584,0.00154455,0
54.81,-0.0277887,0.0238239,0.000556754,0.0191635,0.000455588,0.00154451,0
54.82,-0.0203323,0.0234071,0.000562541,0.0189916,0.000457506,0.00154447,0
54.83,-0.0172374,0.0229327,0.000567892,0.0189338,0.000505153,0.00154443,0
54.84,-0.0232275,0.0225252,0.000573321,0.0190026,0.000530331,0.00154446,0
54.85,-0.0265703,0.0223415,0.000578417,0.0192119,0.000548845,0.00154454,0
54.86,-0.0260688,0.0221448,0.000583603,0.0195,0.00052876,0.00154462,0
54.87,-0.0277232,0.021833,0.000588876,0.01982,0.000560773,0.00154469,0
54.88,-0.033544,0.0214963,0.00059407,0.0200963,0.000580526,0.00154476,0
54.89,-0.037243,0.0211855,0.000599396,0.0202562,0.000585365,0.00154481,0
54.9,-0.0387684,0.0209852,0.000604989,0.0203167,0.00059232,0.00154486,0
54.91,-0.0355419,0.0209148,0.000611028,0.0202776,0.000596466,0.0015449,0
54.92,-0.0284094,0.0209102,0.000616902,0.0202062,0.000598333,0.00154493,0
54.93,-0.0233193,0.0210265,0.000623297,0.020104,0.000614983,0.00154495,0
54.94,-0.0183574,0.0212787,0.000629416,0.0199276,0.000627929,0.00154496,0
54.95,-0.0154861,0.0216481,0.000635343,0.0197411,0.000655451,0.00154497,0
54.96,-0.0128042,0.021856,0.000641173,0.0195638,0.000652834,0.00154497,0
54.97,-0.0122262,0.0218662,0.000647487,0.0194308,0.00066093,0.00154497,0
54.98,-0.0115041,0.0217851,0.000654642,0.0193767,0.000650903,0.00154497,0
54.99,-0.00367606,0.0216573,0.000662785,0.0193108,0.000662823,0.00154496,0
55,-0.00026029,0.0215039,0.000671022,0.019123,0.00069852,0.00154496,0
55.01,-0.00721319,0.0213066,0.000679039,0.0189383,0.000687937,0.00154495,0
55.02,-0.0152161,0.0210221,0.000686487,0.0188185,0.000695978,0.00154495,0
55.03,-0.0162479,0.0207215,0.000694351,0.018771,0.000720548,0.00154495,0
55.04,-0.0139602,0.0203427,0.000702575,0.0188546,0.00076667,0.00154499,0
55.05,-0.009245,0.0197114,0.000710247,0.0190746,0.000764552,0.00154508,0
55.06,-0.00803813,0.0193375,0.000718022,0.0193681,0.000742973,0.00154516,0
55.07,-0.00405328,0.0192329,0.000726054,0.0196896,0.000710706,0.00154524,0
55.08,-0.00171632,0.0191271,0.000733448,0.0199769,0.000740276,0.00154531,0
55.09,0.0012032,0.0189514,0.000739898,0.0201971,0.000750849,0.00154538,0
55.1,0.00195837,0.018607,0.000745972,0.0203025,0.000757002,0.00154544,0
55.11,-0.00107058,0.0182248,0.00075186,0.0203283,0.000768463,0.0015455,0
55.12,-0.00501503,0.0178349,0.000757908,0.0203152,0.000745422,0.00154555,0
55.13,-0.00965923,0.0173034,0.000763549,0.0202399,0.000778159,0.00154559,0
55.14,-0.0150808,0.0165673,0.000768902,0.0200944,0.000785375,0.00154563,0
55.15,-0.0183731,0.0156682,0.000774001,0.0198876,0.000783924,0.00154566,0
55.16,-0.0194723,0.0147166,0.000778798,0.019668,0.000769528,0.0015457,0
55.17,-0.0208115,0.0140297,0.000783552,0.0194974,0.000774746,0.00154572,0
55.18,-0.0214802,0.0136231,0.000788528,0.0193929,0.000789947,0.00154575,0
55.19,-0.0273805,0.013379,0.00079399,0.0192573,0.000773397,0.00154578,0
55.2,-0.0282022,0.0131818,0.000799615,0.0190163,0.00076627,0.0015458,0
55.21,-0.014124,0.013034,0.000804793,0.0188085,0.000779527,0.00154583,0
55.22,-0.0064481,0.0129187,0.000810014,0.0186784,0.000799166,0.00154586,0
55.23,-0.00651415,0.0128531,0.00081512,0.0186229,0.000817418,0.00154588,0
55.24,-0.00991139,0.0128802,0.00082048,0.0186862,0.000852405,0.00154594,0
55.25,-0.0120904,0.0130276,0.000825774,0.0188839,0.00085622,0.00154603,0
55.26,-0.0132529,0.0131791,0.000830639,0.0191595,0.000831469,0.00154612,0
55.27,-0.01619,0.0131718,0.000835208,0.0194871,0.00084501,0.00154621,0
55.28,-0.0210337,0.0129918,0.000839956,0.0197844,0.000881364,0.00154629,0
55.29,-0.0227307,0.0128149,0.000843497,0.0200099,0.000885374,0.00154637,0
55.3,-0.0241529,0.0127321,0.000846653,0.0201339,0.000885291,0.00154644,0
55.31,-0.0212888,0.0127572,0.000850069,0.0201542,0.000883037,0.00154651,0
55.32,-0.0144599,0.0128591,0.000854003,0.0201398,0.000883839,0.00154658,0
55.33,-0.00844514,0.0130122,0.000859015,0.0200502,0.000871081,0.00154665,0
55.34,-0.00276661,0.0133443,0.000863619,0.019908,0.000866237,0.00154671,0
55.35,0.00223217,0.0138429,0.000868173,0.0197264,0.000859193,0.00154677,0
55.36,0.00396184,0.0141473,0.000872325,0.0195429,0.000860947,0.00154682,0
55.37,0.00152725,0.0142092,0.000876614,0.0194099,0.000857011,0.00154688,0
55.38,0.000794887,0.014188,0.000880868,0.0193497,0.000867516,0.00154693,0
55.39,0.00458271,0.0141102,0.000885018,0.0192573,0.000869773,0.00154699,0
55.4,0.00295708,0.01402,0.000889274,0.0190464,0.000855608,0.00154704,0
55.41,-0.00523122,0.0139277,0.000893289,0.0188501,0.000856055,0.00154709,0
55.42,-0.0118749,0.0138653,0.000897445,0.0187217,0.000851314,0.00154714,0
55.43,-0.0124821,0.0138112,0.000901223,0.0186702,0.000894965,0.0015472,0
55.44,-0.00921015,0.0136861,0.000905196,0.0187461,0.000925748,0.00154727,0
55.45,-0.00218785,0.013456,0.000909612,0.0189527,0.000921783,0.00154736,0
55.46,0.00189588,0.0134179,0.000914116,0.0192487,0.000922286,0.00154745,0
55.47,0.00584977,0.0135485,0.000917915,0.0196095,0.000933242,0.00154754,0
55.48,0.0100795,0.0135898,0.000921109,0.0199413,0.000923258,0.00154763,0
55.49,0.0116992,0.0135584,0.00092311,0.0202163,0.000946476,0.00154772,0
55.5,0.0154768,0.0134743,0.000925154,0.0203809,0.000943656,0.0015478,0
55.51,0.0135743,0.0133443,0.000927731,0.0204667,0.000931057,0.00154789,0
55.52,0.00890672,0.0131999,0.00093025,0.0205077,0.000940824,0.00154797,0
55.53,0.00257802,0.0129827,0.000932313,0.0204845,0.000938894,0.00154805,0
55.54,-0.00511995,0.0126719,0.000934172,0.0203887,0.000914502,0.00154813,0
55.55,-0.00934205,0.0123745,0.000936184,0.0202391,0.000919795,0.0015482,0
55.56,-0.0119995,0.0119998,0.000938069,0.0200796,0.000928377,0.00154827,0
55.57,-0.0134247,0.0117116,0.000939829,0.0199458,0.000954861,0.00154834,0
55.58,-0.0172939,0.0115947,0.000941917,0.0198869,0.000975683,0.00154841,0
55.59,-0.0253902,0.0115672,0.000944935,0.0196847,0.000974807,0.00154848,0
55.6,-0.0249961,0.0115708,0.00094803,0.0193467,0.000963308,0.00154855,0
55.61,-0.0138335,0.0115823,0.000951359,0.019078,0.000974859,0.00154861,0
55.62,-0.00645599,0.0115999,0.000954318,0.0189149,0.000974892,0.00154868,0
55.63,-0.00573303,0.0116655,0.00095717,0.0188456,0.00098233,0.00154875,0
55.64,-0.0100219,0.0117743,0.000959861,0.0189101,0.000987958,0.00154883,0
55.65,-0.0143718,0.0118794,0.000963189,0.0191162,0.000983442,0.00154892,0
55.66,-0.0163683,0.0119869,0.000966719,0.019409,0.000986267,0.00154901,0
55.67,-0.0189516,0.0119527,0.000970447,0.0197531,0.000984388,0.0015491,0
55.68,-0.0200035,0.0118409,0.000973799,0.0200743,0.000984124,0.00154919,0
55.69,-0.0204765,0.0117417,0.000976315,0.0203362,0.000976817,0.00154928,0
55.7,-0.0228999,0.0117533,0.000978249,0.0205019,0.00100843,0.00154937,0
55.71,-0.018828,0.0118411,0.000980123,0.0205718,0.00100124,0.00154946,0
55.72,-0.0127424,0.0119596,0.000981885,0.020584,0.000983833,0.00154955,0
55.73,-0.00564873,0.0120405,0.000983716,0.020541,0.000968501,0.00154963,0
55.74,-0.00333668,0.0121869,0.000985016,0.0204161,0.000950763,0.00154972,0
55.75,0.000648839,0.0125227,0.000985984,0.0202412,0.000977517,0.0015498,0
55.76,0.00134399,0.012674,0.00098702,0.0200496,0.000970877,0.00154988,0
55.77,0.00587606,0.0126553,0.000988481,0.0198997,0.00095537,0.00154996,0
55.78,0.00769632,0.0126484,0.000989509,0.0198183,0.000979835,0.00155004,0
55.79,0.0137765,0.0126745,0.000991334,0.0196784,0.000982194,0.00155011,0
55.8,0.0121911,0.0126985,0.000993641,0.0194009,0.000980289,0.00155019,0
55.81,0.00191638,0.0126962,0.000996355,0.0191678,0.000977351,0.00155027,0
55.82,-0.0037478,0.012659,0.00099878,0.0190236,0.000966377,0.00155035,0
55.83,-0.00337623,0.0126431,0.00100001,0.0189598,0.00100502,0.00155042,0
55.84,0.000523697,0.0125208,0.00100155,0.0190315,0.00101927,0.00155051,0
55.85,0.00430033,0.0122977,0.00100314,0.0192443,0.00103219,0.0015506,0
55.86,0.00562652,0.0122994,0.00100513,0.0195511,0.0010193,0.00155069,0
55.87,0.00777691,0.0124847,0.00100677,0.0199059,0.00102207,0.00155078,0
55.88,0.0109165,0.012596,0.00100834,0.0202493,0.00100406,0.00155088,0
55.89,0.0111971,0.0126036,0.0010097,0.0205202,0.00101994,0.00155097,0
55.9,0.0132501,0.0124977,0.00101099,0.0206901,0.00103054,0.00155106,0
55.91,0.00874047,0.0123105,0.00101225,0.0207717,0.00104092,0.00155114,0
55.92,0.00484915,0.0120677,0.00101348,0.0208024,0.00104211,0.00155123,0
55.93,-0.00162924,0.0117632,0.00101509,0.0207692,0.0010385,0.00155132,0
55.94,-0.00612514,0.0114288,0.00101687,0.0206814,0.00103472,0.00155141,0
55.95,-0.0083105,0.0110941,0.00101871,0.0205076,0.00101518,0.00155149,0
55.96,-0.0116587,0.0107601,0.00102023,0.0203172,0.00100956,0.00155158,0
55.97,-0.012598,0.010507,0.00102226,0.0201693,0.00100611,0.00155166,0
55.98,-0.0138155,0.0104632,0.00102533,0.0200896,0.00100235,0.00155174,0
55.99,-0.0236808,0.0104772,0.00102897,0.019874,0.00099712,0.00155183,0
56,-0.0241277,0.0104784,0.00103214,0.0195141,0.000992036,0.00155191,0
56.01,-0.0136065,0.0104984,0.00103533,0.0192261,0.00099281,0.00155199,0
56.02,-0.00580463,0.0105361,0.00103843,0.0190555,0.000995764,0.00155207,0
56.03,-0.00502291,0.0106412,0.00104191,0.018982,0.00101422,0.00155216,0
56.04,-0.00706755,0.0108168,0.00104617,0.0190508,0.00102253,0.00155225,0
56.05,-0.0106576,0.0110351,0.00105098,0.0192598,0.00104113,0.00155234,0
56.06,-0.0105469,0.0113714,0.00105585,0.019556,0.00106958,0.00155243,0
56.07,-0.0122961,0.0116399,0.00106055,0.0199034,0.00103507,0.00155252,0
56.08,-0.0154415,0.0117535,0.00106506,0.0202369,0.00104559,0.00155262,0
56.09,-0.0184877,0.0117786,0.00106901,0.0205009,0.00104535,0.00155271,0
56.1,-0.0216727,0.0117757,0.00107309,0.0206643,0.00106043,0.0015528,0
56.11,-0.0198158,0.0117871,0.00107643,0.0207247,0.00106941,0.00155289,0
56.12,-0.0156376,0.0118224,0.00107993,0.0207354,0.00105574,0.00155298,0
56.13,-0.0101416,0.0118395,0.0010831,0.0206848,0.0010606,0.00155307,0
56.14,-0.00507839,0.0119362,0.00108593,0.0205533,0.00105936,0.00155316,0
56.15,-0.00147879,0.0122256,0.00108817,0.0203608,0.00104777,0.00155325,0
56.16,0.000102352,0.0123456,0.00108998,0.0201574,0.0010456,0.00155334,0
56.17,0.000516213,0.0123363,0.00109122,0.0199987,0.00104692,0.00155343,0
56.18,0.00168633,0.0123359,0.00109261,0.019914,0.00107002,0.00155352,0
56.19,0.00881315,0.012332,0.00109442,0.0197609,0.0010928,0.00155361,0
56.2,0.0102802,0.0123307,0.00109657,0.0194713,0.00108632,0.00155369,0
56.21,0.00216656,0.0123375,0.00109807,0.0192407,0.00107376,0.00155378,0
56.22,-0.00557363,0.0122959,0.00109958,0.0190819,0.00110709,0.00155387,0
56.23,-0.00774864,0.0123135,0.00110096,0.019022,0.00115159,0.00155396,0
56.24,-0.00411867,0.0122972,0.00110252,0.0190931,0.00111707,0.00155405,0
56.25,0.00265302,0.0120788,0.00110411,0.0193203,0.00112758,0.00155414,0
56.26,0.00601779,0.0120006,0.00110614,0.0196271,0.00112648,0.00155423,0
56.27,0.0090803,0.0121063,0.00110817,0.0199884,0.00112559,0.00155433,0
56.28,0.0155489,0.0121635,0.00111054,0.0203383,0.00116489,0.00155442,0
56.29,0.0184115,0.0121516,0.0011129,0.020601,0.00119907,0.00155451,0
56.3,0.0220544,0.012089,0.00111478,0.0207799,0.00120343,0.0015546,0
56.31,0.0193096,0.0120192,0.00111642,0.0208597,0.00120164,0.0015547,0
56.32,0.0143006,0.0119512,0.00111809,0.0208903,0.00120786,0.00155479,0
56.33,0.00813897,0.0118317,0.00112029,0.0208691,0.00121406,0.00155488,0
56.34,0.00254938,0.0116769,0.00112268,0.0207678,0.00120417,0.00155497,0
56.35,-0.00300237,0.0115497,0.00112447,0.0206011,0.00119387,0.00155506,0
56.36,-0.00862227,0.0112499,0.00112596,0.0204101,0.00118201,0.00155515,0
56.37,-0.00921084,0.0109657,0.00112801,0.0202542,0.00117989,0.00155524,0
56.38,-0.0114534,0.0108532,0.00112969,0.0201751,0.00114748,0.00155533,0
56.39,-0.0212249,0.0108386,0.00113145,0.0199537,0.00114715,0.00155542,0
56.4,-0.0209516,0.0108416,0.00113346,0.0195787,0.00112559,0.00155551,0
56.41,-0.0105348,0.010845,0.00113599,0.0192789,0.00111678,0.0015556,0
56.42,-0.00251115,0.0108442,0.00113838,0.0190939,0.00111028,0.00155569,0
56.43,-0.00204992,0.0108587,0.00114067,0.0190259,0.00110262,0.00155578,0
56.44,-0.00507602,0.0108939,0.00114266,0.0191005,0.00113484,0.00155587,0
56.45,-0.00948251,0.0108859,0.00114411,0.0193197,0.00110804,0.00155597,0
56.46,-0.0111103,0.0109155,0.00114561,0.0196378,0.00107359,0.00155606,0
56.47,-0.0110558,0.010965,0.00114729,0.0200122,0.00109621,0.00155615,0
56.48,-0.0144203,0.0109319,0.00114856,0.020356,0.00107008,0.00155624,0
56.49,-0.0180273,0.0109168,0.00114943,0.020606,0.0010896,0.00155634,0
56.5,-0.0181734,0.0110116,0.0011507,0.0207751,0.0010899,0.00155643,0
56.51,-0.0172536,0.011183,0.00115165,0.0208346,0.00110708,0.00155652,0
56.52,-0.0123122,0.0113959,0.00115313,0.0208496,0.00112089,0.00155661,0
56.53,-0.00685264,0.0115503,0.00115407,0.0208013,0.0011333,0.00155671,0
56.54,-0.00220558,0.0116474,0.00115352,0.0206669,0.00114044,0.0015568,0
56.55,0.00288026,0.0118188,0.00115239,0.0204794,0.00113682,0.00155689,0
56.56,0.00601974,0.0117407,0.00115068,0.0202593,0.0011525,0.00155698,0
56.57,0.00730165,0.0115183,0.00114896,0.0200953,0.00113932,0.00155707,0
56.58,0.00684254,0.0113973,0.00114711,0.0200007,0.00116025,0.00155717,0
56.59,0.0147747,0.0113721,0.00114549,0.0198462,0.00116604,0.00155726,0
56.6,0.0140092,0.0114251,0.00114334,0.0195467,0.00113602,0.00155735,0
56.61,0.00409616,0.0114929,0.00114189,0.0192976,0.00116845,0.00155744,0
56.62,-0.00552631,0.0115965,0.00114085,0.0191306,0.0011467,0.00155753,0
56.63,-0.00724525,0.0117818,0.00114016,0.0190699,0.00113942,0.00155763,0
56.64,-0.00485664,0.0119856,0.00113999,0.0191557,0.00115044,0.00155772,0
56.65,-0.00285306,0.0120787,0.00114009,0.0193934,0.00117037,0.00155781,0
56.66,-0.000243771,0.0123066,0.00114058,0.0197209,0.00117112,0.0015579,0
56.67,0.000601312,0.0125712,0.00114101,0.020096,0.00117856,0.001558,0
56.68,0.00646169,0.0127159,0.00114131,0.0204465,0.00116983,0.00155809,0
56.69,0.00853907,0.0127378,0.00114155,0.0207282,0.00116789,0.00155818,0
56.7,0.00943832,0.0127002,0.00114216,0.0209047,0.00115333,0.00155827,0
56.71,0.00988039,0.0126111,0.00114372,0.0209971,0.00116513,0.00155837,0
56.72,0.00502041,0.0125278,0.00114541,0.0210233,0.0011798,0.00155846,0
56.73,-0.00130005,0.0123914,0.00114737,0.0209905,0.00119063,0.00155855,0
56.74,-0.00727335,0.0122007,0.00114943,0.0208857,0.00116903,0.00155864,0
56.75,-0.0129116,0.011973,0.00115111,0.0207113,0.001179,0.00155873,0
56.76,-0.0160607,0.0117281,0.00115255,0.0205185,0.00119496,0.00155883,0
56.77,-0.0187821,0.0117006,0.00115364,0.0203672,0.00119329,0.00155892,0
56.78,-0.018198,0.0119237,0.00115407,0.0202871,0.00116922,0.00155901,0
56.79,-0.0240949,0.0121709,0.00115418,0.0200509,0.00116351,0.0015591,0
56.8,-0.0241252,0.0123388,0.00115418,0.0196478,0.00114299,0.00155919,0
56.81,-0.0117044,0.0124005,0.0011537,0.0193361,0.00111726,0.00155929,0
56.82,-0.00263579,0.0124102,0.00115386,0.0191428,0.00111634,0.00155938,0
56.83,-0.00221714,0.0124081,0.00115423,0.0190724,0.0011162,0.00155947,0
56.84,-0.00537909,0.0123307,0.00115406,0.0191468,0.00111195,0.00155956,0
56.85,-0.0105264,0.0121282,0.00115396,0.0193783,0.00110526,0.00155966,0
56.86,-0.0114295,0.0120703,0.0011536,0.019707,0.00113432,0.00155975,0
56.87,-0.0154433,0.0120614,0.00115286,0.0200865,0.00113871,0.00155984,0
56.88,-0.0202474,0.0120511,0.00115268,0.0204439,0.00112137,0.00155993,0
56.89,-0.0239444,0.0121596,0.00115207,0.0207256,0.00113573,0.00156003,0
56.9,-0.0246829,0.0124594,0.00115122,0.0208933,0.00114515,0.00156012,0
56.91,-0.0210082,0.0129568,0.00114959,0.0209604,0.00114023,0.00156021,0
56.92,-0.0169516,0.0135538,0.00114803,0.0209688,0.00113499,0.0015603,0
56.93,-0.00944214,0.0142065,0.00114599,0.0209185,0.00112783,0.00156039,0
56.94,-0.00232517,0.015071,0.00114364,0.0207815,0.00115783,0.00156049,0
56.95,0.00113895,0.0162737,0.0011414,0.0205757,0.00116647,0.00156058,0
56.96,0.00124875,0.0170247,0.00113943,0.0203523,0.00117137,0.00156067,0
56.97,0.00131973,0.0173968,0.00113724,0.0201806,0.00118481,0.00156076,0
56.98,0.000772488,0.0176658,0.00113481,0.0200975,0.00118341,0.00156085,0
56.99,0.00894177,0.0179506,0.00113263,0.0199193,0.0011692,0.00156094,0
57,0.00548192,0.0182368,0.00113067,0.0196061,0.00116065,0.00156103,0
57.01,-0.00735813,0.018547,0.00112865,0.0193527,0.00118045,0.00156113,0
57.02,-0.0178271,0.0188099,0.00112625,0.0191813,0.00114708,0.00156122,0
57.03,-0.0193157,0.0191776,0.001124,0.0191144,0.0011382,0.00156131,0
57.04,-0.0162726,0.0196422,0.00112222,0.0192031,0.00113314,0.0015614,0
57.05,-0.0116253,0.0200326,0.0011202,0.0194475,0.00111108,0.00156149,0
57.06,-0.00856981,0.0205193,0.00111844,0.019783,0.00112551,0.00156159,0
57.07,-0.00672251,0.021036,0.00111727,0.0201793,0.00115949,0.00156168,0
57.08,-0.00377173,0.0213985,0.00111656,0.020544,0.0011693,0.00156177,0
57.09,0.000618668,0.0215782,0.00111559,0.02083,0.00115464,0.00156186,0
57.1,0.00583846,0.0216593,0.00111508,0.0210048,0.00113259,0.00156196,0
57.11,0.00134661,0.0216959,0.00111421,0.0210877,0.00111516,0.00156205,0
57.12,-0.00187945,0.0216877,0.00111288,0.0211093,0.00112651,0.00156214,0
57.13,-0.0111105,0.0216245,0.00111143,0.0210828,0.00111978,0.00156223,0
57.14,-0.0163919,0.0214557,0.00111026,0.0209705,0.00111704,0.00156232,0
57.15,-0.0223063,0.0211933,0.00110938,0.0207903,0.00110277,0.00156241,0
57.16,-0.0280444,0.0210092,0.001108,0.0205779,0.00108495,0.00156251,0
57.17,-0.0289848,0.021061,0.00110658,0.020419,0.00106405,0.0015626,0
57.18,-0.0316189,0.021308,0.0011056,0.0203452,0.00107383,0.00156269,0
57.19,-0.0428606,0.0216567,0.00110471,0.020115,0.00104219,0.00156278,0
57.2,-0.0417705,0.0219765,0.00110318,0.0197039,0.00104702,0.00156287,0
57.21,-0.0311117,0.0222156,0.00110138,0.0193906,0.00105503,0.00156296,0
57.22,-0.0216343,0.0224329,0.00109911,0.0191925,0.0010595,0.00156305,0
57.23,-0.022043,0.0225765,0.00109654,0.0191231,0.00106805,0.00156314,0
57.24,-0.023203,0.0226726,0.00109364,0.0192006,0.00108352,0.00156324,0
57.25,-0.0271169,0.0227157,0.00109117,0.0194397,0.00108167,0.00156333,0
57.26,-0.0272082,0.0227704,0.00108898,0.0197734,0.0010754,0.00156342,0
57.27,-0.0295665,0.0227975,0.00108683,0.0201565,0.0010746,0.00156351,0
57.28,-0.0345909,0.0228427,0.00108523,0.0205191,0.00107377,0.0015636,0
57.29,-0.0363487,0.0230476,0.00108342,0.0207868,0.0010633,0.0015637,0
57.3,-0.0381904,0.0234489,0.00108161,0.0209533,0.00104786,0.00156379,0
57.31,-0.0343747,0.0240566,0.00107979,0.0210198,0.00104327,0.00156388,0
57.32,-0.0322595,0.0247192,0.00107773,0.0210279,0.0010695,0.00156397,0
57.33,-0.0231304,0.0254141,0.00107571,0.0209602,0.00108226,0.00156406,0
57.34,-0.016835,0.0262702,0.00107398,0.0208198,0.00106388,0.00156415,0
57.35,-0.0140242,0.0273983,0.00107281,0.0206077,0.00108552,0.00156424,0
57.36,-0.0129517,0.0282442,0.00107237,0.0203769,0.00107277,0.00156434,0
57.37,-0.0138718,0.0287018,0.00107212,0.0201932,0.00106219,0.00156443,0
57.38,-0.0133107,0.0290184,0.00107141,0.0201033,0.0010525,0.00156452,0
57.39,-0.00618638,0.0293008,0.00107112,0.0199307,0.00108936,0.00156461,0
57.4,-0.00871754,0.029572,0.00107082,0.0196156,0.00109775,0.0015647,0
57.41,-0.0189086,0.029854,0.00107091,0.0193548,0.00105289,0.00156479,0
57.42,-0.0247568,0.0301263,0.00107104,0.01918,0.00106719,0.00156488,0
57.43,-0.0278934,0.0304193,0.00107152,0.0191103,0.00108781,0.00156497,0
57.44,-0.0272111,0.0307266,0.0010719,0.0191871,0.00108155,0.00156506,0
57.45,-0.0242513,0.0308842,0.00107226,0.0194264,0.00109612,0.00156515,0
57.46,-0.0227075,0.0312843,0.00107255,0.0197619,0.00106347,0.00156524,0
57.47,-0.0190417,0.0317406,0.00107326,0.0201471,0.00106969,0.00156533,0
57.48,-0.0163073,0.0320484,0.0010745,0.0205032,0.00104131,0.00156543,0
57.49,-0.0143009,0.0321585,0.00107533,0.0207763,0.00103967,0.00156552,0
57.5,-0.0103628,0.03217,0.00107602,0.0209463,0.00105735,0.00156561,0
57.51,-0.0138353,0.0321002,0.00107677,0.0210335,0.00106121,0.0015657,0
57.52,-0.0177293,0.0320193,0.00107774,0.0210726,0.00105332,0.00156579,0
57.53,-0.025147,0.0318592,0.00107862,0.0210514,0.00106239,0.00156588,0
57.54,-0.0306861,0.0315667,0.00107912,0.0209293,0.0010431,0.00156598,0
57.55,-0.036836,0.0311765,0.00107982,0.0207538,0.00102691,0.00156607,0
57.56,-0.0404426,0.0308729,0.00108084,0.0205597,0.00102428,0.00156616,0
57.57,-0.0424984,0.0307618,0.00108127,0.0203983,0.00107263,0.00156625,0
57.58,-0.0431664,0.0308566,0.00108114,0.0203151,0.0010586,0.00156634,0
57.59,-0.0538761,0.031063,0.00108127,0.0200769,0.0010916,0.00156643,0
57.6,-0.0542471,0.0312563,0.00108112,0.0196712,0.0010892,0.00156652,0
57.61,-0.0417165,0.031438,0.00108068,0.0193718,0.0011129,0.00156661,0
57.62,-0.0311427,0.0316048,0.00108006,0.0191805,0.00109947,0.0015667,0
57.63,-0.0301446,0.031705,0.00107943,0.0191071,0.00110786,0.00156679,0
57.64,-0.0331712,0.0317617,0.0010787,0.0191835,0.00109679,0.00156688,0
57.65,-0.0363682,0.031812,0.00107798,0.0194177,0.00109662,0.00156697,0
57.66,-0.0402786,0.0318217,0.0010778,0.019744,0.00109208,0.00156706,0
57.67,-0.040099,0.0317599,0.00107814,0.0201253,0.00108882,0.00156715,0
57.68,-0.0462429,0.0316992,0.00107852,0.0204813,0.00108696,0.00156725,0
57.69,-0.0484494,0.0317084,0.0010786,0.020748,0.00105504,0.00156734,0
57.7,-0.0505162,0.031849,0.00107867,0.0209077,0.00106437,0.00156743,0
57.71,-0.0497572,0.0320749,0.00107827,0.0209779,0.00107604,0.00156752,0
57.72,-0.0421721,0.0323333,0.0010787,0.0209828,0.00111796,0.00156761,0
57.73,-0.0328315,0.0326092,0.00107909,0.0209267,0.00111678,0.0015677,0
57.74,-0.0270967,0.0329759,0.00107967,0.0207736,0.00110212,0.00156779,0
57.75,-0.0246003,0.0334872,0.00108013,0.0205688,0.00111788,0.00156788,0
57.76,-0.0216709,0.0338091,0.00108021,0.0203452,0.00112356,0.00156797,0
57.77,-0.0224903,0.033881,0.00108067,0.0201702,0.0011227,0.00156806,0
57.78,-0.022047,0.0338249,0.00108087,0.0200716,0.00110698,0.00156815,0
57.79,-0.0148027,0.0336741,0.00108123,0.0199101,0.00108015,0.00156824,0
57.8,-0.0161892,0.0334739,0.00108208,0.0195989,0.00110042,0.00156833,0
57.81,-0.0246158,0.0331996,0.0010834,0.0193456,0.00108961,0.00156842,0
57.82,-0.0318421,0.0329367,0.00108441,0.0191786,0.00107444,0.00156851,0
57.83,-0.0326562,0.0326814,0.00108467,0.0191111,0.00106966,0.00156859,0
57.84,-0.0297241,0.0323617,0.00108486,0.019189,0.00107633,0.00156868,0
57.85,-0.0278308,0.0318354,0.0010849,0.0194244,0.00106009,0.00156878,0
57.86,-0.0267914,0.0315188,0.0010847,0.019754,0.0010429,0.00156887,0
57.87,-0.0245136,0.0314509,0.00108414,0.0201326,0.00103248,0.00156896,0
57.88,-0.0191249,0.031369,0.00108423,0.020493,0.0010277,0.00156905,0
57.89,-0.0156806,0.0311725,0.00108445,0.0207724,0.00105912,0.00156914,0
57.9,-0.0140452,0.0308533,0.00108455,0.0209571,0.00107129,0.00156923,0
57.91,-0.0139593,0.0304155,0.00108483,0.0210343,0.00107266,0.00156933,0
57.92,-0.0201989,0.0299116,0.00108551,0.0210632,0.00108838,0.00156942,0
57.93,-0.0259015,0.0293205,0.00108639,0.0210313,0.00108816,0.00156951,0
57.94,-0.0322027,0.0285417,0.00108801,0.0209182,0.00110259,0.0015696,0
57.95,-0.0350851,0.0276643,0.00108993,0.0207315,0.00106565,0.00156969,0
57.96,-0.0360757,0.0267293,0.00109172,0.0205359,0.00107117,0.00156978,0
57.97,-0.0354301,0.0259951,0.00109267,0.0203786,0.001082,0.00156987,0
57.98,-0.0358419,0.025574,0.00109323,0.0202963,0.00106836,0.00156996,0
57.99,-0.0420312,0.0253494,0.00109379,0.0200559,0.00106886,0.00157005,0
58,-0.040501,0.0251721,0.00109416,0.0196579,0.00106891,0.00157014,0
58.01,-0.0274245,0.0250281,0.00109455,0.0193511,0.00107642,0.00157022,0
58.02,-0.0169002,0.0248862,0.00109479,0.0191649,0.00107474,0.00157031,0
58.03,-0.0167242,0.024716,0.00109509,0.0190844,0.00107741,0.0015704,0
58.04,-0.0193841,0.0245703,0.00109572,0.0191598,0.00107764,0.00157049,0
58.05,-0.0238801,0.024495,0.00109656,0.0193829,0.00109225,0.00157058,0
58.06,-0.0265262,0.0243366,0.00109772,0.0196968,0.00109114,0.00157068,0
58.07,-0.0301558,0.0240351,0.00109889,0.0200646,0.0010905,0.00157077,0
58.08,-0.0331492,0.0236481,0.00109972,0.0204232,0.00108404,0.00157086,0
58.09,-0.0351836,0.023327,0.00110071,0.0206899,0.00108208,0.00157095,0
58.1,-0.036708,0.0231732,0.00110194,0.0208459,0.00108888,0.00157104,0
58.11,-0.0353141,0.0230907,0.00110381,0.0209078,0.00108466,0.00157113,0
58.12,-0.0290719,0.0230499,0.00110597,0.0209057,0.00108754,0.00157122,0
58.13,-0.0228538,0.0230996,0.00110852,0.0208441,0.001124,0.00157131,0
58.14,-0.0167758,0.0233492,0.00111081,0.0206951,0.00110455,0.0015714,0
58.15,-0.0125418,0.0238268,0.0011126,0.0204928,0.00111344,0.00157149,0
58.16,-0.0101209,0.0241064,0.00111412,0.0202719,0.00111959,0.00157158,0
58.17,-0.00892474,0.0241145,0.00111574,0.0201021,0.00113221,0.00157167,0
58.18,-0.0068585,0.0239525,0.00111674,0.0200253,0.00115739,0.00157176,0
58.19,-0.00084347,0.0236721,0.00111749,0.0198609,0.00115582,0.00157184,0
58.2,-0.000682334,0.0232918,0.00111789,0.0195603,0.00115912,0.00157193,0
58.21,-0.011328,0.0228665,0.00111865,0.0193158,0.00114582,0.00157202,0
58.22,-0.0179412,0.022412,0.00111881,0.0191562,0.00115257,0.00157211,0
58.23,-0.018685,0.0220574,0.00111896,0.0190891,0.00113958,0.0015722,0
58.24,-0.0150338,0.0217075,0.00111924,0.0191615,0.00113029,0.00157229,0
58.25,-0.0136942,0.0212198,0.00111984,0.0193947,0.00113101,0.00157238,0
58.26,-0.0132877,0.0210208,0.00112097,0.0197171,0.00113855,0.00157247,0
58.27,-0.0119178,0.0210764,0.00112162,0.0200939,0.00112565,0.00157256,0
58.28,-0.0063202,0.0211243,0.00112205,0.0204463,0.00112293,0.00157265,0
58.29,-0.00337422,0.0211003,0.00112223,0.0207206,0.00112508,0.00157274,0
58.3,-0.00300608,0.0209321,0.0011224,0.0209024,0.00114119,0.00157283,0
58.31,-0.00611983,0.0206554,0.00112225,0.0209936,0.00114694,0.00157292,0
58.32,-0.0100867,0.0202742,0.00112195,0.0210184,0.00112523,0.00157302,0
58.33,-0.0148642,0.0198101,0.00112171,0.0209859,0.001115,0.00157311,0
58.34,-0.0197237,0.0192091,0.00112174,0.0208713,0.0011346,0.0015732,0
58.35,-0.0231867,0.018509,0.00112186,0.0207013,0.00114456,0.00157328,0
58.36,-0.0248408,0.0177606,0.00112202,0.0205093,0.00115373,0.00157337,0
58.37,-0.0242714,0.0171918,0.00112271,0.02035,0.00115867,0.00157346,0
58.38,-0.0245777,0.0168827,0.00112288,0.0202714,0.00115605,0.00157355,0
58.39,-0.0356263,0.0167639,0.00112313,0.0200419,0.00116099,0.00157364,0
58.4,-0.0354145,0.0167197,0.00112432,0.019648,0.00114752,0.00157373,0
58.41,-0.0214766,0.0166654,0.00112535,0.019347,0.00115654,0.00157382,0
58.42,-0.0123946,0.016623,0.00112626,0.0191604,0.00114341,0.00157391,0
58.43,-0.0101601,0.0165896,0.00112723,0.0190853,0.00114796,0.00157399,0
58.44,-0.0144023,0.0165868,0.00112752,0.0191617,0.001132,0.00157408,0
58.45,-0.0170674,0.0166234,0.00112756,0.0193851,0.00111091,0.00157417,0
58.46,-0.0164419,0.0166517,0.00112791,0.0197123,0.00109955,0.00157427,0
58.47,-0.0191824,0.0165502,0.00112839,0.0200838,0.00108493,0.00157436,0
58.48,-0.0246857,0.016324,0.00112919,0.0204319,0.00107931,0.00157445,0
58.49,-0.0269212,0.0161551,0.00113021,0.0207029,0.00108232,0.00157454,0
58.5,-0.0284904,0.0160726,0.00113144,0.020865,0.0011123,0.00157463,0
58.51,-0.0277924,0.0160207,0.00113302,0.0209288,0.00111963,0.00157472,0
58.52,-0.0210404,0.0160123,0.00113509,0.0209328,0.00111526,0.00157481,0
58.53,-0.0172244,0.0160578,0.0011373,0.0208668,0.00108433,0.0015749,0
58.54,-0.0129847,0.0162813,0.00113989,0.0207299,0.00108235,0.00157499,0
58.55,-0.00933736,0.0166897,0.00114221,0.0205309,0.00110076,0.00157508,0
58.56,-0.0044908,0.0168655,0.00114434,0.0203118,0.00109271,0.00157517,0
58.57,-0.00481723,0.0168598,0.00114681,0.0201418,0.00107907,0.00157525,0
58.58,-0.00260521,0.0167817,0.00114978,0.0200541,0.00108645,0.00157534,0
58.59,0.00493454,0.0166262,0.00115229,0.0198875,0.00109063,0.00157543,0
58.6,0.00304985,0.0163822,0.00115482,0.0195783,0.00109367,0.00157552,0
58.61,-0.00751375,0.0160951,0.00115697,0.0193298,0.00111535,0.0015756,0
58.62,-0.0117324,0.0158166,0.00115927,0.0191689,0.00112752,0.00157569,0
58.63,-0.0135234,0.0156095,0.0011615,0.0191044,0.00111422,0.00157578,0
58.64,-0.0129557,0.0153602,0.00116354,0.0191823,0.00116071,0.00157587,0
58.65,-0.00759491,0.0149077,0.00116556,0.0194155,0.00118424,0.00157596,0
58.66,-0.00492166,0.0148327,0.00116759,0.0197522,0.0011625,0.00157605,0
58.67,-0.00362884,0.0149955,0.00116988,0.0201402,0.00118274,0.00157614,0
58.68,0.00137149,0.0150711,0.00117253,0.0205119,0.00117002,0.00157623,0
58.69,0.00626238,0.0150267,0.00117522,0.0207907,0.00115726,0.00157632,0
58.7,0.00945636,0.0148777,0.00117842,0.0209661,0.00116545,0.00157641,0
58.71,0.00780415,0.0147008,0.00118174,0.0210635,0.00116475,0.0015765,0
58.72,0.00405735,0.0145039,0.00118517,0.0210926,0.00117836,0.00157659,0
58.73,-0.00389069,0.0142028,0.00118937,0.0210616,0.00119348,0.00157668,0
58.74,-0.00859152,0.0137308,0.00119368,0.0209624,0.00118813,0.00157677,0
58.75,-0.00987471,0.0131895,0.00119779,0.0207714,0.00120477,0.00157686,0
58.76,-0.0114594,0.0125878,0.00120143,0.0205689,0.00122458,0.00157695,0
58.77,-0.0128604,0.0121366,0.00120513,0.0204014,0.00124268,0.00157704,0
58.78,-0.0147702,0.0118964,0.00120968,0.0203137,0.00123618,0.00157713,0
58.79,-0.0252183,0.0117451,0.00121467,0.0200727,0.00124411,0.00157722,0
58.8,-0.0232379,0.0116624,0.00121942,0.0196768,0.00124646,0.00157731,0
58.81,-0.00955869,0.0116212,0.00122425,0.0193681,0.00125516,0.00157739,0
58.82,-0.00425233,0.0116011,0.00122906,0.0191783,0.00125207,0.00157748,0
58.83,-0.00380729,0.0116103,0.00123399,0.0191003,0.00125466,0.00157757,0
58.84,-0.00632628,0.0116913,0.00123851,0.0191711,0.00124783,0.00157766,0
58.85,-0.0104164,0.0118086,0.00124307,0.0193953,0.00125263,0.00157775,0
58.86,-0.0111786,0.0119362,0.00124784,0.0197167,0.00125501,0.00157784,0
58.87,-0.0140202,0.0119474,0.0012525,0.020093,0.00126429,0.00157793,0
58.88,-0.0201021,0.0118147,0.00125687,0.0204531,0.00125919,0.00157802,0
58.89,-0.0243389,0.0116824,0.00126049,0.0207279,0.0012445,0.00157811,0
58.9,-0.0277591,0.0116611,0.00126377,0.0208932,0.00124542,0.0015782,0
58.91,-0.026458,0.0117713,0.00126737,0.0209717,0.00125076,0.00157829,0
58.92,-0.0190732,0.0119296,0.00127069,0.0209778,0.00127197,0.00157838,0
58.93,-0.0115792,0.0121224,0.00127368,0.0209263,0.001263,0.00157847,0
58.94,-0.0062642,0.0124944,0.0012775,0.0207795,0.00126756,0.00157856,0
58.95,-0.00365112,0.0130039,0.00128186,0.0205689,0.00127219,0.00157865,0
58.96,-0.00197231,0.0132069,0.00128664,0.0203423,0.00127098,0.00157874,0
58.97,0.00110804,0.0132064,0.0012919,0.0201684,0.0012718,0.00157882,0
58.98,-0.000356516,0.0132037,0.00129696,0.0200819,0.00131002,0.00157891,0
58.99,0.00811598,0.0131787,0.00130217,0.0199161,0.0013078,0.001579,0
59,0.00880467,0.0131165,0.00130675,0.0196054,0.00130707,0.00157909,0
59.01,-0.00302838,0.0130351,0.00131066,0.0193539,0.0012985,0.00157917,0
59.02,-0.00932045,0.0129326,0.00131422,0.0191901,0.00130789,0.00157926,0
59.03,-0.00786352,0.0128541,0.00131756,0.0191214,0.00133466,0.00157935,0
59.04,-0.00504456,0.0126706,0.0013208,0.0192051,0.00133124,0.00157944,0
59.05,-0.00295074,0.0122659,0.00132416,0.0194452,0.00134495,0.00157953,0
59.06,-0.00092968,0.0121377,0.00132693,0.0197827,0.00132538,0.00157962,0
59.07,0.00275049,0.0121909,0.0013294,0.020175,0.00132313,0.00157971,0
59.08,0.00815907,0.0122281,0.00133197,0.0205392,0.00132812,0.0015798,0
59.09,0.0116269,0.012223,0.00133472,0.0208268,0.00132235,0.00157989,0
59.1,0.0142024,0.0121576,0.00133792,0.0210023,0.00133034,0.00157998,0
59.11,0.0118368,0.0120751,0.00134136,0.0210906,0.00135777,0.00158007,0
59.12,0.00615879,0.0119452,0.00134486,0.0211111,0.00134285,0.00158016,0
59.13,-0.00254908,0.0117072,0.00134848,0.0210611,0.00132755,0.00158025,0
59.14,-0.00791013,0.0112895,0.00135186,0.0209508,0.00132091,0.00158034,0
59.15,-0.0119227,0.0107527,0.00135545,0.0207823,0.00134831,0.00158043,0
59.16,-0.0140374,0.0100283,0.00135913,0.0205906,0.00134741,0.00158052,0
59.17,-0.0143989,0.00954826,0.00136233,0.0204309,0.00133368,0.00158061,0
59.18,-0.0173211,0.00948082,0.00136547,0.0203495,0.00135138,0.00158069,0
59.19,-0.0260786,0.00955024,0.0013682,0.0201134,0.00137915,0.00158078,0
59.2,-0.024068,0.0095948,0.0013707,0.0197149,0.00138084,0.00158087,0
59.21,-0.010446,0.0096191,0.00137324,0.0193985,0.00141897,0.00158096,0
59.22,-0.00202797,0.0096305,0.00137531,0.0192014,0.00142722,0.00158105,0
59.23,0.0015675,0.00963148,0.00137656,0.0191328,0.00144912,0.00158113,0
59.24,0.000724559,0.0096172,0.00137698,0.0192087,0.00142597,0.00158122,0
59.25,-0.001659,0.00954255,0.00137741,0.0194409,0.00140993,0.00158131,0
59.26,-0.00424528,0.00954056,0.00137781,0.0197756,0.0014105,0.0015814,0
59.27,-0.00595755,0.00948948,0.00137858,0.0201631,0.00141112,0.00158149,0
59.28,-0.0107633,0.00941158,0.00137909,0.0205297,0.00140327,0.00158158,0
59.29,-0.012019,0.00942573,0.00137918,0.0208138,0.00140252,0.00158168,0
59.3,-0.0136913,0.00957125,0.00137904,0.0209863,0.00138917,0.00158177,0
59.31,-0.010848,0.00977813,0.00137905,0.0210484,0.00137842,0.00158186,0
59.32,-0.00949118,0.00998915,0.00137906,0.0210618,0.00136561,0.00158194,0
59.33,-0.00553636,0.0101606,0.00137884,0.021001,0.0013834,0.00158203,0
59.34,-0.000505828,0.0103982,0.00137906,0.0208579,0.00139156,0.00158212,0
59.35,0.00184926,0.010849,0.00137941,0.0206463,0.0014218,0.00158221,0
59.36,0.00171805,0.0110629,0.00137968,0.0204078,0.00143131,0.0015823,0
59.37,0.00231141,0.0110067,0.00137985,0.0202259,0.00144677,0.00158239,0
59.38,0.00085978,0.0109971,0.00138037,0.0201357,0.00143872,0.00158247,0
59.39,0.00799795,0.0109719,0.00138137,0.0199658,0.00143029,0.00158256,0
59.4,0.00497387,0.0109077,0.00138241,0.0196441,0.0014464,0.00158265,0
59.41,-0.0047362,0.0108025,0.00138295,0.0193848,0.00143272,0.00158273,0
59.42,-0.012055,0.0106538,0.0013836,0.0192174,0.00142099,0.00158282,0
59.43,-0.0133803,0.0105084,0.00138393,0.0191559,0.00140597,0.00158291,0
59.44,-0.0106423,0.0102397,0.00138387,0.0192417,0.00140479,0.001583,0
59.45,-0.00710805,0.0097358,0.0013834,0.0194886,0.00140547,0.00158309,0
59.46,-0.00530431,0.00959871,0.00138268,0.0198385,0.00137614,0.00158318,0
59.47,-0.00134455,0.00976317,0.00138162,0.0202398,0.00136725,0.00158327,0
59.48,-0.000358808,0.00982826,0.00138009,0.0206162,0.0013348,0.00158336,0
59.49,0.00356282,0.0098313,0.00137852,0.0209112,0.00131886,0.00158345,0
59.5,0.00557208,0.00983519,0.00137722,0.0211097,0.00133066,0.00158354,0
59.51,0.00420641,0.00985384,0.00137651,0.0211927,0.00133043,0.00158363,0
59.52,-7.02662e-05,0.00987536,0.00137563,0.0212262,0.00133803,0.00158372,0
59.53,-0.00584131,0.00984599,0.00137489,0.0211924,0.00134933,0.00158381,0
59.54,-0.0111368,0.00981702,0.00137399,0.0210854,0.00132998,0.0015839,0
59.55,-0.0133635,0.00989181,0.00137334,0.0209,0.00132673,0.00158399,0
59.56,-0.0149419,0.0098424,0.00137353,0.020688,0.00134646,0.00158408,0
59.57,-0.0140549,0.00973553,0.00137378,0.020511,0.00131056,0.00158416,0
59.58,-0.0147027,0.0096832,0.00137383,0.0204194,0.00132642,0.00158425,0
59.59,-0.0234999,0.00967433,0.00137339,0.0201785,0.00134444,0.00158434,0
59.6,-0.0253395,0.00968054,0.00137224,0.0197673,0.00135188,0.00158443,0
59.61,-0.0121287,0.0097044,0.00137089,0.0194395,0.00136304,0.00158451,0
59.62,-0.000910516,0.00976125,0.00136916,0.0192396,0.00136626,0.0015846,0
59.63,0.000672916,0.00988155,0.00136697,0.019162,0.00135968,0.00158469,0
59.64,-0.00219209,0.0100371,0.0013648,0.0192484,0.00138001,0.00158478,0
59.65,-0.0075869,0.010282,0.00136216,0.0194954,0.0013864,0.00158487,0
59.66,-0.00705652,0.0105935,0.00135923,0.0198421,0.001379,0.00158496,0
59.67,-0.00719205,0.0106964,0.00135656,0.0202472,0.00136237,0.00158505,0
59.68,-0.0116224,0.0105715,0.00135383,0.0206373,0.0013611,0.00158514,0
59.69,-0.0142965,0.010434,0.00135129,0.0209208,0.00135196,0.00158523,0
59.7,-0.0142947,0.0104342,0.00134873,0.0210957,0.00136521,0.00158532,0
59.71,-0.0158788,0.010528,0.00134655,0.0211702,0.00137789,0.00158541,0
59.72,-0.010961,0.010625,0.00134538,0.021183,0.0013671,0.0015855,0
59.73,-0.00410404,0.0107928,0.00134448,0.0211188,0.00135723,0.00158559,0
59.74,2.99864e-05,0.0112122,0.00134383,0.0209681,0.00136253,0.00158568,0
59.75,0.00440572,0.011867,0.00134319,0.0207409,0.00136531,0.00158576,0
59.76,0.00698155,0.0118458,0.00133002,0.0205105,0.00136844,0.00158585,0
59.77,0.00637324,0.0118377,0.00131644,0.0203246,0.0013607,0.00158594,0
59.78,0.00759466,0.0118305,0.0013025,0.0202313,0.00135758,0.00158603,0
59.79,0.0155064,0.0117746,0.00128868,0.0200549,0.00135588,0.00158611,0
59.8,0.0142204,0.01164,0.00127495,0.0197308,0.00138979,0.0015862,0
59.81,0.00515632,0.0114634,0.00126096,0.0194608,0.00139935,0.00158629,0
59.82,-0.00250943,0.011278,0.00124695,0.0192723,0.00138904,0.00158637,0
59.83,-0.00293854,0.0111017,0.00123307,0.0192112,0.00137682,0.00158646,0
59.84,0.000220606,0.0107854,0.00121864,0.0193013,0.00136614,0.00158655,0
59.85,0.0042187,0.0101731,0.0012037,0.0195576,0.00135049,0.00158664,0
59.86,0.00638211,0.0097756,0.00118824,0.0199165,0.0013518,0.00158673,0
59.87,0.00984253,0.00972639,0.00117252,0.0203362,0.00134164,0.00158682,0
59.88,0.0119649,0.00972619,0.00115656,0.0207241,0.0013285,0.00158691,0
59.89,0.0164363,0.00972494,0.00114034,0.0210146,0.00130792,0.001587,0
59.9,0.0196965,0.00970158,0.00112343,0.0212165,0.00129925,0.00158709,0
59.91,0.0171769,0.00964207,0.00110654,0.0213243,0.00127933,0.00158718,0
59.92,0.00919697,0.00959408,0.0010894,0.0213552,0.00131211,0.00158727,0
59.93,0.00264498,0.00950765,0.00107249,0.0213188,0.00128313,0.00158736,0
59.94,-0.00442872,0.00929997,0.00105517,0.0211965,0.0012728,0.00158745,0
59.95,-0.0120076,0.00907391,0.00103764,0.0210153,0.00128151,0.00158754,0
59.96,-0.0102588,0.00882888,0.00101936,0.0207953,0.00130941,0.00158763,0
59.97,-0.0122319,0.00860176,0.00100063,0.0206292,0.00132724,0.00158772,0
59.98,-0.0169527,0.00852511,0.0009819,0.020536,0.00129943,0.0015878,0
59.99,-0.0272562,0.00851783,0.000962779,0.0202855,0.00128791,0.00158789,0
