t,x_true,y_true,x_est,y_est
0,-0.00897206,3.45678e-05,-0.00897206,3.45678e-05
0.01,-0.00897226,3.45512e-05,-0.00897126,3.2429e-05
0.02,-0.00897252,3.45291e-05,-0.00897022,2.83252e-05
0.03,-0.00897275,3.44948e-05,-0.00897149,2.3378e-05
0.04,-0.00897273,3.44421e-05,-0.0089755,2.12497e-05
0.05,-0.00897151,3.43292e-05,-0.00897756,2.13626e-05
0.06,-0.0089461,3.29252e-05,-0.0089546,2.12261e-05
0.07,-0.00885614,2.37773e-05,-0.00886723,1.67858e-05
0.08,-0.00872832,-5.61522e-06,-0.00873599,-6.81123e-06
0.09,-0.00863201,-5.18625e-05,-0.00862554,-5.02487e-05
0.1,-0.00863229,-9.78848e-05,-0.00861021,-9.71779e-05
0.11,-0.0087712,-0.00011825,-0.00872884,-0.00012593
0.12,-0.009074,-9.50492e-05,-0.00900023,-0.000117956
0.13,-0.00954276,-1.73703e-05,-0.00943052,-6.04426e-05
0.14,-0.0101619,0.000124776,-0.010013,6.58324e-05
0.15,-0.0109062,0.000331059,-0.0107243,0.000250189
0.16,-0.0117442,0.000602125,-0.0115257,0.000507934
0.17,-0.0126371,0.000934426,-0.0123863,0.000817024
0.18,-0.013542,0.0013103,-0.0132585,0.0011738
0.19,-0.0144553,0.00164845,-0.0141309,0.00151331
0.2,-0.015405,0.00181948,-0.0150286,0.00170581
0.21,-0.0164408,0.00186735,-0.0160242,0.00177124
0.22,-0.0175298,0.00187984,-0.01707,0.00177722
0.23,-0.0186074,0.00188407,-0.0180266,0.0017454
0.24,-0.0196341,0.00187803,-0.0189405,0.00171475
0.25,-0.0205806,0.00186313,-0.0198645,0.00169638
0.26,-0.0214261,0.00184871,-0.0206921,0.00167682
0.27,-0.0221931,0.00184459,-0.0214437,0.00166891
0.28,-0.022939,0.00185966,-0.0221755,0.00168051
0.29,-0.0237294,0.00188651,-0.0229476,0.00170285
0.3,-0.0246121,0.00190155,-0.0238079,0.00171087
0.31,-0.0256236,0.00187753,-0.024787,0.00168346
0.32,-0.0267848,0.00179786,-0.0259022,0.00160941
0.33,-0.0280942,0.00165424,-0.0271476,0.00147256
0.34,-0.0295355,0.00144717,-0.0285121,0.00127618
0.35,-0.0310898,0.00118195,-0.0299757,0.00102083
0.36,-0.03273,0.000863534,-0.0315138,0.000716923
0.37,-0.0344183,0.000503274,-0.0330978,0.000377458
0.38,-0.0361088,0.000121107,-0.0346844,2.37558e-05
0.39,-0.0377725,-0.000223728,-0.0362321,-0.000295816
0.4,-0.0394352,-0.000469287,-0.0377865,-0.000512054
0.41,-0.0410817,-0.000682201,-0.0393427,-0.000686623
0.42,-0.0427376,-0.000911234,-0.0408367,-0.000886133
0.43,-0.0443359,-0.00114655,-0.0420014,-0.00109821
0.44,-0.0458188,-0.00138061,-0.0430693,-0.0013085
0.45,-0.0471526,-0.00161789,-0.0443739,-0.00153885
0.46,-0.0483363,-0.00186441,-0.0455305,-0.0017845
0.47,-0.0494068,-0.00212776,-0.046577,-0.00205913
0.48,-0.0504222,-0.00242135,-0.0475751,-0.00237501
0.49,-0.0514327,-0.00274505,-0.048567,-0.00272885
0.5,-0.0524756,-0.00308333,-0.049587,-0.00309731
0.51,-0.0535798,-0.00341593,-0.0506518,-0.00346191
0.52,-0.0547723,-0.00372223,-0.0517803,-0.00380089
0.53,-0.0560727,-0.00399219,-0.0529825,-0.00409727
0.54,-0.0574868,-0.00422738,-0.0542605,-0.00435689
0.55,-0.0590079,-0.00443484,-0.0556056,-0.00458703
0.56,-0.06062,-0.00461783,-0.0570201,-0.00479074
0.57,-0.0622908,-0.00477992,-0.0584959,-0.00497178
0.58,-0.0639757,-0.00492048,-0.0600005,-0.00512495
0.59,-0.0656465,-0.00495346,-0.0615415,-0.00517506
0.6,-0.0672398,-0.00483691,-0.0630921,-0.0050653
0.61,-0.0687854,-0.00464136,-0.0646494,-0.00485444
0.62,-0.0702842,-0.00441028,-0.0660186,-0.00455489
0.63,-0.0716625,-0.00415245,-0.0667943,-0.00416679
0.64,-0.0728691,-0.00386728,-0.067575,-0.00380494
0.65,-0.0738887,-0.00355535,-0.0686134,-0.00347741
0.66,-0.0747424,-0.00322659,-0.0694563,-0.00314182
0.67,-0.0754764,-0.0028826,-0.0701448,-0.00280273
0.68,-0.0761472,-0.00251371,-0.0707292,-0.00245085
0.69,-0.0768009,-0.00211026,-0.0712578,-0.00207799
0.7,-0.0774658,-0.00167917,-0.0717614,-0.00168569
0.71,-0.0781631,-0.0012335,-0.0722691,-0.00128331
0.72,-0.0789253,-0.000791027,-0.0728202,-0.000883625
0.73,-0.079785,-0.000363802,-0.073452,-0.000501486
0.74,-0.0807635,5.53644e-05,-0.0741908,-0.000125799
0.75,-0.081874,0.000477168,-0.0750632,0.000259197
0.76,-0.0831032,0.000903385,-0.0760658,0.00064987
0.77,-0.0844242,0.00132709,-0.0771902,0.00104108
0.78,-0.0858146,0.00168207,-0.0784304,0.0013805
0.79,-0.0872053,0.00181184,-0.0797704,0.00152332
0.8,-0.0884665,0.00170716,-0.0810696,0.00144359
0.81,-0.0896695,0.00148284,-0.0823411,0.00122074
0.82,-0.090797,0.00120303,-0.0833359,0.000864399
0.83,-0.0917645,0.000874475,-0.0836016,0.000354044
0.84,-0.0925351,0.000499213,-0.0837115,-0.000141328
0.85,-0.0931051,8.83691e-05,-0.0842874,-0.000551208
0.86,-0.0935015,-0.000344122,-0.0846605,-0.000987396
0.87,-0.0937715,-0.000796201,-0.0848689,-0.00144697
0.88,-0.0939824,-0.00127953,-0.0849774,-0.00193932
0.89,-0.0941837,-0.00180297,-0.0850374,-0.00247058
0.9,-0.0943926,-0.00235843,-0.0850695,-0.00303277
0.91,-0.094631,-0.00293097,-0.0851084,-0.00361153
0.92,-0.0949266,-0.00350034,-0.0851901,-0.00417895
0.93,-0.0953108,-0.00405841,-0.08535,-0.0047356
0.94,-0.0958159,-0.00461079,-0.0856291,-0.00528689
0.95,-0.0964519,-0.00515755,-0.0860494,-0.00582745
0.96,-0.0972103,-0.00569577,-0.086617,-0.00634203
0.97,-0.0980611,-0.0062202,-0.0873251,-0.0068349
0.98,-0.0989873,-0.00667438,-0.0881654,-0.00724608
0.99,-0.0999518,-0.0069011,-0.089147,-0.00743817
1,-0.100828,-0.00688551,-0.0901251,-0.00738183
1.01,-0.101675,-0.00674158,-0.0910964,-0.00716272
1.02,-0.102464,-0.00653279,-0.0918063,-0.00681768
1.03,-0.103098,-0.00626833,-0.0918068,-0.00632871
1.04,-0.103528,-0.00595163,-0.0917492,-0.00587368
1.05,-0.103749,-0.00559531,-0.0919597,-0.0054819
1.06,-0.103792,-0.00521595,-0.0919679,-0.00507708
1.07,-0.10371,-0.00481629,-0.0918168,-0.00467186
1.08,-0.103576,-0.00438698,-0.0915733,-0.00426183
1.09,-0.10344,-0.00392222,-0.0912929,-0.00383557
1.1,-0.103319,-0.00343073,-0.0910008,-0.0033976
1.11,-0.103234,-0.00292552,-0.090728,-0.00295125
1.12,-0.103209,-0.00242238,-0.0905086,-0.00250344
1.13,-0.103273,-0.00192643,-0.0903825,-0.00205653
1.14,-0.103463,-0.00142991,-0.0903861,-0.00160115
1.15,-0.103789,-0.000929933,-0.0905441,-0.00113068
1.16,-0.104242,-0.000430909,-0.0908681,-0.000653979
1.17,-0.104792,6.11987e-05,-0.0913386,-0.000190125
1.18,-0.105423,0.000486535,-0.0919512,0.000217281
1.19,-0.106106,0.000689371,-0.092704,0.000422626
1.2,-0.106703,0.00065436,-0.0934458,0.000396531
1.21,-0.107281,0.000491648,-0.0941756,0.000205711
1.22,-0.107799,0.000262424,-0.0946398,-0.000126028
1.23,-0.10816,-2.19256e-05,-0.0943625,-0.000602324
1.24,-0.108315,-0.000356936,-0.0940179,-0.00103777
1.25,-0.108255,-0.000731354,-0.0939439,-0.00140916
1.26,-0.108013,-0.00113008,-0.0936633,-0.00180685
1.27,-0.107647,-0.00155036,-0.0932267,-0.00222684
1.28,-0.107234,-0.00200108,-0.0927096,-0.00267709
1.29,-0.106828,-0.0024876,-0.0921697,-0.00315747
1.3,-0.106443,-0.00300104,-0.0916238,-0.00365511
1.31,-0.106091,-0.00352852,-0.0911013,-0.00415907
1.32,-0.105792,-0.00405252,-0.0906281,-0.00465041
1.33,-0.105577,-0.00456958,-0.0902452,-0.00513473
1.34,-0.10548,-0.00508759,-0.0899944,-0.00561823
1.35,-0.105517,-0.00560801,-0.0899018,-0.00609925
1.36,-0.105674,-0.00612347,-0.0899668,-0.00657053
1.37,-0.105928,-0.00662676,-0.0901713,-0.00702558
1.38,-0.106265,-0.00706459,-0.0905157,-0.00741319
1.39,-0.106668,-0.0072863,-0.0910095,-0.00760609
1.4,-0.107005,-0.00727238,-0.0915037,-0.00756503
1.41,-0.107292,-0.00712966,-0.0919682,-0.00736077
1.42,-0.107532,-0.006914,-0.0922094,-0.00703137
1.43,-0.107621,-0.00663403,-0.0917621,-0.00655447
1.44,-0.107499,-0.00629525,-0.0910447,-0.006064
1.45,-0.107153,-0.00591095,-0.0906859,-0.00564119
1.46,-0.10662,-0.00549999,-0.090121,-0.00520024
1.47,-0.105962,-0.0050695,-0.0894061,-0.00475582
1.48,-0.105261,-0.00461304,-0.0886132,-0.00430596
1.49,-0.104575,-0.00412636,-0.08781,-0.00384513
1.5,-0.103915,-0.00361735,-0.087011,-0.00337952
1.51,-0.103288,-0.00309618,-0.0862361,-0.00291173
1.52,-0.10271,-0.00257725,-0.0855094,-0.0024534
1.53,-0.102217,-0.00206333,-0.0848809,-0.00199667
1.54,-0.101843,-0.00154407,-0.0843905,-0.0015342
1.55,-0.101604,-0.00101357,-0.0840653,-0.00105941
1.56,-0.101497,-0.000475521,-0.083901,-0.000582294
1.57,-0.101494,5.95657e-05,-0.0838805,-0.000113626
1.58,-0.101602,0.000516805,-0.0840228,0.000285288
1.59,-0.101779,0.000741816,-0.0843169,0.000476228
1.6,-0.101877,0.000720538,-0.0845804,0.000427889
1.61,-0.101971,0.00056173,-0.0848391,0.000208501
1.62,-0.102007,0.000324986,-0.0848269,-0.00015551
1.63,-0.101871,2.17362e-05,-0.0840511,-0.000670462
1.64,-0.101509,-0.000343926,-0.0830308,-0.00117538
1.65,-0.100914,-0.000756966,-0.0824365,-0.00158832
1.66,-0.100127,-0.00119804,-0.0816342,-0.00202688
1.67,-0.0992163,-0.00165961,-0.0806851,-0.00248416
1.68,-0.0982645,-0.00214885,-0.0796645,-0.00296308
1.69,-0.0973316,-0.00267047,-0.0786419,-0.00346724
1.7,-0.0964253,-0.00321784,-0.0776159,-0.00398442
1.71,-0.095547,-0.00378127,-0.076604,-0.00450914
1.72,-0.0947114,-0.00434472,-0.0756352,-0.00503394
1.73,-0.0939557,-0.00490538,-0.0747523,-0.00554193
1.74,-0.0933127,-0.00547311,-0.0740043,-0.00605592
1.75,-0.0927991,-0.00605251,-0.0734065,-0.00657336
1.76,-0.0924127,-0.00663967,-0.0729677,-0.00709482
1.77,-0.0921321,-0.00722423,-0.0726725,-0.00761202
1.78,-0.0919671,-0.00772629,-0.0725435,-0.00804604
1.79,-0.0918809,-0.00799003,-0.0725756,-0.0082612
1.8,-0.0917204,-0.00800038,-0.0725846,-0.00823317
1.81,-0.0915656,-0.007868,-0.0726018,-0.00804269
1.82,-0.091354,-0.00765153,-0.0723605,-0.0077084
1.83,-0.0909667,-0.00736011,-0.0713554,-0.00720903
1.84,-0.0903446,-0.00699715,-0.0700808,-0.00668605
1.85,-0.0894815,-0.00658045,-0.0692186,-0.00623427
1.86,-0.0884242,-0.0061333,-0.0681495,-0.00575907
1.87,-0.0872433,-0.00566645,-0.0669356,-0.00527913
1.88,-0.0860267,-0.00517483,-0.0656626,-0.00479132
1.89,-0.0848337,-0.00465473,-0.0643897,-0.0042967
1.9,-0.0836694,-0.00411022,-0.0631275,-0.00379769
1.91,-0.0825282,-0.00354748,-0.0618723,-0.0032962
1.92,-0.0814266,-0.00298035,-0.060662,-0.00279415
1.93,-0.0804021,-0.00241287,-0.0595386,-0.00230072
1.94,-0.0794893,-0.00183408,-0.0585503,-0.00179948
1.95,-0.0787075,-0.00123475,-0.0577192,-0.00128043
1.96,-0.0780567,-0.000615478,-0.0570467,-0.000745156
1.97,-0.0775222,1.18822e-05,-0.0565281,-0.00019854
1.98,-0.0771301,0.000544931,-0.0562041,0.000263721
1.99,-0.0768171,0.00082638,-0.0560376,0.00050029
2,-0.0764208,0.000846988,-0.055833,0.000483382
2.01,-0.0760281,0.000715131,-0.0556252,0.00028421
2.02,-0.0755704,0.000492805,-0.0551312,-5.43832e-05
2.03,-0.0749223,0.000191968,-0.0538467,-0.000549615
2.04,-0.0740266,-0.000183254,-0.0522906,-0.00105208
2.05,-0.0728848,-0.000613066,-0.0511568,-0.00149454
2.06,-0.0715464,-0.00107261,-0.0498165,-0.00196775
2.07,-0.0700869,-0.00155093,-0.0483346,-0.00245246
2.08,-0.0685981,-0.00205343,-0.0467993,-0.00295041
2.09,-0.0671386,-0.00258367,-0.0452709,-0.0034634
2.1,-0.0657106,-0.00313928,-0.0437563,-0.00398534
2.11,-0.0643002,-0.00371522,-0.0422407,-0.00451949
2.12,-0.0629267,-0.0042956,-0.040763,-0.00504924
2.13,-0.0616254,-0.004876,-0.0393657,-0.00557121
2.14,-0.0604304,-0.00546701,-0.0380937,-0.00609377
2.15,-0.0593614,-0.00607662,-0.0369751,-0.00662613
2.16,-0.0584187,-0.00670479,-0.0360191,-0.00717461
2.17,-0.057587,-0.00734193,-0.0352028,-0.00772588
2.18,-0.0568992,-0.00789144,-0.0345854,-0.00819909
2.19,-0.0563027,-0.0081919,-0.0341322,-0.00844839
2.2,-0.0556377,-0.00822998,-0.0336598,-0.00843667
2.21,-0.0549924,-0.00811422,-0.0332009,-0.00823937
2.22,-0.05429,-0.00790459,-0.0324897,-0.00788599
2.23,-0.0533957,-0.00761047,-0.0310245,-0.00735277
2.24,-0.052244,-0.00723446,-0.0294136,-0.00684346
2.25,-0.0508377,-0.00679852,-0.0280296,-0.00638496
2.26,-0.0492291,-0.00633154,-0.0264318,-0.00590153
2.27,-0.0475019,-0.00584628,-0.024697,-0.00541025
2.28,-0.0457518,-0.00533975,-0.0229153,-0.00491177
2.29,-0.0440372,-0.00481014,-0.0211474,-0.00440876
2.3,-0.0423572,-0.00425711,-0.0193899,-0.0038997
2.31,-0.0406905,-0.00368126,-0.0176284,-0.00338522
2.32,-0.0390562,-0.00309656,-0.0158915,-0.00287157
2.33,-0.0374895,-0.00250932,-0.0142357,-0.00236628
2.34,-0.0360274,-0.00190749,-0.0127081,-0.00185324
2.35,-0.0346929,-0.00127772,-0.0113477,-0.00131836
2.36,-0.0334884,-0.00061714,-0.010146,-0.000754163
2.37,-0.0324044,6.2935e-05,-0.00909876,-0.000179164
2.38,-0.0314913,0.000642396,-0.00827846,0.000316516
2.39,-0.0306715,0.000960084,-0.00762486,0.000577234
2.4,-0.0297812,0.00100718,-0.00694101,0.00058198
2.41,-0.0289074,0.000890519,-0.00626461,0.000397623
2.42,-0.0279695,0.000673299,-0.00532365,7.96905e-05
2.43,-0.0268245,0.000368053,-0.00360881,-0.000387734
2.44,-0.0254114,-1.96469e-05,-0.0017525,-0.000864055
2.45,-0.0237378,-0.000466987,-0.000127771,-0.00132485
2.46,-0.0218595,-0.000943806,0.00170824,-0.00181259
2.47,-0.0198655,-0.00143787,0.0036777,-0.00230971
2.48,-0.0178548,-0.00195284,0.00568832,-0.00281331
2.49,-0.0158856,-0.00248982,0.00768194,-0.00332197
2.5,-0.0139541,-0.00305063,0.00966366,-0.00383696
2.51,-0.0120326,-0.00363637,0.0116681,-0.00436655
2.52,-0.0101381,-0.00423174,0.0136612,-0.00489603
2.53,-0.00830444,-0.00482945,0.0155889,-0.00542677
2.54,-0.00656898,-0.00544105,0.0173994,-0.00596233
2.55,-0.00495534,-0.00608005,0.019062,-0.00652304
2.56,-0.00346491,-0.00675197,0.0205688,-0.00711622
2.57,-0.00208706,-0.00744648,0.021929,-0.00772848
2.58,-0.000879965,-0.00804574,0.023064,-0.00826885
2.59,0.000217863,-0.00838137,0.0240125,-0.00857474
2.6,0.00136752,-0.00844075,0.0249658,-0.00861214
2.61,0.00248167,-0.00833331,0.025897,-0.00844773
2.62,0.00365431,-0.00812161,0.0270638,-0.00811262
2.63,0.00503767,-0.00781637,0.0289674,-0.00759673
2.64,0.00669782,-0.0074212,0.0311768,-0.00705108
2.65,0.00862813,-0.0069608,0.0330438,-0.00656972
2.66,0.010769,-0.00646894,0.0351299,-0.00605954
2.67,0.0130235,-0.00595987,0.0373472,-0.00553965
2.68,0.015289,-0.00543237,0.0395991,-0.00501704
2.69,0.0175067,-0.00488734,0.0418344,-0.00449424
2.7,0.0196816,-0.00432137,0.0440573,-0.00397065
2.71,0.021847,-0.00372861,0.0463094,-0.00343123
2.72,0.0239918,-0.00312237,0.0485669,-0.00289183
2.73,0.0260828,-0.00251207,0.0507685,-0.00236212
2.74,0.0280792,-0.00188465,0.0528534,-0.00183331
2.75,0.0299542,-0.00122119,0.054791,-0.00127958
2.76,0.031705,-0.000513591,0.056574,-0.00069125
2.77,0.0333342,0.00022594,0.0582036,-7.27691e-05
2.78,0.0347653,0.000857016,0.0595741,0.000464062
2.79,0.0360834,0.00121312,0.0607547,0.000757797
2.8,0.0374567,0.00128478,0.0619485,0.000786745
2.81,0.0388511,0.00117578,0.0631683,0.000611866
2.82,0.0403003,0.000953299,0.0645925,0.000302079
2.83,0.0419663,0.000631955,0.0667132,-0.000140494
2.84,0.0439153,0.000218788,0.069161,-0.000647575
2.85,0.0461419,-0.000259255,0.0713258,-0.00115081
2.86,0.0485834,-0.000768063,0.0737128,-0.00167937
2.87,0.0511376,-0.00129299,0.0762271,-0.00221245
2.88,0.0536972,-0.00183525,0.0787697,-0.00274559
2.89,0.0562017,-0.0023935,0.081285,-0.00327362
2.9,0.0586578,-0.00297158,0.0837843,-0.00380185
2.91,0.0610991,-0.00357476,0.0863291,-0.00434222
2.92,0.0635192,-0.00418703,0.0888977,-0.00488458
2.93,0.0658878,-0.00479822,0.0914221,-0.00542288
2.94,0.0681661,-0.00542195,0.0938356,-0.00596688
2.95,0.070329,-0.0060787,0.0961003,-0.00653291
2.96,0.0723769,-0.00677937,0.0982125,-0.00713146
2.97,0.0743177,-0.00751582,0.100175,-0.0077659
2.98,0.0760703,-0.00815852,0.101888,-0.00831796
2.99,0.0776883,-0.00852876,0.10338,-0.00862862
3,0.0793434,-0.00861046,0.104856,-0.00866045
3.01,0.0809456,-0.00851126,0.106277,-0.00847405
3.02,0.0825977,-0.00829684,0.107877,-0.00812018
3.03,0.0844749,-0.00797857,0.11014,-0.00759009
3.04,0.0866482,-0.00756249,0.112749,-0.00702732
3.05,0.0891109,-0.00707789,0.115141,-0.00651893
3.06,0.0917943,-0.00655892,0.117758,-0.00597767
3.07,0.0945883,-0.00602019,0.120506,-0.00542299
3.08,0.0973833,-0.00546361,0.123276,-0.00486385
3.09,0.10012,-0.00489295,0.126017,-0.00430789
3.1,0.102803,-0.0043038,0.128745,-0.00375527
3.11,0.105472,-0.00368607,0.13153,-0.00319035
3.12,0.108126,-0.00305272,0.134369,-0.00261637
3.13,0.110733,-0.00241851,0.137174,-0.00206231
3.14,0.113249,-0.00177018,0.139865,-0.00150579
3.15,0.115642,-0.00108406,0.142393,-0.000926681
3.16,0.117909,-0.000347608,0.144747,-0.00031008
3.17,0.12005,0.000427966,0.146925,0.000343886
3.18,0.121972,0.00109717,0.148808,0.000911385
3.19,0.123746,0.00148469,0.15046,0.00123023
3.2,0.125547,0.00157767,0.152089,0.00128038
3.21,0.127305,0.00147799,0.153668,0.00111786
3.22,0.129121,0.00125428,0.155423,0.000816119
3.23,0.131169,0.00092287,0.157795,0.000367778
3.24,0.133517,0.000494593,0.160515,-0.000133392
3.25,0.136155,-8.14001e-07,0.163088,-0.000632675
3.26,0.139015,-0.000531058,0.165888,-0.00116645
3.27,0.141988,-0.00108306,0.168815,-0.00171077
3.28,0.144962,-0.00165599,0.171763,-0.00225868
3.29,0.147878,-0.00224636,0.174674,-0.00280391
3.3,0.15074,-0.00285816,0.177559,-0.00335522
3.31,0.153584,-0.00349661,0.180479,-0.00392452
3.32,0.156402,-0.0041432,0.183415,-0.00449734
3.33,0.159158,-0.00478306,0.1863,-0.00506424
3.34,0.16181,-0.00542687,0.189059,-0.00562979
3.35,0.164331,-0.00609629,0.191643,-0.00621713
3.36,0.166722,-0.00680605,0.194063,-0.00684144
3.37,0.168996,-0.00754957,0.196314,-0.00749925
3.38,0.171076,-0.00820615,0.19831,-0.00809138
3.39,0.172988,-0.00859423,0.200054,-0.00844929
3.4,0.174909,-0.00869062,0.201759,-0.008513
3.41,0.176767,-0.00860019,0.203401,-0.00836233
3.42,0.17867,-0.0083893,0.205178,-0.00803477
3.43,0.180792,-0.00807064,0.207521,-0.00753807
3.44,0.183208,-0.00765407,0.210214,-0.00699534
3.45,0.185913,-0.00716842,0.212831,-0.00647782
3.46,0.188841,-0.00664679,0.215671,-0.00592424
3.47,0.191878,-0.0061025,0.218639,-0.00535428
3.48,0.194915,-0.00553748,0.221629,-0.00477847
3.49,0.197892,-0.00495627,0.224589,-0.00420047
3.5,0.200815,-0.00435514,0.227523,-0.00362344
3.51,0.203714,-0.0037293,0.230487,-0.00304103
3.52,0.20658,-0.00309769,0.233458,-0.00246145
3.53,0.209375,-0.002474,0.236365,-0.00191113
3.54,0.212055,-0.00184526,0.239135,-0.001379
3.55,0.214595,-0.00118916,0.241733,-0.00084247
3.56,0.216999,-0.000493359,0.244154,-0.000281242
3.57,0.219279,0.000236508,0.246411,0.000302071
3.58,0.221361,0.000881295,0.248412,0.000814236
3.59,0.223278,0.00126149,0.250176,0.00109662
3.6,0.225205,0.00135547,0.251912,0.00111503
3.61,0.227077,0.00126463,0.253589,0.000932161
3.62,0.228995,0.00105572,0.255428,0.000616162
3.63,0.231136,0.00074261,0.257828,0.000175587
3.64,0.233572,0.000336028,0.260557,-0.000312884
3.65,0.236295,-0.000134123,0.263185,-0.000786023
3.66,0.239238,-0.000635301,0.266039,-0.00128582
3.67,0.242289,-0.001157,0.269018,-0.00179257
3.68,0.24534,-0.00170017,0.272016,-0.00230246
3.69,0.248329,-0.00226178,0.274975,-0.00281321
3.7,0.251262,-0.00284508,0.277907,-0.003329
3.71,0.254171,-0.00345165,0.280861,-0.00385598
3.72,0.257042,-0.00406049,0.283812,-0.00438538
3.73,0.259839,-0.00465948,0.286687,-0.00490728
3.74,0.262518,-0.00525974,0.289431,-0.00542841
3.75,0.265058,-0.00588227,0.292009,-0.00597261
3.76,0.267465,-0.00654004,0.294421,-0.00655009
3.77,0.269756,-0.00722873,0.296682,-0.0071656
3.78,0.271868,-0.00784128,0.298709,-0.00771988
3.79,0.27381,-0.00819845,0.300496,-0.00804826
3.8,0.275753,-0.00827335,0.302247,-0.00809752
3.81,0.277673,-0.00816819,0.303977,-0.00793815
3.82,0.279624,-0.00794729,0.305816,-0.00760934
3.83,0.281783,-0.007622,0.308162,-0.00711904
3.84,0.284231,-0.00720113,0.310845,-0.00658047
3.85,0.286967,-0.00671373,0.313469,-0.006067
3.86,0.289924,-0.00619386,0.316323,-0.00552096
3.87,0.292989,-0.0056533,0.319301,-0.00495774
3.88,0.296053,-0.00509283,0.322299,-0.00438185
3.89,0.299055,-0.0045163,0.325264,-0.00380308
3.9,0.302001,-0.0039205,0.328203,-0.00322753
3.91,0.304921,-0.0033025,0.331169,-0.00264548
3.92,0.307801,-0.00268236,0.334134,-0.00207685
3.93,0.310606,-0.00207223,0.337031,-0.00154055
3.94,0.313291,-0.00145865,0.339793,-0.00102486
3.95,0.315832,-0.000819889,0.342382,-0.000507585
3.96,0.318235,-0.000144585,0.344798,3.28202e-05
3.97,0.320515,0.000562862,0.34706,0.000599265
3.98,0.322601,0.0011888,0.349083,0.00109829
3.99,0.324519,0.00155373,0.350864,0.00137159
4,0.326445,0.00163509,0.352612,0.00138286
4.01,0.328313,0.00153409,0.354307,0.00120059
4.02,0.330224,0.00131625,0.35615,0.000886287
4.03,0.332357,0.000995312,0.358543,0.000450781
4.04,0.334784,0.000582144,0.361248,-3.85726e-05
4.05,0.337499,0.000106708,0.363847,-0.000516572
4.06,0.340432,-0.000398944,0.366672,-0.00102055
4.07,0.343474,-0.000925006,0.369623,-0.00153094
4.08,0.346515,-0.00147251,0.372594,-0.00204157
4.09,0.349494,-0.00203842,0.37553,-0.00255052
4.1,0.352417,-0.00262585,0.378439,-0.00306566
4.11,0.355316,-0.00323629,0.381368,-0.0035939
4.12,0.358177,-0.00384876,0.384296,-0.00412592
4.13,0.360963,-0.00445126,0.38716,-0.00465528
4.14,0.363631,-0.00505527,0.389895,-0.00518908
4.15,0.36616,-0.00568184,0.392466,-0.00574629
4.16,0.368555,-0.0063438,0.394877,-0.00634053
4.17,0.370833,-0.00703647,0.39713,-0.00697122
4.18,0.37293,-0.00765052,0.399157,-0.00754018
4.19,0.374859,-0.00800735,0.400951,-0.0078833
4.2,0.376792,-0.00808103,0.402711,-0.00794312
4.21,0.37866,-0.00797526,0.404403,-0.00778529
4.22,0.380572,-0.00775336,0.406235,-0.00745749
4.23,0.382701,-0.00742699,0.408617,-0.00695475
4.24,0.385124,-0.00700498,0.411315,-0.00641438
4.25,0.387836,-0.00651701,0.413906,-0.00591421
4.26,0.390766,-0.00599689,0.416724,-0.00538074
4.27,0.393804,-0.00545601,0.419671,-0.00482777
4.28,0.396841,-0.00489469,0.422639,-0.00426056
4.29,0.399818,-0.00431665,0.425574,-0.00369037
4.3,0.402738,-0.00371849,0.428487,-0.00311393
4.31,0.405634,-0.00309672,0.431422,-0.00252571
4.32,0.408493,-0.00247111,0.434362,-0.00194932
4.33,0.411278,-0.00185434,0.437236,-0.00140747
4.34,0.413945,-0.00123284,0.439977,-0.000884226
4.35,0.416469,-0.000584582,0.442545,-0.000358316
4.36,0.418855,0.000101973,0.444943,0.000188578
4.37,0.421116,0.000821293,0.447188,0.000761899
4.38,0.42318,0.0014545,0.449187,0.00127042
4.39,0.42508,0.00182373,0.450954,0.00155426
4.4,0.426992,0.00190797,0.452702,0.00157909
4.41,0.428853,0.00180782,0.454396,0.00142104
4.42,0.430764,0.0015895,0.456252,0.00114004
4.43,0.432898,0.00126711,0.458675,0.000728254
4.44,0.435328,0.000851563,0.461408,0.000250698
4.45,0.438044,0.00037324,0.464011,-0.000242287
4.46,0.440979,-0.000135419,0.466844,-0.000758372
4.47,0.444021,-0.000664107,0.469801,-0.00127722
4.48,0.447061,-0.00121396,0.472782,-0.00179717
4.49,0.45004,-0.00178211,0.475723,-0.00231626
4.5,0.452964,-0.0023718,0.478639,-0.00283729
4.51,0.455863,-0.0029843,0.481577,-0.00337153
4.52,0.458723,-0.00359831,0.484513,-0.00390643
4.53,0.461508,-0.00420193,0.487381,-0.00443876
4.54,0.464175,-0.00480664,0.490118,-0.0049766
4.55,0.466702,-0.00543359,0.492687,-0.00553879
4.56,0.469095,-0.00609561,0.495093,-0.00613186
4.57,0.471373,-0.0067882,0.497346,-0.00676303
4.58,0.473471,-0.00740323,0.499378,-0.00733091
4.59,0.475401,-0.00776186,0.50117,-0.00766653
4.6,0.477334,-0.00783776,0.502926,-0.00771742
4.61,0.479203,-0.00773475,0.504617,-0.00755262
4.62,0.481114,-0.00751617,0.506441,-0.00720933
4.63,0.483244,-0.00719341,0.508809,-0.00668887
4.64,0.485667,-0.00677518,0.511406,-0.00617293
4.65,0.488378,-0.00629114,0.513997,-0.00568905
4.66,0.491308,-0.00577499,0.516813,-0.00517078
4.67,0.494345,-0.00523802,0.519755,-0.0046294
4.68,0.497381,-0.00468059,0.522717,-0.00407101
4.69,0.500355,-0.00410643,0.525644,-0.00350394
4.7,0.503274,-0.00351212,0.528545,-0.00292884
4.71,0.506168,-0.00289415,0.531474,-0.00234307
4.72,0.509026,-0.00227222,0.534407,-0.00177215
4.73,0.511809,-0.00165899,0.537279,-0.00123517
4.74,0.514475,-0.00104091,0.540018,-0.000721575
4.75,0.516998,-0.000396047,0.542592,-0.000206587
4.76,0.519382,0.000287083,0.545001,0.000331938
4.77,0.521643,0.00100307,0.547248,0.000897208
4.78,0.523706,0.00163387,0.54926,0.00140034
4.79,0.525606,0.00200142,0.551031,0.00168366
4.8,0.527518,0.00208455,0.552788,0.00171343
4.81,0.529421,0.0019827,0.554532,0.00156062
4.82,0.531364,0.00176227,0.556412,0.00129078
4.83,0.533523,0.00143746,0.558827,0.00091
4.84,0.535973,0.00101935,0.561553,0.000432065
4.85,0.538709,0.000537948,0.564179,-8.64409e-05
4.86,0.541664,2.60241e-05,0.567035,-0.000623444
4.87,0.544727,-0.000505648,0.570018,-0.00115954
4.88,0.547789,-0.00105782,0.573023,-0.00169414
4.89,0.550789,-0.00162762,0.575991,-0.00222079
4.9,0.553733,-0.0022181,0.578932,-0.00274016
4.91,0.55665,-0.00283003,0.581898,-0.00326813
4.92,0.559527,-0.00344158,0.584858,-0.00379747
4.93,0.562326,-0.00404152,0.587746,-0.00432254
4.94,0.565006,-0.00464138,0.590501,-0.00485348
4.95,0.567545,-0.0052622,0.593089,-0.00540596
4.96,0.569951,-0.00591664,0.595513,-0.00599585
4.97,0.572241,-0.0066007,0.597789,-0.00661256
4.98,0.574354,-0.00721021,0.599841,-0.00717636
4.99,0.576296,-0.00756573,0.601651,-0.00751117
5,0.578238,-0.00763966,0.603421,-0.00755355
5.01,0.58011,-0.0075363,0.605124,-0.00737509
5.02,0.582021,-0.00731821,0.606954,-0.00701085
5.03,0.584148,-0.00699638,0.609305,-0.0064526
5.04,0.586567,-0.00657945,0.611981,-0.00589384
5.05,0.589274,-0.00609688,0.614585,-0.00541993
5.06,0.592201,-0.00558209,0.617417,-0.00490987
5.07,0.595236,-0.00504604,0.620374,-0.00437303
5.08,0.598269,-0.00448925,0.62335,-0.00381772
5.09,0.60124,-0.00391565,0.626291,-0.00325419
5.1,0.604156,-0.00332196,0.629206,-0.00268584
5.11,0.607047,-0.00270457,0.632145,-0.00210472
5.12,0.609902,-0.00208305,0.635082,-0.00153216
5.13,0.612684,-0.00146999,0.637953,-0.000993521
5.14,0.615347,-0.000851788,0.640689,-0.000483723
5.15,0.617867,-0.000206552,0.643249,2.5363e-05
5.16,0.62025,0.000477142,0.645641,0.000557938
5.17,0.622508,0.00119377,0.647876,0.00111508
5.18,0.624568,0.00182457,0.649864,0.00161079
5.19,0.626466,0.00219184,0.651622,0.00188823
5.2,0.628376,0.00227458,0.653358,0.00192017
5.21,0.630235,0.00217321,0.655048,0.0017788
5.22,0.632143,0.00195384,0.656891,0.00152745
5.23,0.634276,0.00163056,0.659304,0.00117745
5.24,0.636704,0.00121429,0.662039,0.000719731
5.25,0.639419,0.000735416,0.664662,0.000197446
5.26,0.642352,0.000226311,0.667509,-0.000344602
5.27,0.645393,-0.000302808,0.670476,-0.000883492
5.28,0.648432,-0.000853127,0.673461,-0.0014158
5.29,0.65141,-0.00142184,0.676406,-0.00193652
5.3,0.654332,-0.00201217,0.679321,-0.00245741
5.31,0.65723,-0.00262539,0.682254,-0.0029872
5.32,0.660088,-0.00324015,0.68518,-0.00351473
5.33,0.662872,-0.00384458,0.688036,-0.00404457
5.34,0.665538,-0.00445019,0.690759,-0.00457991
5.35,0.668064,-0.00507809,0.69332,-0.00514288
5.36,0.670456,-0.00574108,0.695718,-0.00573844
5.37,0.672732,-0.00643463,0.697961,-0.00637404
5.38,0.674829,-0.00705053,0.69998,-0.00694437
5.39,0.676758,-0.00740994,0.701761,-0.00728184
5.4,0.67869,-0.00748641,0.703509,-0.00732738
5.41,0.680558,-0.00738363,0.7052,-0.00714863
5.42,0.68247,-0.00716512,0.707034,-0.00677483
5.43,0.6846,-0.00684226,0.709407,-0.00620467
5.44,0.687023,-0.00642375,0.712103,-0.0056408
5.45,0.689734,-0.00593927,0.714708,-0.00516863
5.46,0.692663,-0.00542252,0.717539,-0.00466047
5.47,0.6957,-0.00488486,0.720496,-0.00412648
5.48,0.698735,-0.00432671,0.723476,-0.00357156
5.49,0.701709,-0.00375182,0.726416,-0.00300582
5.5,0.704627,-0.00315679,0.729324,-0.00242751
5.51,0.70752,-0.00253818,0.732256,-0.00183408
5.52,0.710377,-0.00191577,0.73519,-0.00125428
5.53,0.71316,-0.00130215,0.738058,-0.000710296
5.54,0.715824,-0.000683757,0.740792,-0.000193786
5.55,0.718345,-3.86464e-05,0.743358,0.000317437
5.56,0.720729,0.000644613,0.74576,0.000851516
5.57,0.722988,0.00136071,0.748002,0.00141014
5.58,0.725051,0.00199207,0.750001,0.00190588
5.59,0.726951,0.00236058,0.751769,0.00218465
5.6,0.728864,0.00244486,0.753517,0.00221742
5.61,0.730724,0.00234553,0.755206,0.00208258
5.62,0.732633,0.00212864,0.757055,0.00184193
5.63,0.734766,0.00180809,0.759472,0.00150556
5.64,0.737195,0.0013947,0.762112,0.0010597
5.65,0.73991,0.000918794,0.764736,0.000553788
5.66,0.742843,0.000412642,0.767587,2.89204e-05
5.67,0.745883,-0.000113605,0.770558,-0.00049329
5.68,0.748922,-0.000661079,0.773545,-0.00100771
5.69,0.751899,-0.00122694,0.77649,-0.0015111
5.7,0.75482,-0.00181443,0.779404,-0.00201328
5.71,0.757717,-0.00242487,0.782337,-0.00252749
5.72,0.760575,-0.00303698,0.785268,-0.00304548
5.73,0.763358,-0.00363886,0.788127,-0.00356781
5.74,0.766024,-0.004242,0.790851,-0.00410091
5.75,0.768549,-0.00486745,0.793412,-0.00466445
5.76,0.770941,-0.00552795,0.795809,-0.00526686
5.77,0.773217,-0.00621906,0.798057,-0.00591026
5.78,0.775314,-0.00683313,0.800075,-0.00649255
5.79,0.777243,-0.00719129,0.801859,-0.00683779
5.8,0.779175,-0.00726696,0.80361,-0.00688523
5.81,0.781087,-0.00716195,0.805332,-0.00670423
5.82,0.783033,-0.00694078,0.80718,-0.00633466
5.83,0.785188,-0.00661499,0.80953,-0.00576595
5.84,0.787632,-0.00619345,0.812218,-0.00518969
5.85,0.790364,-0.00570544,0.814854,-0.00469937
5.86,0.793315,-0.00518499,0.817718,-0.00417187
5.87,0.796374,-0.00464392,0.820705,-0.00361761
5.88,0.799431,-0.004083,0.823707,-0.00304266
5.89,0.802427,-0.00350601,0.826669,-0.0024569
5.9,0.805366,-0.00290971,0.8296,-0.00186144
5.91,0.808279,-0.0022913,0.832551,-0.00125121
5.92,0.811152,-0.00167098,0.835503,-0.000661012
5.93,0.81395,-0.00106074,0.838388,-0.000118897
5.94,0.816628,-0.000446948,0.841139,0.000385437
5.95,0.819162,0.000192158,0.84372,0.000878605
5.96,0.821557,0.000867799,0.846129,0.00139091
5.97,0.82383,0.0015756,0.848382,0.00192749
5.98,0.82591,0.0022023,0.850393,0.00239985
5.99,0.827823,0.00256847,0.852169,0.00265291
6,0.829745,0.00265121,0.853916,0.00266065
6.01,0.83161,0.00255158,0.855601,0.00248987
6.02,0.833519,0.00233522,0.857434,0.00221115
6.03,0.83565,0.0020157,0.859813,0.0018404
6.04,0.838076,0.0016038,0.862438,0.00138768
6.05,0.840788,0.00112952,0.865065,0.000892613
6.06,0.843719,0.000624833,0.867914,0.00038
6.07,0.846758,9.95777e-05,0.870882,-0.0001308
6.08,0.849795,-0.000447178,0.873867,-0.000637376
6.09,0.85277,-0.0010124,0.876809,-0.00113575
6.1,0.855689,-0.00159917,0.879718,-0.00163461
6.11,0.858584,-0.00220889,0.882644,-0.0021455
6.12,0.861441,-0.00282045,0.885565,-0.0026607
6.13,0.864222,-0.00342196,0.888417,-0.00318531
6.14,0.866886,-0.00402496,0.891142,-0.00372475
6.15,0.869411,-0.00465046,0.893703,-0.00429606
6.16,0.871801,-0.00531117,0.8961,-0.00490561
6.17,0.874076,-0.00600257,0.898343,-0.00554609
6.18,0.876171,-0.0066165,0.900362,-0.00612678
6.19,0.878099,-0.00697426,0.90215,-0.00647461
6.2,0.88003,-0.00704946,0.903906,-0.00652806
6.21,0.881942,-0.0069437,0.905636,-0.00634786
6.22,0.883887,-0.00672155,0.907482,-0.00597911
6.23,0.886043,-0.00639473,0.909829,-0.00541024
6.24,0.888487,-0.0059722,0.912513,-0.00482801
6.25,0.89122,-0.00548329,0.915149,-0.00432829
6.26,0.894171,-0.00496201,0.918014,-0.0037913
6.27,0.897231,-0.00442017,0.921004,-0.00322608
6.28,0.900289,-0.00385849,0.924012,-0.00263834
6.29,0.903286,-0.00328067,0.92698,-0.00204148
6.3,0.906226,-0.00268356,0.929918,-0.00143975
6.31,0.90914,-0.0020645,0.932874,-0.000828239
6.32,0.912014,-0.00144376,0.935828,-0.000234972
6.33,0.914811,-0.000833296,0.938708,0.000311967
6.34,0.917489,-0.000219386,0.941455,0.000816673
6.35,0.920023,0.000419772,0.944033,0.0013141
6.36,0.922419,0.00109543,0.946445,0.00182836
6.37,0.924692,0.00180324,0.948703,0.0023664
6.38,0.926772,0.00242998,0.950719,0.00283982
6.39,0.928686,0.0027962,0.952506,0.00309594
6.4,0.930608,0.00287883,0.954262,0.00310769
6.41,0.932474,0.00277887,0.955962,0.00294242
6.42,0.934384,0.00256205,0.957803,0.0026718
6.43,0.936516,0.0022419,0.960186,0.00231633
6.44,0.938942,0.0018292,0.962896,0.0018687
6.45,0.941656,0.00135395,0.96553,0.0013778
6.46,0.944588,0.00084817,0.968386,0.000864166
6.47,0.947627,0.000321766,0.971361,0.000351452
6.48,0.950664,-0.000226144,0.974352,-0.00015444
6.49,0.953639,-0.000792498,0.977301,-0.000653038
6.5,0.956559,-0.00138036,0.980216,-0.00115072
6.51,0.959454,-0.00199105,0.983148,-0.00166112
6.52,0.962311,-0.00260338,0.986074,-0.00217694
6.53,0.965092,-0.00320554,0.988932,-0.0026989
6.54,0.967755,-0.00380907,0.991656,-0.00324171
6.55,0.970279,-0.00443501,0.994217,-0.00381307
6.56,0.972668,-0.00509603,0.996604,-0.00442353
6.57,0.974943,-0.00578766,0.998845,-0.00506023
6.58,0.977037,-0.00640202,1.00086,-0.00563646
6.59,0.978965,-0.00676045,1.00264,-0.0059842
6.6,0.980897,-0.00683649,1.00437,-0.00603381
6.61,0.982809,-0.0067317,1.00609,-0.00585442
6.62,0.984755,-0.00651067,1.00791,-0.00548783
6.63,0.986911,-0.00618511,1.01024,-0.00492983
6.64,0.989356,-0.00576401,1.01284,-0.00438602
6.65,0.992088,-0.00527671,1.0155,-0.00389072
6.66,0.99504,-0.00475715,1.01837,-0.00335923
6.67,0.9981,-0.00421706,1.02137,-0.00280579
6.68,1.00116,-0.00365711,1.02438,-0.002234
6.69,1.00416,-0.003081,1.02735,-0.00165089
6.7,1.0071,-0.00248556,1.03029,-0.00106152
6.71,1.01001,-0.00186821,1.03325,-0.000463641
6.72,1.01288,-0.00124922,1.03621,0.000116372
6.73,1.01568,-0.000640502,1.03911,0.000654148
6.74,1.01836,-2.82876e-05,1.04186,0.00115348
6.75,1.02089,0.000609221,1.04444,0.00165213
6.76,1.02329,0.00128324,1.04685,0.00217533
6.77,1.02556,0.00198943,1.0491,0.00272476
6.78,1.02764,0.00261483,1.05112,0.00321567
6.79,1.02955,0.00297999,1.0529,0.003496
6.8,1.03148,0.0030617,1.05464,0.00352893
6.81,1.03334,0.00296095,1.05632,0.00338376
6.82,1.03525,0.00274341,1.05815,0.00312571
6.83,1.03738,0.00242253,1.06052,0.0027699
6.84,1.03981,0.00200903,1.06322,0.00232719
6.85,1.04252,0.00153294,1.06586,0.00184197
6.86,1.04545,0.00102624,1.06872,0.00133397
6.87,1.04849,0.000498879,1.07169,0.000823588
6.88,1.05153,-4.99873e-05,1.07468,0.000315507
6.89,1.0545,-0.000617279,1.07763,-0.00018553
6.9,1.05742,-0.00120606,1.08054,-0.000687083
6.91,1.06032,-0.00181766,1.08347,-0.00120084
6.92,1.06317,-0.00243086,1.0864,-0.00172167
6.93,1.06595,-0.00303386,1.08925,-0.00224265
6.94,1.06862,-0.0036382,1.09198,-0.00277885
6.95,1.07114,-0.0042649,1.09454,-0.00334317
6.96,1.07353,-0.0049266,1.09693,-0.00394876
6.97,1.0758,-0.00561887,1.09918,-0.0045858
6.98,1.0779,-0.00623387,1.1012,-0.00516167
6.99,1.07982,-0.00659294,1.10298,-0.00550758
7,1.08175,-0.00666968,1.10473,-0.00556132
7.01,1.08362,-0.00656749,1.10643,-0.00539604
7.02,1.08553,-0.00634983,1.10826,-0.0050487
7.03,1.08766,-0.00602826,1.11061,-0.00450956
7.04,1.09008,-0.00561156,1.11322,-0.00397308
7.05,1.0928,-0.00512943,1.11585,-0.00347174
7.06,1.09572,-0.00461538,1.1187,-0.00293398
7.07,1.09876,-0.00408056,1.12167,-0.00237499
7.08,1.1018,-0.0035252,1.12465,-0.00179975
7.09,1.10477,-0.00295294,1.12759,-0.00121686
7.1,1.10769,-0.00236044,1.1305,-0.000628774
7.11,1.11058,-0.0017444,1.13343,-2.70943e-05
7.12,1.11344,-0.00112463,1.13636,0.00056231
7.13,1.11622,-0.000513654,1.13923,0.00111221
7.14,1.11888,0.00010221,1.14196,0.00162971
7.15,1.1214,0.000744908,1.14452,0.00214041
7.16,1.12379,0.00142583,1.14691,0.00267114
7.17,1.12605,0.00213968,1.14915,0.00322576
7.18,1.12811,0.0027691,1.15113,0.00371908
7.19,1.13001,0.00313594,1.15289,0.00399022
7.2,1.13192,0.00321845,1.15462,0.00400899
7.21,1.13378,0.00311719,1.1563,0.0038454
7.22,1.13569,0.0028982,1.15813,0.00356466
7.23,1.13782,0.0025752,1.16052,0.00317409
7.24,1.14025,0.00215894,1.16324,0.00271827
7.25,1.14297,0.00167978,1.16588,0.00224335
7.26,1.1459,0.00117004,1.16874,0.00174231
7.27,1.14894,0.000640028,1.17171,0.00123881
7.28,1.15197,8.87639e-05,1.17471,0.000735758
7.29,1.15495,-0.000480843,1.17766,0.000237253
7.3,1.15787,-0.00107201,1.18057,-0.000265427
7.31,1.16077,-0.001686,1.18351,-0.00078562
7.32,1.16362,-0.00230141,1.18644,-0.0013152
7.33,1.1664,-0.00290641,1.18929,-0.00184999
7.34,1.16907,-0.00351245,1.19202,-0.00239016
7.35,1.17159,-0.00414059,1.19458,-0.00296254
7.36,1.17398,-0.00480351,1.19697,-0.00357206
7.37,1.17625,-0.00549688,1.19922,-0.00421461
7.38,1.17835,-0.00611342,1.20124,-0.00479915
7.39,1.18028,-0.0064743,1.20302,-0.0051532
7.4,1.18221,-0.00655289,1.20477,-0.00522494
7.41,1.18408,-0.0064528,1.20646,-0.00507696
7.42,1.18599,-0.0062375,1.20827,-0.00475077
7.43,1.18812,-0.00591839,1.21061,-0.00424531
7.44,1.19054,-0.00550423,1.21331,-0.003695
7.45,1.19325,-0.00502465,1.21595,-0.00318212
7.46,1.19618,-0.00451314,1.21882,-0.002636
7.47,1.19922,-0.00398079,1.2218,-0.00207123
7.48,1.20225,-0.0034279,1.2248,-0.0014953
7.49,1.20522,-0.00285811,1.22775,-0.000916711
7.5,1.20814,-0.00226807,1.23067,-0.000337001
7.51,1.21103,-0.00165439,1.2336,0.00025119
7.52,1.21389,-0.00103684,1.23654,0.000822089
7.53,1.21667,-0.000427946,1.23941,0.00135766
7.54,1.21933,0.000185915,1.24214,0.00186211
7.55,1.22185,0.000826654,1.2447,0.0023624
7.56,1.22424,0.00150564,1.24709,0.00288208
7.57,1.2265,0.00221765,1.24932,0.00342683
7.58,1.22856,0.00284573,1.2513,0.00391131
7.59,1.23046,0.00321161,1.25305,0.00417411
7.6,1.23237,0.00329346,1.25476,0.00418086
7.61,1.23427,0.00319064,1.25648,0.00400059
7.62,1.23622,0.0029695,1.2583,0.00370072
7.63,1.23837,0.00264394,1.26065,0.00329008
7.64,1.24082,0.00222489,1.26328,0.00282387
7.65,1.24356,0.00174233,1.26596,0.00233422
7.66,1.24651,0.00122897,1.26886,0.00181972
7.67,1.24957,0.000695618,1.27187,0.00130151
7.68,1.25263,0.000141693,1.27491,0.000782743
7.69,1.25563,-0.000429883,1.27789,0.000269983
7.7,1.25857,-0.00102213,1.28084,-0.000241157
7.71,1.26149,-0.00163573,1.2838,-0.000765036
7.72,1.26436,-0.00224878,1.28675,-0.00128899
7.73,1.26716,-0.00285009,1.28963,-0.00180977
7.74,1.26983,-0.00345118,1.29238,-0.00233637
7.75,1.27237,-0.00407302,1.29496,-0.00288309
7.76,1.27477,-0.00472819,1.29737,-0.00346328
7.77,1.27706,-0.00541284,1.29962,-0.00407159
7.78,1.27917,-0.0060237,1.30165,-0.00462742
7.79,1.28111,-0.00638132,1.30345,-0.00496147
7.8,1.28306,-0.0064578,1.30519,-0.00501927
7.81,1.28493,-0.00635725,1.30685,-0.00487044
7.82,1.28684,-0.00614234,1.30865,-0.00455358
7.83,1.28897,-0.00582409,1.31095,-0.00405679
7.84,1.29139,-0.00541116,1.31361,-0.00352168
7.85,1.29409,-0.004933,1.31626,-0.00303657
7.86,1.29702,-0.0044228,1.31913,-0.00251574
7.87,1.30005,-0.00389133,1.32212,-0.00197224
7.88,1.30309,-0.00333907,1.32511,-0.00141277
7.89,1.30606,-0.00276984,1.32807,-0.000846201
7.9,1.30897,-0.00218044,1.33099,-0.000277946
7.91,1.31186,-0.00156736,1.33392,0.00030481
7.92,1.31471,-0.000950233,1.33685,0.000878778
7.93,1.31749,-0.00034153,1.33971,0.00142041
7.94,1.32016,0.000272419,1.34244,0.00193636
7.95,1.32268,0.000913489,1.345,0.00244991
7.96,1.32506,0.00159301,1.34739,0.00299511
7.97,1.32731,0.00230562,1.34962,0.0035642
7.98,1.32937,0.00293355,1.3516,0.00406807
7.99,1.33127,0.00329889,1.35333,0.00434929
8,1.33318,0.00338008,1.35504,0.00437318
8.01,1.33504,0.00327753,1.35669,0.00421055
8.02,1.33695,0.00305722,1.35849,0.00392901
8.03,1.33908,0.00273293,1.36083,0.0035344
8.04,1.34151,0.00231547,1.36347,0.00307146
8.05,1.34422,0.00183521,1.36613,0.00257558
8.06,1.34715,0.00132446,1.369,0.00205521
8.07,1.35019,0.000793488,1.372,0.00153309
8.08,1.35323,0.000241253,1.375,0.00101366
8.09,1.35621,-0.000329385,1.37796,0.000499277
8.1,1.35913,-0.000921629,1.38089,-1.57334e-05
8.11,1.36202,-0.00153669,1.38383,-0.000544605
8.12,1.36488,-0.00215314,1.38676,-0.00107181
8.13,1.36766,-0.00275917,1.38962,-0.00159386
8.14,1.37032,-0.00336624,1.39234,-0.00211915
8.15,1.37284,-0.00399541,1.39489,-0.00267021
8.16,1.37523,-0.0046594,1.39728,-0.00325473
8.17,1.37751,-0.00535384,1.39952,-0.0038727
8.18,1.3796,-0.0059712,1.40153,-0.00443079
8.19,1.38153,-0.00633261,1.4033,-0.00476002
8.2,1.38346,-0.00641144,1.40503,-0.00480523
8.21,1.38533,-0.0063112,1.40669,-0.00463735
8.22,1.38724,-0.00609553,1.40848,-0.00429772
8.23,1.38937,-0.00577586,1.41078,-0.00377904
8.24,1.3918,-0.00536095,1.41346,-0.00322926
8.25,1.39451,-0.00488046,1.41611,-0.00273211
8.26,1.39744,-0.00436789,1.41898,-0.00220181
8.27,1.40047,-0.00383445,1.42196,-0.00165318
8.28,1.40351,-0.00328046,1.42495,-0.00109352
8.29,1.40648,-0.00270959,1.42789,-0.000531102
8.3,1.4094,-0.0021185,1.4308,3.60972e-05
8.31,1.41229,-0.00150384,1.43373,0.000617642
8.32,1.41515,-0.000885442,1.43665,0.00118893
8.33,1.41793,-0.000275787,1.43952,0.00173037
8.34,1.42059,0.000338763,1.44225,0.00224906
8.35,1.42311,0.000980125,1.44481,0.00276786
8.36,1.42549,0.00165966,1.4472,0.00331013
8.37,1.42775,0.00237217,1.44943,0.00387934
8.38,1.42982,0.0030009,1.45142,0.0043856
8.39,1.43172,0.00336757,1.45318,0.00467432
8.4,1.43363,0.00345028,1.4549,0.00470643
8.41,1.43549,0.00334966,1.45658,0.00454988
8.42,1.4374,0.00313163,1.4584,0.00427749
8.43,1.43953,0.00280983,1.46076,0.00389421
8.44,1.44196,0.00239498,1.46347,0.00342359
8.45,1.44467,0.00191737,1.46612,0.00291977
8.46,1.4476,0.00140927,1.469,0.00239341
8.47,1.45064,0.00088088,1.47199,0.00186614
8.48,1.45368,0.000331215,1.47499,0.00134366
8.49,1.45665,-0.000236839,1.47794,0.000824685
8.5,1.45957,-0.000826494,1.48086,0.000303382
8.51,1.46247,-0.00143904,1.48379,-0.000227593
8.52,1.46532,-0.00205312,1.48672,-0.00075417
8.53,1.4681,-0.00265688,1.48957,-0.00127459
8.54,1.47077,-0.00326176,1.4923,-0.00179085
8.55,1.47329,-0.00388876,1.49486,-0.00232855
8.56,1.47568,-0.00455058,1.49726,-0.0029014
8.57,1.47795,-0.00524289,1.4995,-0.00351097
8.58,1.48005,-0.0058586,1.50151,-0.00405857
8.59,1.48198,-0.0062188,1.50328,-0.00437238
8.6,1.48391,-0.00629679,1.50501,-0.0044088
8.61,1.48582,-0.00619428,1.50671,-0.00423423
8.62,1.48777,-0.00597586,1.50853,-0.00389137
8.63,1.48992,-0.00565314,1.51083,-0.00337334
8.64,1.49237,-0.00523504,1.51343,-0.00284974
8.65,1.4951,-0.00475085,1.5161,-0.00235645
8.66,1.49805,-0.00423442,1.51899,-0.00182869
8.67,1.50111,-0.0036974,1.52199,-0.00128065
8.68,1.50417,-0.00314049,1.52501,-0.000718709
8.69,1.50716,-0.00256739,1.52798,-0.000151415
8.7,1.5101,-0.00197491,1.53091,0.0004251
8.71,1.51301,-0.00136032,1.53386,0.00101613
8.72,1.51589,-0.000743854,1.53681,0.00159365
8.73,1.51868,-0.000137423,1.53969,0.00213644
8.74,1.52136,0.000472684,1.54244,0.00265549
8.75,1.52389,0.00110821,1.54502,0.00317447
8.76,1.52629,0.00178032,1.54743,0.00371578
8.77,1.52856,0.00248472,1.54969,0.00428311
8.78,1.53064,0.00310881,1.5517,0.00478521
8.79,1.53255,0.00347306,1.55348,0.00506956
8.8,1.53448,0.0035541,1.55523,0.00509796
8.81,1.53634,0.00345299,1.55692,0.0049405
8.82,1.53825,0.00323529,1.55873,0.0046592
8.83,1.54038,0.00291432,1.56108,0.00427022
8.84,1.5428,0.00250074,1.56378,0.00380326
8.85,1.54552,0.00202454,1.56643,0.00331653
8.86,1.54845,0.00151769,1.56931,0.00280537
8.87,1.55148,0.000990106,1.5723,0.00228734
8.88,1.55452,0.000440985,1.5753,0.00176503
8.89,1.55749,-0.000126589,1.57826,0.00124446
8.9,1.56041,-0.000715702,1.58118,0.000722776
8.91,1.5633,-0.00132778,1.58411,0.000189956
8.92,1.56616,-0.00194164,1.58703,-0.000341947
8.93,1.56894,-0.00254543,1.58989,-0.000870872
8.94,1.5716,-0.00315064,1.59261,-0.00140257
8.95,1.57412,-0.00377825,1.59517,-0.00195471
8.96,1.57651,-0.00444086,1.59757,-0.00254021
8.97,1.57878,-0.00513404,1.5998,-0.00315495
8.98,1.58088,-0.00574993,1.60181,-0.00371239
8.99,1.5828,-0.00610986,1.60358,-0.0040459
9,1.58473,-0.00618743,1.6053,-0.00409538
9.01,1.5866,-0.00608601,1.60697,-0.00393604
9.02,1.58851,-0.00586911,1.60875,-0.00360414
9.03,1.59064,-0.00554833,1.61107,-0.00309965
9.04,1.59306,-0.00513246,1.61367,-0.00258988
9.05,1.59578,-0.00465117,1.61631,-0.0021097
9.06,1.5987,-0.00413798,1.61918,-0.00159747
9.07,1.60174,-0.00360399,1.62216,-0.00106519
9.08,1.60478,-0.00304944,1.62516,-0.000518925
9.09,1.60775,-0.00247794,1.6281,3.28139e-05
9.1,1.61067,-0.00188618,1.63102,0.000594413
9.11,1.61356,-0.00127086,1.63396,0.00117126
9.12,1.61641,-0.000651795,1.63689,0.00174066
9.13,1.6192,-4.1496e-05,1.63976,0.0022805
9.14,1.62186,0.000573708,1.64249,0.00280233
9.15,1.62438,0.00121576,1.64505,0.0033295
9.16,1.62676,0.00189606,1.64744,0.00388678
9.17,1.62902,0.00260933,1.64967,0.0044735
9.18,1.63109,0.00323846,1.65166,0.00500068
9.19,1.63299,0.00360522,1.65342,0.00530424
9.2,1.6349,0.0036877,1.65514,0.00535313
9.21,1.63676,0.00358645,1.65682,0.00521174
9.22,1.63867,0.00336752,1.65864,0.00494611
9.23,1.6408,0.00304455,1.66101,0.00455971
9.24,1.64323,0.00262825,1.66373,0.00408697
9.25,1.64594,0.00214899,1.66638,0.00358334
9.26,1.64887,0.00163906,1.66924,0.00305791
9.27,1.65191,0.0011088,1.67222,0.00252762
9.28,1.65495,0.000557268,1.67522,0.00199721
9.29,1.65793,-1.26211e-05,1.67816,0.00146825
9.3,1.66085,-0.000604071,1.68107,0.000937487
9.31,1.66374,-0.00121832,1.684,0.000398037
9.32,1.6666,-0.00183395,1.68692,-0.000137721
9.33,1.66938,-0.00243914,1.68977,-0.000666085
9.34,1.67204,-0.00304534,1.6925,-0.00119003
9.35,1.67456,-0.00367357,1.69506,-0.00173244
9.36,1.67695,-0.00433652,1.69747,-0.00230504
9.37,1.67923,-0.00502988,1.69971,-0.00291093
9.38,1.68132,-0.00564667,1.70174,-0.00345825
9.39,1.68325,-0.00600801,1.70353,-0.00377688
9.4,1.68518,-0.0060872,1.70528,-0.00381757
9.41,1.68705,-0.0059878,1.70696,-0.00365065
9.42,1.68896,-0.00577329,1.70877,-0.00331238
9.43,1.69109,-0.00545509,1.71109,-0.00280548
9.44,1.69352,-0.00504194,1.71378,-0.00226962
9.45,1.69623,-0.00456346,1.71641,-0.00178648
9.46,1.69916,-0.00405311,1.71926,-0.00126869
9.47,1.70219,-0.00352191,1.72224,-0.000732743
9.48,1.70523,-0.00297014,1.72522,-0.000181245
9.49,1.7082,-0.00240145,1.72816,0.000378168
9.5,1.71111,-0.00181248,1.73107,0.000948075
9.51,1.71401,-0.00119988,1.73399,0.00153055
9.52,1.71686,-0.000583424,1.73691,0.00210413
9.53,1.71964,2.43849e-05,1.73977,0.00264967
9.54,1.72231,0.000637183,1.74251,0.00317044
9.55,1.72483,0.00127687,1.74507,0.00369662
9.56,1.72721,0.00195481,1.74747,0.00425031
9.57,1.72947,0.00266579,1.74971,0.00483218
9.58,1.73153,0.00329314,1.75171,0.00534778
9.59,1.73343,0.00365855,1.75347,0.00564151
9.6,1.73534,0.00374004,1.7552,0.00567586
9.61,1.73725,0.00363694,1.75692,0.00551853
9.62,1.73919,0.0034156,1.75876,0.00523193
9.63,1.74135,0.00308983,1.76111,0.00482232
9.64,1.74379,0.00267054,1.76374,0.00435237
9.65,1.74653,0.0021877,1.7664,0.00386069
9.66,1.74948,0.001674,1.76928,0.00334279
9.67,1.75254,0.00114026,1.77227,0.00282229
9.68,1.7556,0.000585936,1.77528,0.00229722
9.69,1.7586,1.39537e-05,1.77824,0.0017762
9.7,1.76154,-0.000578691,1.78117,0.00125535
9.71,1.76446,-0.00119268,1.78411,0.000725697
9.72,1.76733,-0.00180609,1.78704,0.0001956
9.73,1.77012,-0.00240773,1.78991,-0.000326129
9.74,1.7728,-0.00300912,1.79265,-0.000846432
9.75,1.77534,-0.00363122,1.79522,-0.00138543
9.76,1.77774,-0.00428659,1.79764,-0.00195941
9.77,1.78003,-0.0049714,1.7999,-0.00256075
9.78,1.78214,-0.00558257,1.80196,-0.00310919
9.79,1.78408,-0.00594064,1.80377,-0.00343342
9.8,1.78602,-0.00601764,1.80554,-0.00348375
9.81,1.78789,-0.00591767,1.80724,-0.00332781
9.82,1.7898,-0.00570339,1.80906,-0.00301245
9.83,1.79193,-0.00538586,1.81138,-0.00252771
9.84,1.79435,-0.00497374,1.81405,-0.00199798
9.85,1.79706,-0.00449647,1.81667,-0.00150742
9.86,1.79998,-0.00398721,1.81951,-0.000984389
9.87,1.80302,-0.00345669,1.82246,-0.000442646
9.88,1.80605,-0.00290535,1.82543,0.000110737
9.89,1.80902,-0.00233702,1.82836,0.00067264
9.9,1.81193,-0.00174849,1.83126,0.00124065
9.91,1.81482,-0.00113629,1.83417,0.00182474
9.92,1.81768,-0.000520064,1.83709,0.00239985
9.93,1.82046,8.77483e-05,1.83995,0.00294512
9.94,1.82312,0.000700832,1.84269,0.00346882
9.95,1.82564,0.00134105,1.84526,0.00399328
9.96,1.82802,0.00201973,1.84767,0.00454397
9.97,1.83028,0.00273152,1.84991,0.00511995
9.98,1.83234,0.00335887,1.85192,0.00563483
9.99,1.83423,0.00372381,1.8537,0.00592596
10,1.83614,0.00380466,1.85545,0.00595792
10.01,1.838,0.00370187,1.85714,0.00579848
10.02,1.83991,0.00348148,1.85898,0.00551349
10.03,1.84204,0.0031573,1.86137,0.00509941
10.04,1.84447,0.00274042,1.86401,0.00462643
10.05,1.84719,0.00226159,1.86665,0.0041342
10.06,1.85012,0.0017529,1.86952,0.00361916
10.07,1.85317,0.00122421,1.87249,0.00309931
10.08,1.85621,0.000674384,1.87548,0.00257501
10.09,1.85919,0.000106725,1.87843,0.00205486
10.1,1.86211,-0.000482011,1.88134,0.00153436
10.11,1.86502,-0.00109261,1.88426,0.00100315
10.12,1.86788,-0.00170311,1.88718,0.000478051
10.13,1.87066,-0.00230218,1.89002,-3.43071e-05
10.14,1.87332,-0.00290331,1.89274,-0.000549368
10.15,1.87584,-0.00352819,1.89529,-0.0010873
10.16,1.87823,-0.00418791,1.89768,-0.00165895
10.17,1.88049,-0.00487665,1.89992,-0.002261
10.18,1.88257,-0.00548704,1.90195,-0.0028034
10.19,1.88449,-0.00584051,1.90373,-0.00312239
10.2,1.8864,-0.00591054,1.90546,-0.00316579
10.21,1.88825,-0.00579958,1.90713,-0.00300581
10.22,1.89015,-0.00557201,1.90893,-0.00268642
10.23,1.89227,-0.00524178,1.91123,-0.00220274
10.24,1.89468,-0.00481943,1.91387,-0.00168022
10.25,1.89738,-0.00433341,1.91649,-0.00118592
10.26,1.90029,-0.00381379,1.91932,-0.000657826
10.27,1.90331,-0.00327042,1.92227,-0.000107962
10.28,1.90634,-0.00270437,1.92523,0.000460478
10.29,1.9093,-0.00211987,1.92814,0.00103907
10.3,1.9122,-0.00151399,1.93102,0.00162261
10.31,1.91508,-0.00088392,1.9339,0.00222365
10.32,1.91791,-0.000251623,1.93677,0.0028159
10.33,1.92067,0.000366462,1.93958,0.0033761
10.34,1.9233,0.000983577,1.94225,0.00390694
10.35,1.92577,0.00162184,1.94475,0.0044398
10.36,1.92811,0.00229656,1.94709,0.00500004
10.37,1.93031,0.00299982,1.94926,0.00558315
10.38,1.93231,0.00361293,1.95119,0.00609837
10.39,1.93415,0.00396762,1.95289,0.00639129
10.4,1.93601,0.00404058,1.95458,0.00643029
10.41,1.93782,0.00392997,1.95623,0.00627449
10.42,1.93969,0.00369894,1.95804,0.00597761
10.43,1.94178,0.00336469,1.96044,0.00555009
10.44,1.94416,0.00294173,1.96315,0.00506042
10.45,1.94683,0.00245984,1.96575,0.00456215
10.46,1.94972,0.00194906,1.96856,0.00404213
10.47,1.95271,0.00141819,1.9715,0.00351924
10.48,1.9557,0.000867133,1.97444,0.00299606
10.49,1.95864,0.000297231,1.97735,0.0024727
10.5,1.96152,-0.000297731,1.98021,0.00194539
10.51,1.96438,-0.000912518,1.98309,0.00141361
10.52,1.9672,-0.00152195,1.98595,0.000896811
10.53,1.96993,-0.00211895,1.98874,0.000397504
10.54,1.97254,-0.00272113,1.9914,-9.79771e-05
10.55,1.975,-0.00334955,1.99389,-0.000614729
10.56,1.97733,-0.0040087,1.99623,-0.00115677
10.57,1.97954,-0.00469144,1.99842,-0.00172981
10.58,1.98161,-0.00531239,2.00041,-0.00225926
10.59,1.98349,-0.00568831,2.00217,-0.00258516
10.6,1.98536,-0.00577739,2.00386,-0.00263375
10.61,1.98719,-0.00568541,2.00553,-0.00248449
10.62,1.98906,-0.00548285,2.00725,-0.00219221
10.63,1.99111,-0.0051818,2.00941,-0.00173675
10.64,1.99345,-0.0047899,2.01185,-0.00124191
10.65,1.99607,-0.00433126,2.01439,-0.000758969
10.66,1.99891,-0.00383687,2.01716,-0.000240878
10.67,2.00186,-0.00331461,2.02005,0.000305527
10.68,2.00481,-0.00276673,2.02294,0.000866977
10.69,2.00771,-0.00220304,2.0258,0.00143607
10.7,2.01054,-0.00162314,2.02861,0.00200396
10.71,2.01334,-0.0010271,2.03141,0.00258318
10.72,2.01609,-0.000434302,2.03419,0.00315137
10.73,2.01875,0.000144271,2.03688,0.00368111
10.74,2.02128,0.000720102,2.03943,0.00418627
10.75,2.02364,0.00131418,2.0418,0.00468189
10.76,2.02586,0.00194046,2.04399,0.00519678
10.77,2.02793,0.00258978,2.04602,0.00572306
10.78,2.02979,0.00314124,2.0478,0.00616003
10.79,2.03153,0.00344178,2.04939,0.0063753
10.8,2.03329,0.0034713,2.05099,0.00632948
10.81,2.03502,0.00332304,2.05256,0.00608741
10.82,2.03681,0.00305352,2.05434,0.00573321
10.83,2.03883,0.00269013,2.05676,0.00534794
10.84,2.04114,0.00225341,2.05948,0.00494453
10.85,2.04374,0.00177215,2.06201,0.00446366
10.86,2.04655,0.00127234,2.06475,0.00396554
10.87,2.04948,0.000757145,2.06761,0.0034609
10.88,2.0524,0.000220647,2.07049,0.00294757
10.89,2.05527,-0.000335904,2.07333,0.0024399
10.9,2.05809,-0.000919844,2.07614,0.00192977
10.91,2.06089,-0.00151996,2.07895,0.00142766
10.92,2.06364,-0.00211391,2.08175,0.000946677
10.93,2.06631,-0.00269988,2.08448,0.000482456
10.94,2.06884,-0.0032957,2.08706,7.10648e-06
10.95,2.07124,-0.00392164,2.08949,-0.000496215
10.96,2.0735,-0.00457688,2.09176,-0.00103354
10.97,2.07566,-0.00525168,2.09389,-0.00160528
10.98,2.07767,-0.00587284,2.09584,-0.00214878
10.99,2.07949,-0.00625407,2.09754,-0.00251825
11,2.08127,-0.00633572,2.09917,-0.00261587
11.01,2.08298,-0.00623215,2.1007,-0.00250727
11.02,2.0847,-0.00601557,2.1023,-0.00222843
11.03,2.08661,-0.00569276,2.10433,-0.00168281
11.04,2.08879,-0.00526418,2.10664,-0.00106544
11.05,2.09124,-0.00475314,2.10902,-0.00052577
11.06,2.09391,-0.00419512,2.11161,5.47953e-05
11.07,2.09669,-0.0036041,2.11433,0.000659629
11.08,2.09948,-0.00298327,2.11707,0.00128184
11.09,2.10222,-0.00234853,2.11976,0.0019078
11.1,2.10489,-0.00170125,2.12242,0.00253883
11.11,2.10754,-0.00104077,2.12508,0.00318871
11.12,2.11013,-0.000388559,2.12771,0.00383129
11.13,2.11264,0.000248703,2.13025,0.00444549
11.14,2.11501,0.000878846,2.13265,0.00501551
11.15,2.11721,0.00152014,2.13487,0.00556706
11.16,2.11926,0.00218886,2.13691,0.00612376
11.17,2.12115,0.00287162,2.13876,0.00667992
11.18,2.12283,0.00343229,2.14035,0.00710799
11.19,2.12442,0.00373913,2.14179,0.0072918
11.2,2.12609,0.0037862,2.14329,0.00720848
11.21,2.12774,0.00365883,2.14482,0.00693694
11.22,2.12948,0.0034119,2.14663,0.00662973
11.23,2.13146,0.00308734,2.14917,0.00649499
11.24,2.13373,0.00271348,2.15197,0.00638653
11.25,2.13629,0.00231778,2.15448,0.00600774
11.26,2.13906,0.00192146,2.15721,0.00562117
11.27,2.14195,0.0015197,2.16005,0.00523417
11.28,2.14483,0.00109611,2.16291,0.00484137
11.29,2.14766,0.000647716,2.16572,0.00444709
11.3,2.15045,0.00017517,2.16852,0.00406155
11.31,2.15321,-0.0003106,2.17132,0.00369406
11.32,2.15593,-0.00079372,2.17409,0.00334708
11.33,2.15855,-0.00127486,2.17679,0.00300662
11.34,2.16105,-0.00177188,2.17933,0.00264156
11.35,2.1634,-0.00230356,2.18171,0.00222716
11.36,2.16562,-0.00286824,2.18393,0.00176157
11.37,2.16773,-0.00345384,2.186,0.00124844
11.38,2.16971,-0.00399716,2.18788,0.000732439
11.39,2.17147,-0.00431438,2.1895,0.000367717
11.4,2.17317,-0.00432524,2.19102,0.000276284
11.41,2.17477,-0.00414767,2.19244,0.000388673
11.42,2.17637,-0.00385405,2.19391,0.000698976
11.43,2.17814,-0.00344134,2.19577,0.00135446
11.44,2.18016,-0.00290126,2.19795,0.00219295
11.45,2.18244,-0.00225491,2.20017,0.00288636
11.46,2.18493,-0.00154218,2.2026,0.00363285
11.47,2.18754,-0.000785685,2.20515,0.00441047
11.48,2.19015,4.30457e-06,2.20772,0.00520824
11.49,2.19271,0.000804938,2.21025,0.00600594
11.5,2.19521,0.00161319,2.21274,0.00679933
11.51,2.19769,0.00242917,2.21523,0.00760253
11.52,2.20011,0.00322837,2.21769,0.00839411
11.53,2.20244,0.00400596,2.22006,0.00915495
11.54,2.20464,0.00476815,2.22228,0.00987893
11.55,2.20668,0.00552676,2.22433,0.010573
11.56,2.20855,0.00629719,2.2262,0.0112553
11.57,2.21024,0.00706341,2.22787,0.0119215
11.58,2.21175,0.00768037,2.22931,0.0124247
11.59,2.21321,0.00804119,2.23066,0.0126667
11.6,2.21479,0.00815535,2.2321,0.0126475
11.61,2.21643,0.00811213,2.23366,0.0124607
11.62,2.21816,0.00795483,2.23553,0.0122512
11.63,2.22014,0.00774114,2.23815,0.0122798
11.64,2.22241,0.00750924,2.24085,0.0122893
11.65,2.22496,0.00728632,2.24336,0.012088
11.66,2.22772,0.00708724,2.24609,0.0119076
11.67,2.2306,0.00689727,2.24892,0.0117428
11.68,2.23347,0.00668648,2.25176,0.0115715
11.69,2.2363,0.00644584,2.25457,0.0114011
11.7,2.23908,0.00617886,2.25736,0.0112371
11.71,2.24184,0.00590022,2.26015,0.0110987
11.72,2.24455,0.00562289,2.26292,0.0109812
11.73,2.24716,0.00534211,2.26561,0.0108633
11.74,2.24963,0.00503797,2.26814,0.0107136
11.75,2.25196,0.00469294,2.27051,0.0105091
11.76,2.25417,0.00430903,2.27271,0.0102446
11.77,2.25626,0.00390056,2.27476,0.00993093
11.78,2.25822,0.00351898,2.27663,0.00959541
11.79,2.25993,0.00333703,2.27822,0.00938964
11.8,2.26154,0.00345801,2.27968,0.00944178
11.81,2.26303,0.00376329,2.281,0.00968655
11.82,2.26449,0.00418382,2.28234,0.0101098
11.83,2.26609,0.00473864,2.28401,0.0108663
11.84,2.26792,0.00544675,2.28597,0.0118336
11.85,2.26999,0.00629058,2.28799,0.0127258
11.86,2.27226,0.00722581,2.29022,0.0137005
11.87,2.27463,0.00822227,2.29255,0.0147262
11.88,2.27702,0.00925526,2.2949,0.01577
11.89,2.27936,0.0102939,2.29721,0.0168021
11.9,2.28165,0.0113341,2.29949,0.0178225
11.91,2.28391,0.0123752,2.30176,0.0188398
11.92,2.28612,0.0133894,2.304,0.0198413
11.93,2.28824,0.0143695,2.30616,0.0207977
11.94,2.29023,0.0153223,2.30817,0.0217159
11.95,2.29206,0.0162578,2.31002,0.02259
11.96,2.29372,0.0171856,2.31167,0.0234431
11.97,2.2952,0.0180767,2.31313,0.024248
11.98,2.29651,0.0187825,2.31437,0.0248689
11.99,2.29784,0.0192299,2.31558,0.0252257
12,2.29933,0.019449,2.31695,0.0253436
12.01,2.30087,0.0194999,2.31845,0.0252889
12.02,2.30254,0.0194512,2.32037,0.0252315
12.03,2.30447,0.0193834,2.32313,0.0254617
12.04,2.30669,0.0193425,2.32587,0.0256887
12.05,2.30918,0.0193519,2.32834,0.0257107
12.06,2.31187,0.0194153,2.33102,0.0257879
12.07,2.31466,0.0195043,2.33379,0.0258997
12.08,2.31747,0.0195731,2.33658,0.0260117
12.09,2.32022,0.0196053,2.33933,0.0261103
12.1,2.32294,0.0196058,2.34205,0.0262165
12.11,2.32563,0.0195921,2.34477,0.0263404
12.12,2.32828,0.0195729,2.34746,0.0264784
12.13,2.33082,0.0195379,2.35005,0.0266063
12.14,2.33324,0.0194645,2.3525,0.026692
12.15,2.33552,0.019336,2.3548,0.0267162
12.16,2.33767,0.0191564,2.35693,0.0266717
12.17,2.33973,0.0189432,2.35892,0.0265708
12.18,2.34164,0.0187414,2.36074,0.0264431
12.19,2.34328,0.0187106,2.36227,0.0264225
12.2,2.34478,0.0189765,2.36362,0.0266484
12.21,2.34613,0.0194191,2.3648,0.0270561
12.22,2.34743,0.0199731,2.36597,0.0276542
12.23,2.34885,0.0206791,2.36745,0.0286199
12.24,2.35047,0.0215673,2.3692,0.029814
12.25,2.3523,0.0226246,2.37099,0.0309329
12.26,2.35432,0.0238049,2.37296,0.0321684
12.27,2.35643,0.0250643,2.37503,0.0334728
12.28,2.35855,0.0263606,2.37712,0.0348012
12.29,2.36063,0.0276553,2.37919,0.0361077
12.3,2.36267,0.0289445,2.38122,0.0373916
12.31,2.36468,0.0302297,2.38326,0.038673
12.32,2.36665,0.0314825,2.38528,0.0399254
12.33,2.36855,0.0326907,2.38723,0.0411338
12.34,2.37031,0.0338601,2.38904,0.0422856
12.35,2.37192,0.0350012,2.39069,0.0433863
12.36,2.37337,0.036119,2.39216,0.0444456
12.37,2.37463,0.0371661,2.39343,0.0454203
12.38,2.37577,0.0379982,2.39451,0.0461686
12.39,2.37698,0.0385826,2.39562,0.0466633
12.4,2.3784,0.0389729,2.39694,0.0469391
12.41,2.37991,0.0392093,2.39842,0.0470586
12.42,2.38157,0.0393697,2.40035,0.0472229
12.43,2.38349,0.0395517,2.40312,0.0477437
12.44,2.38569,0.0398056,2.40603,0.048392
12.45,2.38816,0.0401513,2.40849,0.0487698
12.46,2.3908,0.0405821,2.41114,0.0492312
12.47,2.39355,0.041056,2.41388,0.0497412
12.48,2.3963,0.041512,2.41663,0.0502479
12.49,2.39901,0.0419248,2.41934,0.0507332
12.5,2.40169,0.0423011,2.42202,0.0512168
12.51,2.40435,0.0426609,2.4247,0.0517158
12.52,2.40695,0.0430077,2.42733,0.0522182
12.53,2.40946,0.0433246,2.42988,0.0526993
12.54,2.41185,0.0435842,2.43229,0.0531143
12.55,2.41411,0.043769,2.43454,0.0534413
12.56,2.41626,0.0438849,2.43664,0.0536857
12.57,2.41831,0.0439528,2.43862,0.0538643
12.58,2.42021,0.0440113,2.44041,0.053991
12.59,2.42181,0.0442041,2.44189,0.0541782
12.6,2.42322,0.0446758,2.44315,0.0546014
12.61,2.42448,0.0453405,2.44425,0.0552222
12.62,2.42568,0.0461118,2.44531,0.0560164
12.63,2.42697,0.0470526,2.4466,0.0571955
12.64,2.42842,0.0482032,2.44811,0.058584
12.65,2.43005,0.0495547,2.4497,0.0599949
12.66,2.43184,0.0510567,2.45145,0.0615441
12.67,2.43371,0.0526524,2.45329,0.0631785
12.68,2.43559,0.0542853,2.45514,0.0648341
12.69,2.43743,0.0559091,2.45696,0.0664641
12.7,2.43923,0.0575196,2.45875,0.0680656
12.71,2.44101,0.0591186,2.46056,0.0696632
12.72,2.44275,0.0606762,2.46235,0.0712293
12.73,2.44442,0.0621749,2.46408,0.0727303
12.74,2.44597,0.0636139,2.46568,0.0741576
12.75,2.44737,0.0649996,2.46712,0.0755052
12.76,2.44861,0.0663359,2.46839,0.0767802
12.77,2.44968,0.0675727,2.46947,0.0779401
12.78,2.45067,0.0685766,2.47041,0.0788481
12.79,2.45177,0.0693482,2.47141,0.0795131
12.8,2.45311,0.0699614,2.47265,0.0799997
12.81,2.45456,0.0704358,2.47407,0.0803539
12.82,2.45617,0.0708596,2.47594,0.0807959
12.83,2.45803,0.0713459,2.47859,0.0816797
12.84,2.46017,0.0719491,2.48137,0.0827315
12.85,2.46254,0.0726839,2.48375,0.0835107
12.86,2.46508,0.0735323,2.48629,0.0844009
12.87,2.46771,0.0744389,2.48891,0.0853519
12.88,2.47036,0.0753293,2.49155,0.086302
12.89,2.47297,0.0761703,2.49416,0.0872254
12.9,2.47555,0.0769699,2.49674,0.0881323
12.91,2.47811,0.0777497,2.49931,0.0890501
12.92,2.48062,0.0785079,2.50184,0.0899662
12.93,2.48304,0.0792211,2.50428,0.0908458
12.94,2.48536,0.0798578,2.50659,0.0916402
12.95,2.48756,0.0804002,2.50876,0.0923244
12.96,2.48966,0.0808557,2.5108,0.0929008
12.97,2.49167,0.0812488,2.51271,0.0933879
12.98,2.49353,0.0816083,2.51446,0.0937965
12.99,2.49508,0.082053,2.51587,0.0942167
13,2.49639,0.0827431,2.51702,0.0948325
13.01,2.49751,0.0835644,2.51796,0.0955801
13.02,2.49855,0.0844841,2.51885,0.0965065
13.03,2.49965,0.0855918,2.51993,0.0978697
13.04,2.50089,0.0869369,2.5212,0.0994755
13.05,2.50227,0.0885108,2.52254,0.101106
13.06,2.50377,0.0902585,2.52401,0.102903
13.07,2.50535,0.0921126,2.52555,0.104794
13.08,2.50693,0.0940047,2.5271,0.106711
13.09,2.50847,0.0958826,2.52862,0.108595
13.1,2.50997,0.0977431,2.53013,0.110448
13.11,2.51146,0.0995908,2.53164,0.11229
13.12,2.51291,0.101396,2.53314,0.114094
13.13,2.51431,0.103133,2.53458,0.115834
13.14,2.51559,0.104795,2.53592,0.117485
13.15,2.51673,0.106381,2.5371,0.119039
13.16,2.51773,0.107895,2.53812,0.120498
13.17,2.51858,0.109283,2.53897,0.121808
13.18,2.51938,0.110427,2.53972,0.122857
13.19,2.52033,0.111362,2.54057,0.123678
13.2,2.52155,0.112182,2.54169,0.124367
13.21,2.5229,0.112884,2.54301,0.12495
13.22,2.52442,0.113565,2.54478,0.125683
13.23,2.52618,0.114351,2.54728,0.126967
13.24,2.5282,0.115295,2.54975,0.128332
13.25,2.53042,0.116407,2.55197,0.129499
13.26,2.5328,0.117659,2.55433,0.130802
13.27,2.53525,0.118981,2.55676,0.13218
13.28,2.53771,0.12029,2.5592,0.133555
13.29,2.54015,0.121544,2.56162,0.134896
13.3,2.54257,0.122753,2.56401,0.136222
13.31,2.54497,0.123939,2.56639,0.137551
13.32,2.54733,0.125096,2.56874,0.138867
13.33,2.5496,0.126193,2.571,0.140126
13.34,2.55178,0.127198,2.57315,0.141284
13.35,2.55386,0.128091,2.57518,0.142312
13.36,2.55585,0.128883,2.57709,0.143209
13.37,2.55777,0.1296,2.5789,0.144002
13.38,2.55955,0.130259,2.58056,0.144702
13.39,2.56101,0.130951,2.58189,0.145351
13.4,2.56219,0.131846,2.58294,0.146145
13.41,2.56316,0.132837,2.58376,0.147041
13.42,2.56403,0.133912,2.5845,0.148101
13.43,2.56495,0.135182,2.58537,0.149615
13.44,2.56595,0.136706,2.58639,0.151475
13.45,2.56705,0.13848,2.58745,0.15332
13.46,2.56826,0.140446,2.58861,0.155348
13.47,2.56952,0.142528,2.58982,0.157482
13.48,2.57077,0.144648,2.59103,0.159639
13.49,2.57198,0.146747,2.59222,0.161758
13.5,2.57317,0.148824,2.5934,0.16384
13.51,2.57433,0.150884,2.59458,0.16591
13.52,2.57547,0.152898,2.59576,0.167941
13.53,2.57657,0.154836,2.59689,0.169893
13.54,2.57757,0.156681,2.59793,0.171739
13.55,2.57844,0.15843,2.59885,0.173464
13.56,2.57918,0.160084,2.59962,0.175061
13.57,2.57979,0.161589,2.60024,0.176484
13.58,2.5804,0.162845,2.60082,0.177629
13.59,2.58119,0.163921,2.60155,0.178566
13.6,2.58226,0.164925,2.60255,0.179404
13.61,2.58347,0.165834,2.60378,0.180175
13.62,2.58486,0.166751,2.60542,0.181151
13.63,2.58647,0.167809,2.60769,0.182781
13.64,2.58831,0.169065,2.60992,0.184509
13.65,2.59032,0.170521,2.61193,0.186022
13.66,2.59246,0.172138,2.61406,0.187692
13.67,2.59467,0.173838,2.61625,0.189447
13.68,2.59689,0.175526,2.61844,0.191201
13.69,2.59909,0.177157,2.62062,0.192914
13.7,2.60128,0.178739,2.62278,0.194609
13.71,2.60346,0.180297,2.62493,0.196304
13.72,2.6056,0.181818,2.62703,0.197974
13.73,2.60767,0.183268,2.62906,0.199576
13.74,2.60965,0.184611,2.63099,0.201058
13.75,2.61156,0.185828,2.63283,0.202394
13.76,2.6134,0.186931,2.63457,0.20358
13.77,2.61518,0.187948,2.63622,0.204649
13.78,2.61683,0.188885,2.63775,0.205596
13.79,2.61816,0.189803,2.63896,0.206443
13.8,2.61918,0.190876,2.63986,0.207385
13.81,2.61998,0.19201,2.64052,0.208392
13.82,2.62067,0.193212,2.64107,0.209548
13.83,2.62136,0.194612,2.64168,0.211181
13.84,2.6221,0.196278,2.6424,0.213169
13.85,2.62291,0.198207,2.64317,0.21514
13.86,2.62378,0.200342,2.644,0.217304
13.87,2.62468,0.2026,2.64487,0.219581
13.88,2.62557,0.204893,2.64573,0.22188
13.89,2.62643,0.207162,2.64658,0.224139
13.9,2.62727,0.209402,2.64741,0.226364
13.91,2.62808,0.211623,2.64825,0.228579
13.92,2.62888,0.213796,2.64908,0.230757
13.93,2.62965,0.215886,2.64988,0.232859
13.94,2.63034,0.217869,2.6506,0.234846
13.95,2.63092,0.219736,2.6512,0.236693
13.96,2.63138,0.221487,2.65168,0.238404
13.97,2.63174,0.223071,2.65205,0.239921
13.98,2.63213,0.22441,2.65241,0.241159
13.99,2.63274,0.225599,2.65295,0.24221
14,2.63363,0.226763,2.65377,0.243217
14.01,2.63468,0.227857,2.65483,0.244188
14.02,2.63591,0.228987,2.65627,0.245438
14.03,2.63733,0.230292,2.65824,0.247441
14.04,2.63893,0.231828,2.66027,0.24966
14.05,2.64069,0.233591,2.66201,0.251461
14.06,2.64254,0.235533,2.66385,0.25344
14.07,2.64444,0.237567,2.66574,0.255514
14.08,2.64636,0.239593,2.66764,0.257592
14.09,2.64827,0.241558,2.66951,0.259629
14.1,2.65017,0.243474,2.67138,0.261648
14.11,2.65207,0.245364,2.67324,0.263668
14.12,2.65393,0.24721,2.67505,0.265661
14.13,2.65574,0.248976,2.67679,0.267574
14.14,2.65749,0.250622,2.67846,0.269356
14.15,2.65917,0.252133,2.68005,0.270977
14.16,2.66081,0.253519,2.68156,0.272434
14.17,2.6624,0.25481,2.68301,0.273761
14.18,2.66388,0.256003,2.68433,0.274943
14.19,2.66504,0.257122,2.68536,0.275979
14.2,2.66588,0.258347,2.68607,0.277067
14.21,2.66648,0.25964,2.68652,0.278224
14.22,2.66697,0.260977,2.68685,0.279491
14.23,2.66743,0.262504,2.68716,0.281207
14.24,2.66789,0.264294,2.68754,0.283225
14.25,2.66837,0.266354,2.68797,0.285313
14.26,2.66888,0.268628,2.68843,0.287606
14.27,2.66941,0.271029,2.68892,0.290018
14.28,2.66992,0.273463,2.6894,0.292452
14.29,2.67041,0.275866,2.68986,0.29485
14.3,2.67087,0.278237,2.69033,0.297208
14.31,2.67132,0.280581,2.69079,0.299554
14.32,2.67176,0.282872,2.69127,0.301869
14.33,2.67219,0.285073,2.69173,0.304093
14.34,2.67255,0.287154,2.69212,0.306185
14.35,2.67283,0.2891,2.69243,0.308116
14.36,2.67301,0.290913,2.69265,0.309889
14.37,2.67312,0.292545,2.69277,0.311458
14.38,2.6733,0.293939,2.69294,0.312747
14.39,2.67371,0.295218,2.69329,0.313879
14.4,2.6744,0.296514,2.69394,0.315016
14.41,2.67527,0.297813,2.69481,0.316194
14.42,2.6763,0.299164,2.696,0.317653
14.43,2.6775,0.30071,2.69759,0.319887
14.44,2.67884,0.302509,2.69914,0.322215
14.45,2.6803,0.304557,2.70058,0.324294
14.46,2.68182,0.306798,2.70207,0.326564
14.47,2.68337,0.309141,2.70359,0.328936
14.48,2.68495,0.311478,2.70511,0.331315
14.49,2.68652,0.313754,2.70663,0.333652
14.5,2.6881,0.31598,2.70814,0.335967
14.51,2.68967,0.318177,2.70963,0.33828
14.52,2.69121,0.320324,2.71109,0.340564
14.53,2.69271,0.32238,2.71249,0.342761
14.54,2.69416,0.324307,2.71385,0.344813
14.55,2.69558,0.326091,2.71515,0.346694
14.56,2.69696,0.327742,2.71641,0.348407
14.57,2.69832,0.329293,2.71763,0.349982
14.58,2.69957,0.330728,2.71875,0.351398
14.59,2.70053,0.332036,2.7196,0.352613
14.6,2.70115,0.333393,2.72012,0.353831
14.61,2.70154,0.334729,2.72039,0.355017
14.62,2.70181,0.336093,2.72053,0.356304
14.63,2.70201,0.337642,2.72057,0.358054
14.64,2.70218,0.339457,2.72061,0.360096
14.65,2.70232,0.341543,2.72068,0.362199
14.66,2.70246,0.343846,2.72076,0.364509
14.67,2.70259,0.346277,2.72083,0.366938
14.68,2.7027,0.348737,2.72089,0.369387
14.69,2.70278,0.351165,2.72095,0.371792
14.7,2.70285,0.353557,2.72101,0.374157
14.71,2.70291,0.355924,2.72108,0.376516
14.72,2.70297,0.358242,2.72116,0.378847
14.73,2.70303,0.360469,2.72123,0.381088
14.74,2.70304,0.362569,2.72127,0.38319
14.75,2.70299,0.364523,2.72124,0.385128
14.76,2.70286,0.36633,2.72115,0.386895
14.77,2.7027,0.367946,2.72102,0.388446
14.78,2.70264,0.369339,2.72097,0.389727
14.79,2.70283,0.370661,2.72115,0.390897
14.8,2.70331,0.37205,2.72163,0.392115
14.81,2.70396,0.373427,2.72234,0.393374
14.82,2.70476,0.374893,2.72333,0.39502
14.83,2.70569,0.376587,2.72461,0.397546
14.84,2.70672,0.37856,2.72583,0.40029
14.85,2.70782,0.380794,2.72688,0.402538
14.86,2.70895,0.383229,2.72796,0.404981
14.87,2.71011,0.385768,2.72906,0.407533
14.88,2.71128,0.388304,2.73017,0.410095
14.89,2.71246,0.390781,2.73127,0.412614
14.9,2.71365,0.393209,2.73238,0.415113
14.91,2.71485,0.395608,2.73348,0.417611
14.92,2.71602,0.397955,2.73455,0.420072
14.93,2.71717,0.400205,2.73559,0.422438
14.94,2.71829,0.402321,2.7366,0.424653
14.95,2.71941,0.404291,2.73759,0.426704
14.96,2.72051,0.406126,2.73857,0.428583
14.97,2.72161,0.407857,2.73953,0.430325
14.98,2.72262,0.409459,2.74042,0.431896
14.99,2.72336,0.41089,2.74108,0.433235
15,2.72376,0.412319,2.74142,0.434523
15.01,2.72393,0.413695,2.74151,0.435746
15.02,2.72398,0.415082,2.74144,0.437054
15.03,2.72393,0.416647,2.74121,0.438817
15.04,2.7238,0.418466,2.7409,0.440919
15.05,2.72361,0.420549,2.74063,0.443004
15.06,2.72338,0.422845,2.74033,0.445293
15.07,2.72312,0.425264,2.74001,0.447699
15.08,2.72283,0.427708,2.73967,0.450123
15.09,2.72252,0.430116,2.73933,0.452507
15.1,2.72221,0.432486,2.739,0.454857
15.11,2.72189,0.434829,2.73869,0.457195
15.12,2.72158,0.437124,2.73839,0.459507
15.13,2.72127,0.439329,2.73811,0.461736
15.14,2.72095,0.441401,2.73781,0.46382
15.15,2.72059,0.443319,2.73748,0.465736
15.16,2.72017,0.445081,2.73712,0.467473
15.17,2.71975,0.446648,2.73675,0.468991
15.18,2.71947,0.448014,2.73651,0.470261
15.19,2.71945,0.449348,2.73651,0.471448
15.2,2.71969,0.450794,2.7368,0.47274
15.21,2.7201,0.452301,2.73729,0.474144
15.22,2.72064,0.453913,2.738,0.475928
15.23,2.72127,0.455764,2.73885,0.478575
15.24,2.72197,0.457903,2.73959,0.481284
15.25,2.72269,0.460312,2.74026,0.483697
15.26,2.72341,0.462925,2.74093,0.486311
15.27,2.72413,0.465644,2.74159,0.489033
15.28,2.72488,0.468363,2.74226,0.491766
15.29,2.72564,0.471025,2.74293,0.494459
15.3,2.72642,0.473641,2.7436,0.49713
15.31,2.7272,0.476226,2.74427,0.499801
15.32,2.72797,0.478753,2.7449,0.502431
15.33,2.72872,0.481179,2.74553,0.504963
15.34,2.72948,0.483469,2.74615,0.507343
15.35,2.73024,0.485612,2.74677,0.509545
15.36,2.73102,0.48762,2.74741,0.511574
15.37,2.7318,0.489521,2.74806,0.513465
15.38,2.73253,0.491284,2.74867,0.515178
15.39,2.73302,0.492831,2.74909,0.51661
15.4,2.73317,0.494317,2.74921,0.517942
15.41,2.73311,0.495706,2.7491,0.519171
15.42,2.73293,0.497081,2.74882,0.520439
15.43,2.73263,0.498613,2.74831,0.522111
15.44,2.7322,0.500382,2.7477,0.524057
15.45,2.73167,0.502403,2.74709,0.526069
15.46,2.73107,0.504628,2.74641,0.528278
15.47,2.73041,0.50697,2.74569,0.530597
15.48,2.72973,0.509333,2.74496,0.532933
15.49,2.72903,0.511657,2.74423,0.535229
15.5,2.72833,0.513943,2.74353,0.537488
15.51,2.72763,0.516202,2.74283,0.539744
15.52,2.72695,0.518415,2.74216,0.541984
15.53,2.72629,0.520541,2.74151,0.544136
15.54,2.72563,0.522534,2.74088,0.546146
15.55,2.72496,0.524368,2.74024,0.547983
15.56,2.72426,0.526038,2.73959,0.549638
15.57,2.72359,0.527514,2.73897,0.551072
15.58,2.72309,0.528814,2.73852,0.552276
15.59,2.72285,0.530126,2.73833,0.553446
15.6,2.72285,0.531593,2.7384,0.554764
15.61,2.72303,0.533104,2.73868,0.556203
15.62,2.72332,0.534747,2.73911,0.558097
15.63,2.72366,0.536649,2.73953,0.560916
15.64,2.72401,0.538847,2.73982,0.563742
15.65,2.72433,0.541315,2.74009,0.566217
15.66,2.72463,0.543983,2.74032,0.568886
15.67,2.72491,0.546756,2.74053,0.571659
15.68,2.7252,0.549532,2.74076,0.574445
15.69,2.72553,0.552256,2.741,0.577193
15.7,2.72589,0.554937,2.74124,0.579914
15.71,2.72625,0.557592,2.74147,0.582632
15.72,2.72661,0.56019,2.7417,0.585307
15.73,2.72698,0.562688,2.74192,0.587883
15.74,2.72737,0.565053,2.74218,0.590306
15.75,2.72779,0.567276,2.74248,0.592563
15.76,2.72826,0.569369,2.74281,0.594648
15.77,2.72874,0.57136,2.74317,0.596594
15.78,2.72919,0.573202,2.74351,0.598359
15.79,2.72943,0.574794,2.74371,0.599825
15.8,2.72935,0.576276,2.74362,0.601144
15.81,2.72907,0.577633,2.74331,0.602322
15.82,2.72867,0.578962,2.74282,0.603533
15.83,2.72813,0.580429,2.74204,0.60512
15.84,2.72743,0.582111,2.74108,0.607018
15.85,2.72658,0.584023,2.74016,0.608917
15.86,2.72562,0.586123,2.73914,0.610999
15.87,2.7246,0.588331,2.73807,0.613181
15.88,2.72354,0.590553,2.73697,0.615377
15.89,2.72248,0.592736,2.7359,0.617536
15.9,2.72143,0.59488,2.73484,0.619662
15.91,2.72037,0.596997,2.7338,0.621782
15.92,2.71934,0.599072,2.73279,0.623881
15.93,2.71835,0.601063,2.73182,0.625905
15.94,2.71738,0.602924,2.73087,0.627786
15.95,2.71642,0.604624,2.72994,0.629487
15.96,2.71546,0.60616,2.72904,0.631004
15.97,2.71456,0.60751,2.72819,0.632313
15.98,2.71386,0.608714,2.72753,0.633424
15.99,2.71341,0.609971,2.72714,0.634535
16,2.71318,0.611418,2.72697,0.635832
16.01,2.7131,0.612935,2.727,0.637267
16.02,2.71312,0.6146,2.72709,0.639178
16.03,2.71314,0.616527,2.72703,0.642009
16.04,2.71313,0.618749,2.72683,0.645024
16.05,2.71305,0.621233,2.72671,0.647522
16.06,2.71291,0.623911,2.72652,0.65021
16.07,2.71273,0.626688,2.7263,0.652993
16.08,2.71257,0.629471,2.72608,0.655789
16.09,2.71245,0.632208,2.72589,0.658543
16.1,2.71237,0.634908,2.7257,0.661271
16.11,2.71229,0.637584,2.7255,0.663991
16.12,2.71223,0.640205,2.7253,0.666667
16.13,2.71218,0.642728,2.72511,0.669243
16.14,2.71218,0.645125,2.72497,0.671671
16.15,2.71224,0.647388,2.72488,0.673936
16.16,2.71236,0.649528,2.72486,0.676045
16.17,2.71251,0.651571,2.72487,0.678019
16.18,2.71266,0.653462,2.72492,0.679803
16.19,2.71264,0.655071,2.72485,0.681269
16.2,2.71232,0.65652,2.72453,0.682536
16.21,2.71179,0.657847,2.72399,0.683658
16.22,2.71116,0.65912,2.72327,0.684763
16.23,2.71036,0.6605,2.72223,0.686175
16.24,2.70937,0.662061,2.72103,0.687848
16.25,2.70821,0.663826,2.71981,0.689601
16.26,2.70691,0.665761,2.71847,0.691521
16.27,2.70552,0.667792,2.71706,0.693533
16.28,2.7041,0.669833,2.71562,0.695556
16.29,2.70269,0.671835,2.71421,0.697541
16.3,2.70128,0.673798,2.71282,0.699495
16.31,2.69989,0.675734,2.71144,0.701446
16.32,2.69853,0.677631,2.7101,0.703376
16.33,2.69722,0.67945,2.7088,0.705234
16.34,2.69596,0.681144,2.70755,0.706961
16.35,2.69473,0.68268,2.70636,0.708514
16.36,2.69354,0.684056,2.70521,0.709894
16.37,2.69242,0.685255,2.70415,0.711067
16.38,2.69153,0.686341,2.70332,0.712072
16.39,2.69088,0.687517,2.70274,0.713113
16.4,2.69042,0.688912,2.70236,0.714363
16.41,2.6901,0.690399,2.70214,0.715783
16.42,2.68985,0.692044,2.70193,0.717676
16.43,2.68957,0.693947,2.70141,0.720451
16.44,2.6892,0.696134,2.7008,0.723219
16.45,2.68872,0.69857,2.70028,0.725661
16.46,2.68815,0.701188,2.69967,0.728277
16.47,2.68753,0.7039,2.69901,0.730983
16.48,2.68693,0.706621,2.69834,0.733702
16.49,2.68637,0.709302,2.6977,0.736385
16.5,2.68585,0.711953,2.69708,0.739046
16.51,2.68535,0.714583,2.69644,0.7417
16.52,2.68487,0.71716,2.69581,0.744306
16.53,2.68442,0.719645,2.69519,0.746818
16.54,2.68403,0.722012,2.69465,0.749197
16.55,2.68373,0.724257,2.6942,0.751425
16.56,2.6835,0.72639,2.69384,0.753511
16.57,2.68333,0.728433,2.69354,0.755474
16.58,2.68317,0.730323,2.6933,0.757253
16.59,2.68289,0.731909,2.69302,0.758698
16.6,2.68235,0.733287,2.69251,0.759904
16.61,2.68165,0.734484,2.69184,0.760917
16.62,2.68085,0.735615,2.691,0.761898
16.63,2.67987,0.736833,2.68974,0.76315
16.64,2.67866,0.738203,2.68828,0.764616
16.65,2.67725,0.739743,2.68681,0.766137
16.66,2.67567,0.741429,2.68518,0.767798
16.67,2.674,0.743196,2.68347,0.769537
16.68,2.67228,0.744965,2.68173,0.771283
16.69,2.67058,0.746698,2.68002,0.772996
16.7,2.66889,0.748393,2.67835,0.774678
16.71,2.66722,0.750063,2.67668,0.776358
16.72,2.66558,0.751702,2.67505,0.778029
16.73,2.664,0.753275,2.67347,0.779632
16.74,2.66248,0.75473,2.67197,0.781109
16.75,2.66103,0.756037,2.67055,0.782419
16.76,2.65963,0.75719,2.6692,0.78356
16.77,2.65834,0.758181,2.66797,0.78452
16.78,2.65729,0.7591,2.667,0.78536
16.79,2.65646,0.760149,2.66628,0.786279
16.8,2.65578,0.761446,2.66571,0.787446
16.81,2.65522,0.762863,2.66528,0.788805
16.82,2.65471,0.764448,2.66476,0.790643
16.83,2.65412,0.766284,2.66381,0.79331
16.84,2.65339,0.768386,2.66266,0.79611
16.85,2.65253,0.770718,2.66175,0.798443
16.86,2.65154,0.773212,2.66072,0.800932
16.87,2.65048,0.77579,2.65962,0.803499
16.88,2.64945,0.778381,2.65852,0.806079
16.89,2.64846,0.780938,2.65746,0.80863
16.9,2.64752,0.783472,2.65641,0.81116
16.91,2.6466,0.785987,2.65535,0.813681
16.92,2.6457,0.788452,2.6543,0.816152
16.93,2.64485,0.790831,2.65329,0.818527
16.94,2.64408,0.793104,2.65237,0.820779
16.95,2.64342,0.795269,2.65157,0.822896
16.96,2.64285,0.797335,2.65087,0.824885
16.97,2.64234,0.799321,2.65026,0.826763
16.98,2.64187,0.801161,2.64974,0.828468
16.99,2.64134,0.802682,2.64921,0.829836
17,2.64058,0.803955,2.6485,0.830935
17.01,2.6397,0.805024,2.64767,0.831811
17.02,2.63872,0.806011,2.64666,0.832627
17.03,2.63756,0.807054,2.64522,0.833641
17.04,2.63615,0.80821,2.64348,0.834864
17.05,2.6345,0.809501,2.64179,0.836112
17.06,2.63268,0.810911,2.63993,0.837475
17.07,2.63074,0.812384,2.63796,0.838904
17.08,2.62877,0.813854,2.63597,0.840337
17.09,2.62681,0.815288,2.63401,0.841747
17.1,2.62488,0.816688,2.63209,0.843135
17.11,2.62295,0.818064,2.63018,0.844521
17.12,2.62107,0.819417,2.6283,0.845904
17.13,2.61926,0.820714,2.62648,0.847232
17.14,2.61754,0.821905,2.62476,0.848448
17.15,2.61589,0.82296,2.62314,0.849519
17.16,2.61433,0.823871,2.62163,0.850432
17.17,2.6129,0.824641,2.62026,0.851185
17.18,2.61171,0.825377,2.61917,0.851858
17.19,2.61073,0.826278,2.6183,0.85265
17.2,2.60984,0.827448,2.61754,0.853718
17.21,2.60903,0.828779,2.61685,0.855014
17.22,2.60823,0.830281,2.61604,0.856734
17.23,2.60732,0.832016,2.61469,0.85917
17.24,2.60625,0.833993,2.61324,0.86159
17.25,2.605,0.836173,2.61195,0.863752
17.26,2.60359,0.838495,2.61052,0.866054
17.27,2.60212,0.840889,2.60901,0.868425
17.28,2.60065,0.843298,2.6075,0.870807
17.29,2.59924,0.845682,2.60602,0.873165
17.3,2.59788,0.848048,2.60455,0.875502
17.31,2.59654,0.850395,2.60308,0.877826
17.32,2.59523,0.852692,2.60162,0.880102
17.33,2.59399,0.85491,2.60022,0.882292
17.34,2.59285,0.857034,2.59893,0.88437
17.35,2.59182,0.859066,2.59777,0.886332
17.36,2.59089,0.861013,2.59674,0.888182
17.37,2.59005,0.862888,2.5958,0.889934
17.38,2.58927,0.864631,2.59497,0.891545
17.39,2.58848,0.866048,2.5942,0.892812
17.4,2.58751,0.867182,2.59329,0.893776
17.41,2.58645,0.868094,2.59231,0.894504
17.42,2.58533,0.868906,2.59117,0.895137
17.43,2.58401,0.869742,2.58957,0.895898
17.44,2.58243,0.87065,2.58774,0.896797
17.45,2.5806,0.871654,2.58588,0.897746
17.46,2.57857,0.872745,2.58383,0.89878
17.47,2.57642,0.873881,2.58166,0.899862
17.48,2.57423,0.875008,2.57948,0.900941
17.49,2.57207,0.876102,2.57732,0.902
17.5,2.56992,0.877165,2.5752,0.903042
17.51,2.5678,0.878208,2.57309,0.904091
17.52,2.56573,0.879235,2.57101,0.905141
17.53,2.56373,0.880218,2.56901,0.90615
17.54,2.56183,0.88111,2.56711,0.907066
17.55,2.56003,0.881881,2.56534,0.907855
17.56,2.55834,0.882523,2.56369,0.908516
17.57,2.55681,0.883047,2.56221,0.909043
17.58,2.55552,0.88358,2.56101,0.909535
17.59,2.5544,0.884308,2.56001,0.910195
17.6,2.55334,0.885319,2.55908,0.911139
17.61,2.55236,0.886486,2.55821,0.912316
17.62,2.55137,0.887825,2.55711,0.913924
17.63,2.55022,0.889378,2.55533,0.916188
17.64,2.54886,0.891141,2.55349,0.918366
17.65,2.54729,0.893075,2.55189,0.920272
17.66,2.54556,0.895123,2.55014,0.922287
17.67,2.54373,0.897231,2.54829,0.92436
17.68,2.54192,0.899355,2.54644,0.926444
17.69,2.54017,0.901465,2.54463,0.928513
17.7,2.53847,0.903565,2.54284,0.93057
17.71,2.53679,0.905654,2.54104,0.932622
17.72,2.53515,0.907702,2.53926,0.934633
17.73,2.53358,0.909684,2.53755,0.936568
17.74,2.53213,0.911592,2.53596,0.938414
17.75,2.53081,0.913429,2.53451,0.940174
17.76,2.52961,0.915203,2.53321,0.941843
17.77,2.5285,0.916922,2.53202,0.943433
17.78,2.52747,0.918516,2.53096,0.944885
17.79,2.52648,0.919786,2.53002,0.94601
17.8,2.52535,0.920747,2.52897,0.946828
17.81,2.52417,0.921477,2.52788,0.9474
17.82,2.52293,0.9221,2.52664,0.947863
17.83,2.52149,0.922714,2.52492,0.948379
17.84,2.51978,0.923358,2.52287,0.948991
17.85,2.51781,0.924054,2.52087,0.949634
17.86,2.51563,0.924805,2.51867,0.950332
17.87,2.51332,0.925579,2.51635,0.951059
17.88,2.51098,0.926339,2.51401,0.951778
17.89,2.50867,0.92707,2.51171,0.952485
17.9,2.50638,0.927775,2.50944,0.953184
17.91,2.50412,0.928462,2.50718,0.953888
17.92,2.50191,0.929141,2.50496,0.954599
17.93,2.49978,0.929789,2.50282,0.955283
17.94,2.49776,0.930364,2.5008,0.955887
17.95,2.49587,0.930836,2.49892,0.956391
17.96,2.49409,0.931197,2.49719,0.956782
17.97,2.49249,0.931468,2.49565,0.957069
17.98,2.49114,0.931786,2.4944,0.95736
17.99,2.48991,0.932324,2.49331,0.95784
18,2.4887,0.933148,2.49225,0.958613
18.01,2.48755,0.934138,2.49122,0.959623
18.02,2.48635,0.935295,2.48989,0.961007
18.03,2.48497,0.936637,2.48779,0.962925
18.04,2.48334,0.938153,2.48547,0.964869
18.05,2.48149,0.939803,2.48357,0.966505
18.06,2.47944,0.941538,2.48149,0.968223
18.07,2.4773,0.943319,2.47932,0.969981
18.08,2.47517,0.945118,2.47714,0.971751
18.09,2.4731,0.946913,2.475,0.973506
18.1,2.47108,0.948705,2.47288,0.975248
18.11,2.46909,0.950492,2.47077,0.97698
18.12,2.46714,0.952246,2.46868,0.978674
18.13,2.46528,0.953948,2.46667,0.980301
18.14,2.46354,0.955594,2.46479,0.981861
18.15,2.46193,0.957192,2.46308,0.983351
18.16,2.46046,0.958747,2.46153,0.984778
18.17,2.45908,0.960262,2.46011,0.986141
18.18,2.45781,0.961667,2.45884,0.987388
18.19,2.45662,0.96276,2.45774,0.988333
18.2,2.45535,0.963525,2.4566,0.988951
18.21,2.45403,0.964057,2.45541,0.989308
18.22,2.45267,0.964468,2.45412,0.989532
18.23,2.45112,0.964839,2.45238,0.989728
18.24,2.4493,0.965195,2.45034,0.99
18.25,2.44722,0.96556,2.44822,0.990321
18.26,2.44492,0.965946,2.44589,0.990664
18.27,2.44249,0.966337,2.44344,0.991013
18.28,2.44004,0.966708,2.44097,0.99135
18.29,2.43761,0.967057,2.43855,0.991678
18.3,2.43522,0.967385,2.43617,0.992004
18.31,2.43285,0.9677,2.4338,0.992338
18.32,2.43054,0.968016,2.43147,0.992682
18.33,2.42832,0.968316,2.42922,0.993012
18.34,2.42622,0.968563,2.42712,0.993289
18.35,2.42426,0.968729,2.42517,0.993485
18.36,2.42244,0.968807,2.42339,0.993595
18.37,2.42081,0.968823,2.42182,0.993629
18.38,2.4194,0.968922,2.42053,0.993714
18.39,2.41811,0.969259,2.41938,0.99401
18.4,2.41677,0.96988,2.41822,0.994598
18.41,2.41547,0.970672,2.41705,0.995414
18.42,2.41411,0.971622,2.41554,0.996559
18.43,2.41253,0.972724,2.4132,0.998107
18.44,2.41069,0.973957,2.41077,0.999576
18.45,2.40859,0.975286,2.40864,1.00088
18.46,2.4063,0.97667,2.40631,1.00224
18.47,2.4039,0.978084,2.40388,1.00363
18.48,2.40151,0.979517,2.40145,1.00502
18.49,2.39918,0.980955,2.39905,1.0064
18.5,2.3969,0.9824,2.39668,1.00777
18.51,2.39464,0.983844,2.39432,1.00914
18.52,2.39244,0.985263,2.39198,1.01046
18.53,2.39033,0.986644,2.38974,1.01174
18.54,2.38834,0.987991,2.38764,1.01298
18.55,2.3865,0.989314,2.38572,1.01418
18.56,2.3848,0.990614,2.38396,1.01534
18.57,2.38319,0.991891,2.38234,1.01646
18.58,2.38171,0.993076,2.38089,1.0175
18.59,2.38037,0.993965,2.37965,1.01826
18.6,2.37899,0.994517,2.37843,1.01869
18.61,2.37765,0.994833,2.37724,1.01888
18.62,2.37627,0.995028,2.37595,1.01891
18.63,2.37471,0.995151,2.37419,1.01884
18.64,2.37289,0.995217,2.37213,1.01878
18.65,2.3708,0.995246,2.37001,1.01876
18.66,2.36849,0.995261,2.36768,1.01873
18.67,2.36606,0.995259,2.36524,1.01869
18.68,2.36359,0.995231,2.36278,1.01863
18.69,2.36117,0.995186,2.36036,1.01857
18.7,2.35877,0.995125,2.35798,1.01851
18.71,2.35641,0.995054,2.35562,1.01845
18.72,2.35409,0.99499,2.35328,1.01842
18.73,2.35186,0.994925,2.35103,1.01838
18.74,2.34977,0.994825,2.34893,1.0183
18.75,2.34782,0.994667,2.34699,1.01817
18.76,2.34602,0.994443,2.34524,1.01797
18.77,2.34441,0.994188,2.3437,1.01773
18.78,2.34302,0.994056,2.34242,1.01759
18.79,2.34169,0.994175,2.34125,1.01768
18.8,2.34028,0.99457,2.34001,1.01806
18.81,2.33887,0.995141,2.33872,1.01866
18.82,2.33736,0.995856,2.33703,1.01954
18.83,2.33562,0.996688,2.33445,1.02068
18.84,2.3336,0.997608,2.33163,1.02178
18.85,2.33131,0.99858,2.32931,1.02272
18.86,2.32882,0.999574,2.32678,1.02368
18.87,2.32622,1.00058,2.32415,1.02464
18.88,2.32363,1.00161,2.32151,1.02562
18.89,2.32109,1.00265,2.31892,1.0266
18.9,2.3186,1.00371,2.31636,1.02757
18.91,2.31614,1.00477,2.31379,1.02853
18.92,2.31373,1.00581,2.31127,1.02947
18.93,2.31142,1.00683,2.30884,1.03037
18.94,2.30925,1.00783,2.30658,1.03126
18.95,2.30722,1.00884,2.30448,1.03213
18.96,2.30532,1.00984,2.30256,1.03299
18.97,2.30353,1.01084,2.30078,1.03383
18.98,2.30187,1.01176,2.29917,1.03462
18.99,2.3004,1.01242,2.29782,1.03518
19,2.29895,1.01274,2.29653,1.03541
19.01,2.29757,1.01284,2.29533,1.0354
19.02,2.29619,1.01281,2.29405,1.03522
19.03,2.29463,1.01268,2.29232,1.03487
19.04,2.29282,1.01245,2.29023,1.03445
19.05,2.29075,1.01214,2.28814,1.03407
19.06,2.28847,1.01179,2.28585,1.03365
19.07,2.28607,1.01139,2.28344,1.0332
19.08,2.28365,1.01097,2.28102,1.03274
19.09,2.28126,1.01053,2.27864,1.03228
19.1,2.27891,1.01009,2.27631,1.03183
19.11,2.27659,1.00964,2.27399,1.03138
19.12,2.27432,1.0092,2.27169,1.03097
19.13,2.27213,1.00878,2.26948,1.03056
19.14,2.27008,1.00834,2.26741,1.03015
19.15,2.26818,1.00787,2.26552,1.02971
19.16,2.26645,1.00736,2.26381,1.02924
19.17,2.2649,1.00685,2.26233,1.02877
19.18,2.26355,1.0065,2.26109,1.02844
19.19,2.26222,1.0064,2.25992,1.02836
19.2,2.26077,1.00657,2.25863,1.02855
19.21,2.25924,1.00689,2.25722,1.02894
19.22,2.2576,1.00734,2.25542,1.02953
19.23,2.25572,1.00788,2.25275,1.03024
19.24,2.25354,1.00845,2.24999,1.03084
19.25,2.2511,1.00904,2.24752,1.03139
19.26,2.24845,1.00962,2.24484,1.03192
19.27,2.24569,1.01019,2.24206,1.03244
19.28,2.24293,1.01078,2.23927,1.03296
19.29,2.24023,1.0114,2.23653,1.0335
19.3,2.23758,1.01203,2.23381,1.03403
19.31,2.23495,1.01267,2.2311,1.03455
19.32,2.23239,1.0133,2.22843,1.03506
19.33,2.22992,1.01392,2.22586,1.03554
19.34,2.22759,1.01455,2.22345,1.03603
19.35,2.22541,1.0152,2.22121,1.03653
19.36,2.22336,1.01587,2.21914,1.03706
19.37,2.22142,1.01654,2.21722,1.03759
19.38,2.21962,1.01718,2.21548,1.03811
19.39,2.21804,1.01758,2.21403,1.03843
19.4,2.21655,1.01765,2.21272,1.03844
19.41,2.21517,1.01751,2.21152,1.03824
19.42,2.2138,1.01725,2.21029,1.03786
19.43,2.21229,1.01687,2.20865,1.03724
19.44,2.21055,1.01635,2.20673,1.03652
19.45,2.20856,1.01571,2.20473,1.03581
19.46,2.20637,1.01498,2.20253,1.03501
19.47,2.20407,1.0142,2.20023,1.03417
19.48,2.20174,1.01338,2.19791,1.03331
19.49,2.19946,1.01256,2.19564,1.03246
19.5,2.19722,1.01174,2.1934,1.03163
19.51,2.195,1.01091,2.19118,1.03082
19.52,2.19283,1.01011,2.18898,1.03003
19.53,2.19074,1.00934,2.18687,1.02927
19.54,2.18879,1.00857,2.18491,1.02853
19.55,2.18699,1.0078,2.18312,1.0278
19.56,2.18536,1.00701,2.18152,1.02706
19.57,2.18393,1.00625,2.18014,1.02636
19.58,2.18266,1.00568,2.17898,1.02583
19.59,2.18136,1.00537,2.17784,1.02557
19.6,2.17989,1.0053,2.17655,1.02556
19.61,2.17838,1.00539,2.17514,1.02575
19.62,2.17672,1.00559,2.17327,1.02607
19.63,2.1748,1.00582,2.17048,1.02636
19.64,2.17259,1.00604,2.16764,1.02653
19.65,2.17011,1.00623,2.16512,1.02668
19.66,2.16743,1.00638,2.16242,1.02678
19.67,2.16464,1.00651,2.15961,1.02686
19.68,2.16185,1.00665,2.1568,1.02694
19.69,2.15912,1.00683,2.15403,1.02704
19.7,2.15642,1.00703,2.15129,1.02714
19.71,2.15375,1.00725,2.14855,1.02724
19.72,2.15113,1.00747,2.14585,1.02732
19.73,2.14862,1.00769,2.14327,1.0274
19.74,2.14624,1.00795,2.14083,1.02751
19.75,2.14399,1.00825,2.13857,1.02768
19.76,2.14188,1.0086,2.13647,1.02788
19.77,2.13987,1.00897,2.13451,1.0281
19.78,2.138,1.00932,2.13274,1.02833
19.79,2.1364,1.00947,2.13129,1.02841
19.8,2.13492,1.00931,2.13,1.02821
19.81,2.13358,1.00896,2.12886,1.02782
19.82,2.13228,1.00849,2.1277,1.02724
19.83,2.13084,1.00786,2.12617,1.02634
19.84,2.1292,1.00707,2.12433,1.02528
19.85,2.12734,1.00611,2.12247,1.02426
19.86,2.1253,1.00504,2.12043,1.02313
19.87,2.12315,1.0039,2.11829,1.02194
19.88,2.12099,1.00272,2.11615,1.02072
19.89,2.11887,1.00154,2.11404,1.01953
19.9,2.11679,1.00037,2.11197,1.01836
19.91,2.11473,0.999196,2.1099,1.0172
19.92,2.11272,0.998055,2.10786,1.01608
19.93,2.11078,0.996954,2.1059,1.01499
19.94,2.10898,0.995884,2.10408,1.01394
19.95,2.10733,0.994832,2.10243,1.01293
19.96,2.10585,0.993793,2.10097,1.01194
19.97,2.10455,0.992816,2.09971,1.01102
19.98,2.10339,0.992048,2.09866,1.01031
19.99,2.10216,0.991531,2.09758,1.00985
20,2.10073,0.991217,2.0963,1.00961
20.01,2.09922,0.99106,2.09487,1.00955
20.02,2.09756,0.990986,2.09297,1.00954
20.03,2.09563,0.990905,2.09016,1.00935
20.04,2.09342,0.990768,2.08716,1.009
20.05,2.09094,0.990555,2.08466,1.00876
20.06,2.08828,0.990267,2.08198,1.00843
20.07,2.08552,0.989942,2.07921,1.00807
20.08,2.08275,0.989637,2.07643,1.0077
20.09,2.08003,0.989374,2.07369,1.00736
20.1,2.07734,0.989146,2.07097,1.00704
20.11,2.07468,0.988934,2.06825,1.0067
20.12,2.07207,0.988732,2.06558,1.00635
20.13,2.06955,0.988555,2.06301,1.00602
20.14,2.06715,0.988426,2.06057,1.00574
20.15,2.06488,0.988363,2.0583,1.00552
20.16,2.06272,0.98836,2.05617,1.00536
20.17,2.06065,0.988398,2.05418,1.00525
20.18,2.05873,0.988435,2.05238,1.00518
20.19,2.0571,0.98832,2.0509,1.00502
20.2,2.05564,0.987914,2.04963,1.0046
20.21,2.05432,0.987309,2.04851,1.00398
20.22,2.05305,0.986599,2.04742,1.00319
20.23,2.05168,0.985724,2.04602,1.00204
20.24,2.05013,0.984649,2.04436,1.00072
20.25,2.04839,0.983381,2.04261,0.999404
20.26,2.04649,0.981974,2.0407,0.997953
20.27,2.04448,0.98048,2.0387,0.996427
20.28,2.04248,0.978951,2.0367,0.994875
20.29,2.0405,0.977434,2.03473,0.993351
20.3,2.03857,0.97593,2.03278,0.99186
20.31,2.03666,0.974434,2.03083,0.990377
20.32,2.03479,0.972973,2.02889,0.988919
20.33,2.03299,0.971559,2.02701,0.987507
20.34,2.0313,0.97019,2.02526,0.986143
20.35,2.02977,0.968854,2.02368,0.98483
20.36,2.02839,0.967547,2.02227,0.983565
20.37,2.02719,0.966318,2.02107,0.982389
20.38,2.02609,0.965314,2.02005,0.981445
20.39,2.02489,0.964548,2.01898,0.980749
20.4,2.02347,0.963951,2.0177,0.980247
20.41,2.02194,0.963496,2.01626,0.979896
20.42,2.02026,0.9631,2.01439,0.979521
20.43,2.01831,0.962658,2.01169,0.978823
20.44,2.01608,0.962118,2.00892,0.978029
20.45,2.01359,0.961464,2.00642,0.977351
20.46,2.01093,0.960709,2.00374,0.976572
20.47,2.00817,0.959905,2.00098,0.975739
20.48,2.00541,0.959122,1.99821,0.974914
20.49,2.00268,0.958389,1.99548,0.974118
20.5,1.99999,0.957699,1.99278,0.973334
20.51,1.99731,0.957027,1.99008,0.972536
20.52,1.99467,0.956371,1.9874,0.971732
20.53,1.99211,0.955749,1.98481,0.970952
20.54,1.98965,0.95519,1.98233,0.970235
20.55,1.98728,0.954715,1.97999,0.969607
20.56,1.98501,0.95432,1.97779,0.969066
20.57,1.98282,0.953983,1.97569,0.968596
20.58,1.9808,0.95367,1.97379,0.968179
20.59,1.97909,0.953236,1.97225,0.967713
20.6,1.97759,0.952529,1.97094,0.967004
20.61,1.97628,0.951678,1.96983,0.966139
20.62,1.97502,0.950716,1.96876,0.965087
20.63,1.97368,0.949557,1.9674,0.963599
20.64,1.97218,0.948157,1.96581,0.961924
20.65,1.97051,0.946532,1.96415,0.960262
20.66,1.96868,0.944742,1.96234,0.958444
20.67,1.96678,0.942858,1.96046,0.956539
20.68,1.96488,0.940943,1.95858,0.954617
20.69,1.96302,0.93905,1.95674,0.952735
20.7,1.9612,0.937179,1.9549,0.950889
20.71,1.95941,0.935314,1.95305,0.949033
20.72,1.95765,0.933477,1.95118,0.947178
20.73,1.95594,0.931688,1.94936,0.945356
20.74,1.95433,0.929954,1.94765,0.9436
20.75,1.95287,0.928275,1.9461,0.941924
20.76,1.95157,0.926637,1.94473,0.940309
20.77,1.95041,0.92508,1.94355,0.938798
20.78,1.94935,0.923759,1.94252,0.93753
20.79,1.94818,0.922674,1.94144,0.93652
20.8,1.94677,0.921733,1.94014,0.935673
20.81,1.94525,0.920929,1.93869,0.934977
20.82,1.94356,0.920165,1.93688,0.934224
20.83,1.94162,0.919321,1.93433,0.933071
20.84,1.9394,0.918346,1.93156,0.931723
20.85,1.93693,0.917228,1.92909,0.930582
20.86,1.93429,0.915988,1.92646,0.929323
20.87,1.93156,0.914691,1.92375,0.928006
20.88,1.92883,0.913415,1.92103,0.926699
20.89,1.92613,0.912196,1.91836,0.925434
20.9,1.92346,0.911025,1.9157,0.924187
20.91,1.9208,0.909878,1.91303,0.922923
20.92,1.91816,0.908749,1.91039,0.921649
20.93,1.9156,0.907659,1.90781,0.920409
20.94,1.91311,0.906642,1.90532,0.919242
20.95,1.9107,0.90572,1.90295,0.918181
20.96,1.90838,0.904889,1.90068,0.917217
20.97,1.90611,0.904127,1.89852,0.916339
20.98,1.904,0.903411,1.89654,0.915544
20.99,1.90222,0.902615,1.89492,0.914741
21,1.90068,0.901578,1.89355,0.913748
21.01,1.89933,0.90043,1.89241,0.912637
21.02,1.89805,0.899182,1.89131,0.911353
21.03,1.89671,0.897723,1.88999,0.909617
21.04,1.89522,0.895999,1.88841,0.907579
21.05,1.89358,0.894025,1.8868,0.905581
21.06,1.89181,0.891871,1.88505,0.90341
21.07,1.88997,0.889618,1.88325,0.90115
21.08,1.88814,0.887344,1.88144,0.898881
21.09,1.88636,0.885102,1.87967,0.896659
21.1,1.88462,0.882892,1.87792,0.894476
21.11,1.88291,0.880689,1.87615,0.892274
21.12,1.88122,0.878513,1.87435,0.890056
21.13,1.87959,0.876384,1.87258,0.887868
21.14,1.87804,0.874319,1.87091,0.885752
21.15,1.87663,0.872321,1.8694,0.883722
21.16,1.87536,0.870372,1.86804,0.88177
21.17,1.87424,0.868496,1.86685,0.879912
21.18,1.87319,0.866851,1.86579,0.878307
21.19,1.87204,0.865454,1.8647,0.876983
21.2,1.87065,0.864198,1.8634,0.875829
21.21,1.86913,0.86304,1.86193,0.874791
21.22,1.86746,0.86192,1.86018,0.873721
21.23,1.86554,0.860708,1.85787,0.872285
21.24,1.86336,0.859343,1.85539,0.870672
21.25,1.86093,0.857811,1.85298,0.869115
21.26,1.85834,0.856141,1.8504,0.867423
21.27,1.85566,0.854405,1.84775,0.865663
21.28,1.85298,0.852691,1.8451,0.863918
21.29,1.85033,0.851039,1.8425,0.862218
21.3,1.8477,0.849441,1.83992,0.860544
21.31,1.84508,0.84787,1.83732,0.858852
21.32,1.84249,0.846321,1.83472,0.857142
21.33,1.83995,0.844812,1.83216,0.85546
21.34,1.83748,0.84338,1.82969,0.853862
21.35,1.83507,0.842049,1.8273,0.852379
21.36,1.83273,0.840816,1.82502,0.851019
21.37,1.83043,0.839661,1.82281,0.849753
21.38,1.82828,0.838571,1.82078,0.8486
21.39,1.82647,0.837434,1.81909,0.847479
21.4,1.8249,0.836087,1.81768,0.846194
21.41,1.82354,0.834663,1.8165,0.844832
21.42,1.82227,0.833153,1.81538,0.843308
21.43,1.82094,0.831422,1.81408,0.84133
21.44,1.81948,0.829407,1.81258,0.839076
21.45,1.81788,0.827125,1.81103,0.836756
21.46,1.81616,0.824651,1.80935,0.834254
21.47,1.81439,0.822076,1.80762,0.831663
21.48,1.81263,0.819488,1.8059,0.829071
21.49,1.81092,0.816942,1.8042,0.826538
21.5,1.80925,0.814435,1.80252,0.824052
21.51,1.80762,0.811935,1.80081,0.821542
21.52,1.80601,0.809456,1.79907,0.818995
21.53,1.80444,0.807023,1.79735,0.816471
21.54,1.80295,0.804657,1.79571,0.814026
21.55,1.80159,0.802361,1.79422,0.811678
21.56,1.80036,0.800115,1.79289,0.809413
21.57,1.79926,0.797927,1.7917,0.807247
21.58,1.79823,0.79596,1.79064,0.805334
21.59,1.7971,0.794262,1.78954,0.803733
21.6,1.79573,0.792711,1.78824,0.802311
21.61,1.79426,0.791308,1.78681,0.801061
21.62,1.79265,0.789936,1.78513,0.799778
21.63,1.7908,0.788452,1.78294,0.798113
21.64,1.78867,0.786794,1.78057,0.796233
21.65,1.78631,0.784951,1.77823,0.794365
21.66,1.78379,0.782957,1.77572,0.79235
21.67,1.78118,0.780896,1.77314,0.790267
21.68,1.77857,0.778858,1.77057,0.788206
21.69,1.77599,0.776889,1.76803,0.786198
21.7,1.77343,0.774984,1.76551,0.78423
21.71,1.77086,0.773112,1.76297,0.782247
21.72,1.76831,0.771257,1.76041,0.780238
21.73,1.76581,0.769437,1.75788,0.778247
21.74,1.76336,0.767688,1.75542,0.776339
21.75,1.76096,0.766041,1.75305,0.774555
21.76,1.75862,0.7645,1.75074,0.772902
21.77,1.7563,0.76305,1.7485,0.771369
21.78,1.75415,0.761684,1.74645,0.769974
21.79,1.75233,0.760283,1.74475,0.768628
21.8,1.75076,0.758689,1.74332,0.767139
21.81,1.7494,0.757029,1.74212,0.765581
21.82,1.74812,0.755278,1.741,0.763862
21.83,1.74679,0.753291,1.7397,0.761662
21.84,1.74534,0.751004,1.73818,0.759092
21.85,1.74375,0.748439,1.73664,0.756507
21.86,1.74206,0.745675,1.73498,0.753729
21.87,1.74031,0.742813,1.73328,0.75086
21.88,1.73858,0.739946,1.73158,0.748001
21.89,1.73691,0.737129,1.72992,0.745202
21.9,1.73528,0.734357,1.72827,0.742448
21.91,1.73369,0.73159,1.72661,0.739656
21.92,1.73213,0.728835,1.7249,0.736801
21.93,1.73059,0.726125,1.7232,0.733956
21.94,1.72913,0.723483,1.72157,0.731186
21.95,1.72777,0.720911,1.72006,0.728519
21.96,1.72654,0.718393,1.71868,0.725946
21.97,1.72542,0.715925,1.71744,0.723464
21.98,1.72437,0.713666,1.71631,0.72123
21.99,1.72322,0.711697,1.71516,0.719334
22,1.72184,0.709894,1.7138,0.717648
22.01,1.72034,0.70825,1.71233,0.716154
22.02,1.71873,0.706644,1.71065,0.71467
22.03,1.71688,0.704921,1.70854,0.712856
22.04,1.71475,0.703012,1.70617,0.710739
22.05,1.71239,0.700907,1.70383,0.708614
22.06,1.70987,0.698645,1.70133,0.706337
22.07,1.70726,0.696315,1.69876,0.703992
22.08,1.70465,0.694009,1.69619,0.701668
22.09,1.70207,0.691774,1.69367,0.699405
22.1,1.69952,0.689607,1.69117,0.697186
22.11,1.69695,0.687476,1.68865,0.694952
22.12,1.6944,0.685367,1.68608,0.692685
22.13,1.69189,0.683292,1.68354,0.690432
22.14,1.68944,0.681287,1.68106,0.688254
22.15,1.68704,0.679389,1.67866,0.686209
22.16,1.68468,0.677608,1.67632,0.684309
22.17,1.68235,0.675931,1.67404,0.682551
22.18,1.68019,0.674353,1.67195,0.680952
22.19,1.67836,0.672751,1.67022,0.679412
22.2,1.67677,0.670971,1.66875,0.677745
22.21,1.67536,0.669089,1.6675,0.675981
22.22,1.67405,0.667116,1.66633,0.674069
22.23,1.67269,0.664904,1.66501,0.671703
22.24,1.67122,0.662386,1.66352,0.669005
22.25,1.66962,0.659586,1.66196,0.666184
22.26,1.66791,0.656585,1.66029,0.66317
22.27,1.66615,0.653488,1.65858,0.660069
22.28,1.66442,0.65039,1.65687,0.656983
22.29,1.66274,0.647345,1.65521,0.65396
22.3,1.66112,0.644344,1.65356,0.65098
22.31,1.65953,0.641349,1.6519,0.647967
22.32,1.65797,0.638373,1.65021,0.644904
22.33,1.65644,0.63545,1.64851,0.641864
22.34,1.65496,0.632605,1.64688,0.638908
22.35,1.6536,0.62984,1.64536,0.636065
22.36,1.65234,0.627139,1.64397,0.633331
22.37,1.65119,0.624491,1.64271,0.630703
22.38,1.6501,0.622033,1.64156,0.6283
22.39,1.64892,0.619882,1.64039,0.626253
22.4,1.64753,0.617923,1.63904,0.624437
22.41,1.64602,0.616143,1.63756,0.622834
22.42,1.64441,0.614421,1.63593,0.621266
22.43,1.64258,0.61259,1.63389,0.619431
22.44,1.64047,0.610574,1.63163,0.617309
22.45,1.63812,0.608361,1.62931,0.615089
22.46,1.63561,0.605991,1.62682,0.612719
22.47,1.63302,0.603556,1.62426,0.610284
22.48,1.63042,0.601146,1.62171,0.607868
22.49,1.62785,0.598805,1.61921,0.605515
22.5,1.62531,0.596531,1.61673,0.603208
22.51,1.62277,0.594294,1.61423,0.60089
22.52,1.62024,0.592082,1.61169,0.598542
22.53,1.61775,0.589909,1.60918,0.596213
22.54,1.61532,0.587813,1.60674,0.59397
22.55,1.61295,0.585831,1.60437,0.591863
22.56,1.61062,0.583969,1.60207,0.589903
22.57,1.60832,0.582211,1.59983,0.588081
22.58,1.60617,0.580551,1.59776,0.586416
22.59,1.60434,0.578878,1.59604,0.58482
22.6,1.60275,0.577041,1.59458,0.583105
22.61,1.60136,0.575155,1.59335,0.58134
22.62,1.60006,0.573178,1.5922,0.57943
22.63,1.5987,0.57096,1.59088,0.577063
22.64,1.59723,0.568435,1.58938,0.574367
22.65,1.59563,0.565629,1.58782,0.571552
22.66,1.59391,0.562624,1.58616,0.568547
22.67,1.59214,0.559526,1.58446,0.565457
22.68,1.5904,0.556427,1.58277,0.562377
22.69,1.58872,0.553379,1.58111,0.559356
22.7,1.5871,0.550374,1.57949,0.556377
22.71,1.58551,0.547373,1.57785,0.55337
22.72,1.58395,0.544389,1.57618,0.55032
22.73,1.58241,0.541456,1.57451,0.547296
22.74,1.58094,0.538603,1.57291,0.544363
22.75,1.57958,0.53583,1.57142,0.541539
22.76,1.57832,0.533123,1.57005,0.538822
22.77,1.57717,0.530471,1.5688,0.5362
22.78,1.57608,0.528014,1.56766,0.533816
22.79,1.57491,0.525863,1.56649,0.531784
22.8,1.57351,0.523904,1.56512,0.529987
22.81,1.572,0.522121,1.56364,0.528395
22.82,1.57038,0.520394,1.56199,0.52684
22.83,1.56853,0.518556,1.55991,0.525001
22.84,1.56641,0.516533,1.55758,0.522848
22.85,1.56405,0.514312,1.55528,0.52063
22.86,1.56153,0.511935,1.55281,0.518258
22.87,1.55893,0.509492,1.55026,0.515822
22.88,1.55632,0.507075,1.54772,0.513408
22.89,1.55375,0.504726,1.54522,0.511049
22.9,1.5512,0.502444,1.54274,0.508735
22.91,1.54865,0.500199,1.54024,0.50641
22.92,1.54612,0.497981,1.5377,0.504056
22.93,1.54363,0.495802,1.53518,0.501724
22.94,1.5412,0.493701,1.53273,0.499473
22.95,1.53883,0.491715,1.53036,0.497356
22.96,1.5365,0.489848,1.52805,0.495387
22.97,1.5342,0.488087,1.5258,0.493556
22.98,1.53205,0.486422,1.52371,0.491876
22.99,1.53022,0.484746,1.52197,0.490263
23,1.52863,0.482906,1.52048,0.488535
23.01,1.52725,0.481019,1.51922,0.486753
23.02,1.52594,0.479041,1.51804,0.484822
23.03,1.52459,0.476822,1.51669,0.482441
23.04,1.52312,0.474296,1.51515,0.479692
23.05,1.52151,0.471491,1.51359,0.476885
23.06,1.51979,0.468487,1.51192,0.473888
23.07,1.51802,0.465389,1.51021,0.470806
23.08,1.51629,0.462291,1.50851,0.467733
23.09,1.51461,0.459243,1.50684,0.46472
23.1,1.51298,0.456239,1.50521,0.461751
23.11,1.5114,0.453239,1.50356,0.458752
23.12,1.50983,0.450255,1.50188,0.455707
23.13,1.5083,0.447324,1.50021,0.452692
23.14,1.50683,0.444471,1.49861,0.449764
23.15,1.50546,0.4417,1.49712,0.446942
23.16,1.50421,0.438994,1.49575,0.444225
23.17,1.50306,0.436344,1.49451,0.441607
23.18,1.50197,0.433889,1.49338,0.439222
23.19,1.5008,0.43174,1.49223,0.437189
23.2,1.4994,0.429783,1.49089,0.435381
23.21,1.49786,0.427967,1.4894,0.433746
23.22,1.49621,0.426214,1.48775,0.432153
23.23,1.49435,0.424358,1.48571,0.430294
23.24,1.49221,0.42232,1.48344,0.428176
23.25,1.48984,0.420086,1.48109,0.425955
23.26,1.4873,0.417695,1.47858,0.423583
23.27,1.48468,0.415238,1.476,0.421145
23.28,1.48206,0.412806,1.47343,0.418726
23.29,1.47947,0.410443,1.4709,0.416364
23.3,1.4769,0.408146,1.4684,0.414043
23.31,1.47434,0.405886,1.46587,0.411706
23.32,1.47179,0.403654,1.46332,0.409338
23.33,1.4693,0.401462,1.4608,0.406991
23.34,1.46687,0.399349,1.45835,0.404729
23.35,1.4645,0.39735,1.45597,0.402596
23.36,1.46216,0.39547,1.45367,0.400606
23.37,1.45986,0.393694,1.45143,0.398748
23.38,1.45771,0.392014,1.44936,0.39704
23.39,1.45587,0.390325,1.44763,0.395401
23.4,1.45427,0.388477,1.44616,0.393649
23.41,1.45288,0.386586,1.44492,0.391847
23.42,1.45158,0.384608,1.44376,0.389907
23.43,1.45022,0.382391,1.44243,0.387516
23.44,1.44875,0.379868,1.44094,0.384832
23.45,1.44715,0.377064,1.43939,0.382044
23.46,1.44543,0.374061,1.43772,0.379062
23.47,1.44366,0.370966,1.436,0.375998
23.48,1.44192,0.367869,1.4343,0.372945
23.49,1.44024,0.364823,1.43264,0.369947
23.5,1.43862,0.36182,1.431,0.366992
23.51,1.43704,0.358822,1.42936,0.364005
23.52,1.43548,0.35584,1.42769,0.36097
23.53,1.43394,0.35291,1.42602,0.357957
23.54,1.43247,0.350058,1.42442,0.355024
23.55,1.43111,0.347288,1.42294,0.3522
23.56,1.42986,0.344583,1.42157,0.349475
23.57,1.42871,0.341933,1.42033,0.346845
23.58,1.42762,0.339481,1.4192,0.344447
23.59,1.42645,0.337335,1.41804,0.342402
23.6,1.42505,0.33538,1.41669,0.340577
23.61,1.42354,0.3336,1.41522,0.338956
23.62,1.42191,0.331876,1.41357,0.337351
23.63,1.42006,0.33004,1.41151,0.33546
23.64,1.41794,0.328019,1.40922,0.333342
23.65,1.41558,0.325801,1.40689,0.331158
23.66,1.41306,0.323426,1.40439,0.328821
23.67,1.41046,0.320986,1.40183,0.326414
23.68,1.40785,0.31857,1.39927,0.324023
23.69,1.40527,0.316224,1.39675,0.321685
23.7,1.40272,0.313943,1.39427,0.319386
23.71,1.40017,0.3117,1.39176,0.317071
23.72,1.39763,0.309483,1.38921,0.314723
23.73,1.39514,0.307306,1.38669,0.312394
23.74,1.39271,0.305207,1.38425,0.310144
23.75,1.39035,0.303223,1.38188,0.308026
23.76,1.38801,0.301359,1.37957,0.306051
23.77,1.38571,0.299599,1.37733,0.304207
23.78,1.38356,0.297937,1.37527,0.302511
23.79,1.38173,0.296263,1.37354,0.300874
23.8,1.38014,0.294424,1.37209,0.299114
23.81,1.37876,0.292537,1.37086,0.297304
23.82,1.37745,0.290559,1.3697,0.295344
23.83,1.3761,0.288339,1.36838,0.292922
23.84,1.37463,0.285813,1.36685,0.290167
23.85,1.37302,0.283007,1.36528,0.287373
23.86,1.3713,0.280003,1.36359,0.284386
23.87,1.36953,0.276905,1.36186,0.281315
23.88,1.36779,0.273806,1.36014,0.278253
23.89,1.36611,0.270759,1.35847,0.275249
23.9,1.36449,0.267754,1.35682,0.272286
23.91,1.3629,0.264754,1.35517,0.26929
23.92,1.36134,0.26177,1.35349,0.266247
23.93,1.35981,0.258839,1.35183,0.263231
23.94,1.35834,0.255987,1.35023,0.260298
23.95,1.35697,0.253216,1.34874,0.257472
23.96,1.35572,0.250511,1.34738,0.254747
23.97,1.35457,0.247861,1.34615,0.252122
23.98,1.35348,0.245406,1.34502,0.249723
23.99,1.3523,0.243258,1.34388,0.24768
24,1.3509,0.241301,1.34254,0.245862
24.01,1.34939,0.23952,1.34109,0.244249
24.02,1.34777,0.237794,1.33946,0.242671
24.03,1.34592,0.235958,1.3374,0.240806
24.04,1.34381,0.233936,1.33507,0.238651
24.05,1.34145,0.231716,1.33274,0.236441
24.06,1.33893,0.229341,1.33025,0.234081
24.07,1.33632,0.2269,1.32768,0.231654
24.08,1.33372,0.224484,1.32512,0.229245
24.09,1.33114,0.222137,1.32261,0.226896
24.1,1.3286,0.219856,1.32013,0.224592
24.11,1.32605,0.217613,1.31762,0.22228
24.12,1.32351,0.215395,1.31507,0.219933
24.13,1.32102,0.213217,1.31255,0.217607
24.14,1.31859,0.211118,1.3101,0.215364
24.15,1.31623,0.209133,1.30772,0.213251
24.16,1.31389,0.207268,1.30541,0.211283
24.17,1.31159,0.205508,1.30316,0.209446
24.18,1.30945,0.203845,1.30109,0.207759
24.19,1.30762,0.202171,1.29935,0.206138
24.2,1.30603,0.200332,1.29789,0.204401
24.21,1.30461,0.198406,1.29664,0.202579
24.22,1.30329,0.196398,1.29548,0.200617
24.23,1.30192,0.194157,1.29417,0.19822
24.24,1.30044,0.191612,1.29267,0.195523
24.25,1.29882,0.188787,1.29109,0.192713
24.26,1.29709,0.185763,1.2894,0.189715
24.27,1.29531,0.182645,1.28766,0.18663
24.28,1.29356,0.179527,1.28594,0.183555
24.29,1.29187,0.17646,1.28426,0.180536
24.3,1.29023,0.173437,1.2826,0.17756
24.31,1.28864,0.170421,1.28094,0.17455
24.32,1.28706,0.167425,1.27925,0.171494
24.33,1.28552,0.164484,1.27756,0.168463
24.34,1.28404,0.161625,1.27594,0.165515
24.35,1.28266,0.158847,1.27444,0.162676
24.36,1.28139,0.156137,1.27307,0.159946
24.37,1.28022,0.153482,1.27182,0.15731
24.38,1.27912,0.151016,1.27068,0.154892
24.39,1.27793,0.148857,1.26952,0.152827
24.4,1.27652,0.146893,1.26818,0.151
24.41,1.27501,0.145109,1.26673,0.149375
24.42,1.27339,0.143384,1.26511,0.147791
24.43,1.27155,0.141551,1.26307,0.14592
24.44,1.26943,0.139532,1.26081,0.143807
24.45,1.26708,0.137316,1.25848,0.141618
24.46,1.26456,0.134944,1.25599,0.139272
24.47,1.26196,0.132506,1.25342,0.136856
24.48,1.25936,0.130093,1.25087,0.134461
24.49,1.25679,0.12775,1.24836,0.132123
24.5,1.25424,0.125473,1.24588,0.129824
24.51,1.25169,0.123233,1.24337,0.127514
24.52,1.24916,0.121019,1.24083,0.125176
24.53,1.24667,0.118844,1.23831,0.122855
24.54,1.24425,0.116748,1.23587,0.120614
24.55,1.24188,0.114766,1.2335,0.118503
24.56,1.23955,0.112904,1.2312,0.116536
24.57,1.23724,0.111147,1.22895,0.114704
24.58,1.2351,0.109488,1.22689,0.11302
24.59,1.23327,0.107817,1.22516,0.111394
24.6,1.23169,0.10598,1.2237,0.109648
24.61,1.2303,0.104095,1.22246,0.107839
24.62,1.229,0.102117,1.22131,0.105876
24.63,1.22764,0.0998982,1.21999,0.103466
24.64,1.22617,0.097373,1.21848,0.100774
24.65,1.22456,0.0945672,1.2169,0.0979924
24.66,1.22284,0.0915635,1.21522,0.0950192
24.67,1.22108,0.0884661,1.21348,0.0919609
24.68,1.21934,0.0853678,1.21176,0.0889095
24.69,1.21766,0.0823201,1.21008,0.0859142
24.7,1.21603,0.0793152,1.20843,0.0829599
24.71,1.21445,0.0763151,1.20677,0.079971
24.72,1.21288,0.0733313,1.20508,0.0769352
24.73,1.21135,0.0704,1.20341,0.0739194
24.74,1.20988,0.0675474,1.2018,0.0709871
24.75,1.20851,0.064776,1.2003,0.0681607
24.76,1.20725,0.0620701,1.19894,0.065433
24.77,1.2061,0.0594195,1.19771,0.0627932
24.78,1.20502,0.0569645,1.19658,0.0603778
24.79,1.20384,0.0548169,1.19543,0.05831
24.8,1.20244,0.0528607,1.1941,0.0564763
24.81,1.20093,0.0510803,1.19265,0.0548358
24.82,1.1993,0.0493554,1.19103,0.0532198
24.83,1.19745,0.0475206,1.18899,0.0513168
24.84,1.19533,0.0454999,1.18666,0.0491445
24.85,1.19297,0.0432824,1.1843,0.0469536
24.86,1.19045,0.0409091,1.18179,0.0446106
24.87,1.18784,0.0384702,1.17921,0.0421982
24.88,1.18523,0.0360561,1.17663,0.0398054
24.89,1.18266,0.0337114,1.17411,0.0374678
24.9,1.18011,0.0314325,1.17162,0.0351675
24.91,1.17755,0.0291911,1.1691,0.0328528
24.92,1.17501,0.0269759,1.16655,0.0305087
24.93,1.17252,0.0248001,1.16403,0.0281843
24.94,1.1701,0.0227029,1.16159,0.0259467
24.95,1.16773,0.0207198,1.15923,0.023838
24.96,1.16539,0.0188568,1.15693,0.0218714
24.97,1.16309,0.0170986,1.1547,0.020035
24.98,1.16094,0.0154376,1.15265,0.0183463
24.99,1.15911,0.0137641,1.15093,0.0167167
25,1.15752,0.0119267,1.14947,0.0149703
25.01,1.15613,0.0100413,1.14825,0.0131736
25.02,1.15482,0.0080652,1.1471,0.0112201
25.03,1.15347,0.0058476,1.14578,0.00881289
25.04,1.15199,0.00332403,1.14425,0.00606704
25.05,1.15038,0.000520044,1.14267,0.00328661
25.06,1.14866,-0.00248182,1.14098,0.000317539
25.07,1.14689,-0.00557715,1.13924,-0.00273805
25.08,1.14515,-0.00867329,1.13752,-0.00578642
25.09,1.14347,-0.0117187,1.13585,-0.00877912
25.1,1.14184,-0.0147213,1.1342,-0.0117312
25.11,1.14025,-0.0177192,1.13255,-0.0147193
25.12,1.13868,-0.0207011,1.13087,-0.0177535
25.13,1.13715,-0.0236306,1.1292,-0.020766
25.14,1.13567,-0.0264816,1.1276,-0.023701
25.15,1.1343,-0.0292514,1.12611,-0.0265306
25.16,1.13305,-0.0319558,1.12475,-0.0292549
25.17,1.13189,-0.0346049,1.12352,-0.0318859
25.18,1.13081,-0.0370587,1.12241,-0.0342885
25.19,1.12962,-0.0392053,1.12127,-0.0363492
25.2,1.12822,-0.0411604,1.11995,-0.0381764
25.21,1.12668,-0.0429745,1.11847,-0.0398409
25.22,1.12504,-0.0447256,1.11683,-0.041462
25.23,1.12317,-0.0465785,1.1148,-0.0433476
25.24,1.12103,-0.0486135,1.11252,-0.0454705
25.25,1.11865,-0.0508446,1.11018,-0.0476748
25.26,1.11611,-0.0532321,1.10767,-0.0500315
25.27,1.11349,-0.0556855,1.10509,-0.0524585
25.28,1.11086,-0.0581146,1.10252,-0.0548665
25.29,1.10827,-0.0604745,1.1,-0.0572215
25.3,1.1057,-0.0627686,1.09751,-0.0595394
25.31,1.10314,-0.0650248,1.09498,-0.061873
25.32,1.10059,-0.0672539,1.09243,-0.0642436
25.33,1.09809,-0.0694427,1.08991,-0.0665973
25.34,1.09566,-0.0715528,1.08746,-0.068865
25.35,1.09328,-0.0735492,1.08508,-0.0710025
25.36,1.09095,-0.0754262,1.08277,-0.0729992
25.37,1.08864,-0.0771996,1.08052,-0.0748672
25.38,1.08648,-0.078877,1.07843,-0.0765797
25.39,1.08464,-0.0805632,1.07668,-0.0782262
25.4,1.08305,-0.0824096,1.07519,-0.0799839
25.41,1.08165,-0.084299,1.07393,-0.0817917
25.42,1.08035,-0.0862752,1.07275,-0.0837425
25.43,1.07899,-0.0884908,1.07141,-0.0861282
25.44,1.07752,-0.0910122,1.06991,-0.0888129
25.45,1.07591,-0.0938146,1.06835,-0.0916017
25.46,1.07418,-0.0968151,1.06668,-0.094584
25.47,1.07242,-0.0999089,1.06495,-0.0976524
25.48,1.07068,-0.103004,1.06324,-0.100711
25.49,1.06899,-0.106048,1.06157,-0.103712
25.5,1.06737,-0.109049,1.05993,-0.106669
25.51,1.06578,-0.112045,1.05828,-0.109659
25.52,1.06421,-0.115026,1.0566,-0.112696
25.53,1.06268,-0.117955,1.05493,-0.115712
25.54,1.0612,-0.120805,1.05333,-0.118648
25.55,1.05984,-0.123575,1.05183,-0.121476
25.56,1.05858,-0.126278,1.05047,-0.124203
25.57,1.05743,-0.128927,1.04923,-0.126838
25.58,1.05634,-0.131378,1.0481,-0.129244
25.59,1.05516,-0.133523,1.04694,-0.131306
25.6,1.05376,-0.135476,1.0456,-0.133136
25.61,1.05225,-0.137254,1.04414,-0.134767
25.62,1.05062,-0.138977,1.04251,-0.136358
25.63,1.04877,-0.140809,1.04045,-0.138239
25.64,1.04665,-0.142828,1.03811,-0.140408
25.65,1.04429,-0.145044,1.03576,-0.142616
25.66,1.04176,-0.147415,1.03325,-0.144976
25.67,1.03915,-0.149852,1.03068,-0.147407
25.68,1.03654,-0.152265,1.02811,-0.149821
25.69,1.03396,-0.154608,1.02559,-0.15218
25.7,1.03141,-0.156886,1.0231,-0.154497
25.71,1.02885,-0.159126,1.02059,-0.156822
25.72,1.02631,-0.16134,1.01804,-0.159172
25.73,1.02382,-0.163514,1.01552,-0.161502
25.74,1.02139,-0.16561,1.01307,-0.163745
25.75,1.01902,-0.167592,1.0107,-0.165854
25.76,1.01668,-0.169453,1.0084,-0.167815
25.77,1.01437,-0.17121,1.00616,-0.169643
25.78,1.01223,-0.17287,1.0041,-0.171319
25.79,1.01039,-0.174542,1.00237,-0.172933
25.8,1.0088,-0.176379,1.00091,-0.17467
25.81,1.00741,-0.178264,0.99968,-0.17646
25.82,1.00611,-0.180241,0.998528,-0.178401
25.83,1.00475,-0.182459,0.997209,-0.180792
25.84,1.00327,-0.184983,0.995666,-0.183543
25.85,1.00166,-0.187788,0.994081,-0.186343
25.86,0.99994,-0.19079,0.992386,-0.189333
25.87,0.998172,-0.193886,0.990644,-0.192409
25.88,0.996429,-0.196983,0.988921,-0.195475
25.89,0.994744,-0.200029,0.987241,-0.19848
25.9,0.993117,-0.203032,0.985595,-0.201442
25.91,0.991527,-0.206031,0.98394,-0.204435
25.92,0.989961,-0.209013,0.982261,-0.207473
25.93,0.988424,-0.211942,0.980595,-0.210487
25.94,0.986951,-0.214793,0.978996,-0.213417
25.95,0.985581,-0.217562,0.977516,-0.216243
25.96,0.984324,-0.220266,0.976166,-0.218967
25.97,0.98317,-0.222915,0.974944,-0.221597
25.98,0.982081,-0.225369,0.973839,-0.224001
25.99,0.9809,-0.227516,0.972711,-0.226058
26,0.979497,-0.229471,0.971399,-0.227879
26.01,0.977988,-0.23125,0.969964,-0.229505
26.02,0.976363,-0.232974,0.968349,-0.231104
26.03,0.974512,-0.234808,0.966313,-0.23299
26.04,0.972391,-0.236828,0.963983,-0.235157
26.05,0.970031,-0.239044,0.961633,-0.237367
26.06,0.967506,-0.241416,0.959127,-0.239728
26.07,0.964902,-0.243854,0.956551,-0.242157
26.08,0.96229,-0.246267,0.953986,-0.244566
26.09,0.959713,-0.248611,0.951469,-0.246919
26.1,0.957164,-0.250889,0.948987,-0.249226
26.11,0.95461,-0.25313,0.946477,-0.251544
26.12,0.952071,-0.255344,0.943931,-0.253894
26.13,0.949578,-0.257519,0.94141,-0.256225
26.14,0.94715,-0.259615,0.938963,-0.258469
26.15,0.944779,-0.261597,0.936591,-0.260575
26.16,0.942446,-0.26346,0.934287,-0.262533
26.17,0.94014,-0.265217,0.932044,-0.264361
26.18,0.937993,-0.266877,0.92998,-0.266047
26.19,0.936161,-0.26855,0.928257,-0.267662
26.2,0.93457,-0.270387,0.926805,-0.269397
26.21,0.933181,-0.272272,0.92558,-0.271187
26.22,0.931876,-0.274247,0.92443,-0.273142
26.23,0.930519,-0.276464,0.923115,-0.275543
26.24,0.929044,-0.278987,0.92158,-0.2783
26.25,0.927434,-0.281791,0.920002,-0.281098
26.26,0.92571,-0.284792,0.918311,-0.284087
26.27,0.923942,-0.287887,0.916571,-0.287161
26.28,0.922199,-0.290983,0.914848,-0.290223
26.29,0.920514,-0.294028,0.913171,-0.293225
26.3,0.918887,-0.29703,0.911525,-0.296185
26.31,0.917297,-0.300027,0.90987,-0.29918
26.32,0.915731,-0.303009,0.908191,-0.302218
26.33,0.914194,-0.305938,0.906525,-0.305231
26.34,0.91272,-0.308789,0.904922,-0.308161
26.35,0.91135,-0.311559,0.903436,-0.310985
26.36,0.910093,-0.314263,0.902078,-0.313702
26.37,0.908939,-0.316912,0.90085,-0.316329
26.38,0.907849,-0.319366,0.899737,-0.31873
26.39,0.906668,-0.321512,0.898605,-0.320788
26.4,0.905266,-0.323466,0.897288,-0.322615
26.41,0.903756,-0.325245,0.895848,-0.324247
26.42,0.902131,-0.326968,0.894228,-0.325853
26.43,0.90028,-0.328801,0.892193,-0.327745
26.44,0.898158,-0.330819,0.889863,-0.329911
26.45,0.895797,-0.333035,0.887517,-0.332109
26.46,0.893272,-0.335406,0.885013,-0.334462
26.47,0.890666,-0.337843,0.882439,-0.336882
26.48,0.888053,-0.340255,0.879871,-0.339286
26.49,0.885475,-0.342598,0.877351,-0.341633
26.5,0.882925,-0.344875,0.874864,-0.343937
26.51,0.880371,-0.347114,0.87235,-0.346253
26.52,0.87783,-0.349328,0.869804,-0.348598
26.53,0.875336,-0.351502,0.867287,-0.350926
26.54,0.872907,-0.353597,0.864844,-0.353165
26.55,0.870535,-0.355579,0.862481,-0.355274
26.56,0.8682,-0.357441,0.860179,-0.35724
26.57,0.865893,-0.359197,0.857936,-0.359077
26.58,0.863745,-0.360857,0.855866,-0.360766
26.59,0.861912,-0.362529,0.854135,-0.362388
26.6,0.860321,-0.364365,0.852672,-0.364123
26.61,0.858932,-0.36625,0.851437,-0.365912
26.62,0.857626,-0.368225,0.850279,-0.367862
26.63,0.856268,-0.370442,0.848952,-0.370255
26.64,0.854792,-0.372965,0.847408,-0.373009
26.65,0.853181,-0.375768,0.845826,-0.375815
26.66,0.851456,-0.378769,0.844135,-0.378808
26.67,0.849687,-0.381864,0.842396,-0.381885
26.68,0.847944,-0.384959,0.840672,-0.38495
26.69,0.846258,-0.388004,0.838989,-0.387955
26.7,0.84463,-0.391006,0.837335,-0.390919
26.71,0.843039,-0.394004,0.835671,-0.393913
26.72,0.841472,-0.396985,0.833984,-0.396954
26.73,0.839934,-0.399914,0.832307,-0.39997
26.74,0.83846,-0.402765,0.830696,-0.402904
26.75,0.837089,-0.405534,0.829208,-0.405729
26.76,0.835831,-0.408239,0.827852,-0.408454
26.77,0.834676,-0.410887,0.826624,-0.411085
26.78,0.833586,-0.413341,0.825511,-0.413488
26.79,0.832404,-0.415487,0.824376,-0.415543
26.8,0.831001,-0.417442,0.823058,-0.417368
26.81,0.82949,-0.41922,0.821618,-0.418997
26.82,0.827865,-0.420943,0.820001,-0.420598
26.83,0.826014,-0.422776,0.817964,-0.422482
26.84,0.823891,-0.424794,0.815631,-0.42465
26.85,0.82153,-0.427009,0.81328,-0.426866
26.86,0.819004,-0.42938,0.810776,-0.429234
26.87,0.816398,-0.431817,0.808202,-0.43167
26.88,0.813785,-0.434229,0.805635,-0.43409
26.89,0.811206,-0.436571,0.803115,-0.43645
26.9,0.808655,-0.438848,0.800628,-0.438765
26.91,0.8061,-0.441087,0.798112,-0.441088
26.92,0.803559,-0.4433,0.795565,-0.443438
26.93,0.801065,-0.445473,0.793043,-0.445766
26.94,0.798635,-0.447569,0.790594,-0.448005
26.95,0.796263,-0.44955,0.788227,-0.450109
26.96,0.793928,-0.451411,0.785928,-0.452066
26.97,0.791621,-0.453167,0.78369,-0.453891
26.98,0.789473,-0.454826,0.781634,-0.455564
26.99,0.787639,-0.456498,0.779917,-0.457162
27,0.786047,-0.458334,0.778471,-0.458872
27.01,0.784658,-0.460219,0.777249,-0.460641
27.02,0.783351,-0.462194,0.776099,-0.462568
27.03,0.781992,-0.46441,0.77478,-0.464939
27.04,0.780517,-0.466933,0.77324,-0.467687
27.05,0.778905,-0.469736,0.771661,-0.470505
27.06,0.777179,-0.472737,0.769973,-0.473511
27.07,0.77541,-0.475831,0.768238,-0.476598
27.08,0.773665,-0.478926,0.766518,-0.479674
27.09,0.771979,-0.48197,0.764841,-0.48269
27.1,0.77035,-0.484972,0.763197,-0.485664
27.11,0.768758,-0.487969,0.761547,-0.488668
27.12,0.767191,-0.49095,0.759874,-0.491715
27.13,0.765652,-0.493879,0.758212,-0.494735
27.14,0.764177,-0.496729,0.756616,-0.497667
27.15,0.762805,-0.499498,0.755141,-0.500487
27.16,0.761547,-0.502202,0.753797,-0.503199
27.17,0.760392,-0.504851,0.752577,-0.505814
27.18,0.7593,-0.507304,0.751465,-0.508197
27.19,0.758118,-0.50945,0.750329,-0.510229
27.2,0.756714,-0.511404,0.749009,-0.512027
27.21,0.755204,-0.513182,0.747564,-0.513624
27.22,0.753578,-0.514905,0.745936,-0.515191
27.23,0.751726,-0.516737,0.743883,-0.517032
27.24,0.749603,-0.518755,0.741554,-0.519178
27.25,0.747241,-0.520969,0.739223,-0.521401
27.26,0.744715,-0.52334,0.736735,-0.523777
27.27,0.742108,-0.525776,0.734177,-0.526222
27.28,0.739494,-0.528187,0.731627,-0.528649
27.29,0.736915,-0.530529,0.729123,-0.531013
27.3,0.734363,-0.532804,0.726653,-0.533331
27.31,0.731808,-0.535043,0.724149,-0.535657
27.32,0.729266,-0.537255,0.721608,-0.53801
27.33,0.726772,-0.539428,0.719088,-0.540339
27.34,0.724342,-0.541523,0.716639,-0.542582
27.35,0.721969,-0.543504,0.714268,-0.544692
27.36,0.719633,-0.545364,0.71196,-0.546653
27.37,0.717326,-0.54712,0.709708,-0.54848
27.38,0.715177,-0.548779,0.707633,-0.550157
27.39,0.713343,-0.55045,0.705895,-0.551762
27.4,0.711751,-0.552286,0.704423,-0.553478
27.41,0.710361,-0.55417,0.703175,-0.555247
27.42,0.709054,-0.556145,0.701998,-0.557168
27.43,0.707695,-0.558361,0.70064,-0.559531
27.44,0.706218,-0.560883,0.699091,-0.562266
27.45,0.704605,-0.563686,0.697533,-0.565077
27.46,0.70288,-0.566686,0.695864,-0.56808
27.47,0.701109,-0.56978,0.694147,-0.571168
27.48,0.699364,-0.572875,0.692443,-0.574243
27.49,0.697677,-0.575919,0.690778,-0.577256
27.5,0.696047,-0.57892,0.689142,-0.580226
27.51,0.694455,-0.581917,0.687494,-0.583224
27.52,0.692887,-0.584897,0.685817,-0.586265
27.53,0.691347,-0.587826,0.68415,-0.589277
27.54,0.689872,-0.590676,0.682547,-0.592206
27.55,0.688499,-0.593445,0.68106,-0.595025
27.56,0.68724,-0.596148,0.679701,-0.597735
27.57,0.686084,-0.598797,0.678471,-0.600348
27.58,0.684993,-0.60125,0.677348,-0.602733
27.59,0.68381,-0.603395,0.676205,-0.604773
27.6,0.682406,-0.605349,0.674876,-0.606581
27.61,0.680894,-0.607127,0.673422,-0.60819
27.62,0.679269,-0.608849,0.671784,-0.609771
27.63,0.677416,-0.610681,0.669718,-0.611624
27.64,0.675293,-0.612698,0.667382,-0.613771
27.65,0.67293,-0.614912,0.665054,-0.615991
27.66,0.670403,-0.617282,0.662569,-0.618365
27.67,0.667796,-0.619717,0.660012,-0.620806
27.68,0.665181,-0.622128,0.657459,-0.623229
27.69,0.662602,-0.624469,0.654951,-0.625592
27.7,0.66005,-0.626744,0.652476,-0.627908
27.71,0.657494,-0.628982,0.649969,-0.630231
27.72,0.654952,-0.631194,0.647426,-0.632581
27.73,0.652456,-0.633367,0.644903,-0.63491
27.74,0.650026,-0.635461,0.642451,-0.637153
27.75,0.647652,-0.637441,0.640075,-0.63926
27.76,0.645317,-0.639301,0.637762,-0.641219
27.77,0.643008,-0.641056,0.635504,-0.643043
27.78,0.640859,-0.642714,0.633418,-0.644723
27.79,0.639025,-0.644385,0.631671,-0.646331
27.8,0.637432,-0.646221,0.630194,-0.648049
27.81,0.636042,-0.648104,0.628943,-0.649816
27.82,0.634735,-0.650079,0.627767,-0.651737
27.83,0.633375,-0.652295,0.62642,-0.654101
27.84,0.631898,-0.654817,0.624872,-0.656836
27.85,0.630284,-0.657619,0.6233,-0.65964
27.86,0.628558,-0.660619,0.621618,-0.662632
27.87,0.626787,-0.663712,0.619888,-0.665708
27.88,0.625041,-0.666807,0.618174,-0.668774
27.89,0.623353,-0.66985,0.616501,-0.671782
27.9,0.621722,-0.672851,0.614859,-0.674748
27.91,0.62013,-0.675847,0.61321,-0.677745
27.92,0.618561,-0.678828,0.611534,-0.680787
27.93,0.61702,-0.681756,0.609869,-0.683803
27.94,0.615544,-0.684606,0.60827,-0.686734
27.95,0.614171,-0.687374,0.606791,-0.689554
27.96,0.612912,-0.690078,0.605441,-0.69227
27.97,0.611755,-0.692726,0.604217,-0.694894
27.98,0.610663,-0.695179,0.603102,-0.697289
27.99,0.60948,-0.697324,0.601962,-0.699339
28,0.608075,-0.699277,0.600638,-0.701156
28.01,0.606563,-0.701055,0.599193,-0.702777
28.02,0.604936,-0.702777,0.597568,-0.704368
28.03,0.603081,-0.704609,0.595521,-0.706238
28.04,0.600954,-0.706627,0.593198,-0.708391
28.05,0.598588,-0.708841,0.590865,-0.710602
28.06,0.596057,-0.71121,0.588372,-0.712965
28.07,0.593444,-0.713644,0.585809,-0.715394
28.08,0.590824,-0.716052,0.583251,-0.717807
28.09,0.588238,-0.718391,0.580737,-0.720161
28.1,0.585677,-0.720664,0.578255,-0.722468
28.11,0.58311,-0.722899,0.575742,-0.72478
28.12,0.580554,-0.725109,0.573194,-0.727112
28.13,0.578047,-0.727279,0.570675,-0.729419
28.14,0.575607,-0.72937,0.568227,-0.73164
28.15,0.573231,-0.731344,0.565863,-0.73372
28.16,0.570897,-0.733194,0.563568,-0.735653
28.17,0.568598,-0.734935,0.561336,-0.737447
28.18,0.566462,-0.736576,0.559287,-0.739086
28.19,0.564643,-0.738226,0.557567,-0.740657
28.2,0.563068,-0.740034,0.556114,-0.742345
28.21,0.561696,-0.741885,0.554893,-0.744086
28.22,0.560407,-0.743827,0.553746,-0.745987
28.23,0.559069,-0.746008,0.552443,-0.748322
28.24,0.557616,-0.748492,0.550942,-0.751016
28.25,0.556027,-0.751253,0.549398,-0.753777
28.26,0.554325,-0.754212,0.547742,-0.756727
28.27,0.552578,-0.757267,0.546036,-0.759766
28.28,0.550853,-0.760327,0.544342,-0.762796
28.29,0.549183,-0.763342,0.542687,-0.765774
28.3,0.547568,-0.76632,0.541061,-0.768713
28.31,0.545987,-0.769295,0.539432,-0.771673
28.32,0.544428,-0.772248,0.537794,-0.774648
28.33,0.542903,-0.775136,0.536177,-0.77757
28.34,0.541454,-0.777935,0.534644,-0.780389
28.35,0.540116,-0.780642,0.533234,-0.783092
28.36,0.538895,-0.783268,0.531951,-0.785682
28.37,0.537775,-0.785824,0.530792,-0.788167
28.38,0.536719,-0.788197,0.529729,-0.790431
28.39,0.535587,-0.790258,0.528657,-0.792349
28.4,0.534249,-0.792112,0.527412,-0.794027
28.41,0.532814,-0.793787,0.526051,-0.795504
28.42,0.531271,-0.795406,0.524527,-0.796942
28.43,0.529513,-0.797129,0.522633,-0.798616
28.44,0.527498,-0.799034,0.520473,-0.800582
28.45,0.525252,-0.801132,0.518274,-0.802659
28.46,0.522842,-0.803383,0.515915,-0.804889
28.47,0.520344,-0.8057,0.513476,-0.807189
28.48,0.517828,-0.807994,0.511029,-0.809472
28.49,0.51534,-0.810223,0.508619,-0.811696
28.5,0.512876,-0.812389,0.506241,-0.813871
28.51,0.510416,-0.814516,0.503856,-0.816032
28.52,0.507986,-0.816606,0.501483,-0.818174
28.53,0.505623,-0.81864,0.499168,-0.82026
28.54,0.503347,-0.820576,0.496943,-0.822246
28.55,0.501151,-0.822381,0.494811,-0.824083
28.56,0.499018,-0.824055,0.492759,-0.825769
28.57,0.496942,-0.825615,0.490778,-0.827316
28.58,0.495046,-0.827076,0.488983,-0.828723
28.59,0.493449,-0.828557,0.487498,-0.830087
28.6,0.49207,-0.830209,0.486249,-0.831592
28.61,0.490876,-0.831918,0.485205,-0.833177
28.62,0.489753,-0.833739,0.484194,-0.834979
28.63,0.488575,-0.835796,0.482977,-0.837283
28.64,0.487278,-0.83814,0.48158,-0.839877
28.65,0.485842,-0.840745,0.480199,-0.842448
28.66,0.48429,-0.843539,0.478703,-0.845208
28.67,0.482688,-0.846427,0.477151,-0.848055
28.68,0.481105,-0.849325,0.475606,-0.850903
28.69,0.479576,-0.852184,0.474094,-0.853708
28.7,0.4781,-0.855017,0.472617,-0.856487
28.71,0.476655,-0.857842,0.471134,-0.859266
28.72,0.475231,-0.860625,0.469656,-0.862021
28.73,0.473852,-0.863328,0.468213,-0.864707
28.74,0.47256,-0.865931,0.466856,-0.867285
28.75,0.471384,-0.868433,0.465624,-0.869745
28.76,0.470317,-0.870843,0.464504,-0.872084
28.77,0.469341,-0.873176,0.463488,-0.874326
28.78,0.468423,-0.875349,0.462561,-0.87639
28.79,0.46744,-0.877214,0.461626,-0.878123
28.8,0.466251,-0.878863,0.460513,-0.879621
28.81,0.464968,-0.88033,0.459286,-0.880927
28.82,0.463586,-0.881736,0.457912,-0.882185
28.83,0.462002,-0.88323,0.456175,-0.883663
28.84,0.460167,-0.884886,0.45418,-0.885375
28.85,0.4581,-0.886717,0.452165,-0.887156
28.86,0.455868,-0.888692,0.449988,-0.889083
28.87,0.453542,-0.890733,0.447727,-0.891083
28.88,0.451192,-0.892756,0.445448,-0.893075
28.89,0.448866,-0.894722,0.443203,-0.895021
28.9,0.446565,-0.896631,0.440995,-0.896918
28.91,0.444277,-0.898503,0.438795,-0.898798
28.92,0.442035,-0.900334,0.436623,-0.900645
28.93,0.439869,-0.902104,0.434517,-0.902432
28.94,0.437803,-0.903771,0.432508,-0.904116
28.95,0.435833,-0.9053,0.430602,-0.905656
28.96,0.433941,-0.906689,0.428784,-0.907046
28.97,0.432127,-0.907955,0.427056,-0.908301
28.98,0.43051,-0.909132,0.425526,-0.909428
28.99,0.429161,-0.910363,0.424275,-0.910554
29,0.427995,-0.911785,0.42321,-0.911858
29.01,0.426989,-0.913279,0.422317,-0.913274
29.02,0.426036,-0.914901,0.421416,-0.914961
29.03,0.425006,-0.916755,0.420231,-0.917206
29.04,0.423839,-0.918878,0.418883,-0.919673
29.05,0.422519,-0.921245,0.417635,-0.922002
29.06,0.421071,-0.923786,0.416256,-0.924503
29.07,0.419562,-0.92642,0.414804,-0.927095
29.08,0.418069,-0.92907,0.413351,-0.929699
29.09,0.416626,-0.931689,0.411927,-0.932269
29.1,0.41523,-0.934285,0.410523,-0.934813
29.11,0.41386,-0.936867,0.409118,-0.937355
29.12,0.41252,-0.939403,0.407725,-0.939859
29.13,0.411239,-0.941856,0.406379,-0.942284
29.14,0.410056,-0.944206,0.405132,-0.944602
29.15,0.408996,-0.946455,0.404002,-0.946806
29.16,0.408052,-0.94861,0.402996,-0.9489
29.17,0.407199,-0.950685,0.402088,-0.950893
29.18,0.406409,-0.952604,0.401267,-0.952713
29.19,0.405566,-0.954213,0.400454,-0.954209
29.2,0.404517,-0.955592,0.399462,-0.955465
29.21,0.403371,-0.956782,0.398362,-0.956515
29.22,0.402129,-0.957903,0.397103,-0.957513
29.23,0.400687,-0.959091,0.395455,-0.958719
29.24,0.398994,-0.960408,0.393551,-0.960105
29.25,0.397063,-0.961871,0.391665,-0.961525
29.26,0.394957,-0.96346,0.389607,-0.96307
29.27,0.392748,-0.965112,0.38745,-0.964682
29.28,0.390505,-0.966749,0.385266,-0.966286
29.29,0.388281,-0.968337,0.383105,-0.967853
29.3,0.386082,-0.969875,0.380979,-0.969387
29.31,0.383904,-0.97138,0.378869,-0.970897
29.32,0.381786,-0.97285,0.376812,-0.97238
29.33,0.379752,-0.974258,0.374834,-0.973799
29.34,0.377827,-0.975567,0.372971,-0.975121
29.35,0.37602,-0.976747,0.371226,-0.976305
29.36,0.374312,-0.977791,0.369584,-0.977342
29.37,0.372706,-0.97871,0.368051,-0.978247
29.38,0.371313,-0.979564,0.366737,-0.979056
29.39,0.370153,-0.980523,0.365664,-0.979925
29.4,0.369135,-0.981699,0.364744,-0.980998
29.41,0.368252,-0.98297,0.363958,-0.982221
29.42,0.367404,-0.98438,0.363111,-0.983764
29.43,0.366458,-0.986008,0.361873,-0.985903
29.44,0.365348,-0.987882,0.360458,-0.988206
29.45,0.364067,-0.989975,0.359222,-0.990269
29.46,0.362642,-0.992224,0.357843,-0.992481
29.47,0.361145,-0.994559,0.356386,-0.994776
29.48,0.359657,-0.996915,0.35492,-0.997094
29.49,0.35822,-0.999251,0.353485,-0.999389
29.5,0.356829,-1.00157,0.352074,-1.00167
29.51,0.355463,-1.00388,0.350665,-1.00394
29.52,0.354134,-1.00614,0.349272,-1.00617
29.53,0.352875,-1.00831,0.347936,-1.00832
29.54,0.351727,-1.01038,0.346708,-1.01036
29.55,0.35071,-1.01236,0.345619,-1.01228
29.56,0.349818,-1.01424,0.344663,-1.0141
29.57,0.349023,-1.01604,0.343821,-1.01582
29.58,0.348301,-1.01769,0.343074,-1.01739
29.59,0.347555,-1.01904,0.342356,-1.01864
29.6,0.346622,-1.02013,0.341479,-1.01963
29.61,0.345601,-1.02102,0.340497,-1.02041
29.62,0.344487,-1.02183,0.339352,-1.02113
29.63,0.343177,-1.02269,0.337803,-1.02202
29.64,0.341619,-1.02363,0.336,-1.02302
29.65,0.339818,-1.02469,0.334234,-1.02402
29.66,0.33783,-1.02584,0.332286,-1.02513
29.67,0.335725,-1.02705,0.330226,-1.0263
29.68,0.333579,-1.02824,0.32813,-1.02746
29.69,0.331448,-1.02939,0.326054,-1.02859
29.7,0.329342,-1.03051,0.324011,-1.02969
29.71,0.327269,-1.03159,0.321997,-1.03077
29.72,0.325263,-1.03265,0.320041,-1.03183
29.73,0.323356,-1.03366,0.318174,-1.03284
29.74,0.321569,-1.03458,0.316433,-1.03376
29.75,0.319912,-1.03538,0.314828,-1.03457
29.76,0.318375,-1.03607,0.313353,-1.03525
29.77,0.316973,-1.03664,0.312018,-1.03581
29.78,0.315794,-1.03719,0.31092,-1.03632
29.79,0.314815,-1.03789,0.310027,-1.03695
29.8,0.313934,-1.03884,0.30924,-1.03783
29.81,0.313164,-1.0399,0.308547,-1.0389
29.82,0.312404,-1.04111,0.307712,-1.04035
29.83,0.311516,-1.04253,0.306369,-1.0424
29.84,0.310438,-1.04415,0.304862,-1.04453
29.85,0.309163,-1.04596,0.303625,-1.04631
29.86,0.307727,-1.0479,0.302228,-1.04823
29.87,0.306204,-1.04992,0.300734,-1.05022
29.88,0.304682,-1.05196,0.299223,-1.05223
29.89,0.303209,-1.05399,0.297741,-1.05423
29.9,0.30178,-1.05601,0.296283,-1.05623
29.91,0.300378,-1.05802,0.294827,-1.05821
29.92,0.299023,-1.05998,0.2934,-1.06015
29.93,0.297755,-1.06186,0.292048,-1.062
29.94,0.296616,-1.06364,0.290819,-1.06376
29.95,0.295625,-1.06533,0.289738,-1.06541
29.96,0.294771,-1.06693,0.288808,-1.06695
29.97,0.294024,-1.06846,0.287999,-1.06841
29.98,0.293365,-1.06986,0.287309,-1.06972
29.99,0.292722,-1.07095,0.286687,-1.07073
30,0.291923,-1.07176,0.285946,-1.07145
30.01,0.29105,-1.07235,0.28512,-1.07195
30.02,0.290094,-1.07287,0.284131,-1.07238
30.03,0.288949,-1.07339,0.282708,-1.0729
30.04,0.287564,-1.07397,0.281024,-1.07351
30.05,0.285937,-1.07461,0.279398,-1.07412
30.06,0.284111,-1.07531,0.277581,-1.07479
30.07,0.282157,-1.07605,0.275645,-1.07551
30.08,0.280154,-1.07678,0.273666,-1.07622
30.09,0.278162,-1.07747,0.271708,-1.07691
30.1,0.276194,-1.07812,0.269779,-1.07756
30.11,0.274262,-1.07876,0.267887,-1.07821
30.12,0.272401,-1.07939,0.266066,-1.07884
30.13,0.270648,-1.07998,0.26435,-1.07943
30.14,0.269021,-1.08051,0.262765,-1.07995
30.15,0.267528,-1.08094,0.261319,-1.08039
30.16,0.266165,-1.08128,0.260003,-1.08073
30.17,0.264957,-1.08153,0.258857,-1.08097
30.18,0.26397,-1.08182,0.257947,-1.08122
30.19,0.263133,-1.08231,0.257214,-1.08163
30.2,0.262334,-1.08307,0.256525,-1.08233
30.21,0.261613,-1.08397,0.255879,-1.08325
30.22,0.260872,-1.08503,0.254986,-1.08458
30.23,0.259974,-1.08626,0.253417,-1.0865
30.24,0.25886,-1.08766,0.251684,-1.08842
30.25,0.257523,-1.0892,0.250345,-1.08996
30.26,0.256011,-1.09084,0.248832,-1.09159
30.27,0.254401,-1.09253,0.247214,-1.09326
30.28,0.252787,-1.09425,0.245577,-1.09496
30.29,0.251221,-1.09596,0.243971,-1.09665
30.3,0.249698,-1.09767,0.242387,-1.09833
30.31,0.248206,-1.09937,0.24081,-1.1
30.32,0.246769,-1.10102,0.239275,-1.10162
30.33,0.24543,-1.10262,0.237831,-1.10319
30.34,0.24423,-1.10414,0.236536,-1.10467
30.35,0.243186,-1.1056,0.235405,-1.10607
30.36,0.242285,-1.107,0.234437,-1.1074
30.37,0.241493,-1.10835,0.233601,-1.10866
30.38,0.240807,-1.10958,0.232902,-1.1098
30.39,0.240175,-1.1105,0.232317,-1.11065
30.4,0.239416,-1.11112,0.231651,-1.1112
30.41,0.238566,-1.11152,0.23088,-1.11151
30.42,0.237649,-1.11182,0.229946,-1.11171
30.43,0.236546,-1.1121,0.228536,-1.11193
30.44,0.235203,-1.11239,0.226824,-1.11221
30.45,0.233615,-1.1127,0.225207,-1.1125
30.46,0.23182,-1.11304,0.223393,-1.11283
30.47,0.229892,-1.1134,0.22145,-1.11318
30.48,0.227915,-1.11374,0.219464,-1.11352
30.49,0.225952,-1.11405,0.2175,-1.11384
30.5,0.224012,-1.11433,0.215569,-1.11415
30.51,0.222102,-1.11461,0.213675,-1.11445
30.52,0.220253,-1.11489,0.211842,-1.11475
30.53,0.218504,-1.11514,0.210109,-1.11503
30.54,0.21688,-1.11535,0.208509,-1.11525
30.55,0.21539,-1.11548,0.207055,-1.1154
30.56,0.214035,-1.11554,0.205752,-1.11548
30.57,0.212853,-1.11555,0.20464,-1.11548
30.58,0.211885,-1.11564,0.20377,-1.11553
30.59,0.211018,-1.11597,0.203038,-1.11578
30.6,0.210131,-1.11657,0.202295,-1.11633
30.61,0.209285,-1.11734,0.201544,-1.11712
30.62,0.208384,-1.11825,0.200463,-1.11828
30.63,0.207295,-1.11932,0.198584,-1.11991
30.64,0.205963,-1.12052,0.196519,-1.12152
30.65,0.204388,-1.12182,0.194918,-1.12283
30.66,0.202624,-1.12318,0.193127,-1.1242
30.67,0.200753,-1.12458,0.191229,-1.12561
30.68,0.198876,-1.126,0.189312,-1.12702
30.69,0.197046,-1.12743,0.187429,-1.12843
30.7,0.195259,-1.12886,0.185574,-1.12983
30.71,0.193504,-1.13029,0.18373,-1.13122
30.72,0.191808,-1.13169,0.181938,-1.13258
30.73,0.190219,-1.13304,0.180252,-1.13388
30.74,0.188777,-1.13435,0.178719,-1.13512
30.75,0.187499,-1.13562,0.17737,-1.13632
30.76,0.18637,-1.13686,0.176193,-1.13746
30.77,0.185358,-1.13807,0.175168,-1.13856
30.78,0.184473,-1.13918,0.174301,-1.13956
30.79,0.183695,-1.13998,0.173604,-1.14029
30.8,0.182847,-1.14047,0.172886,-1.1407
30.81,0.181945,-1.14072,0.172117,-1.14086
30.82,0.180996,-1.14086,0.171209,-1.14088
30.83,0.179866,-1.14095,0.169803,-1.14083
30.84,0.1785,-1.141,0.168151,-1.14081
30.85,0.176887,-1.14103,0.166502,-1.14082
30.86,0.175067,-1.14105,0.164656,-1.14084
30.87,0.173112,-1.14106,0.162683,-1.14085
30.88,0.171112,-1.14104,0.160674,-1.14084
30.89,0.16913,-1.141,0.158694,-1.14082
30.9,0.167175,-1.14095,0.15675,-1.14079
30.91,0.165252,-1.14088,0.154837,-1.14077
30.92,0.163387,-1.14083,0.152983,-1.14075
30.93,0.161624,-1.14077,0.151232,-1.14073
30.94,0.159993,-1.14069,0.14962,-1.14067
30.95,0.158505,-1.14056,0.14817,-1.14056
30.96,0.157163,-1.14038,0.146881,-1.14039
30.97,0.155999,-1.14018,0.145783,-1.14019
30.98,0.155031,-1.1401,0.144913,-1.14008
30.99,0.154121,-1.14026,0.14414,-1.14019
31,0.15314,-1.1407,0.143313,-1.14059
31.01,0.152171,-1.1413,0.142437,-1.14123
31.02,0.151121,-1.14204,0.141167,-1.14216
31.03,0.149859,-1.1429,0.139018,-1.14341
31.04,0.148334,-1.14384,0.136674,-1.14461
31.05,0.146552,-1.14484,0.134849,-1.14562
31.06,0.144573,-1.14587,0.13283,-1.14665
31.07,0.142483,-1.14691,0.1307,-1.14769
31.08,0.140382,-1.14798,0.128549,-1.14874
31.09,0.138327,-1.14906,0.126433,-1.14979
31.1,0.136314,-1.15015,0.124344,-1.15084
31.11,0.134332,-1.15124,0.122275,-1.15187
31.12,0.132414,-1.15231,0.120262,-1.15288
31.13,0.130608,-1.15336,0.11837,-1.15386
31.14,0.128956,-1.15439,0.116641,-1.15481
31.15,0.127469,-1.15542,0.115107,-1.15573
31.16,0.126137,-1.15644,0.113754,-1.15664
31.17,0.124924,-1.15745,0.112558,-1.15754
31.18,0.123854,-1.15838,0.111538,-1.15837
31.19,0.122943,-1.15904,0.110741,-1.15896
31.2,0.122021,-1.15937,0.109973,-1.15925
31.21,0.121128,-1.15947,0.109227,-1.15928
31.22,0.1202,-1.15945,0.108355,-1.15915
31.23,0.119096,-1.15935,0.106987,-1.15884
31.24,0.117761,-1.15917,0.105291,-1.15849
31.25,0.116188,-1.15892,0.103672,-1.15821
31.26,0.114412,-1.15862,0.10186,-1.1579
31.27,0.112506,-1.15829,0.0999271,-1.15756
31.28,0.11056,-1.15793,0.0979608,-1.1572
31.29,0.108635,-1.15755,0.0960233,-1.15683
31.3,0.10674,-1.15715,0.094124,-1.15645
31.31,0.104874,-1.15675,0.0922554,-1.15608
31.32,0.103061,-1.15636,0.0904441,-1.15573
31.33,0.101346,-1.156,0.0887346,-1.15539
31.34,0.0997658,-1.15562,0.0871692,-1.15505
31.35,0.0983322,-1.15523,0.0857661,-1.15468
31.36,0.0970507,-1.15481,0.0845356,-1.15429
31.37,0.0959487,-1.1544,0.0835008,-1.1539
31.38,0.0950186,-1.15414,0.0826764,-1.15364
31.39,0.0940972,-1.15414,0.0819064,-1.15362
31.4,0.0930554,-1.1544,0.0810195,-1.15388
31.41,0.0919493,-1.15481,0.0800101,-1.15435
31.42,0.0907421,-1.15534,0.078602,-1.15504
31.43,0.0893102,-1.15595,0.0763238,-1.15591
31.44,0.0876076,-1.1566,0.0738413,-1.15669
31.45,0.0856423,-1.15727,0.0718368,-1.15734
31.46,0.0834776,-1.15793,0.069633,-1.15799
31.47,0.0812009,-1.15858,0.0673157,-1.15863
31.48,0.0789096,-1.15925,0.0649795,-1.15927
31.49,0.0766615,-1.15995,0.0626807,-1.15993
31.5,0.0744534,-1.16066,0.0604101,-1.16058
31.51,0.07228,-1.16138,0.0581606,-1.16123
31.52,0.0701761,-1.16208,0.0559782,-1.16186
31.53,0.0681899,-1.16278,0.0539229,-1.16248
31.54,0.0663587,-1.16349,0.0520355,-1.16309
31.55,0.0646936,-1.16422,0.0503386,-1.16373
31.56,0.0631819,-1.16497,0.0488308,-1.16438
31.57,0.0617918,-1.16572,0.0474847,-1.16502
31.58,0.0605525,-1.16643,0.0463253,-1.16564
31.59,0.0595203,-1.16691,0.0454289,-1.16607
31.6,0.0585425,-1.16705,0.0446214,-1.16619
31.61,0.0576386,-1.16699,0.0438998,-1.16608
31.62,0.0567262,-1.1668,0.0430875,-1.16578
31.63,0.0556585,-1.1665,0.0418283,-1.16524
31.64,0.05438,-1.16609,0.0402445,-1.1646
31.65,0.0528786,-1.16556,0.0387003,-1.16404
31.66,0.051185,-1.16495,0.0369721,-1.16341
31.67,0.0493684,-1.16428,0.035129,-1.16274
31.68,0.047518,-1.16358,0.0332563,-1.16203
31.69,0.0456938,-1.16285,0.0314146,-1.16132
31.7,0.0439015,-1.16212,0.0296089,-1.16062
31.71,0.0421378,-1.16139,0.0278319,-1.15993
31.72,0.0404233,-1.16069,0.0261051,-1.15926
31.73,0.0388038,-1.16002,0.0244803,-1.15863
31.74,0.0373172,-1.15937,0.0230013,-1.15801
31.75,0.035979,-1.15873,0.0216893,-1.1574
31.76,0.0347949,-1.15808,0.0205467,-1.1568
31.77,0.0337855,-1.15749,0.0196009,-1.15623
31.78,0.032918,-1.15707,0.0188426,-1.15583
31.79,0.0320126,-1.1569,0.0180955,-1.15568
31.8,0.0309422,-1.15697,0.0171873,-1.15577
31.81,0.0297803,-1.15717,0.0161199,-1.15605
31.82,0.0284964,-1.15748,0.0146112,-1.15647
31.83,0.0269774,-1.15783,0.012204,-1.1569
31.84,0.0251847,-1.15817,0.0097819,-1.15722
31.85,0.0231315,-1.15847,0.00769071,-1.15752
31.86,0.0208834,-1.15874,0.00540852,-1.15778
31.87,0.018526,-1.15897,0.00301768,-1.158
31.88,0.016151,-1.15922,0.000609061,-1.15822
31.89,0.0138146,-1.15951,-0.00176583,-1.15845
31.9,0.0115145,-1.15981,-0.00410741,-1.15869
31.91,0.0092483,-1.16013,-0.00642792,-1.15892
31.92,0.00705269,-1.16044,-0.00867443,-1.15915
31.93,0.00497446,-1.16078,-0.0107979,-1.15939
31.94,0.00304738,-1.16115,-0.0127514,-1.15965
31.95,0.00128012,-1.16157,-0.0145138,-1.15996
31.96,-0.000339834,-1.16203,-0.0160987,-1.16032
31.97,-0.00184214,-1.16253,-0.0175288,-1.16072
31.98,-0.00318701,-1.16301,-0.0187733,-1.16112
31.99,-0.0042862,-1.16329,-0.0197282,-1.16137
32,-0.00527403,-1.16326,-0.0205324,-1.16135
32.01,-0.00615132,-1.16303,-0.0212196,-1.16111
32.02,-0.00701609,-1.16268,-0.0219668,-1.16068
32.03,-0.00801389,-1.1622,-0.0230977,-1.15993
32.04,-0.00919744,-1.16156,-0.0245381,-1.15901
32.05,-0.01058,-1.16077,-0.0259519,-1.15819
32.06,-0.0121371,-1.15986,-0.0275339,-1.15725
32.07,-0.0138051,-1.15888,-0.0292227,-1.15625
32.08,-0.0154992,-1.15786,-0.0309343,-1.15522
32.09,-0.0171641,-1.15682,-0.0326145,-1.15418
32.1,-0.0187955,-1.15577,-0.0342616,-1.15316
32.11,-0.0203997,-1.15474,-0.0358821,-1.15216
32.12,-0.0219604,-1.15374,-0.0374606,-1.1512
32.13,-0.0234333,-1.15279,-0.038948,-1.15028
32.14,-0.0247785,-1.15189,-0.0402921,-1.1494
32.15,-0.025979,-1.15101,-0.0414756,-1.14857
32.16,-0.0270286,-1.15017,-0.0424896,-1.14777
32.17,-0.0279143,-1.1494,-0.0433185,-1.14706
32.18,-0.0286926,-1.14883,-0.0439932,-1.14654
32.19,-0.0295537,-1.14851,-0.0447114,-1.14626
32.2,-0.0306181,-1.14838,-0.0456294,-1.1462
32.21,-0.0317603,-1.1484,-0.0467083,-1.14631
32.22,-0.0330457,-1.1485,-0.0482807,-1.14649
32.23,-0.0345722,-1.14858,-0.0507647,-1.14649
32.24,-0.0363689,-1.1486,-0.0533888,-1.14635
32.25,-0.0384152,-1.14854,-0.0554817,-1.14627
32.26,-0.040645,-1.14841,-0.0577527,-1.14612
32.27,-0.0429773,-1.14823,-0.0601248,-1.14592
32.28,-0.0453295,-1.14806,-0.0625139,-1.14572
32.29,-0.0476495,-1.14793,-0.0648694,-1.14553
32.3,-0.04994,-1.14783,-0.0671953,-1.14536
32.31,-0.0522026,-1.14775,-0.0694949,-1.14519
32.32,-0.0543999,-1.14768,-0.0717291,-1.14503
32.33,-0.056487,-1.14765,-0.0738414,-1.1449
32.34,-0.0584339,-1.14768,-0.0757889,-1.14482
32.35,-0.0602343,-1.1478,-0.0775621,-1.14483
32.36,-0.0619003,-1.14799,-0.0791647,-1.14492
32.37,-0.0634584,-1.14823,-0.0806281,-1.14507
32.38,-0.0648551,-1.14847,-0.0818984,-1.14525
32.39,-0.0659758,-1.14857,-0.0828594,-1.14534
32.4,-0.0669344,-1.14837,-0.0836259,-1.14517
32.41,-0.0677821,-1.14797,-0.084275,-1.14478
32.42,-0.0685899,-1.14745,-0.0849372,-1.14419
32.43,-0.0694996,-1.14678,-0.0859159,-1.14323
32.44,-0.070562,-1.14592,-0.087175,-1.14206
32.45,-0.0717923,-1.14488,-0.0884333,-1.14097
32.46,-0.0731739,-1.14369,-0.0898374,-1.13976
32.47,-0.0746517,-1.14242,-0.0913339,-1.13846
32.48,-0.0761476,-1.14109,-0.0928474,-1.13712
32.49,-0.0776128,-1.13976,-0.0943297,-1.13579
32.5,-0.079044,-1.13843,-0.0957781,-1.13448
32.51,-0.0804496,-1.13711,-0.0972048,-1.1332
32.52,-0.0818179,-1.13585,-0.0985984,-1.13196
32.53,-0.0831073,-1.13465,-0.0999069,-1.13079
32.54,-0.0842781,-1.13351,-0.101083,-1.12968
32.55,-0.0853125,-1.13244,-0.102111,-1.12865
32.56,-0.0862038,-1.13142,-0.10298,-1.12769
32.57,-0.0869474,-1.13051,-0.103684,-1.12683
32.58,-0.0876191,-1.12981,-0.104266,-1.1262
32.59,-0.0884126,-1.12933,-0.104927,-1.1258
32.6,-0.0894377,-1.12902,-0.105821,-1.12557
32.61,-0.0905624,-1.12883,-0.106898,-1.1255
32.62,-0.0918392,-1.1287,-0.108464,-1.12539
32.63,-0.0933497,-1.12851,-0.11089,-1.12496
32.64,-0.0951156,-1.12822,-0.113425,-1.12436
32.65,-0.0971129,-1.1278,-0.11546,-1.1239
32.66,-0.0992778,-1.12727,-0.117661,-1.12335
32.67,-0.101536,-1.12668,-0.119955,-1.12272
32.68,-0.103817,-1.12609,-0.122268,-1.12209
32.69,-0.106072,-1.12555,-0.124548,-1.12149
32.7,-0.108305,-1.12505,-0.126801,-1.1209
32.71,-0.110514,-1.12457,-0.129032,-1.12032
32.72,-0.112663,-1.12411,-0.131203,-1.11975
32.73,-0.114711,-1.12371,-0.133262,-1.11923
32.74,-0.116633,-1.1234,-0.135174,-1.11881
32.75,-0.118426,-1.12319,-0.136929,-1.1185
32.76,-0.1201,-1.12308,-0.138534,-1.1183
32.77,-0.121677,-1.12305,-0.140011,-1.11818
32.78,-0.123095,-1.12304,-0.141307,-1.11813
32.79,-0.124214,-1.12294,-0.142276,-1.11805
32.8,-0.125121,-1.12258,-0.143012,-1.11776
32.81,-0.125858,-1.12206,-0.143568,-1.1173
32.82,-0.126545,-1.12144,-0.144106,-1.11663
32.83,-0.12731,-1.12064,-0.14491,-1.11552
32.84,-0.128194,-1.11962,-0.145922,-1.11422
32.85,-0.129212,-1.1184,-0.146973,-1.11294
32.86,-0.130352,-1.11701,-0.14814,-1.1115
32.87,-0.13157,-1.1155,-0.14938,-1.10997
32.88,-0.132796,-1.11395,-0.150629,-1.1084
32.89,-0.133991,-1.11239,-0.151847,-1.10683
32.9,-0.135152,-1.11084,-0.153035,-1.1053
32.91,-0.136292,-1.10931,-0.154205,-1.10378
32.92,-0.137405,-1.10783,-0.155344,-1.10231
32.93,-0.138452,-1.10643,-0.156405,-1.10092
32.94,-0.139394,-1.1051,-0.157352,-1.09963
32.95,-0.140213,-1.10386,-0.158163,-1.09843
32.96,-0.140901,-1.10271,-0.158829,-1.09733
32.97,-0.141462,-1.10167,-0.159345,-1.09637
32.98,-0.141992,-1.10087,-0.159777,-1.09564
32.99,-0.142684,-1.10026,-0.16033,-1.09513
33,-0.143636,-1.09976,-0.161145,-1.09476
33.01,-0.144711,-1.09938,-0.162173,-1.09449
33.02,-0.145947,-1.09902,-0.163678,-1.09411
33.03,-0.147404,-1.09856,-0.165978,-1.09325
33.04,-0.149094,-1.09795,-0.168372,-1.09219
33.05,-0.150989,-1.09717,-0.170313,-1.09136
33.06,-0.153029,-1.09626,-0.172394,-1.09041
33.07,-0.15515,-1.09528,-0.174551,-1.08937
33.08,-0.157294,-1.09429,-0.176726,-1.08833
33.09,-0.15942,-1.09336,-0.178876,-1.08731
33.1,-0.161531,-1.09246,-0.181002,-1.08632
33.11,-0.163621,-1.09159,-0.183098,-1.08534
33.12,-0.165657,-1.09076,-0.185134,-1.08439
33.13,-0.167603,-1.08999,-0.187066,-1.08351
33.14,-0.16944,-1.08934,-0.188867,-1.08275
33.15,-0.171167,-1.08882,-0.190531,-1.08213
33.16,-0.172795,-1.08841,-0.192065,-1.08165
33.17,-0.17434,-1.08808,-0.193487,-1.08127
33.18,-0.175736,-1.08782,-0.194744,-1.081
33.19,-0.176821,-1.08752,-0.195671,-1.08076
33.2,-0.177652,-1.087,-0.196325,-1.08034
33.21,-0.178287,-1.08636,-0.196774,-1.07979
33.22,-0.178853,-1.08563,-0.197179,-1.07904
33.23,-0.179464,-1.0847,-0.197761,-1.0778
33.24,-0.180154,-1.08355,-0.198536,-1.07627
33.25,-0.180937,-1.08216,-0.199336,-1.07483
33.26,-0.181812,-1.08059,-0.200222,-1.07321
33.27,-0.182743,-1.07889,-0.201165,-1.07149
33.28,-0.183674,-1.07715,-0.202112,-1.06973
33.29,-0.184573,-1.07541,-0.203038,-1.06798
33.3,-0.18544,-1.07368,-0.203942,-1.06626
33.31,-0.18629,-1.07197,-0.204832,-1.06457
33.32,-0.187121,-1.07032,-0.205703,-1.06293
33.33,-0.187901,-1.06875,-0.206516,-1.06139
33.34,-0.188593,-1.06728,-0.207231,-1.05995
33.35,-0.189178,-1.06591,-0.207829,-1.05863
33.36,-0.189649,-1.06465,-0.208299,-1.05742
33.37,-0.190016,-1.06354,-0.208644,-1.05637
33.38,-0.190394,-1.06265,-0.208949,-1.05557
33.39,-0.190968,-1.06193,-0.209413,-1.05497
33.4,-0.191815,-1.06128,-0.210159,-1.05444
33.41,-0.192822,-1.06067,-0.211142,-1.05396
33.42,-0.19399,-1.06005,-0.212547,-1.0533
33.43,-0.195358,-1.05932,-0.214622,-1.05207
33.44,-0.196929,-1.05839,-0.216764,-1.05062
33.45,-0.198674,-1.05727,-0.218537,-1.04946
33.46,-0.200537,-1.05599,-0.220426,-1.04815
33.47,-0.202466,-1.05462,-0.222376,-1.04674
33.48,-0.204417,-1.05324,-0.224345,-1.04532
33.49,-0.206359,-1.05192,-0.226291,-1.04393
33.5,-0.208291,-1.05064,-0.228214,-1.04257
33.51,-0.210204,-1.04938,-0.230115,-1.04122
33.52,-0.212066,-1.04818,-0.231951,-1.03991
33.53,-0.21385,-1.04706,-0.233692,-1.03868
33.54,-0.215544,-1.04607,-0.235326,-1.03759
33.55,-0.217151,-1.04522,-0.236852,-1.03667
33.56,-0.218678,-1.0445,-0.238273,-1.0359
33.57,-0.220137,-1.04389,-0.239595,-1.03525
33.58,-0.221463,-1.04336,-0.240781,-1.03473
33.59,-0.222477,-1.04285,-0.24165,-1.0343
33.6,-0.223202,-1.04218,-0.242221,-1.03375
33.61,-0.223713,-1.04143,-0.242563,-1.03311
33.62,-0.224136,-1.0406,-0.24282,-1.03228
33.63,-0.224568,-1.03958,-0.243155,-1.03097
33.64,-0.225038,-1.03832,-0.243641,-1.02933
33.65,-0.225559,-1.03682,-0.244173,-1.02779
33.66,-0.226137,-1.03511,-0.244762,-1.02605
33.67,-0.226748,-1.03328,-0.245388,-1.02418
33.68,-0.227349,-1.03139,-0.246005,-1.02228
33.69,-0.227919,-1.02951,-0.246597,-1.0204
33.7,-0.22846,-1.02765,-0.247172,-1.01855
33.71,-0.228988,-1.02582,-0.247739,-1.01672
33.72,-0.229508,-1.02404,-0.248298,-1.01496
33.73,-0.229994,-1.02236,-0.248816,-1.01329
33.74,-0.230411,-1.02079,-0.249254,-1.01176
33.75,-0.230741,-1.01935,-0.249596,-1.01035
33.76,-0.230977,-1.01802,-0.249838,-1.00908
33.77,-0.231139,-1.01686,-0.249991,-1.008
33.78,-0.231352,-1.01592,-0.25016,-1.00716
33.79,-0.231787,-1.01511,-0.250514,-1.00649
33.8,-0.232504,-1.01431,-0.25116,-1.00583
33.81,-0.233377,-1.01357,-0.252037,-1.00521
33.82,-0.234408,-1.0128,-0.253334,-1.00431
33.83,-0.235612,-1.01186,-0.255208,-1.00266
33.84,-0.236981,-1.01069,-0.256987,-1.00097
33.85,-0.238484,-1.0093,-0.258522,-0.999554
33.86,-0.240074,-1.00773,-0.260142,-0.997959
33.87,-0.241714,-1.00606,-0.261802,-0.996258
33.88,-0.243376,-1.00439,-0.263474,-0.994545
33.89,-0.245037,-1.00277,-0.265128,-0.992867
33.9,-0.246698,-1.00118,-0.266765,-0.991222
33.91,-0.248348,-0.999633,-0.268378,-0.989593
33.92,-0.24996,-0.998137,-0.269944,-0.988004
33.93,-0.251514,-0.996742,-0.271437,-0.986513
33.94,-0.253003,-0.995486,-0.272849,-0.985176
33.95,-0.254435,-0.994388,-0.274182,-0.984013
33.96,-0.255814,-0.993433,-0.275434,-0.983021
33.97,-0.257147,-0.992589,-0.276617,-0.98217
33.98,-0.258362,-0.991856,-0.277672,-0.981471
33.99,-0.25927,-0.99119,-0.278423,-0.980903
34,-0.259864,-0.990412,-0.278864,-0.980267
34.01,-0.260235,-0.989592,-0.279062,-0.979581
34.02,-0.260505,-0.988704,-0.279145,-0.978713
34.03,-0.260751,-0.987622,-0.279226,-0.97731
34.04,-0.26099,-0.986297,-0.279409,-0.975595
34.05,-0.261235,-0.984723,-0.27966,-0.974006
34.06,-0.2615,-0.982943,-0.279929,-0.972219
34.07,-0.261775,-0.98103,-0.280209,-0.970304
34.08,-0.262031,-0.979067,-0.280475,-0.968346
34.09,-0.262258,-0.977119,-0.280722,-0.966409
34.1,-0.26246,-0.975194,-0.280954,-0.964503
34.11,-0.262653,-0.973297,-0.281183,-0.962627
34.12,-0.262849,-0.971456,-0.281419,-0.960807
34.13,-0.263027,-0.969715,-0.281632,-0.959084
34.14,-0.263158,-0.968098,-0.281791,-0.957489
34.15,-0.263224,-0.966615,-0.281887,-0.956041
34.16,-0.263221,-0.965269,-0.281908,-0.954741
34.17,-0.263173,-0.964097,-0.281865,-0.953624
34.18,-0.263215,-0.963134,-0.281882,-0.952748
34.19,-0.263498,-0.962259,-0.282116,-0.951991
34.2,-0.264059,-0.961347,-0.282637,-0.951211
34.21,-0.264784,-0.960466,-0.283393,-0.950408
34.22,-0.265657,-0.959522,-0.284503,-0.949233
34.23,-0.266671,-0.958381,-0.286063,-0.947208
34.24,-0.267807,-0.956992,-0.287596,-0.945031
34.25,-0.269034,-0.955356,-0.288854,-0.943381
34.26,-0.270316,-0.953529,-0.290164,-0.941543
34.27,-0.271628,-0.951594,-0.291495,-0.939594
34.28,-0.272962,-0.949652,-0.292834,-0.937629
34.29,-0.274304,-0.947758,-0.294162,-0.935699
34.3,-0.275654,-0.945906,-0.295477,-0.933798
34.31,-0.276999,-0.944086,-0.296769,-0.931916
34.32,-0.278317,-0.942327,-0.298017,-0.930084
34.33,-0.279595,-0.940676,-0.299205,-0.928358
34.34,-0.280835,-0.939174,-0.300341,-0.926793
34.35,-0.282047,-0.937836,-0.301429,-0.92541
34.36,-0.283233,-0.93665,-0.302461,-0.924205
34.37,-0.284392,-0.935581,-0.303451,-0.92314
34.38,-0.285456,-0.934642,-0.304342,-0.922241
34.39,-0.28623,-0.933824,-0.304962,-0.921524
34.4,-0.286675,-0.932952,-0.305259,-0.920791
34.41,-0.286889,-0.932039,-0.305305,-0.920012
34.42,-0.286989,-0.931086,-0.305203,-0.919099
34.43,-0.287029,-0.929955,-0.305007,-0.917689
34.44,-0.28702,-0.928589,-0.304867,-0.915957
34.45,-0.286974,-0.926979,-0.304818,-0.914321
34.46,-0.286911,-0.925162,-0.304754,-0.912488
34.47,-0.286834,-0.92321,-0.304683,-0.910528
34.48,-0.286731,-0.921215,-0.304592,-0.908531
34.49,-0.286604,-0.919239,-0.304485,-0.906558
34.5,-0.286457,-0.917291,-0.304376,-0.904617
34.51,-0.286309,-0.915375,-0.304273,-0.902706
34.52,-0.286174,-0.913516,-0.304183,-0.900852
34.53,-0.28604,-0.91176,-0.304088,-0.899102
34.54,-0.285883,-0.910136,-0.303963,-0.897495
34.55,-0.285688,-0.908657,-0.303799,-0.896044
34.56,-0.285449,-0.907326,-0.303592,-0.894758
34.57,-0.285197,-0.906173,-0.303359,-0.893668
34.58,-0.285069,-0.905212,-0.30322,-0.892803
34.59,-0.285193,-0.904296,-0.30331,-0.892018
34.6,-0.285585,-0.903297,-0.303683,-0.89116
34.61,-0.286143,-0.902303,-0.304286,-0.890245
34.62,-0.286836,-0.901222,-0.305177,-0.888911
34.63,-0.287631,-0.899923,-0.30636,-0.886689
34.64,-0.288503,-0.898359,-0.307478,-0.884294
34.65,-0.28942,-0.896534,-0.30841,-0.88244
34.66,-0.290357,-0.894512,-0.309362,-0.880389
34.67,-0.291304,-0.892378,-0.310315,-0.878224
34.68,-0.292272,-0.890232,-0.311272,-0.876041
34.69,-0.293257,-0.888131,-0.312225,-0.87389
34.7,-0.294257,-0.886071,-0.313169,-0.871771
34.71,-0.295258,-0.884043,-0.314094,-0.869669
34.72,-0.296244,-0.882079,-0.314991,-0.867631
34.73,-0.297209,-0.880228,-0.315855,-0.865714
34.74,-0.298165,-0.87853,-0.316699,-0.863958
34.75,-0.299122,-0.876999,-0.317531,-0.862396
34.76,-0.300081,-0.875622,-0.31835,-0.861015
34.77,-0.301035,-0.874365,-0.319152,-0.859786
34.78,-0.301918,-0.873253,-0.319894,-0.858737
34.79,-0.302535,-0.872314,-0.320405,-0.857919
34.8,-0.302819,-0.871379,-0.320603,-0.857146
34.81,-0.302879,-0.870483,-0.320557,-0.856415
34.82,-0.30282,-0.869556,-0.320332,-0.855556
34.83,-0.30267,-0.868458,-0.319912,-0.854209
34.84,-0.302429,-0.867133,-0.319511,-0.852611
34.85,-0.302105,-0.865574,-0.319168,-0.851018
34.86,-0.301728,-0.863814,-0.318773,-0.849233
34.87,-0.301313,-0.861925,-0.318349,-0.847326
34.88,-0.300864,-0.859998,-0.317899,-0.845388
34.89,-0.300392,-0.858093,-0.317444,-0.84348
34.9,-0.299905,-0.856219,-0.31699,-0.841604
34.91,-0.29942,-0.854374,-0.316544,-0.83976
34.92,-0.298956,-0.85258,-0.316123,-0.837966
34.93,-0.29851,-0.850886,-0.315715,-0.836276
34.94,-0.298064,-0.849324,-0.315303,-0.834729
34.95,-0.297605,-0.847911,-0.314885,-0.833341
34.96,-0.297128,-0.84665,-0.314454,-0.832121
34.97,-0.296671,-0.845569,-0.314039,-0.831102
34.98,-0.296371,-0.844651,-0.313759,-0.830286
34.99,-0.296328,-0.843731,-0.313726,-0.829508
35,-0.296534,-0.842679,-0.31396,-0.828606
35.01,-0.296904,-0.841599,-0.314405,-0.827602
35.02,-0.297391,-0.840407,-0.315048,-0.826144
35.03,-0.29794,-0.838981,-0.315807,-0.82376
35.04,-0.298517,-0.83728,-0.316466,-0.821223
35.05,-0.299093,-0.835316,-0.317054,-0.819235
35.06,-0.299653,-0.833153,-0.317626,-0.817052
35.07,-0.300203,-0.83088,-0.318178,-0.814754
35.08,-0.300771,-0.828592,-0.318733,-0.812436
35.09,-0.301364,-0.826345,-0.319291,-0.810151
35.1,-0.301978,-0.824136,-0.319843,-0.807897
35.11,-0.3026,-0.821958,-0.32038,-0.805668
35.12,-0.303218,-0.819847,-0.320896,-0.803504
35.13,-0.303835,-0.817852,-0.321399,-0.801457
35.14,-0.30447,-0.816009,-0.32191,-0.79958
35.15,-0.305136,-0.81433,-0.322442,-0.797888
35.16,-0.30583,-0.812802,-0.322996,-0.796384
35.17,-0.306541,-0.811393,-0.323561,-0.795032
35.18,-0.307207,-0.810139,-0.324096,-0.793865
35.19,-0.307645,-0.809101,-0.324443,-0.792964
35.2,-0.307757,-0.808128,-0.324478,-0.79216
35.21,-0.307655,-0.807234,-0.324285,-0.791444
35.22,-0.307433,-0.806333,-0.323899,-0.790628
35.23,-0.307091,-0.805279,-0.323235,-0.78937
35.24,-0.306618,-0.804019,-0.322501,-0.787799
35.25,-0.306023,-0.802543,-0.32189,-0.786298
35.26,-0.30534,-0.800879,-0.321193,-0.784616
35.27,-0.304596,-0.799095,-0.320441,-0.782821
35.28,-0.303811,-0.797279,-0.319658,-0.780994
35.29,-0.303009,-0.79549,-0.318874,-0.779199
35.3,-0.302198,-0.793733,-0.318093,-0.777441
35.31,-0.301392,-0.792005,-0.317323,-0.775713
35.32,-0.300618,-0.790324,-0.316585,-0.774031
35.33,-0.299879,-0.788736,-0.315882,-0.772446
35.34,-0.299162,-0.787281,-0.315203,-0.771002
35.35,-0.29846,-0.785972,-0.314543,-0.76972
35.36,-0.297767,-0.784818,-0.313898,-0.768608
35.37,-0.297126,-0.783836,-0.313299,-0.767687
35.38,-0.296668,-0.782987,-0.312873,-0.766946
35.39,-0.296462,-0.78209,-0.312698,-0.766197
35.4,-0.296478,-0.781019,-0.31276,-0.765284
35.41,-0.296629,-0.779852,-0.31299,-0.76421
35.42,-0.296878,-0.778558,-0.313348,-0.76269
35.43,-0.297154,-0.777027,-0.31367,-0.760272
35.44,-0.297411,-0.775223,-0.313862,-0.757687
35.45,-0.297622,-0.77316,-0.314074,-0.755603
35.46,-0.297781,-0.770905,-0.314238,-0.753326
35.47,-0.297911,-0.768541,-0.314367,-0.750941
35.48,-0.298054,-0.766159,-0.314493,-0.748534
35.49,-0.298228,-0.763815,-0.314622,-0.746157
35.5,-0.298429,-0.761505,-0.314752,-0.743815
35.51,-0.298642,-0.759228,-0.314876,-0.741496
35.52,-0.298861,-0.757021,-0.314986,-0.739244
35.53,-0.299099,-0.75493,-0.315101,-0.737113
35.54,-0.299381,-0.752987,-0.315252,-0.735151
35.55,-0.299719,-0.751202,-0.315453,-0.733371
35.56,-0.300112,-0.749562,-0.315705,-0.731771
35.57,-0.30054,-0.748039,-0.315997,-0.730328
35.58,-0.300955,-0.746673,-0.316298,-0.729072
35.59,-0.301187,-0.745561,-0.31646,-0.728112
35.6,-0.301113,-0.744575,-0.316342,-0.727313
35.61,-0.300846,-0.743709,-0.316016,-0.726642
35.62,-0.300462,-0.742862,-0.315496,-0.725922
35.63,-0.299934,-0.741887,-0.314635,-0.724817
35.64,-0.299242,-0.740735,-0.313646,-0.72342
35.65,-0.298391,-0.73939,-0.312773,-0.722062
35.66,-0.297419,-0.737875,-0.311786,-0.720538
35.67,-0.296365,-0.736253,-0.310727,-0.718908
35.68,-0.295265,-0.734608,-0.309635,-0.717257
35.69,-0.294152,-0.732992,-0.308541,-0.715636
35.7,-0.293036,-0.731409,-0.307459,-0.714047
35.71,-0.291932,-0.729853,-0.306394,-0.712482
35.72,-0.290867,-0.728339,-0.305366,-0.710958
35.73,-0.289854,-0.72691,-0.304393,-0.709526
35.74,-0.288888,-0.725607,-0.303465,-0.708226
35.75,-0.287962,-0.724446,-0.30258,-0.70708
35.76,-0.287074,-0.723435,-0.301739,-0.706095
35.77,-0.286266,-0.722585,-0.300987,-0.705286
35.78,-0.285665,-0.721833,-0.300437,-0.704621
35.79,-0.285302,-0.720987,-0.300126,-0.703906
35.8,-0.285126,-0.71993,-0.300019,-0.702973
35.81,-0.285094,-0.718788,-0.300073,-0.701867
35.82,-0.285132,-0.717499,-0.300166,-0.700258
35.83,-0.285146,-0.71597,-0.300034,-0.697738
35.84,-0.285089,-0.714174,-0.299813,-0.6953
35.85,-0.284938,-0.712132,-0.299669,-0.693245
35.86,-0.284702,-0.709911,-0.29944,-0.691013
35.87,-0.284419,-0.707588,-0.299155,-0.688679
35.88,-0.284146,-0.705246,-0.298865,-0.686326
35.89,-0.283912,-0.702933,-0.298585,-0.684005
35.9,-0.28371,-0.700649,-0.29831,-0.68171
35.91,-0.283527,-0.698392,-0.298027,-0.679439
35.92,-0.283362,-0.696199,-0.297747,-0.677232
35.93,-0.28324,-0.694115,-0.297492,-0.675136
35.94,-0.283187,-0.692168,-0.297302,-0.673192
35.95,-0.28322,-0.690364,-0.297195,-0.671416
35.96,-0.283334,-0.68869,-0.297168,-0.669797
35.97,-0.283505,-0.687122,-0.297209,-0.668315
35.98,-0.283689,-0.685715,-0.297287,-0.667012
35.99,-0.283735,-0.68459,-0.297279,-0.666018
36,-0.283497,-0.68364,-0.297024,-0.665222
36.01,-0.283087,-0.68284,-0.296582,-0.664581
36.02,-0.282561,-0.682074,-0.295927,-0.663923
36.03,-0.281868,-0.681208,-0.294846,-0.662943
36.04,-0.280981,-0.680195,-0.293594,-0.661721
36.05,-0.279904,-0.679022,-0.292484,-0.660542
36.06,-0.278678,-0.677705,-0.291232,-0.659226
36.07,-0.277353,-0.676297,-0.289891,-0.65782
36.08,-0.275978,-0.674874,-0.288509,-0.656396
36.09,-0.274596,-0.673482,-0.287137,-0.655001
36.1,-0.273218,-0.672124,-0.285784,-0.653634
36.11,-0.271855,-0.670789,-0.284453,-0.652288
36.12,-0.270538,-0.669489,-0.283171,-0.650968
36.13,-0.269287,-0.668264,-0.281954,-0.649723
36.14,-0.268105,-0.667154,-0.280806,-0.648594
36.15,-0.266987,-0.666178,-0.279736,-0.647605
36.16,-0.265933,-0.665341,-0.278732,-0.646763
36.17,-0.264987,-0.664648,-0.277841,-0.646087
36.18,-0.26426,-0.664015,-0.277177,-0.645511
36.19,-0.263752,-0.663248,-0.276745,-0.644842
36.2,-0.263389,-0.66224,-0.276483,-0.643933
36.21,-0.263152,-0.661125,-0.276351,-0.642826
36.22,-0.262958,-0.659854,-0.276154,-0.64123
36.23,-0.262698,-0.65835,-0.275578,-0.638792
36.24,-0.26232,-0.656596,-0.274824,-0.636272
36.25,-0.261806,-0.654616,-0.27429,-0.634261
36.26,-0.261176,-0.652475,-0.273643,-0.632088
36.27,-0.260482,-0.650244,-0.272925,-0.629827
36.28,-0.259795,-0.64799,-0.2722,-0.627548
36.29,-0.259151,-0.645759,-0.271495,-0.625297
36.3,-0.258545,-0.64355,-0.270807,-0.62307
36.31,-0.25796,-0.641364,-0.270116,-0.620868
36.32,-0.257406,-0.639237,-0.269444,-0.618733
36.33,-0.256912,-0.637208,-0.268821,-0.616707
36.34,-0.256511,-0.635302,-0.26829,-0.614821
36.35,-0.256221,-0.633521,-0.267878,-0.613088
36.36,-0.256032,-0.631855,-0.267573,-0.611497
36.37,-0.255919,-0.630282,-0.267359,-0.610036
36.38,-0.255848,-0.628864,-0.267215,-0.608752
36.39,-0.255691,-0.627749,-0.267045,-0.607796
36.4,-0.255288,-0.626858,-0.266667,-0.607087
36.41,-0.254707,-0.626121,-0.266103,-0.606547
36.42,-0.254024,-0.625449,-0.265341,-0.606028
36.43,-0.253165,-0.624712,-0.264143,-0.605283
36.44,-0.252091,-0.623868,-0.262717,-0.604302
36.45,-0.250803,-0.6229,-0.261389,-0.603317
36.46,-0.249343,-0.621816,-0.259899,-0.602218
36.47,-0.24777,-0.62066,-0.258304,-0.601042
36.48,-0.246146,-0.619496,-0.256668,-0.599855
36.49,-0.244521,-0.618364,-0.255045,-0.598695
36.5,-0.242907,-0.617264,-0.253451,-0.597562
36.51,-0.241316,-0.616186,-0.25189,-0.596444
36.52,-0.239779,-0.615133,-0.250386,-0.595351
36.53,-0.238323,-0.614142,-0.248961,-0.594321
36.54,-0.236956,-0.613253,-0.247639,-0.593406
36.55,-0.235677,-0.612483,-0.246416,-0.59262
36.56,-0.234487,-0.61184,-0.245293,-0.591975
36.57,-0.233429,-0.611319,-0.244315,-0.591478
36.58,-0.232598,-0.610819,-0.243575,-0.591052
36.59,-0.23196,-0.610151,-0.243049,-0.590496
36.6,-0.231423,-0.609222,-0.242646,-0.589684
36.61,-0.230994,-0.608166,-0.242335,-0.58866
36.62,-0.23058,-0.60695,-0.241875,-0.587163
36.63,-0.230061,-0.605519,-0.240901,-0.584883
36.64,-0.22938,-0.603862,-0.239748,-0.582518
36.65,-0.228526,-0.602008,-0.238887,-0.580617
36.66,-0.227528,-0.600015,-0.237884,-0.578581
36.67,-0.226451,-0.597944,-0.236794,-0.576473
36.68,-0.225377,-0.595849,-0.235688,-0.574349
36.69,-0.224348,-0.593769,-0.234603,-0.572251
36.7,-0.223361,-0.591704,-0.233536,-0.570177
36.71,-0.222399,-0.589656,-0.232463,-0.568126
36.72,-0.221478,-0.587661,-0.231419,-0.56614
36.73,-0.220633,-0.585752,-0.230441,-0.564258
36.74,-0.219901,-0.583947,-0.229574,-0.562502
36.75,-0.219301,-0.582245,-0.228843,-0.560881
36.76,-0.218822,-0.580636,-0.228245,-0.559381
36.77,-0.218434,-0.579106,-0.227755,-0.55799
36.78,-0.218115,-0.577723,-0.227366,-0.556767
36.79,-0.217765,-0.576655,-0.227005,-0.555878
36.8,-0.217211,-0.57585,-0.226481,-0.555264
36.81,-0.216548,-0.575244,-0.22584,-0.554862
36.82,-0.215787,-0.574713,-0.224993,-0.554513
36.83,-0.214835,-0.574145,-0.223657,-0.553984
36.84,-0.213649,-0.573508,-0.222158,-0.553269
36.85,-0.212228,-0.572789,-0.220699,-0.552524
36.86,-0.210617,-0.571986,-0.219055,-0.5517
36.87,-0.208881,-0.571133,-0.2173,-0.550824
36.88,-0.207094,-0.570283,-0.215504,-0.54995
36.89,-0.205311,-0.569465,-0.213725,-0.549102
36.9,-0.203542,-0.568677,-0.211972,-0.54828
36.91,-0.201797,-0.567906,-0.210248,-0.54747
36.92,-0.200106,-0.567151,-0.208576,-0.546677
36.93,-0.198503,-0.566442,-0.206993,-0.545938
36.94,-0.197004,-0.565818,-0.205521,-0.545294
36.95,-0.195613,-0.565296,-0.204171,-0.544762
36.96,-0.19433,-0.564883,-0.202942,-0.544348
36.97,-0.193199,-0.564566,-0.201877,-0.544061
36.98,-0.192295,-0.564228,-0.201061,-0.543803
36.99,-0.191549,-0.563688,-0.200436,-0.543381
37,-0.190855,-0.562871,-0.199886,-0.542678
37.01,-0.190241,-0.561909,-0.19939,-0.541743
37.02,-0.189612,-0.560785,-0.19867,-0.540357
37.03,-0.18884,-0.559467,-0.197309,-0.538272
37.04,-0.18787,-0.557955,-0.195736,-0.536133
37.05,-0.186693,-0.556281,-0.194524,-0.534406
37.06,-0.185351,-0.554495,-0.193154,-0.53257
37.07,-0.183917,-0.552647,-0.191688,-0.530681
37.08,-0.182482,-0.550777,-0.19021,-0.528779
37.09,-0.181095,-0.548912,-0.18876,-0.526896
37.1,-0.179751,-0.547055,-0.187329,-0.525034
37.11,-0.178436,-0.545211,-0.185904,-0.523197
37.12,-0.17717,-0.543413,-0.184517,-0.521417
37.13,-0.175995,-0.541686,-0.183213,-0.519725
37.14,-0.17495,-0.54004,-0.182047,-0.518142
37.15,-0.174053,-0.538474,-0.181045,-0.516667
37.16,-0.173291,-0.536978,-0.180196,-0.515295
37.17,-0.172632,-0.535544,-0.17948,-0.514015
37.18,-0.172067,-0.534241,-0.178894,-0.512881
37.19,-0.171529,-0.533252,-0.178395,-0.51207
37.2,-0.170837,-0.532557,-0.177782,-0.511566
37.21,-0.170075,-0.53208,-0.177095,-0.511294
37.22,-0.169232,-0.531692,-0.176217,-0.511101
37.23,-0.168194,-0.531302,-0.174828,-0.510812
37.24,-0.166915,-0.530887,-0.173154,-0.510365
37.25,-0.165389,-0.530431,-0.171586,-0.509884
37.26,-0.163662,-0.529928,-0.169823,-0.509359
37.27,-0.161804,-0.529397,-0.167937,-0.508806
37.28,-0.159895,-0.528878,-0.166012,-0.508261
37.29,-0.157996,-0.52839,-0.164112,-0.50774
37.3,-0.156117,-0.52793,-0.162248,-0.507239
37.31,-0.154263,-0.527482,-0.160416,-0.506747
37.32,-0.152466,-0.52704,-0.158645,-0.506261
37.33,-0.150764,-0.526628,-0.156969,-0.505815
37.34,-0.14918,-0.52628,-0.155418,-0.505441
37.35,-0.147719,-0.526014,-0.154009,-0.505158
37.36,-0.146385,-0.525836,-0.152736,-0.504972
37.37,-0.145217,-0.525725,-0.151647,-0.504879
37.38,-0.144268,-0.525554,-0.150807,-0.504761
37.39,-0.143439,-0.525155,-0.150118,-0.504448
37.4,-0.142611,-0.524476,-0.149447,-0.503849
37.41,-0.141792,-0.52363,-0.14875,-0.503022
37.42,-0.140936,-0.522628,-0.147784,-0.501809
37.43,-0.139911,-0.521459,-0.146103,-0.500038
37.44,-0.138661,-0.520133,-0.1442,-0.498232
37.45,-0.137179,-0.518682,-0.142694,-0.49674
37.46,-0.135515,-0.517151,-0.14101,-0.49517
37.47,-0.133748,-0.515577,-0.13922,-0.493563
37.48,-0.131975,-0.51398,-0.137412,-0.491944
37.49,-0.130251,-0.512382,-0.135632,-0.490342
37.5,-0.12857,-0.510785,-0.13387,-0.48876
37.51,-0.126922,-0.509199,-0.13212,-0.4872
37.52,-0.125333,-0.507652,-0.130407,-0.485698
37.53,-0.123847,-0.506162,-0.128793,-0.484273
37.54,-0.122504,-0.504731,-0.127333,-0.482932
37.55,-0.121319,-0.503353,-0.126051,-0.48167
37.56,-0.120282,-0.502024,-0.124937,-0.480484
37.57,-0.119358,-0.500739,-0.123964,-0.47937
37.58,-0.118548,-0.499564,-0.123144,-0.478371
37.59,-0.117823,-0.498689,-0.122463,-0.477664
37.6,-0.117006,-0.498132,-0.121729,-0.477277
37.61,-0.116163,-0.497801,-0.120965,-0.477132
37.62,-0.115261,-0.497573,-0.120048,-0.477099
37.63,-0.11417,-0.497378,-0.118623,-0.477068
37.64,-0.112837,-0.4972,-0.116905,-0.476941
37.65,-0.111255,-0.497027,-0.11528,-0.476764
37.66,-0.109465,-0.496843,-0.113458,-0.476576
37.67,-0.10754,-0.496656,-0.111508,-0.476383
37.68,-0.105568,-0.49649,-0.109522,-0.476205
37.69,-0.10361,-0.496353,-0.107563,-0.476045
37.7,-0.101677,-0.496239,-0.105639,-0.475894
37.71,-0.0997723,-0.496132,-0.103749,-0.475744
37.72,-0.0979243,-0.496021,-0.101917,-0.475587
37.73,-0.0961757,-0.495922,-0.100191,-0.475443
37.74,-0.0945545,-0.495864,-0.0985968,-0.475345
37.75,-0.0930701,-0.495865,-0.0971506,-0.475313
37.76,-0.0917258,-0.495929,-0.0958618,-0.475349
37.77,-0.0905578,-0.49603,-0.0947729,-0.475434
37.78,-0.0895947,-0.496032,-0.0939244,-0.475455
37.79,-0.0887077,-0.495788,-0.0931937,-0.475268
37.8,-0.0877711,-0.495267,-0.0924249,-0.474795
37.81,-0.086858,-0.49458,-0.0916194,-0.474091
37.82,-0.085874,-0.493747,-0.0904482,-0.473038
37.83,-0.0846874,-0.492783,-0.088428,-0.471562
37.84,-0.0832475,-0.491708,-0.0863788,-0.470188
37.85,-0.0815569,-0.490553,-0.0846639,-0.469001
37.86,-0.079673,-0.489352,-0.0827607,-0.467769
37.87,-0.0776807,-0.488126,-0.0807426,-0.466519
37.88,-0.0756792,-0.486879,-0.0787084,-0.465261
37.89,-0.0737249,-0.485621,-0.076704,-0.464013
37.9,-0.0718134,-0.484354,-0.074719,-0.462779
37.91,-0.0699342,-0.483091,-0.0727436,-0.461566
37.92,-0.0681175,-0.481852,-0.0708197,-0.460395
37.93,-0.0664112,-0.480649,-0.0690032,-0.459274
37.94,-0.0648561,-0.479476,-0.0673517,-0.458206
37.95,-0.0634662,-0.478325,-0.0658856,-0.457183
37.96,-0.0622286,-0.477193,-0.0645979,-0.456199
37.97,-0.0611093,-0.476082,-0.0634603,-0.455248
37.98,-0.0601238,-0.47506,-0.0624881,-0.454388
37.99,-0.0592726,-0.474324,-0.0617026,-0.453798
38,-0.0583821,-0.473917,-0.0609145,-0.45353
38.01,-0.0575001,-0.473739,-0.060129,-0.453507
38.02,-0.0565707,-0.473673,-0.0591947,-0.453631
38.03,-0.0554556,-0.473675,-0.0577496,-0.453853
38.04,-0.0541009,-0.473738,-0.0560164,-0.454039
38.05,-0.0524998,-0.473848,-0.054378,-0.454151
38.06,-0.0506908,-0.473982,-0.0525386,-0.454286
38.07,-0.0487471,-0.47414,-0.0505735,-0.454437
38.08,-0.0467577,-0.47433,-0.0485663,-0.454614
38.09,-0.0447856,-0.47455,-0.0465854,-0.454811
38.1,-0.0428396,-0.474794,-0.0446434,-0.455016
38.11,-0.0409211,-0.475042,-0.0427346,-0.45522
38.12,-0.0390588,-0.475273,-0.0408817,-0.455407
38.13,-0.0373002,-0.475491,-0.0391367,-0.455582
38.14,-0.0356833,-0.475718,-0.0375426,-0.45577
38.15,-0.0342266,-0.475967,-0.0361241,-0.455981
38.16,-0.0329386,-0.476238,-0.0348903,-0.456204
38.17,-0.0318504,-0.476494,-0.0338766,-0.456424
38.18,-0.0309703,-0.476598,-0.0331045,-0.456518
38.19,-0.0301454,-0.47643,-0.0324422,-0.456361
38.2,-0.0292358,-0.475974,-0.0317001,-0.455911
38.21,-0.0283134,-0.475333,-0.0308727,-0.455219
38.22,-0.0272913,-0.474553,-0.0296402,-0.45423
38.23,-0.0260448,-0.473674,-0.0275509,-0.452956
38.24,-0.0245336,-0.472729,-0.0252868,-0.451745
38.25,-0.0227689,-0.471746,-0.023503,-0.450737
38.26,-0.0208088,-0.470751,-0.0215281,-0.449721
38.27,-0.0187318,-0.469756,-0.0194328,-0.448714
38.28,-0.0166323,-0.468751,-0.0173038,-0.447714
38.29,-0.0145732,-0.467734,-0.0152028,-0.446722
38.3,-0.0125646,-0.466708,-0.0131427,-0.445743
38.31,-0.0106176,-0.465679,-0.0111311,-0.444779
38.32,-0.00877041,-0.464656,-0.00922216,-0.443835
38.33,-0.00707032,-0.463631,-0.00746036,-0.442904
38.34,-0.0055502,-0.462594,-0.00589518,-0.441973
38.35,-0.00421434,-0.461538,-0.00453612,-0.441032
38.36,-0.00303775,-0.460478,-0.00335987,-0.440094
38.37,-0.00198254,-0.459425,-0.00233352,-0.439178
38.38,-0.00102298,-0.458406,-0.00142836,-0.438299
38.39,-0.000198271,-0.457564,-0.000693746,-0.437578
38.4,0.000569495,-0.456993,-5.03127e-05,-0.437125
38.41,0.00129146,-0.456611,0.000541342,-0.436882
38.42,0.0020111,-0.456337,0.00119235,-0.43678
38.43,0.0028626,-0.456153,0.00217717,-0.436825
38.44,0.00391822,-0.456053,0.00343878,-0.43687
38.45,0.00519613,-0.456025,0.00473339,-0.436851
38.46,0.00667221,-0.456055,0.00622254,-0.436885
38.47,0.0082768,-0.456141,0.00783495,-0.436968
38.48,0.00992394,-0.456276,0.00948766,-0.437094
38.49,0.0115536,-0.456445,0.0111146,-0.437244
38.5,0.013152,-0.456623,0.0127117,-0.437391
38.51,0.0147023,-0.456771,0.0142651,-0.437502
38.52,0.016176,-0.456862,0.0157424,-0.437556
38.53,0.0175282,-0.456892,0.0170948,-0.437548
38.54,0.0187224,-0.456879,0.0182829,-0.437498
38.55,0.0197354,-0.456843,0.0192813,-0.437431
38.56,0.0205604,-0.456791,0.0200838,-0.437355
38.57,0.0211924,-0.456716,0.0206844,-0.437266
38.58,0.0216339,-0.456497,0.0210628,-0.43705
38.59,0.0220271,-0.456002,0.0213514,-0.43659
38.6,0.0225352,-0.45523,0.0217353,-0.435847
38.61,0.0230965,-0.454276,0.0222569,-0.434875
38.62,0.0237528,-0.453216,0.0231748,-0.433672
38.63,0.024614,-0.452104,0.0248771,-0.432271
38.64,0.0257146,-0.450967,0.0266897,-0.430945
38.65,0.0270488,-0.449827,0.0280408,-0.429796
38.66,0.0285703,-0.448705,0.029577,-0.428667
38.67,0.030215,-0.447607,0.0312384,-0.427573
38.68,0.0318995,-0.446511,0.0329433,-0.426499
38.69,0.0335552,-0.445398,0.0346226,-0.425429
38.7,0.03515,-0.444268,0.0362418,-0.424358
38.71,0.0366564,-0.44312,0.0377762,-0.423282
38.72,0.038036,-0.441946,0.0391822,-0.422189
38.73,0.0392547,-0.440733,0.0404212,-0.421072
38.74,0.0402931,-0.439475,0.0414665,-0.419911
38.75,0.0411606,-0.438182,0.042324,-0.41872
38.76,0.04188,-0.436872,0.0430138,-0.417521
38.77,0.0424916,-0.435566,0.0435843,-0.416332
38.78,0.0430456,-0.434279,0.0440748,-0.415174
38.79,0.043534,-0.433093,0.0444834,-0.414111
38.8,0.0439276,-0.432097,0.0447801,-0.413247
38.81,0.0442452,-0.431249,0.0450066,-0.412546
38.82,0.044558,-0.430497,0.045303,-0.411996
38.83,0.0449745,-0.429824,0.0459279,-0.411629
38.84,0.0455651,-0.429234,0.0467151,-0.411213
38.85,0.0463511,-0.428729,0.0475246,-0.410732
38.86,0.0473128,-0.428304,0.0485059,-0.410325
38.87,0.0483919,-0.427959,0.0496045,-0.409995
38.88,0.0495107,-0.427679,0.0507425,-0.409725
38.89,0.0506201,-0.427437,0.0518709,-0.409486
38.9,0.0517048,-0.427197,0.0529762,-0.409241
38.91,0.0527404,-0.426913,0.0540358,-0.408952
38.92,0.0537046,-0.42655,0.0550301,-0.408585
38.93,0.0545588,-0.426093,0.0559103,-0.408127
38.94,0.0552635,-0.425553,0.0566421,-0.407592
38.95,0.0557914,-0.424948,0.0571964,-0.407
38.96,0.0561333,-0.424295,0.0575528,-0.406371
38.97,0.0563004,-0.423615,0.0577256,-0.40572
38.98,0.0563034,-0.422828,0.0576965,-0.404992
38.99,0.0562763,-0.421799,0.0575877,-0.404047
39,0.0563931,-0.42052,0.0576011,-0.402853
39.01,0.0565982,-0.419073,0.0577707,-0.40145
39.02,0.0569056,-0.417549,0.0583479,-0.39987
39.03,0.0574045,-0.416007,0.0596789,-0.398158
39.04,0.0581192,-0.41447,0.0610948,-0.396528
39.05,0.0590427,-0.412945,0.0620577,-0.395021
39.06,0.0601388,-0.411453,0.0631911,-0.393546
39.07,0.0613516,-0.410004,0.0644386,-0.392123
39.08,0.0626105,-0.408573,0.0657338,-0.390731
39.09,0.0638493,-0.407126,0.0670081,-0.38934
39.1,0.0650285,-0.405651,0.0682164,-0.387933
39.11,0.0661121,-0.404137,0.0693273,-0.386498
39.12,0.0670654,-0.402572,0.0702997,-0.385019
39.13,0.0678636,-0.400941,0.0711046,-0.38348
39.14,0.0684978,-0.399243,0.0717344,-0.381882
39.15,0.0689719,-0.397492,0.0721866,-0.380237
39.16,0.0693096,-0.39572,0.0724808,-0.378575
39.17,0.069553,-0.393959,0.0726603,-0.376939
39.18,0.0697541,-0.392236,0.0727834,-0.37535
39.19,0.0699329,-0.390562,0.072873,-0.373833
39.2,0.0700195,-0.388961,0.0728612,-0.372407
39.21,0.0700181,-0.387464,0.072764,-0.371086
39.22,0.0700023,-0.386045,0.0726996,-0.369885
39.23,0.0700665,-0.384698,0.0729142,-0.36888
39.24,0.070278,-0.383427,0.0733456,-0.367875
39.25,0.0706684,-0.382234,0.0737642,-0.366739
39.26,0.0712174,-0.381123,0.0743445,-0.365686
39.27,0.0718736,-0.380099,0.0750289,-0.364717
39.28,0.0725709,-0.379151,0.0757545,-0.363814
39.29,0.0732697,-0.378244,0.0764845,-0.362942
39.3,0.0739522,-0.377332,0.0772065,-0.362054
39.31,0.0745898,-0.376353,0.0778933,-0.361091
39.32,0.0751544,-0.375259,0.0785131,-0.360014
39.33,0.075612,-0.37403,0.0790333,-0.358811
39.34,0.0759205,-0.372672,0.0794068,-0.357487
39.35,0.0760489,-0.371205,0.0796016,-0.356064
39.36,0.0759937,-0.369657,0.0795987,-0.354575
39.37,0.0757659,-0.368059,0.0794087,-0.353057
39.38,0.0753846,-0.366371,0.0790326,-0.351474
39.39,0.0749828,-0.364505,0.0785831,-0.349743
39.4,0.0747383,-0.362466,0.0782524,-0.347849
39.41,0.0746281,-0.360332,0.0781014,-0.345823
39.42,0.0746283,-0.358145,0.0782995,-0.343673
39.43,0.0748038,-0.355961,0.0791937,-0.341465
39.44,0.0751676,-0.3538,0.080187,-0.33934
39.45,0.0757128,-0.351669,0.0807655,-0.337279
39.46,0.0764148,-0.349591,0.0815039,-0.335274
39.47,0.0772304,-0.347581,0.082353,-0.333344
39.48,0.0780991,-0.345604,0.0832561,-0.331452
39.49,0.0789583,-0.343622,0.0841423,-0.329552
39.5,0.0797615,-0.34161,0.0849637,-0.327625
39.51,0.0804707,-0.339539,0.0856822,-0.325639
39.52,0.0810551,-0.337384,0.0862696,-0.323568
39.53,0.0815,-0.335136,0.0867131,-0.321405
39.54,0.0817957,-0.332804,0.0869967,-0.31916
39.55,0.0819448,-0.330418,0.0871124,-0.316856
39.56,0.0819721,-0.328022,0.0870936,-0.314552
39.57,0.0819076,-0.325664,0.0869723,-0.312294
39.58,0.081795,-0.323377,0.0867917,-0.310123
39.59,0.0816491,-0.321115,0.0865774,-0.308026
39.6,0.081461,-0.318848,0.086321,-0.305955
39.61,0.0811721,-0.316642,0.0859612,-0.303939
39.62,0.0808464,-0.314492,0.0855911,-0.302007
39.63,0.0805764,-0.312402,0.0854508,-0.300265
39.64,0.0804242,-0.31037,0.0854959,-0.298537
39.65,0.0804276,-0.308398,0.0855185,-0.296663
39.66,0.0805818,-0.306502,0.0857013,-0.294865
39.67,0.0808462,-0.304699,0.0860047,-0.293155
39.68,0.0811709,-0.30298,0.0863708,-0.291523
39.69,0.0815156,-0.301307,0.0867625,-0.289926
39.7,0.0818512,-0.299618,0.0871539,-0.288294
39.71,0.0821509,-0.297843,0.0875187,-0.286565
39.72,0.0823768,-0.295917,0.0878226,-0.28468
39.73,0.0824884,-0.293816,0.0880174,-0.28263
39.74,0.0824468,-0.291548,0.0880632,-0.280423
39.75,0.082222,-0.289148,0.0879217,-0.278098
39.76,0.0818027,-0.286652,0.08758,-0.275692
39.77,0.0811995,-0.2841,0.0870372,-0.273258
39.78,0.0804362,-0.281474,0.08629,-0.270782
39.79,0.0796614,-0.278717,0.0854725,-0.268202
39.8,0.0790566,-0.275843,0.0847872,-0.265511
39.81,0.0785862,-0.2729,0.0842812,-0.262719
39.82,0.0782471,-0.269938,0.0841557,-0.259846
39.83,0.0780762,-0.267006,0.0847136,-0.256991
39.84,0.0780686,-0.264115,0.0852151,-0.25422
39.85,0.0782165,-0.261262,0.0854159,-0.25146
39.86,0.0785067,-0.258474,0.0857404,-0.248755
39.87,0.0789118,-0.255774,0.0861482,-0.246125
39.88,0.0793785,-0.253139,0.0865862,-0.243546
39.89,0.0798446,-0.250526,0.0870014,-0.240981
39.9,0.0802606,-0.247887,0.0873522,-0.23839
39.91,0.0805857,-0.245168,0.087603,-0.235721
39.92,0.0807935,-0.242334,0.0877316,-0.232939
39.93,0.0808626,-0.239373,0.087712,-0.23003
39.94,0.0807873,-0.236307,0.0875386,-0.227019
39.95,0.0805794,-0.233183,0.0872288,-0.223959
39.96,0.0802527,-0.230059,0.0868052,-0.220916
39.97,0.0798328,-0.227,0.0862807,-0.217952
39.98,0.0793576,-0.224042,0.0857041,-0.215119
39.99,0.078831,-0.221125,0.0850817,-0.212385
40,0.0783002,-0.218187,0.08447,-0.209683
40.01,0.0776825,-0.215265,0.0837796,-0.206999
40.02,0.0770115,-0.212387,0.0830639,-0.20438
40.03,0.0763758,-0.209561,0.0825384,-0.201939
40.04,0.0758274,-0.206778,0.0821653,-0.199497
40.05,0.0754049,-0.204031,0.0817584,-0.196873
40.06,0.0751201,-0.201343,0.0814766,-0.194297
40.07,0.074953,-0.198747,0.0812973,-0.191792
40.08,0.0748641,-0.196237,0.0811817,-0.189349
40.09,0.0748117,-0.193767,0.0810932,-0.186923
40.1,0.0747593,-0.191263,0.0810044,-0.184436
40.11,0.0746681,-0.188644,0.0808742,-0.181821
40.12,0.0744956,-0.185843,0.0806727,-0.179022
40.13,0.0741972,-0.182839,0.0803522,-0.176032
40.14,0.0737421,-0.17966,0.0798833,-0.172881
40.15,0.0731033,-0.176361,0.0792328,-0.169632
40.16,0.0722627,-0.172992,0.0783826,-0.166342
40.17,0.071229,-0.169607,0.0773289,-0.163063
40.18,0.0700412,-0.1662,0.0760885,-0.159809
40.19,0.0688618,-0.162729,0.0748083,-0.156525
40.2,0.0678733,-0.159212,0.0737009,-0.153208
40.21,0.0670385,-0.155685,0.0727995,-0.149854
40.22,0.0663459,-0.152167,0.0722805,-0.146473
40.23,0.0658062,-0.148691,0.0724131,-0.143171
40.24,0.0654044,-0.145257,0.0726015,-0.139958
40.25,0.0651379,-0.141859,0.0723693,-0.136694
40.26,0.0650081,-0.138527,0.0722581,-0.133484
40.27,0.0649952,-0.135287,0.072245,-0.130345
40.28,0.0650552,-0.132119,0.0722851,-0.127249
40.29,0.0651295,-0.128976,0.072325,-0.124165
40.3,0.0651665,-0.125802,0.0723199,-0.12104
40.31,0.0651285,-0.122539,0.0722353,-0.117829
40.32,0.0649832,-0.119156,0.0720373,-0.1145
40.33,0.0647083,-0.115652,0.0717066,-0.111055
40.34,0.0643004,-0.112062,0.0712412,-0.107528
40.35,0.0637675,-0.10844,0.0706573,-0.103977
40.36,0.0631235,-0.104849,0.0699595,-0.100476
40.37,0.0623934,-0.101352,0.0691747,-0.0970965
40.38,0.0616167,-0.0979832,0.0683456,-0.0938776
40.39,0.0608048,-0.0946972,0.06749,-0.0907984
40.4,0.0599775,-0.0914463,0.0666378,-0.0877985
40.41,0.0590778,-0.0883194,0.0657288,-0.0849287
40.42,0.0581192,-0.0852627,0.0648185,-0.0821944
40.43,0.0571892,-0.0822636,0.0641225,-0.0797166
40.44,0.0563509,-0.0793041,0.0635335,-0.0772036
40.45,0.055647,-0.076371,0.0628509,-0.0744137
40.46,0.0550915,-0.0734841,0.0623056,-0.0716565
40.47,0.0546653,-0.0706768,0.0618797,-0.0689534
40.48,0.0543285,-0.0679492,0.061533,-0.0663033
40.49,0.0540384,-0.0652615,0.0612249,-0.0636653
40.5,0.0537585,-0.0625497,0.0609241,-0.060977
40.51,0.0534494,-0.0597448,0.0605958,-0.0581736
40.52,0.0530688,-0.05679,0.0602117,-0.0552181
40.53,0.0525669,-0.0536663,0.0597122,-0.0521041
40.54,0.0519101,-0.050403,0.0590741,-0.0488698
40.55,0.0510707,-0.0470547,0.0582584,-0.0455775
40.56,0.0500295,-0.0436725,0.05724,-0.0422827
40.57,0.0487972,-0.0403036,0.0560239,-0.0390301
40.58,0.047421,-0.0369264,0.05463,-0.0358081
40.59,0.0460769,-0.0334906,0.0532248,-0.0325645
40.6,0.0449398,-0.0300094,0.052013,-0.0292812
40.61,0.0439592,-0.0265377,0.051013,-0.0259768
40.62,0.0431298,-0.023081,0.0504031,-0.0226427
40.63,0.0424619,-0.0196612,0.0504546,-0.0193646
40.64,0.0419406,-0.0162742,0.0505604,-0.0161712
40.65,0.0415659,-0.0129146,0.0502321,-0.0129513
40.66,0.0413358,-0.00961309,0.050032,-0.00977105
40.67,0.0412309,-0.00639677,0.0499272,-0.00664827
40.68,0.0412096,-0.00324766,0.04987,-0.00355337
40.69,0.0412138,-0.000118964,0.0498159,-0.000458437
40.7,0.0411907,0.00304689,0.0497254,0.0026845
40.71,0.0411025,0.00629947,0.0495616,0.00591905
40.72,0.0409147,0.00966886,0.0493016,0.00927035
40.73,0.0406007,0.0131558,0.0489179,0.0127358
40.74,0.0401518,0.0167296,0.0483959,0.0162865
40.75,0.0395768,0.0203388,0.0477578,0.0198607
40.76,0.0388875,0.0239227,0.0470123,0.0233877
40.77,0.0381081,0.0274206,0.0461808,0.0268012
40.78,0.0372773,0.030797,0.0453039,0.030065
40.79,0.0364073,0.0340908,0.0444005,0.0331934
40.8,0.0355036,0.0373339,0.0434779,0.0362338
40.81,0.0344985,0.0404596,0.0424692,0.0391424
40.82,0.0334432,0.04351,0.0414665,0.0418922
40.83,0.0324254,0.0464953,0.0406891,0.0443682
40.84,0.0315118,0.0494369,0.0399835,0.0469292
40.85,0.0307443,0.0523486,0.0392471,0.0496954
40.86,0.0301341,0.0552123,0.0386635,0.0524242
40.87,0.0296597,0.0579946,0.0382379,0.0550728
40.88,0.0292795,0.0606949,0.0379154,0.057652
40.89,0.0289502,0.0633509,0.0376544,0.0602065
40.9,0.028635,0.0660229,0.0374216,0.0627981
40.91,0.0282946,0.0687774,0.0371836,0.065494
40.92,0.0278839,0.0716712,0.0368936,0.0683385
40.93,0.0273502,0.0747249,0.0364912,0.0713382
40.94,0.0266545,0.0779123,0.0359284,0.0744572
40.95,0.0257719,0.0811797,0.0351801,0.0776369
40.96,0.024684,0.0844766,0.0342206,0.0808211
40.97,0.0234019,0.0877585,0.0330502,0.0839524
40.98,0.0219727,0.0910518,0.0316939,0.0870565
40.99,0.0205731,0.0944119,0.0303211,0.090192
41,0.0193766,0.0978279,0.0291283,0.0933711
41.01,0.0183339,0.101238,0.0281285,0.0965835
41.02,0.0174439,0.104637,0.0275327,0.0998513
41.03,0.0167187,0.108004,0.0276366,0.103088
41.04,0.0161438,0.111344,0.0277841,0.106249
41.05,0.0157184,0.114661,0.0274439,0.109425
41.06,0.0154403,0.117925,0.0272273,0.112566
41.07,0.0152901,0.121108,0.027102,0.115662
41.08,0.0152256,0.124227,0.0270175,0.118735
41.09,0.0151874,0.127329,0.0269242,0.121817
41.1,0.0151207,0.130468,0.0267811,0.124952
41.11,0.0149869,0.133693,0.026561,0.128179
41.12,0.0147513,0.137032,0.0262339,0.131517
41.13,0.0143862,0.140485,0.0257729,0.134968
41.14,0.0138827,0.144024,0.0251711,0.138498
41.15,0.0132505,0.147597,0.024446,0.142048
41.16,0.0125026,0.151143,0.0236066,0.14556
41.17,0.0116644,0.154603,0.0226809,0.148953
41.18,0.010775,0.157941,0.0217157,0.152193
41.19,0.00984489,0.161199,0.020718,0.155292
41.2,0.00888214,0.164409,0.0197024,0.158302
41.21,0.00781933,0.167504,0.0185913,0.161187
41.22,0.006707,0.170524,0.0174987,0.163917
41.23,0.00563379,0.17348,0.0166509,0.166394
41.24,0.00466546,0.176395,0.0159567,0.16889
41.25,0.00384362,0.179283,0.0151785,0.171635
41.26,0.00317977,0.182126,0.0145507,0.174347
41.27,0.00265338,0.184891,0.0140825,0.176979
41.28,0.00222279,0.187577,0.0137184,0.179547
41.29,0.0018439,0.190219,0.0134172,0.182093
41.3,0.00147859,0.192878,0.0131464,0.184681
41.31,0.00108571,0.19562,0.0128645,0.187369
41.32,0.000618978,0.1985,0.0125273,0.190204
41.33,2.51686e-05,0.201538,0.0120775,0.19319
41.34,-0.000734025,0.204707,0.0114724,0.1963
41.35,-0.0016823,0.207953,0.010677,0.199468
41.36,-0.00283716,0.211225,0.00966693,0.202638
41.37,-0.00418633,0.214478,0.00844173,0.205753
41.38,-0.00568345,0.21774,0.00702857,0.208826
41.39,-0.00715357,0.22107,0.00558779,0.211929
41.4,-0.00842272,0.22446,0.00431621,0.215087
41.41,-0.00951155,0.227819,0.00326531,0.218251
41.42,-0.0104503,0.231175,0.00260853,0.221476
41.43,-0.0112251,0.234512,0.00266892,0.224704
41.44,-0.0118489,0.237831,0.00278727,0.227858
41.45,-0.0123235,0.241132,0.00240082,0.231013
41.46,-0.0126506,0.244383,0.00213536,0.234136
41.47,-0.0128496,0.247556,0.00195696,0.237209
41.48,-0.0129637,0.250666,0.00181466,0.240257
41.49,-0.0130537,0.25376,0.00166088,0.243316
41.5,-0.0131751,0.25689,0.00145069,0.246433
41.51,-0.0133677,0.260104,0.0011539,0.249643
41.52,-0.013667,0.263428,0.000743865,0.252967
41.53,-0.0140994,0.266862,0.000201126,0.256401
41.54,-0.014673,0.270374,-0.000481294,0.259909
41.55,-0.0153769,0.273913,-0.00129394,0.263433
41.56,-0.0161972,0.277419,-0.00221599,0.266904
41.57,-0.0171072,0.280833,-0.00321736,0.270255
41.58,-0.0180671,0.284123,-0.00425509,0.273448
41.59,-0.0190687,0.287333,-0.00532303,0.276505
41.6,-0.0200994,0.290504,-0.00640956,0.279483
41.61,-0.0212293,0.293567,-0.00757995,0.282339
41.62,-0.0224091,0.296556,-0.00874322,0.285051
41.63,-0.0235491,0.299484,-0.00964735,0.287515
41.64,-0.0245852,0.302374,-0.0104026,0.289996
41.65,-0.0254759,0.305241,-0.0112548,0.292725
41.66,-0.0262086,0.308067,-0.0119568,0.29543
41.67,-0.0268021,0.310819,-0.012492,0.29806
41.68,-0.0272979,0.313492,-0.0129193,0.30063
41.69,-0.027741,0.316124,-0.013283,0.30318
41.7,-0.0281713,0.318774,-0.0136152,0.305775
41.71,-0.028632,0.321507,-0.0139557,0.308474
41.72,-0.0291707,0.32438,-0.0143532,0.31132
41.73,-0.0298407,0.327408,-0.0148694,0.314314
41.74,-0.0306786,0.330566,-0.0155488,0.317418
41.75,-0.0317072,0.333797,-0.0164197,0.320568
41.76,-0.0329426,0.337049,-0.0175067,0.323706
41.77,-0.0343716,0.340278,-0.0188061,0.326788
41.78,-0.0359481,0.343512,-0.0202972,0.329822
41.79,-0.0374978,0.346813,-0.0218123,0.332881
41.8,-0.0388465,0.35018,-0.0231531,0.335996
41.81,-0.0400399,0.353548,-0.0242981,0.339157
41.82,-0.04108,0.356914,-0.0249881,0.342416
41.83,-0.0419542,0.360255,-0.0248784,0.345706
41.84,-0.0426777,0.363575,-0.0249277,0.348911
41.85,-0.0432519,0.366879,-0.0254246,0.352088
41.86,-0.0436771,0.370135,-0.0257985,0.355232
41.87,-0.0439712,0.373315,-0.0260853,0.358334
41.88,-0.0441772,0.376435,-0.026332,0.361413
41.89,-0.0443568,0.379537,-0.02659,0.364502
41.9,-0.0445675,0.382675,-0.026902,0.367641
41.91,-0.0448499,0.385895,-0.0272944,0.370868
41.92,-0.0452402,0.389223,-0.0277958,0.374201
41.93,-0.0457657,0.392661,-0.0284228,0.377638
41.94,-0.0464336,0.396178,-0.029192,0.381145
41.95,-0.0472315,0.399722,-0.0300877,0.384668
41.96,-0.0481435,0.403234,-0.0310923,0.388137
41.97,-0.0491413,0.406656,-0.0321689,0.391485
41.98,-0.0501841,0.409952,-0.0332771,0.394667
41.99,-0.051263,0.413166,-0.0344125,0.397703
42,-0.0523718,0.41633,-0.0355591,0.400646
42.01,-0.053575,0.419374,-0.0367929,0.403462
42.02,-0.0548241,0.42234,-0.0379968,0.406119
42.03,-0.0560316,0.425244,-0.0389194,0.40852
42.04,-0.0571326,0.428112,-0.0396994,0.410965
42.05,-0.0580863,0.43096,-0.040616,0.413684
42.06,-0.0588804,0.433771,-0.0413777,0.416377
42.07,-0.0595336,0.43651,-0.0419705,0.419003
42.08,-0.0600876,0.439174,-0.0424554,0.421569
42.09,-0.060588,0.441797,-0.0428742,0.424115
42.1,-0.0610758,0.444438,-0.0432629,0.426706
42.11,-0.061595,0.44716,-0.0436603,0.429401
42.12,-0.0621946,0.450017,-0.0441167,0.432239
42.13,-0.0629283,0.453027,-0.044691,0.43522
42.14,-0.0638332,0.456159,-0.0454254,0.43831
42.15,-0.0649303,0.45936,-0.0463522,0.441447
42.16,-0.0662347,0.462577,-0.0474938,0.444571
42.17,-0.0677321,0.465767,-0.048847,0.447622
42.18,-0.0693775,0.468958,-0.0503871,0.450618
42.19,-0.0709985,0.472218,-0.0519635,0.45364
42.2,-0.0724212,0.475548,-0.053371,0.456708
42.21,-0.0736902,0.478882,-0.0545702,0.459836
42.22,-0.0748064,0.482216,-0.0552986,0.463076
42.23,-0.0757563,0.48553,-0.0551933,0.466384
42.24,-0.0765546,0.488826,-0.0550899,0.46961
42.25,-0.0772025,0.49211,-0.0556549,0.472775
42.26,-0.0777,0.49535,-0.0560975,0.475913
42.27,-0.0780645,0.498518,-0.05645,0.47901
42.28,-0.0783394,0.501628,-0.0567674,0.482082
42.29,-0.0785872,0.504722,-0.0571023,0.485163
42.3,-0.0788664,0.507851,-0.0574877,0.488292
42.31,-0.0792185,0.511061,-0.0579502,0.491507
42.32,-0.0796803,0.514378,-0.0585236,0.494827
42.33,-0.0802793,0.517801,-0.0592247,0.498245
42.34,-0.0810222,0.521299,-0.0600693,0.501727
42.35,-0.0818958,0.524822,-0.0610389,0.505219
42.36,-0.0828829,0.528311,-0.0621136,0.508655
42.37,-0.0839542,0.531706,-0.0632694,0.51196
42.38,-0.0850679,0.534977,-0.0644511,0.515103
42.39,-0.0862162,0.538164,-0.0656453,0.5181
42.4,-0.0873935,0.541302,-0.066848,0.521002
42.41,-0.0886338,0.544292,-0.0681127,0.523743
42.42,-0.0899217,0.5472,-0.0693477,0.526331
42.43,-0.0911692,0.550051,-0.0703022,0.528687
42.44,-0.0923117,0.55287,-0.0711043,0.53111
42.45,-0.0933084,0.555675,-0.0720484,0.533801
42.46,-0.0941461,0.558448,-0.072841,0.536472
42.47,-0.0948428,0.561155,-0.0734626,0.539078
42.48,-0.09544,0.563791,-0.0739784,0.541629
42.49,-0.0959843,0.56639,-0.0744272,0.544167
42.5,-0.0965186,0.569011,-0.0748485,0.546752
42.51,-0.0970887,0.571715,-0.0752805,0.549443
42.52,-0.0977445,0.574556,-0.0757764,0.55228
42.53,-0.0985398,0.577548,-0.0763997,0.555264
42.54,-0.0995107,0.580662,-0.077193,0.558347
42.55,-0.100677,0.583842,-0.0781842,0.561467
42.56,-0.102051,0.587034,-0.0793961,0.564561
42.57,-0.10362,0.590197,-0.0808223,0.567576
42.58,-0.105338,0.593358,-0.082444,0.570532
42.59,-0.107034,0.596589,-0.0841096,0.573498
42.6,-0.108535,0.599895,-0.085607,0.576525
42.61,-0.109883,0.603213,-0.0868994,0.579613
42.62,-0.111078,0.606535,-0.0877143,0.582833
42.63,-0.112107,0.609839,-0.0876483,0.586179
42.64,-0.112984,0.613129,-0.0875834,0.589451
42.65,-0.113711,0.616408,-0.0882089,0.592618
42.66,-0.114286,0.619647,-0.0887129,0.595753
42.67,-0.114726,0.622816,-0.0891326,0.598842
42.68,-0.115074,0.625929,-0.0895174,0.601906
42.69,-0.115396,0.629026,-0.0899192,0.604976
42.7,-0.11575,0.632157,-0.090383,0.608087
42.71,-0.116179,0.635367,-0.0909294,0.611279
42.72,-0.11672,0.638682,-0.0915879,0.614577
42.73,-0.117401,0.6421,-0.0923868,0.617979
42.74,-0.118227,0.64559,-0.0933218,0.62144
42.75,-0.119184,0.649102,-0.0943802,0.624908
42.76,-0.120252,0.652577,-0.0955438,0.628314
42.77,-0.121402,0.655956,-0.0967835,0.631598
42.78,-0.12259,0.659209,-0.0980519,0.634714
42.79,-0.12381,0.662375,-0.0993281,0.637681
42.8,-0.125058,0.665491,-0.100613,0.640555
42.81,-0.126395,0.668482,-0.101975,0.643296
42.82,-0.127775,0.671394,-0.1033,0.645882
42.83,-0.129111,0.674245,-0.104315,0.648244
42.84,-0.130339,0.677064,-0.105254,0.65073
42.85,-0.131419,0.67987,-0.106288,0.653414
42.86,-0.132338,0.682647,-0.107173,0.656079
42.87,-0.133113,0.685357,-0.107885,0.658681
42.88,-0.133786,0.687997,-0.108483,0.661234
42.89,-0.134403,0.6906,-0.109016,0.663766
42.9,-0.135008,0.69322,-0.109511,0.666344
42.91,-0.135649,0.69592,-0.110017,0.669027
42.92,-0.136376,0.698752,-0.11058,0.671853
42.93,-0.137243,0.701729,-0.11127,0.674816
42.94,-0.138287,0.704822,-0.112128,0.67788
42.95,-0.139526,0.707973,-0.113177,0.680982
42.96,-0.140973,0.711132,-0.114442,0.684061
42.97,-0.142611,0.714253,-0.115917,0.687056
42.98,-0.144397,0.717369,-0.117575,0.68999
42.99,-0.146162,0.720555,-0.119276,0.692937
43,-0.147732,0.723818,-0.120809,0.695943
43.01,-0.149149,0.727092,-0.122138,0.699013
43.02,-0.150414,0.730373,-0.122967,0.702222
43.03,-0.151511,0.733641,-0.122912,0.705532
43.04,-0.152457,0.736897,-0.122876,0.708757
43.05,-0.153252,0.740148,-0.123578,0.711885
43.06,-0.153895,0.743362,-0.124159,0.714993
43.07,-0.154402,0.746511,-0.124654,0.718062
43.08,-0.154816,0.749605,-0.125117,0.721114
43.09,-0.155203,0.752685,-0.125601,0.724175
43.1,-0.155622,0.755799,-0.126136,0.727283
43.11,-0.156117,0.75899,-0.126757,0.730474
43.12,-0.156727,0.762283,-0.127492,0.733765
43.13,-0.157479,0.765676,-0.128362,0.737149
43.14,-0.158377,0.769137,-0.129375,0.740595
43.15,-0.159407,0.772618,-0.130508,0.744042
43.16,-0.16055,0.776059,-0.131742,0.747429
43.17,-0.161772,0.779403,-0.133047,0.750685
43.18,-0.163031,0.782621,-0.134368,0.75378
43.19,-0.164321,0.785753,-0.135692,0.756729
43.2,-0.165638,0.788835,-0.13702,0.759588
43.21,-0.167042,0.79179,-0.13843,0.762309
43.22,-0.168486,0.794664,-0.13981,0.764874
43.23,-0.169884,0.79748,-0.140878,0.767204
43.24,-0.171173,0.800265,-0.141797,0.769588
43.25,-0.172313,0.803041,-0.142888,0.772238
43.26,-0.173291,0.80579,-0.143824,0.774872
43.27,-0.174123,0.808476,-0.144585,0.77745
43.28,-0.174851,0.811094,-0.145231,0.779979
43.29,-0.175523,0.813675,-0.145806,0.782496
43.3,-0.176184,0.816274,-0.146347,0.785062
43.31,-0.176881,0.818952,-0.146899,0.787732
43.32,-0.177667,0.82176,-0.147514,0.790536
43.33,-0.178597,0.82471,-0.14826,0.793478
43.34,-0.179707,0.827772,-0.149176,0.796519
43.35,-0.181013,0.83089,-0.150286,0.799592
43.36,-0.182528,0.83401,-0.151613,0.802633
43.37,-0.184234,0.83709,-0.153148,0.805586
43.38,-0.186087,0.840162,-0.154882,0.808468
43.39,-0.187922,0.843304,-0.156653,0.811358
43.4,-0.189563,0.84653,-0.158261,0.814314
43.41,-0.191022,0.849745,-0.159634,0.817314
43.42,-0.192331,0.852974,-0.16054,0.820454
43.43,-0.193475,0.856203,-0.160559,0.823746
43.44,-0.194466,0.85943,-0.160579,0.826967
43.45,-0.195308,0.862658,-0.161319,0.830074
43.46,-0.195997,0.865851,-0.161937,0.833162
43.47,-0.196551,0.868982,-0.162471,0.836208
43.48,-0.197013,0.87206,-0.162977,0.839231
43.49,-0.197449,0.875123,-0.163507,0.842264
43.5,-0.197921,0.878219,-0.164097,0.845344
43.51,-0.198473,0.881391,-0.164774,0.848499
43.52,-0.199143,0.88466,-0.165573,0.851755
43.53,-0.199959,0.888024,-0.166513,0.855104
43.54,-0.200923,0.891448,-0.167594,0.858507
43.55,-0.20202,0.894886,-0.168799,0.861908
43.56,-0.203229,0.898277,-0.170103,0.865245
43.57,-0.204516,0.901567,-0.171471,0.868451
43.58,-0.205839,0.904727,-0.172854,0.87149
43.59,-0.207195,0.907804,-0.174239,0.874383
43.6,-0.208575,0.910839,-0.175626,0.877189
43.61,-0.210042,0.913755,-0.177104,0.879867
43.62,-0.21155,0.916593,-0.178555,0.882402
43.63,-0.213011,0.919374,-0.179692,0.884726
43.64,-0.214366,0.922129,-0.180675,0.887109
43.65,-0.215573,0.924878,-0.181836,0.889741
43.66,-0.216618,0.927604,-0.182841,0.892367
43.67,-0.217517,0.930271,-0.183669,0.894941
43.68,-0.21831,0.932872,-0.184383,0.897466
43.69,-0.219047,0.935438,-0.185023,0.89998
43.7,-0.219772,0.938023,-0.185631,0.90254
43.71,-0.220537,0.940687,-0.186251,0.905207
43.72,-0.221395,0.943481,-0.186932,0.908015
43.73,-0.222401,0.946416,-0.187743,0.910954
43.74,-0.223589,0.94946,-0.18873,0.913982
43.75,-0.224974,0.952555,-0.18991,0.917033
43.76,-0.226567,0.955648,-0.191308,0.920048
43.77,-0.22835,0.958696,-0.192916,0.922973
43.78,-0.23028,0.961732,-0.194718,0.925817
43.79,-0.232191,0.964839,-0.196558,0.928677
43.8,-0.23391,0.968032,-0.198232,0.931606
43.81,-0.235474,0.971245,-0.199689,0.934614
43.82,-0.236886,0.974472,-0.200625,0.937799
43.83,-0.238131,0.977694,-0.200608,0.941163
43.84,-0.239223,0.980912,-0.200844,0.944399
43.85,-0.240165,0.98413,-0.201675,0.947517
43.86,-0.240953,0.987317,-0.202384,0.950617
43.87,-0.241603,0.990444,-0.203005,0.953682
43.88,-0.242159,0.993521,-0.203596,0.956724
43.89,-0.242686,0.996583,-0.204208,0.959769
43.9,-0.243248,0.999677,-0.204883,0.962853
43.91,-0.24389,1.00284,-0.205647,0.966011
43.92,-0.244652,1.00611,-0.20653,0.969259
43.93,-0.245561,1.00947,-0.207555,0.972597
43.94,-0.24662,1.01288,-0.208724,0.975985
43.95,-0.247811,1.01632,-0.210012,0.979371
43.96,-0.249112,1.0197,-0.2114,0.982687
43.97,-0.250488,1.02299,-0.21285,0.985875
43.98,-0.251895,1.02615,-0.214316,0.988896
43.99,-0.253328,1.02922,-0.215782,0.991769
44,-0.254786,1.03224,-0.217245,0.994547
44.01,-0.256324,1.03513,-0.218786,0.997185
44.02,-0.257899,1.03794,-0.220285,0.999677
44.03,-0.259425,1.04069,-0.221436,1.00198
44.04,-0.260842,1.04341,-0.222418,1.00435
44.05,-0.262109,1.04613,-0.223607,1.00697
44.06,-0.263214,1.04884,-0.224638,1.00957
44.07,-0.264171,1.05149,-0.225493,1.01213
44.08,-0.265021,1.05407,-0.226235,1.01463
44.09,-0.265813,1.05662,-0.226907,1.01712
44.1,-0.266594,1.05919,-0.227546,1.01966
44.11,-0.267416,1.06183,-0.228204,1.0223
44.12,-0.268333,1.06461,-0.228934,1.02507
44.13,-0.2694,1.06751,-0.229799,1.02798
44.14,-0.270651,1.07052,-0.230846,1.03097
44.15,-0.2721,1.07358,-0.232092,1.03399
44.16,-0.273758,1.07663,-0.233555,1.03696
44.17,-0.275604,1.07963,-0.235236,1.03984
44.18,-0.277598,1.08262,-0.237114,1.04264
44.19,-0.279575,1.08567,-0.239036,1.04546
44.2,-0.281363,1.08882,-0.240802,1.04834
44.21,-0.282998,1.09199,-0.24236,1.0513
44.22,-0.284482,1.09518,-0.243396,1.05444
44.23,-0.285798,1.09836,-0.243463,1.05778
44.24,-0.286962,1.10155,-0.243537,1.06104
44.25,-0.287975,1.10474,-0.244427,1.06413
44.26,-0.288833,1.1079,-0.245196,1.0672
44.27,-0.289551,1.11101,-0.24588,1.07023
44.28,-0.290174,1.11407,-0.246539,1.07325
44.29,-0.290767,1.11711,-0.247231,1.07626
44.3,-0.291396,1.12019,-0.24798,1.07931
44.31,-0.292106,1.12334,-0.248827,1.08244
44.32,-0.292938,1.12658,-0.249794,1.08566
44.33,-0.293917,1.12992,-0.250907,1.08896
44.34,-0.295048,1.13331,-0.252164,1.09232
44.35,-0.296312,1.13671,-0.253544,1.09568
44.36,-0.297685,1.14007,-0.255014,1.09898
44.37,-0.299131,1.14332,-0.256536,1.10215
44.38,-0.300605,1.14645,-0.258069,1.10515
44.39,-0.302104,1.14948,-0.259595,1.10802
44.4,-0.303626,1.15247,-0.261119,1.11079
44.41,-0.305195,1.1553,-0.262693,1.11339
44.42,-0.306801,1.15804,-0.264229,1.11584
44.43,-0.308361,1.16074,-0.265432,1.1181
44.44,-0.309813,1.16341,-0.266475,1.12044
44.45,-0.311119,1.16608,-0.267719,1.123
44.46,-0.312263,1.16875,-0.268811,1.12556
44.47,-0.313259,1.17136,-0.269724,1.12807
44.48,-0.314148,1.17391,-0.270522,1.13054
44.49,-0.314981,1.17643,-0.271248,1.133
44.5,-0.315806,1.17897,-0.271939,1.13552
44.51,-0.316676,1.1816,-0.272645,1.13814
44.52,-0.317647,1.18434,-0.273427,1.14091
44.53,-0.318773,1.18723,-0.274343,1.14381
44.54,-0.320087,1.19021,-0.275443,1.14678
44.55,-0.321603,1.19324,-0.276745,1.14977
44.56,-0.323328,1.19626,-0.278273,1.15272
44.57,-0.325241,1.19922,-0.280012,1.15556
44.58,-0.327303,1.20217,-0.281945,1.15832
44.59,-0.329352,1.20519,-0.283927,1.16109
44.6,-0.331215,1.20831,-0.285745,1.16394
44.61,-0.332927,1.21145,-0.287352,1.16688
44.62,-0.334488,1.21462,-0.28844,1.17001
44.63,-0.335882,1.21779,-0.288544,1.17336
44.64,-0.337123,1.22095,-0.28868,1.17663
44.65,-0.338213,1.22413,-0.289642,1.1797
44.66,-0.339148,1.22729,-0.29048,1.18276
44.67,-0.339941,1.23038,-0.29123,1.18579
44.68,-0.340638,1.23344,-0.291957,1.18879
44.69,-0.341305,1.23648,-0.292706,1.1918
44.7,-0.342008,1.23955,-0.293524,1.19485
44.71,-0.342795,1.24269,-0.294434,1.19797
44.72,-0.343705,1.24592,-0.295469,1.20119
44.73,-0.344766,1.24924,-0.296646,1.20449
44.74,-0.345978,1.25262,-0.297968,1.20784
44.75,-0.347323,1.256,-0.299412,1.21118
44.76,-0.348775,1.25933,-0.300947,1.21445
44.77,-0.350297,1.26256,-0.302535,1.2176
44.78,-0.351843,1.26566,-0.304127,1.22057
44.79,-0.353411,1.26867,-0.305709,1.2234
44.8,-0.355002,1.27163,-0.307292,1.22612
44.81,-0.356666,1.27445,-0.308949,1.2287
44.82,-0.358364,1.27719,-0.310558,1.23114
44.83,-0.360012,1.27987,-0.311816,1.23337
44.84,-0.361549,1.28253,-0.313007,1.23573
44.85,-0.362938,1.2852,-0.314331,1.23827
44.86,-0.364163,1.28785,-0.315501,1.24081
44.87,-0.365238,1.29046,-0.316489,1.24332
44.88,-0.366202,1.29301,-0.317354,1.24578
44.89,-0.367108,1.29552,-0.318141,1.24824
44.9,-0.368003,1.29806,-0.318894,1.25075
44.91,-0.368943,1.30067,-0.319665,1.25336
44.92,-0.369983,1.3034,-0.320507,1.25611
44.93,-0.37118,1.30626,-0.321484,1.25898
44.94,-0.372564,1.30922,-0.322639,1.26193
44.95,-0.374149,1.31221,-0.323994,1.2649
44.96,-0.375942,1.31518,-0.325566,1.26782
44.97,-0.37792,1.3181,-0.327342,1.27064
44.98,-0.380044,1.321,-0.329314,1.27337
44.99,-0.382156,1.32396,-0.331327,1.27612
45,-0.384082,1.32703,-0.333182,1.27895
45.01,-0.385859,1.33012,-0.334823,1.28187
45.02,-0.387485,1.33324,-0.335935,1.28499
45.03,-0.388945,1.33637,-0.336069,1.2883
45.04,-0.390256,1.3395,-0.336273,1.29149
45.05,-0.391418,1.34265,-0.33732,1.29453
45.06,-0.392427,1.34578,-0.338247,1.29756
45.07,-0.393299,1.34886,-0.339089,1.30058
45.08,-0.394078,1.3519,-0.339911,1.30361
45.09,-0.394828,1.35494,-0.340763,1.30665
45.1,-0.395611,1.35802,-0.341678,1.30975
45.11,-0.396475,1.36117,-0.342678,1.31293
45.12,-0.397457,1.36441,-0.343795,1.31618
45.13,-0.398583,1.36771,-0.34504,1.3195
45.14,-0.399853,1.37105,-0.346419,1.32285
45.15,-0.401246,1.37437,-0.347906,1.32616
45.16,-0.402737,1.37761,-0.349474,1.32938
45.17,-0.40429,1.38074,-0.351077,1.33244
45.18,-0.40586,1.38373,-0.352678,1.33532
45.19,-0.407434,1.38661,-0.354252,1.33804
45.2,-0.409041,1.38935,-0.355843,1.34059
45.21,-0.410711,1.39192,-0.357484,1.34293
45.22,-0.412416,1.39439,-0.359044,1.34505
45.23,-0.414068,1.39682,-0.360189,1.34688
45.24,-0.415598,1.39924,-0.361193,1.34882
45.25,-0.416968,1.40168,-0.362499,1.35114
45.26,-0.41817,1.40411,-0.363626,1.35347
45.27,-0.419226,1.4065,-0.364585,1.35577
45.28,-0.420178,1.40884,-0.365427,1.35805
45.29,-0.421076,1.41117,-0.366191,1.36035
45.3,-0.421962,1.41351,-0.36691,1.36269
45.31,-0.422876,1.41589,-0.36763,1.36511
45.32,-0.423868,1.41835,-0.368405,1.3676
45.33,-0.424986,1.42087,-0.369289,1.37015
45.34,-0.426261,1.42342,-0.370321,1.37271
45.35,-0.427703,1.42594,-0.371526,1.37522
45.36,-0.429307,1.42838,-0.372904,1.37762
45.37,-0.431044,1.43072,-0.374437,1.37987
45.38,-0.432879,1.433,-0.376115,1.38201
45.39,-0.434678,1.43535,-0.377812,1.38417
45.4,-0.436302,1.43775,-0.379358,1.38637
45.41,-0.437769,1.44008,-0.380693,1.38856
45.42,-0.439123,1.44243,-0.381569,1.39084
45.43,-0.440328,1.4448,-0.381487,1.39322
45.44,-0.441365,1.44722,-0.381401,1.39557
45.45,-0.442229,1.44967,-0.382144,1.39792
45.46,-0.442932,1.45211,-0.382763,1.40028
45.47,-0.4435,1.45455,-0.383209,1.40259
45.48,-0.443985,1.45697,-0.383572,1.40489
45.49,-0.444442,1.45942,-0.383908,1.40721
45.5,-0.44491,1.46192,-0.384262,1.40958
45.51,-0.445416,1.46447,-0.384657,1.41202
45.52,-0.445989,1.46706,-0.385122,1.41451
45.53,-0.44666,1.46968,-0.385683,1.41702
45.54,-0.447452,1.47231,-0.386368,1.41955
45.55,-0.448378,1.47493,-0.387195,1.42207
45.56,-0.449426,1.4775,-0.388159,1.42454
45.57,-0.450568,1.48001,-0.389226,1.42693
45.58,-0.451771,1.48241,-0.390367,1.4292
45.59,-0.45303,1.48455,-0.391579,1.43123
45.6,-0.45427,1.48634,-0.392804,1.43291
45.61,-0.455529,1.4879,-0.394013,1.43431
45.62,-0.456778,1.48936,-0.395004,1.43541
45.63,-0.457902,1.49075,-0.395396,1.43612
45.64,-0.458832,1.49209,-0.395607,1.43693
45.65,-0.459547,1.4934,-0.396188,1.4381
45.66,-0.460069,1.49468,-0.396579,1.43925
45.67,-0.460443,1.49591,-0.396824,1.44036
45.68,-0.460734,1.49711,-0.396985,1.44145
45.69,-0.460988,1.49826,-0.397105,1.44253
45.7,-0.461225,1.4994,-0.397201,1.44361
45.71,-0.461459,1.50055,-0.397281,1.44472
45.72,-0.461733,1.50171,-0.397386,1.44587
45.73,-0.462093,1.50288,-0.397567,1.44705
45.74,-0.462586,1.50405,-0.397879,1.44822
45.75,-0.463241,1.50518,-0.398364,1.44936
45.76,-0.464047,1.50625,-0.399018,1.45042
45.77,-0.464977,1.50725,-0.399822,1.45141
45.78,-0.466019,1.50825,-0.400767,1.45239
45.79,-0.467073,1.50939,-0.401782,1.45349
45.8,-0.468007,1.51067,-0.402719,1.45473
45.81,-0.468873,1.51197,-0.403569,1.45603
45.82,-0.469635,1.5133,-0.404086,1.45742
45.83,-0.470228,1.51466,-0.403822,1.45886
45.84,-0.470626,1.51607,-0.403539,1.46023
45.85,-0.470827,1.51752,-0.403599,1.46158
45.86,-0.470855,1.51899,-0.403495,1.46295
45.87,-0.470757,1.52047,-0.403272,1.46432
45.88,-0.4706,1.52196,-0.402996,1.4657
45.89,-0.470436,1.5235,-0.402723,1.46713
45.9,-0.470282,1.52509,-0.402468,1.46861
45.91,-0.470153,1.52672,-0.40224,1.47014
45.92,-0.470074,1.52837,-0.402068,1.47168
45.93,-0.470078,1.53002,-0.401988,1.47324
45.94,-0.470202,1.53167,-0.402038,1.47481
45.95,-0.470457,1.53332,-0.402233,1.47638
45.96,-0.470839,1.53494,-0.402566,1.47792
45.97,-0.471325,1.53651,-0.403024,1.47942
45.98,-0.471895,1.53799,-0.403583,1.48083
45.99,-0.472537,1.53919,-0.404261,1.48198
46,-0.473145,1.54008,-0.404937,1.48284
46.01,-0.473777,1.54079,-0.40561,1.48347
46.02,-0.474392,1.54141,-0.406053,1.48386
46.03,-0.47486,1.54196,-0.405827,1.48393
46.04,-0.475113,1.54247,-0.405373,1.48401
46.05,-0.475141,1.54293,-0.405284,1.48436
46.06,-0.474978,1.54336,-0.40501,1.48467
46.07,-0.474682,1.54376,-0.404607,1.48496
46.08,-0.474333,1.54412,-0.404154,1.48524
46.09,-0.473979,1.54445,-0.403699,1.48552
46.1,-0.473627,1.54477,-0.403243,1.4858
46.11,-0.473289,1.54506,-0.402795,1.48609
46.12,-0.472992,1.54535,-0.402379,1.48638
46.13,-0.472772,1.54564,-0.40204,1.48668
46.14,-0.472675,1.5459,-0.401828,1.48698
46.15,-0.472724,1.54614,-0.401776,1.48726
46.16,-0.472908,1.54634,-0.401876,1.48752
46.17,-0.473196,1.5465,-0.402101,1.48775
46.18,-0.473564,1.54668,-0.402426,1.488
46.19,-0.473991,1.547,-0.402861,1.48838
46.2,-0.474369,1.54747,-0.403284,1.48893
46.21,-0.474733,1.54798,-0.403697,1.48956
46.22,-0.475032,1.54852,-0.403924,1.49021
46.23,-0.475172,1.5491,-0.403583,1.49085
46.24,-0.475097,1.54974,-0.402946,1.49142
46.25,-0.474797,1.55041,-0.402534,1.492
46.26,-0.47431,1.55111,-0.401944,1.49261
46.27,-0.473699,1.55182,-0.401236,1.49324
46.28,-0.473041,1.55256,-0.400487,1.4939
46.29,-0.472392,1.55333,-0.399757,1.4946
46.3,-0.471759,1.55416,-0.399046,1.49535
46.31,-0.471143,1.55502,-0.398356,1.49613
46.32,-0.470558,1.55588,-0.397697,1.49692
46.33,-0.470041,1.55673,-0.397107,1.49772
46.34,-0.469635,1.55756,-0.396639,1.4985
46.35,-0.469365,1.55838,-0.396319,1.49928
46.36,-0.469234,1.55919,-0.396148,1.50005
46.37,-0.469229,1.55996,-0.396121,1.5008
46.38,-0.469375,1.5606,-0.39628,1.50144
46.39,-0.469588,1.56094,-0.396561,1.50182
46.4,-0.469716,1.56097,-0.396791,1.50191
46.41,-0.469798,1.5608,-0.396939,1.50177
46.42,-0.469838,1.56054,-0.396821,1.50136
46.43,-0.469705,1.56019,-0.395989,1.50059
46.44,-0.469346,1.55977,-0.394914,1.49981
46.45,-0.468754,1.55929,-0.394217,1.49926
46.46,-0.467971,1.55878,-0.393341,1.49868
46.47,-0.467065,1.55826,-0.39235,1.4981
46.48,-0.466119,1.55771,-0.391325,1.49752
46.49,-0.465192,1.55715,-0.390325,1.49695
46.5,-0.464292,1.55656,-0.389351,1.49637
46.51,-0.463424,1.55595,-0.38841,1.49578
46.52,-0.462606,1.55534,-0.387518,1.49521
46.53,-0.461876,1.5547,-0.386722,1.49463
46.54,-0.461267,1.55404,-0.38606,1.49404
46.55,-0.460788,1.55334,-0.385543,1.49343
46.56,-0.460423,1.55262,-0.385162,1.4928
46.57,-0.460136,1.55187,-0.384878,1.49217
46.58,-0.459896,1.55114,-0.384666,1.49156
46.59,-0.459708,1.55054,-0.384545,1.49109
46.6,-0.459512,1.55015,-0.384455,1.49083
46.61,-0.459339,1.54986,-0.384395,1.49071
46.62,-0.45913,1.54964,-0.384205,1.49066
46.63,-0.458771,1.54946,-0.383508,1.49061
46.64,-0.458188,1.54935,-0.382476,1.49051
46.65,-0.457368,1.54927,-0.381578,1.4904
46.66,-0.456351,1.54922,-0.380489,1.49032
46.67,-0.455212,1.5492,-0.379284,1.49028
46.68,-0.454038,1.54922,-0.378051,1.49028
46.69,-0.452887,1.54928,-0.376847,1.49031
46.7,-0.451756,1.54937,-0.375664,1.49036
46.71,-0.450636,1.54947,-0.374492,1.49041
46.72,-0.449539,1.54956,-0.373343,1.49046
46.73,-0.448497,1.54963,-0.372252,1.49049
46.74,-0.447552,1.54969,-0.371266,1.49052
46.75,-0.446728,1.54976,-0.370411,1.49056
46.76,-0.446039,1.54984,-0.369699,1.49063
46.77,-0.445505,1.54992,-0.369162,1.4907
46.78,-0.44518,1.54986,-0.368876,1.49068
46.79,-0.444924,1.54951,-0.368714,1.49039
46.8,-0.444562,1.54884,-0.368469,1.48981
46.81,-0.444166,1.54796,-0.368129,1.48897
46.82,-0.443691,1.54697,-0.367397,1.48786
46.83,-0.442997,1.54591,-0.365777,1.48643
46.84,-0.442047,1.54477,-0.364134,1.48506
46.85,-0.44085,1.54357,-0.36287,1.48385
46.86,-0.439466,1.54235,-0.36143,1.48261
46.87,-0.437967,1.54113,-0.359886,1.4814
46.88,-0.436443,1.53992,-0.358318,1.48021
46.89,-0.434954,1.5387,-0.356781,1.47903
46.9,-0.433507,1.53745,-0.355282,1.47784
46.91,-0.432096,1.53617,-0.353816,1.47663
46.92,-0.430744,1.53486,-0.352399,1.4754
46.93,-0.429482,1.53351,-0.351077,1.47413
46.94,-0.428333,1.5321,-0.349887,1.47281
46.95,-0.427297,1.53061,-0.34883,1.47143
46.96,-0.426341,1.52906,-0.347878,1.47
46.97,-0.425419,1.52747,-0.346985,1.46855
46.98,-0.424492,1.52586,-0.346108,1.46711
46.99,-0.423592,1.52439,-0.345293,1.46579
47,-0.422733,1.52312,-0.344545,1.46471
47.01,-0.421943,1.52201,-0.343872,1.46379
47.02,-0.421151,1.52098,-0.343113,1.46299
47.03,-0.420213,1.52004,-0.341865,1.46232
47.04,-0.419034,1.51917,-0.340268,1.46164
47.05,-0.417597,1.51836,-0.33878,1.46088
47.06,-0.41595,1.51761,-0.337091,1.46017
47.07,-0.414189,1.5169,-0.335296,1.4595
47.08,-0.412406,1.51623,-0.333486,1.45888
47.09,-0.410656,1.51559,-0.331712,1.45826
47.1,-0.408926,1.51496,-0.329954,1.45762
47.11,-0.407188,1.51434,-0.328143,1.45695
47.12,-0.405454,1.51369,-0.326265,1.45624
47.13,-0.403758,1.51303,-0.324392,1.45549
47.14,-0.402155,1.51235,-0.322616,1.45474
47.15,-0.400686,1.51171,-0.320989,1.45403
47.16,-0.399377,1.51113,-0.319554,1.45339
47.17,-0.398281,1.5106,-0.318365,1.45281
47.18,-0.397442,1.50994,-0.317498,1.45216
47.19,-0.396669,1.50903,-0.316764,1.45129
47.2,-0.395787,1.50783,-0.315964,1.45016
47.21,-0.394857,1.50644,-0.315076,1.4488
47.22,-0.393815,1.50494,-0.313769,1.44727
47.23,-0.392528,1.50337,-0.311532,1.44562
47.24,-0.390962,1.50173,-0.309083,1.44397
47.25,-0.389138,1.50006,-0.307213,1.44232
47.26,-0.387114,1.49838,-0.305152,1.44067
47.27,-0.384969,1.49673,-0.302973,1.43905
47.28,-0.382803,1.49509,-0.300764,1.43745
47.29,-0.380682,1.49343,-0.298591,1.43586
47.3,-0.378611,1.49175,-0.296453,1.43425
47.31,-0.376582,1.49004,-0.294343,1.43263
47.32,-0.374617,1.4883,-0.292294,1.43098
47.33,-0.372747,1.48652,-0.29036,1.4293
47.34,-0.370994,1.48469,-0.288562,1.42757
47.35,-0.36936,1.48281,-0.286912,1.42581
47.36,-0.367819,1.4809,-0.285389,1.42403
47.37,-0.366331,1.47899,-0.283948,1.42227
47.38,-0.364867,1.4771,-0.282563,1.42055
47.39,-0.363499,1.47539,-0.281311,1.419
47.4,-0.362222,1.47396,-0.280179,1.41773
47.41,-0.361025,1.47275,-0.279141,1.41671
47.42,-0.359865,1.47166,-0.278081,1.41586
47.43,-0.35858,1.47067,-0.276674,1.41521
47.44,-0.357072,1.46978,-0.274936,1.41459
47.45,-0.355312,1.46899,-0.273143,1.41388
47.46,-0.353345,1.46826,-0.271148,1.41324
47.47,-0.351266,1.46761,-0.269046,1.41267
47.48,-0.349167,1.46701,-0.266928,1.41213
47.49,-0.347099,1.46642,-0.264843,1.41158
47.5,-0.345048,1.46583,-0.262763,1.41101
47.51,-0.343002,1.46524,-0.260623,1.41039
47.52,-0.340982,1.46461,-0.25842,1.40971
47.53,-0.339025,1.46395,-0.256254,1.40898
47.54,-0.337186,1.46327,-0.254224,1.40822
47.55,-0.335503,1.46262,-0.252384,1.40749
47.56,-0.333992,1.46203,-0.250757,1.40681
47.57,-0.332683,1.46147,-0.249375,1.40617
47.58,-0.331613,1.46081,-0.248298,1.40546
47.59,-0.330604,1.45991,-0.247366,1.40452
47.6,-0.329482,1.45876,-0.246376,1.40334
47.61,-0.328324,1.45745,-0.245311,1.40199
47.62,-0.327062,1.45606,-0.243843,1.40055
47.63,-0.325566,1.45462,-0.241447,1.39914
47.64,-0.323795,1.45314,-0.238836,1.39779
47.65,-0.321766,1.45166,-0.236768,1.39636
47.66,-0.31954,1.4502,-0.23451,1.39495
47.67,-0.317198,1.44877,-0.232142,1.39358
47.68,-0.314837,1.44735,-0.229753,1.39223
47.69,-0.312523,1.44591,-0.2274,1.39087
47.7,-0.31026,1.44444,-0.22509,1.38949
47.71,-0.30804,1.44294,-0.222805,1.38808
47.72,-0.305884,1.4414,-0.220589,1.38664
47.73,-0.303824,1.43982,-0.21848,1.38515
47.74,-0.301882,1.43819,-0.216513,1.3836
47.75,-0.300059,1.43649,-0.214703,1.382
47.76,-0.298331,1.43477,-0.213022,1.38038
47.77,-0.296661,1.43304,-0.211431,1.37877
47.78,-0.29502,1.43134,-0.209897,1.3772
47.79,-0.293489,1.42979,-0.208504,1.37578
47.8,-0.292085,1.42851,-0.207263,1.37463
47.81,-0.290826,1.42742,-0.20617,1.37368
47.82,-0.289612,1.42643,-0.20507,1.3729
47.83,-0.288278,1.42556,-0.203618,1.37237
47.84,-0.286726,1.42481,-0.201892,1.37188
47.85,-0.28493,1.42418,-0.200078,1.37134
47.86,-0.282933,1.42364,-0.198067,1.37088
47.87,-0.28083,1.42317,-0.195953,1.3705
47.88,-0.27871,1.42276,-0.193822,1.37016
47.89,-0.276622,1.42236,-0.191723,1.3698
47.9,-0.27455,1.42196,-0.189628,1.36942
47.91,-0.272479,1.42155,-0.187464,1.36899
47.92,-0.270429,1.42111,-0.185232,1.36852
47.93,-0.268437,1.42063,-0.183023,1.368
47.94,-0.266561,1.42013,-0.180945,1.36744
47.95,-0.264845,1.41964,-0.179053,1.36689
47.96,-0.263307,1.41919,-0.177378,1.36638
47.97,-0.261978,1.41876,-0.175964,1.36589
47.98,-0.260879,1.4182,-0.174862,1.36528
47.99,-0.259812,1.41739,-0.17388,1.36443
48,-0.258603,1.41634,-0.172801,1.36335
48.01,-0.257335,1.41514,-0.17161,1.3621
48.02,-0.255949,1.41385,-0.169983,1.36077
48.03,-0.254322,1.41255,-0.167392,1.35956
48.04,-0.252419,1.41123,-0.164619,1.35845
48.05,-0.25026,1.40993,-0.162439,1.35721
48.06,-0.247908,1.40866,-0.160074,1.35601
48.07,-0.245443,1.40744,-0.157602,1.35485
48.08,-0.24296,1.40622,-0.155109,1.35372
48.09,-0.240523,1.40499,-0.15265,1.35258
48.1,-0.238135,1.40372,-0.150229,1.35142
48.11,-0.235787,1.40242,-0.147834,1.35022
48.12,-0.233503,1.40108,-0.145503,1.34898
48.13,-0.231312,1.39968,-0.14327,1.34768
48.14,-0.229235,1.39822,-0.141177,1.34631
48.15,-0.22727,1.39669,-0.139222,1.34487
48.16,-0.225398,1.39513,-0.137389,1.34339
48.17,-0.223581,1.39355,-0.135639,1.34191
48.18,-0.221794,1.392,-0.133948,1.34047
48.19,-0.220127,1.3906,-0.132402,1.33916
48.2,-0.218608,1.38945,-0.131044,1.33809
48.21,-0.217248,1.38846,-0.129851,1.33722
48.22,-0.215943,1.38758,-0.128656,1.33651
48.23,-0.214528,1.38683,-0.127132,1.33609
48.24,-0.212908,1.38622,-0.125305,1.3358
48.25,-0.211056,1.38574,-0.123434,1.33541
48.26,-0.209011,1.38537,-0.121377,1.33514
48.27,-0.206868,1.38509,-0.119226,1.33494
48.28,-0.204715,1.38485,-0.117062,1.33478
48.29,-0.202594,1.38463,-0.11493,1.33461
48.3,-0.200489,1.38441,-0.112795,1.33441
48.31,-0.198385,1.38418,-0.110595,1.33418
48.32,-0.196301,1.38392,-0.10833,1.33391
48.33,-0.194271,1.3836,-0.106089,1.33357
48.34,-0.192357,1.38326,-0.103976,1.3332
48.35,-0.190603,1.38292,-0.102059,1.33281
48.36,-0.189029,1.3826,-0.100357,1.33244
48.37,-0.187665,1.38228,-0.0989094,1.33208
48.38,-0.186516,1.38181,-0.0977576,1.33158
48.39,-0.185379,1.38109,-0.0966934,1.33084
48.4,-0.18408,1.38015,-0.0955108,1.32988
48.41,-0.182673,1.37908,-0.0941807,1.32877
48.42,-0.181148,1.37794,-0.0924651,1.32761
48.43,-0.179387,1.37679,-0.0898953,1.32659
48.44,-0.177354,1.37566,-0.0870988,1.32566
48.45,-0.175067,1.37456,-0.0847765,1.32462
48.46,-0.172591,1.37351,-0.0822739,1.32364
48.47,-0.170007,1.37252,-0.0796661,1.32271
48.48,-0.167407,1.37154,-0.0770375,1.32181
48.49,-0.164851,1.37054,-0.0744471,1.3209
48.5,-0.16234,1.36949,-0.0718923,1.31996
48.51,-0.159868,1.36841,-0.0693695,1.31898
48.52,-0.157456,1.36728,-0.0669085,1.31797
48.53,-0.155134,1.3661,-0.0645474,1.31689
48.54,-0.152921,1.36484,-0.0623224,1.31573
48.55,-0.150816,1.36351,-0.0602356,1.31449
48.56,-0.148802,1.36213,-0.0582737,1.31321
48.57,-0.146846,1.36074,-0.0564026,1.31193
48.58,-0.144923,1.35937,-0.0545989,1.31067
48.59,-0.143131,1.35813,-0.0529512,1.30953
48.6,-0.141515,1.35713,-0.0515091,1.30862
48.61,-0.140076,1.35627,-0.0502602,1.30787
48.62,-0.138703,1.35552,-0.0490453,1.30729
48.63,-0.137233,1.35489,-0.0475702,1.30698
48.64,-0.135572,1.35443,-0.0457787,1.30681
48.65,-0.133689,1.35412,-0.0438712,1.30659
48.66,-0.131625,1.35393,-0.0417867,1.30649
48.67,-0.12947,1.35384,-0.039612,1.30648
48.68,-0.127309,1.3538,-0.0374311,1.30651
48.69,-0.125181,1.35377,-0.0352817,1.30653
48.7,-0.123068,1.35374,-0.0331315,1.30652
48.71,-0.120956,1.3537,-0.0309147,1.30648
48.72,-0.118859,1.35362,-0.028634,1.3064
48.73,-0.116813,1.35349,-0.0263788,1.30626
48.74,-0.114878,1.35332,-0.0242451,1.30609
48.75,-0.113104,1.35314,-0.0223044,1.30588
48.76,-0.111512,1.35296,-0.0205798,1.30568
48.77,-0.11013,1.35276,-0.0191101,1.30546
48.78,-0.10895,1.3524,-0.0179308,1.30508
48.79,-0.107757,1.35178,-0.0168198,1.30446
48.8,-0.106382,1.35095,-0.0155625,1.30364
48.81,-0.10492,1.34999,-0.0141744,1.30265
48.82,-0.103329,1.34897,-0.0123793,1.30164
48.83,-0.101496,1.34797,-0.00973508,1.30082
48.84,-0.09939,1.347,-0.00704659,1.30006
48.85,-0.097035,1.3461,-0.00465488,1.29922
48.86,-0.0944961,1.34526,-0.00208646,1.29845
48.87,-0.0918545,1.34449,0.000577371,1.29774
48.88,-0.0891976,1.34373,0.00325679,1.29706
48.89,-0.0865822,1.34295,0.00590463,1.29637
48.9,-0.0840084,1.34212,0.00851718,1.29564
48.91,-0.0814689,1.34125,0.0111021,1.29488
48.92,-0.0789849,1.34033,0.0136282,1.29407
48.93,-0.0765833,1.33934,0.0160579,1.29319
48.94,-0.0742819,1.33826,0.0183595,1.29222
48.95,-0.072081,1.33711,0.0205365,1.29117
48.96,-0.0699633,1.3359,0.0225945,1.29007
48.97,-0.0678989,1.33466,0.0245645,1.28895
48.98,-0.0658684,1.33345,0.0264684,1.28785
48.99,-0.063982,1.33236,0.0282033,1.28685
49,-0.0622866,1.33149,0.0297256,1.28607
49.01,-0.0607764,1.33077,0.0310495,1.28545
49.02,-0.059338,1.33013,0.0323251,1.28497
49.03,-0.0578139,1.32964,0.0338224,1.28481
49.04,-0.0561126,1.32933,0.0356145,1.28481
49.05,-0.054206,1.32918,0.0375451,1.28476
49.06,-0.0521302,1.32918,0.0396404,1.28484
49.07,-0.0499725,1.32928,0.041815,1.28503
49.08,-0.0478132,1.32944,0.0439937,1.28525
49.09,-0.0456884,1.3296,0.0461448,1.28547
49.1,-0.0435784,1.32975,0.0482973,1.28566
49.11,-0.0414686,1.3299,0.0505178,1.28584
49.12,-0.0393714,1.33001,0.0528015,1.28598
49.13,-0.0373204,1.33006,0.0550584,1.28605
49.14,-0.0353759,1.33006,0.0571971,1.28607
49.15,-0.0335906,1.33003,0.0591447,1.28604
49.16,-0.0319867,1.33,0.0608769,1.286
49.17,-0.0305898,1.32993,0.062357,1.28592
49.18,-0.0293778,1.32967,0.0635663,1.28566
49.19,-0.0281326,1.32916,0.0647195,1.28515
49.2,-0.0266887,1.32846,0.0660305,1.28443
49.21,-0.025148,1.32763,0.067487,1.28357
49.22,-0.0234745,1.32676,0.0693466,1.28272
49.23,-0.021563,1.32593,0.072032,1.28211
49.24,-0.019383,1.32516,0.074912,1.28164
49.25,-0.0169596,1.32447,0.0773687,1.28104
49.26,-0.0143593,1.32386,0.0799924,1.28052
49.27,-0.0116626,1.32333,0.0827062,1.28008
49.28,-0.00895195,1.32282,0.0854307,1.27966
49.29,-0.00628023,1.32227,0.0881244,1.27922
49.3,-0.00364587,1.32168,0.0907856,1.27874
49.31,-0.00104121,1.32104,0.0934239,1.27821
49.32,0.00151286,1.32034,0.0960093,1.27763
49.33,0.00399131,1.31957,0.0985034,1.27697
49.34,0.00637766,1.31871,0.100877,1.27621
49.35,0.00867116,1.31775,0.103133,1.27535
49.36,0.0108866,1.31673,0.105272,1.27441
49.37,0.0130505,1.31569,0.107329,1.27346
49.38,0.015179,1.31466,0.109319,1.27251
49.39,0.0171526,1.31375,0.111134,1.27166
49.4,0.0189158,1.31304,0.112716,1.271
49.41,0.0205121,1.31248,0.114115,1.27052
49.42,0.02202,1.31201,0.115442,1.27017
49.43,0.0235952,1.31168,0.116941,1.27014
49.44,0.0253292,1.31154,0.118723,1.2703
49.45,0.0272525,1.31159,0.120664,1.27045
49.46,0.0293327,1.3118,0.122761,1.27075
49.47,0.0314865,1.31211,0.124933,1.27114
49.48,0.0336381,1.31248,0.127105,1.27158
49.49,0.0357552,1.31285,0.129248,1.272
49.5,0.0378576,1.31321,0.131399,1.2724
49.51,0.0399586,1.31356,0.133617,1.27277
49.52,0.0420487,1.31387,0.1359,1.2731
49.53,0.0440968,1.31411,0.138164,1.27337
49.54,0.0460425,1.31429,0.140306,1.27357
49.55,0.0478317,1.31443,0.142263,1.27371
49.56,0.0494413,1.31454,0.144004,1.27382
49.57,0.0508489,1.3146,0.145495,1.27387
49.58,0.0520879,1.31446,0.146736,1.27371
49.59,0.0533795,1.31407,0.147942,1.2733
49.6,0.0548839,1.3135,0.149319,1.2727
49.61,0.0564945,1.31281,0.150851,1.27197
49.62,0.0582391,1.31209,0.152785,1.27128
49.63,0.060216,1.31143,0.155499,1.2709
49.64,0.0624541,1.31085,0.158397,1.27067
49.65,0.064928,1.31038,0.160899,1.27027
49.66,0.0675709,1.31,0.163561,1.26997
49.67,0.0703036,1.30971,0.166306,1.26975
49.68,0.0730491,1.30943,0.169059,1.26956
49.69,0.0757582,1.30912,0.171778,1.26935
49.7,0.0784338,1.30876,0.174469,1.26909
49.71,0.0810837,1.30835,0.177138,1.2688
49.72,0.0836877,1.30789,0.179758,1.26844
49.73,0.0862229,1.30734,0.1823,1.268
49.74,0.0886749,1.30669,0.184736,1.26745
49.75,0.0910426,1.30593,0.187062,1.26679
49.76,0.0933384,1.30511,0.189286,1.26606
49.77,0.0955854,1.30426,0.191425,1.26531
49.78,0.0977959,1.30342,0.193496,1.26456
49.79,0.0998414,1.30268,0.195383,1.26389
49.8,0.10166,1.30213,0.19702,1.2634
49.81,0.103272,1.30168,0.198431,1.26303
49.82,0.104797,1.30131,0.199769,1.26281
49.83,0.106382,1.3011,0.201253,1.26292
49.84,0.10811,1.30109,0.202982,1.26319
49.85,0.110009,1.30128,0.204878,1.26347
49.86,0.112051,1.30165,0.206913,1.26391
49.87,0.114154,1.30213,0.209009,1.26446
49.88,0.116251,1.30267,0.211099,1.26506
49.89,0.118312,1.3032,0.213163,1.26563
49.9,0.12036,1.30373,0.215232,1.26619
49.91,0.122409,1.30424,0.217365,1.26673
49.92,0.124453,1.30472,0.219565,1.26725
49.93,0.126461,1.30514,0.221755,1.26771
49.94,0.128373,1.30548,0.223841,1.26809
49.95,0.130133,1.30577,0.225754,1.26841
49.96,0.131717,1.30602,0.227461,1.26867
49.97,0.133103,1.3062,0.228936,1.26886
49.98,0.134339,1.30616,0.230182,1.26882
49.99,0.135653,1.30589,0.231431,1.26854
50,0.137196,1.30545,0.232875,1.2681
50.01,0.138859,1.30491,0.234489,1.26754
50.02,0.14066,1.30434,0.236489,1.26703
50.03,0.142689,1.30386,0.239239,1.2669
50.04,0.14497,1.30349,0.242144,1.26691
50.05,0.147478,1.30324,0.244667,1.26674
50.06,0.150145,1.3031,0.247343,1.26667
50.07,0.152893,1.30305,0.250092,1.2667
50.08,0.155653,1.30302,0.252849,1.26675
50.09,0.15838,1.30295,0.255578,1.26678
50.1,0.161078,1.30283,0.258281,1.26676
50.11,0.163755,1.30266,0.260971,1.2667
50.12,0.166392,1.30243,0.263614,1.26658
50.13,0.168967,1.30211,0.266185,1.26637
50.14,0.171468,1.30168,0.268661,1.26603
50.15,0.173893,1.30114,0.27104,1.26559
50.16,0.176253,1.30053,0.273323,1.26506
50.17,0.178566,1.29988,0.275527,1.26449
50.18,0.180842,1.29925,0.277665,1.26393
50.19,0.182948,1.29869,0.279614,1.26342
50.2,0.184809,1.2983,0.281305,1.26306
50.21,0.186456,1.298,0.282768,1.2628
50.22,0.188009,1.29776,0.284138,1.26268
50.23,0.189608,1.29769,0.285624,1.26293
50.24,0.191331,1.29783,0.287342,1.26342
50.25,0.193207,1.29819,0.289212,1.26386
50.26,0.19521,1.29873,0.291206,1.26447
50.27,0.197264,1.2994,0.293252,1.2652
50.28,0.199306,1.30011,0.295288,1.26597
50.29,0.201314,1.30082,0.297299,1.26672
50.3,0.203309,1.30152,0.299318,1.26745
50.31,0.205305,1.30222,0.301403,1.26818
50.32,0.207299,1.30287,0.303557,1.26889
50.33,0.209264,1.30346,0.305704,1.26953
50.34,0.21114,1.30397,0.307754,1.2701
50.35,0.212869,1.30442,0.309637,1.27059
50.36,0.214426,1.3048,0.311317,1.27101
50.37,0.215792,1.3051,0.312768,1.27133
50.38,0.217029,1.30517,0.314012,1.27141
50.39,0.218363,1.30501,0.315286,1.27125
50.4,0.219938,1.30471,0.316764,1.27095
50.41,0.221669,1.30435,0.318437,1.27056
50.42,0.223534,1.30397,0.320455,1.27026
50.43,0.225616,1.30369,0.323133,1.27035
50.44,0.227939,1.30354,0.325988,1.27061
50.45,0.230477,1.30353,0.328543,1.27068
50.46,0.233163,1.30364,0.331239,1.27088
50.47,0.235923,1.30385,0.334003,1.27117
50.48,0.238693,1.30408,0.336776,1.27149
50.49,0.241433,1.30427,0.339517,1.27178
50.5,0.244149,1.3044,0.342237,1.27202
50.51,0.246847,1.30448,0.34494,1.27221
50.52,0.249508,1.3045,0.347602,1.27235
50.53,0.252114,1.30442,0.3502,1.27238
50.54,0.254654,1.30424,0.352716,1.27229
50.55,0.257126,1.30393,0.355138,1.27208
50.56,0.259535,1.30355,0.357469,1.27178
50.57,0.261899,1.30314,0.359719,1.27143
50.58,0.264223,1.30272,0.361894,1.27108
50.59,0.266373,1.30237,0.363879,1.27077
50.6,0.268264,1.30216,0.365593,1.27057
50.61,0.269932,1.302,0.367064,1.27045
50.62,0.271498,1.30191,0.368426,1.27044
50.63,0.273094,1.30197,0.36986,1.2708
50.64,0.274796,1.30227,0.371504,1.27142
50.65,0.276631,1.30279,0.373331,1.27202
50.66,0.278576,1.30351,0.375265,1.27282
50.67,0.280562,1.30435,0.377245,1.27373
50.68,0.282531,1.30524,0.379214,1.27468
50.69,0.284467,1.30613,0.381162,1.2756
50.7,0.286391,1.307,0.383119,1.27651
50.71,0.288317,1.30787,0.385143,1.27741
50.72,0.290245,1.3087,0.387233,1.27829
50.73,0.292149,1.30946,0.389316,1.27912
50.74,0.293972,1.31013,0.391302,1.27987
50.75,0.295655,1.31072,0.393122,1.28052
50.76,0.29717,1.31125,0.394746,1.28109
50.77,0.298502,1.31166,0.39615,1.28153
50.78,0.299726,1.31184,0.397375,1.28171
50.79,0.301068,1.31179,0.398642,1.28165
50.8,0.302665,1.31163,0.400131,1.28147
50.81,0.3044,1.31139,0.401808,1.2812
50.82,0.306275,1.31115,0.403852,1.28106
50.83,0.30836,1.31103,0.406547,1.28141
50.84,0.310675,1.31106,0.409268,1.28183
50.85,0.313191,1.31125,0.411793,1.28208
50.86,0.315842,1.31159,0.414444,1.28247
50.87,0.318559,1.31202,0.417154,1.28297
50.88,0.321283,1.31248,0.41987,1.2835
50.89,0.323982,1.31289,0.42256,1.284
50.9,0.326662,1.31325,0.425234,1.28446
50.91,0.329329,1.31355,0.427899,1.28487
50.92,0.331968,1.31378,0.430534,1.28522
50.93,0.334561,1.31392,0.433114,1.28546
50.94,0.337101,1.31393,0.435623,1.28558
50.95,0.339585,1.31383,0.438051,1.28557
50.96,0.342017,1.31364,0.440399,1.28546
50.97,0.34441,1.31341,0.442677,1.28531
50.98,0.346764,1.31319,0.444894,1.28515
50.99,0.348935,1.31301,0.446918,1.28501
51,0.350838,1.31296,0.448658,1.28497
51.01,0.352514,1.31295,0.450158,1.28499
51.02,0.354085,1.31299,0.451545,1.28513
51.03,0.355672,1.3132,0.452971,1.28567
51.04,0.357344,1.31365,0.454561,1.28648
51.05,0.359127,1.31433,0.456324,1.28725
51.06,0.361002,1.31522,0.458178,1.28822
51.07,0.362907,1.31624,0.460063,1.2893
51.08,0.364792,1.31731,0.461936,1.29042
51.09,0.366643,1.31836,0.463786,1.29152
51.1,0.368483,1.3194,0.465647,1.29259
51.11,0.370326,1.32044,0.467573,1.29367
51.12,0.372173,1.32144,0.469572,1.29475
51.13,0.374003,1.32236,0.471572,1.29577
51.14,0.37576,1.3232,0.473484,1.29669
51.15,0.377383,1.32394,0.475243,1.29749
51.16,0.378848,1.32459,0.476818,1.2982
51.17,0.38014,1.32513,0.478183,1.29877
51.18,0.381345,1.32541,0.479385,1.29907
51.19,0.382687,1.32549,0.480657,1.29913
51.2,0.38429,1.32548,0.482157,1.29908
51.21,0.386038,1.32539,0.483851,1.29896
51.22,0.387924,1.32532,0.485913,1.29899
51.23,0.390008,1.32539,0.488606,1.29957
51.24,0.392307,1.32563,0.491408,1.30033
51.25,0.394792,1.32604,0.493894,1.30081
51.26,0.3974,1.32661,0.496496,1.30144
51.27,0.400064,1.32729,0.499148,1.30218
51.28,0.402734,1.32798,0.501801,1.30294
51.29,0.405382,1.32864,0.504429,1.30368
51.3,0.408017,1.32923,0.507045,1.30437
51.31,0.410645,1.32977,0.509657,1.30501
51.32,0.41325,1.33023,0.512245,1.30559
51.33,0.415819,1.3306,0.514787,1.30606
51.34,0.418345,1.33084,0.51727,1.30639
51.35,0.420826,1.33096,0.519689,1.30659
51.36,0.423264,1.33099,0.52204,1.30668
51.37,0.425666,1.33098,0.524324,1.30673
51.38,0.428029,1.33096,0.526544,1.30676
51.39,0.430206,1.33098,0.52857,1.3068
51.4,0.432104,1.33109,0.530305,1.30691
51.41,0.433772,1.33123,0.53179,1.30706
51.42,0.435331,1.33141,0.533142,1.30732
51.43,0.436892,1.33176,0.534489,1.308
51.44,0.438516,1.33235,0.535989,1.30896
51.45,0.44023,1.3332,0.537679,1.30987
51.46,0.442018,1.33425,0.539445,1.31098
51.47,0.443824,1.33543,0.541232,1.31222
51.48,0.445605,1.33666,0.543003,1.3135
51.49,0.447354,1.33787,0.544754,1.31475
51.5,0.449093,1.33907,0.54652,1.31597
51.51,0.450836,1.34027,0.548346,1.31722
51.52,0.452586,1.34142,0.550238,1.31847
51.53,0.454326,1.34251,0.552137,1.31966
51.54,0.456001,1.34349,0.553959,1.32075
51.55,0.457551,1.34438,0.555634,1.32173
51.56,0.458951,1.34516,0.557133,1.32258
51.57,0.46019,1.34581,0.558437,1.32328
51.58,0.461364,1.3462,0.559602,1.3237
51.59,0.462692,1.3464,0.560858,1.32389
51.6,0.46429,1.34653,0.562353,1.324
51.61,0.466039,1.34659,0.56404,1.32405
51.62,0.467923,1.34669,0.566066,1.32429
51.63,0.469993,1.34694,0.568644,1.32511
51.64,0.472262,1.34738,0.57133,1.32613
51.65,0.474702,1.34801,0.573767,1.32685
51.66,0.47725,1.34881,0.576305,1.32772
51.67,0.479843,1.34972,0.57888,1.32872
51.68,0.482442,1.35065,0.581454,1.32973
51.69,0.485023,1.35153,0.584007,1.33072
51.7,0.487595,1.35236,0.586552,1.33165
51.71,0.490166,1.35312,0.589101,1.33253
51.72,0.49272,1.35382,0.59163,1.33333
51.73,0.495247,1.35441,0.594119,1.33402
51.74,0.497742,1.35488,0.596562,1.33457
51.75,0.500204,1.35522,0.598952,1.33497
51.76,0.502629,1.35546,0.601276,1.33526
51.77,0.505024,1.35566,0.603541,1.33549
51.78,0.50738,1.35586,0.60574,1.3357
51.79,0.509547,1.35607,0.607742,1.33589
51.8,0.511428,1.35635,0.60945,1.33612
51.81,0.513078,1.35663,0.610911,1.33637
51.82,0.514616,1.35695,0.612238,1.33672
51.83,0.51614,1.35744,0.613523,1.33748
51.84,0.517706,1.35817,0.614931,1.33857
51.85,0.519339,1.35916,0.61653,1.33964
51.86,0.521028,1.36037,0.618186,1.34092
51.87,0.522722,1.3617,0.619851,1.34233
51.88,0.524388,1.36308,0.6215,1.34376
51.89,0.526024,1.36445,0.623133,1.34517
51.9,0.52765,1.3658,0.624784,1.34655
51.91,0.52928,1.36714,0.626499,1.34796
51.92,0.530921,1.36845,0.628282,1.34938
51.93,0.532559,1.36969,0.630077,1.35074
51.94,0.53414,1.37082,0.631801,1.352
51.95,0.535607,1.37183,0.633392,1.35312
51.96,0.536932,1.37274,0.634813,1.35411
51.97,0.538109,1.37349,0.636049,1.35492
51.98,0.539244,1.37399,0.637169,1.35544
51.99,0.54055,1.3743,0.638393,1.35572
52,0.54213,1.37457,0.639859,1.35595
52.01,0.543866,1.37479,0.641532,1.35612
52.02,0.545735,1.37505,0.643538,1.35651
52.03,0.547775,1.37549,0.646073,1.35753
52.04,0.549996,1.37613,0.648695,1.35877
52.05,0.552369,1.37697,0.651066,1.3597
52.06,0.554836,1.37799,0.653525,1.3608
52.07,0.557339,1.37913,0.656012,1.36202
52.08,0.559845,1.38029,0.658493,1.36326
52.09,0.562337,1.38139,0.660958,1.36447
52.1,0.564827,1.38244,0.663417,1.36563
52.11,0.567319,1.38343,0.665879,1.36674
52.12,0.569801,1.38435,0.668328,1.36777
52.13,0.572265,1.38517,0.670752,1.36868
52.14,0.57471,1.38585,0.673141,1.36945
52.15,0.577131,1.38641,0.675486,1.37006
52.16,0.579526,1.38687,0.677779,1.37056
52.17,0.581893,1.38728,0.680011,1.37098
52.18,0.584223,1.38768,0.682183,1.37138
52.19,0.586362,1.38808,0.684161,1.37173
52.2,0.588211,1.38853,0.685839,1.37211
52.21,0.589829,1.38896,0.687265,1.37247
52.22,0.591332,1.38941,0.688539,1.37291
52.23,0.592807,1.39003,0.689719,1.37378
52.24,0.594303,1.3909,0.691011,1.37499
52.25,0.595841,1.39203,0.692534,1.37619
52.26,0.597416,1.39338,0.694093,1.3776
52.27,0.598986,1.39486,0.695651,1.37914
52.28,0.600523,1.39639,0.697187,1.38071
52.29,0.602031,1.39789,0.698706,1.38225
52.3,0.603531,1.39938,0.700241,1.38377
52.31,0.605035,1.40086,0.701831,1.38531
52.32,0.606554,1.40231,0.703484,1.38687
52.33,0.608075,1.40369,0.705151,1.38838
52.34,0.60955,1.40495,0.706753,1.38978
52.35,0.610921,1.4061,0.708235,1.39104
52.36,0.612161,1.40711,0.709564,1.39214
52.37,0.613266,1.40797,0.710719,1.39307
52.38,0.614353,1.40856,0.711785,1.39369
52.39,0.615627,1.40899,0.712982,1.39409
52.4,0.617176,1.4094,0.714429,1.39446
52.41,0.618886,1.40977,0.716077,1.3948
52.42,0.620724,1.4102,0.718018,1.39538
52.43,0.622717,1.41081,0.720377,1.39664
52.44,0.624873,1.41165,0.722819,1.39811
52.45,0.627162,1.4127,0.725108,1.39924
52.46,0.629529,1.41394,0.727468,1.40054
52.47,0.631921,1.41529,0.729846,1.40197
52.48,0.634315,1.41666,0.732217,1.40342
52.49,0.6367,1.41799,0.734573,1.40484
52.5,0.639086,1.41925,0.736927,1.40621
52.51,0.641481,1.42046,0.739288,1.40753
52.52,0.643872,1.4216,0.741644,1.40877
52.53,0.646254,1.42263,0.743983,1.40988
52.54,0.648628,1.42352,0.746301,1.41086
52.55,0.650992,1.42429,0.74859,1.41168
52.56,0.653336,1.42496,0.750833,1.41238
52.57,0.655657,1.42558,0.753024,1.41301
52.58,0.657942,1.42619,0.755156,1.4136
52.59,0.660038,1.42678,0.757099,1.41414
52.6,0.66184,1.42738,0.758741,1.41467
52.61,0.663414,1.42796,0.760133,1.41517
52.62,0.664871,1.42854,0.761361,1.41575
52.63,0.666285,1.42929,0.762433,1.41676
52.64,0.667698,1.43029,0.763591,1.4181
52.65,0.66913,1.43155,0.765012,1.41943
52.66,0.670579,1.43303,0.766453,1.42097
52.67,0.672012,1.43465,0.767881,1.42264
52.68,0.673408,1.4363,0.769284,1.42433
52.69,0.674777,1.43793,0.770673,1.42599
52.7,0.676139,1.43955,0.772077,1.42764
52.71,0.677506,1.44116,0.773531,1.42932
52.72,0.678891,1.44274,0.775039,1.43102
52.73,0.680285,1.44424,0.776562,1.43267
52.74,0.681642,1.44563,0.778033,1.43421
52.75,0.682906,1.44689,0.779396,1.4356
52.76,0.684051,1.44802,0.780617,1.43684
52.77,0.685076,1.44897,0.781685,1.43787
52.78,0.686106,1.44965,0.7827,1.43859
52.79,0.687337,1.45019,0.78386,1.43911
52.8,0.688844,1.45074,0.785271,1.43962
52.81,0.690514,1.45126,0.786879,1.44011
52.82,0.692307,1.45185,0.788744,1.44087
52.83,0.694239,1.45264,0.790956,1.44233
52.84,0.696311,1.45366,0.793239,1.44402
52.85,0.698498,1.45491,0.795418,1.44536
52.86,0.700747,1.45635,0.79765,1.44687
52.87,0.70301,1.45791,0.799888,1.44851
52.88,0.705273,1.45949,0.802116,1.45017
52.89,0.70753,1.46102,0.804332,1.45179
52.9,0.709796,1.46249,0.806551,1.45337
52.91,0.712074,1.46391,0.808788,1.45489
52.92,0.714354,1.46525,0.811025,1.45633
52.93,0.716637,1.46649,0.813258,1.45766
52.94,0.718922,1.46759,0.815482,1.45883
52.95,0.721207,1.46857,0.817691,1.45984
52.96,0.723483,1.46944,0.819868,1.46072
52.97,0.725741,1.47026,0.821996,1.46152
52.98,0.727963,1.47107,0.824068,1.46228
52.99,0.729998,1.47184,0.825955,1.46297
53,0.731739,1.47261,0.827544,1.46362
53.01,0.733256,1.47332,0.828882,1.46421
53.02,0.734656,1.47403,0.830041,1.46487
53.03,0.736,1.47491,0.830999,1.46595
53.04,0.73732,1.47603,0.832017,1.46739
53.05,0.738635,1.47742,0.833321,1.46884
53.06,0.739946,1.47904,0.83462,1.47051
53.07,0.741228,1.48078,0.835893,1.4723
53.08,0.742472,1.48256,0.837138,1.47412
53.09,0.743692,1.48432,0.838374,1.47591
53.1,0.744907,1.48607,0.839626,1.47769
53.11,0.74613,1.48781,0.840923,1.4795
53.12,0.747373,1.48953,0.842266,1.48133
53.13,0.748629,1.49116,0.843623,1.48311
53.14,0.749853,1.49267,0.844932,1.48476
53.15,0.750991,1.49403,0.846139,1.48624
53.16,0.752018,1.49523,0.847213,1.48753
53.17,0.752936,1.49624,0.848144,1.4886
53.18,0.753879,1.49697,0.849054,1.48935
53.19,0.755025,1.49757,0.850116,1.48991
53.2,0.756433,1.49818,0.851422,1.49044
53.21,0.757994,1.49878,0.852918,1.49098
53.22,0.759673,1.49946,0.854629,1.49178
53.23,0.761472,1.50035,0.856582,1.49324
53.24,0.763387,1.50149,0.858591,1.49494
53.25,0.765392,1.50285,0.860571,1.49637
53.26,0.767443,1.50442,0.862592,1.498
53.27,0.769501,1.5061,0.864613,1.49975
53.28,0.771566,1.50782,0.86663,1.50153
53.29,0.77364,1.5095,0.86865,1.50328
53.3,0.775732,1.51111,0.870679,1.50498
53.31,0.777838,1.51267,0.872721,1.50661
53.32,0.77994,1.51414,0.874756,1.50815
53.33,0.782033,1.51548,0.876777,1.50955
53.34,0.784111,1.51667,0.878769,1.51078
53.35,0.786167,1.5177,0.880728,1.51183
53.36,0.788183,1.51861,0.882628,1.51273
53.37,0.790147,1.51942,0.884457,1.51352
53.38,0.792041,1.52018,0.886198,1.51423
53.39,0.793736,1.52086,0.887749,1.51484
53.4,0.795129,1.52149,0.889015,1.51538
53.41,0.7963,1.52206,0.890038,1.51584
53.42,0.797352,1.52262,0.890889,1.51637
53.43,0.798332,1.52332,0.891561,1.51725
53.44,0.799266,1.52424,0.89224,1.51842
53.45,0.800167,1.52541,0.893091,1.51963
53.46,0.801044,1.52679,0.893923,1.52104
53.47,0.801884,1.52831,0.894725,1.52258
53.48,0.802686,1.52987,0.895497,1.52417
53.49,0.803462,1.53143,0.89626,1.52574
53.5,0.804232,1.53298,0.897036,1.52731
53.51,0.80502,1.53451,0.897838,1.52885
53.52,0.805834,1.53597,0.898673,1.53034
53.53,0.806662,1.53731,0.899518,1.53172
53.54,0.807466,1.5385,0.900333,1.53294
53.55,0.808208,1.5395,0.901083,1.53396
53.56,0.808871,1.54032,0.901742,1.53478
53.57,0.809462,1.54094,0.902317,1.53538
53.58,0.810089,1.54134,0.902892,1.53574
53.59,0.810914,1.54161,0.903635,1.53592
53.6,0.811982,1.54192,0.904611,1.53613
53.61,0.813189,1.54222,0.90577,1.53636
53.62,0.81449,1.54261,0.907114,1.53686
53.63,0.815876,1.54319,0.908642,1.53798
53.64,0.817347,1.544,0.910179,1.53931
53.65,0.818885,1.54503,0.911666,1.54037
53.66,0.820452,1.54626,0.913179,1.54162
53.67,0.822027,1.54761,0.914696,1.543
53.68,0.823624,1.549,0.916228,1.54443
53.69,0.825254,1.55037,0.917784,1.54583
53.7,0.826914,1.55168,0.919365,1.54719
53.71,0.82859,1.55292,0.92096,1.54847
53.72,0.830255,1.55406,0.922548,1.54965
53.73,0.831899,1.55504,0.92411,1.55067
53.74,0.833518,1.55585,0.925647,1.55151
53.75,0.835104,1.55649,0.927151,1.55216
53.76,0.836642,1.55697,0.928599,1.55265
53.77,0.83812,1.55733,0.929982,1.553
53.78,0.839523,1.55761,0.931285,1.55326
53.79,0.840741,1.55781,0.932419,1.55342
53.8,0.841687,1.55796,0.933294,1.5535
53.81,0.842443,1.55807,0.933973,1.55353
53.82,0.843099,1.55818,0.934504,1.55367
53.83,0.843693,1.55841,0.93488,1.55419
53.84,0.844245,1.55885,0.935238,1.55493
53.85,0.844759,1.55951,0.935679,1.55561
53.86,0.845241,1.56038,0.936091,1.55649
53.87,0.845686,1.56138,0.936476,1.5575
53.88,0.846091,1.56244,0.936827,1.55858
53.89,0.846468,1.5635,0.937164,1.55966
53.9,0.846841,1.56455,0.93751,1.56073
53.91,0.84724,1.56554,0.937893,1.56174
53.92,0.847679,1.56643,0.938324,1.56267
53.93,0.848148,1.56719,0.938787,1.56347
53.94,0.848619,1.56778,0.939258,1.56411
53.95,0.849065,1.56819,0.939702,1.56455
53.96,0.849469,1.5684,0.940103,1.5648
53.97,0.849833,1.56846,0.940461,1.56487
53.98,0.850233,1.56835,0.940834,1.56477
53.99,0.850813,1.56815,0.941369,1.56454
54,0.851623,1.568,0.942138,1.56434
54.01,0.85257,1.56786,0.943076,1.56419
54.02,0.853596,1.56781,0.944186,1.56431
54.03,0.85468,1.56793,0.945477,1.56502
54.04,0.855824,1.56826,0.946731,1.56587
54.05,0.857018,1.56879,0.947859,1.56644
54.06,0.858236,1.56951,0.949012,1.56719
54.07,0.859469,1.57036,0.950176,1.56806
54.08,0.86073,1.57126,0.951366,1.56899
54.09,0.862029,1.57214,0.952589,1.56991
54.1,0.863355,1.57297,0.953838,1.57077
54.11,0.864682,1.57372,0.955088,1.57155
54.12,0.865987,1.57434,0.956316,1.57221
54.13,0.867256,1.57481,0.95751,1.57271
54.14,0.868489,1.57509,0.958671,1.57303
54.15,0.869678,1.57519,0.959792,1.57316
54.16,0.870808,1.57514,0.96085,1.57312
54.17,0.87187,1.57494,0.961843,1.57295
54.18,0.872859,1.57467,0.962769,1.57268
54.19,0.873698,1.57433,0.963562,1.57232
54.2,0.874304,1.57393,0.964135,1.57189
54.21,0.874752,1.5735,0.964553,1.57143
54.22,0.875122,1.57308,0.964861,1.57109
54.23,0.875443,1.57279,0.965069,1.57112
54.24,0.875724,1.57267,0.965236,1.57133
54.25,0.875973,1.57275,0.965417,1.57143
54.26,0.876192,1.57302,0.965573,1.57171
54.27,0.876376,1.57342,0.9657,1.57212
54.28,0.876522,1.57388,0.965797,1.5726
54.29,0.876645,1.57435,0.965883,1.57309
54.3,0.876773,1.57478,0.965983,1.57355
54.31,0.876933,1.57512,0.966127,1.57393
54.32,0.877142,1.57535,0.96632,1.5742
54.33,0.877393,1.57542,0.966561,1.57433
54.34,0.877668,1.57532,0.966831,1.57429
54.35,0.877953,1.57504,0.96711,1.57406
54.36,0.878241,1.57459,0.967394,1.57367
54.37,0.878527,1.57402,0.967672,1.57316
54.38,0.878838,1.57336,0.967963,1.57255
54.39,0.879284,1.57262,0.968375,1.57183
54.4,0.879925,1.57193,0.968978,1.57115
54.41,0.880681,1.57127,0.969726,1.57052
54.42,0.881494,1.57067,0.970605,1.57012
54.43,0.88234,1.57021,0.971615,1.57023
54.44,0.883223,1.56994,0.972584,1.57045
54.45,0.884138,1.56985,0.973432,1.57039
54.46,0.88507,1.56995,0.974296,1.57051
54.47,0.886018,1.57017,0.975175,1.57076
54.48,0.887,1.57045,0.976085,1.57107
54.49,0.888022,1.57073,0.977033,1.57137
54.5,0.889066,1.57096,0.978004,1.57164
54.51,0.890102,1.5711,0.978973,1.57181
54.52,0.891106,1.5711,0.979916,1.57186
54.53,0.892061,1.57095,0.980817,1.57176
54.54,0.892963,1.57062,0.981668,1.57148
54.55,0.89381,1.57011,0.982474,1.57103
54.56,0.894589,1.56944,0.983218,1.57042
54.57,0.895297,1.56864,0.983894,1.56968
54.58,0.895933,1.56775,0.984504,1.56886
54.59,0.896443,1.5668,0.985006,1.56795
54.6,0.896761,1.56581,0.98533,1.56699
54.61,0.896949,1.5648,0.985528,1.56601
54.62,0.897074,1.56382,0.985649,1.56517
54.63,0.897156,1.56295,0.985708,1.56468
54.64,0.897204,1.56223,0.985708,1.56432
54.65,0.897222,1.5617,0.985672,1.56382
54.66,0.897213,1.56134,0.985608,1.56349
54.67,0.897172,1.56111,0.985518,1.56329
54.68,0.897097,1.56095,0.985399,1.56316
54.69,0.896997,1.56079,0.985265,1.56304
54.7,0.896908,1.56058,0.985149,1.56288
54.71,0.896859,1.56028,0.985079,1.56264
54.72,0.896863,1.55984,0.985067,1.56227
54.73,0.896922,1.55923,0.985114,1.56174
54.74,0.89703,1.55845,0.985215,1.56104
54.75,0.897173,1.5575,0.985357,1.56017
54.76,0.897349,1.55639,0.985532,1.55915
54.77,0.897552,1.55515,0.985733,1.55801
54.78,0.89779,1.55384,0.985963,1.55678
54.79,0.898132,1.55249,0.986296,1.5555
54.8,0.898623,1.55118,0.986771,1.55425
54.81,0.899204,1.5499,0.987353,1.55304
54.82,0.899829,1.54867,0.988033,1.55204
54.83,0.900473,1.54756,0.988803,1.55149
54.84,0.901133,1.54662,0.989522,1.55103
54.85,0.901806,1.54586,0.990143,1.55031
54.86,0.902488,1.54526,0.99078,1.54974
54.87,0.903187,1.5448,0.991446,1.5493
54.88,0.903921,1.54441,0.992158,1.54893
54.89,0.904692,1.54404,0.992913,1.54856
54.9,0.90548,1.54361,0.993691,1.54813
54.91,0.906257,1.54309,0.99446,1.54761
54.92,0.906994,1.54243,0.995199,1.54698
54.93,0.907676,1.5416,0.995895,1.54618
54.94,0.908296,1.54059,0.996538,1.54522
54.95,0.90885,1.5394,0.997116,1.54409
54.96,0.90933,1.53804,0.997624,1.54279
54.97,0.909738,1.53655,0.998058,1.54137
54.98,0.910081,1.53496,0.998429,1.53986
54.99,0.910315,1.53332,0.998713,1.53829
55,0.910394,1.53167,0.998849,1.53669
55.01,0.910368,1.53002,0.998878,1.5351
55.02,0.910288,1.52839,0.998832,1.53365
55.03,0.910178,1.52687,0.998747,1.53254
55.04,0.910044,1.52549,0.998603,1.53154
55.05,0.909888,1.52426,0.998398,1.53037
55.06,0.909711,1.5232,0.998179,1.52936
55.07,0.909507,1.52228,0.997938,1.52848
55.08,0.909274,1.52143,0.99767,1.52768
55.09,0.909014,1.52061,0.997381,1.5269
55.1,0.90875,1.51973,0.997093,1.52606
55.11,0.908515,1.51876,0.99684,1.52514
55.12,0.908334,1.51764,0.996645,1.52408
55.13,0.908213,1.51634,0.996517,1.52287
55.14,0.90815,1.51488,0.996446,1.5215
55.15,0.908137,1.51324,0.996428,1.51996
55.16,0.908176,1.51146,0.996463,1.51829
55.17,0.908265,1.50956,0.996548,1.51651
55.18,0.9084,1.5076,0.996673,1.51466
55.19,0.908628,1.50563,0.996887,1.5128
55.2,0.908985,1.50371,0.997224,1.51097
55.21,0.909421,1.50184,0.997654,1.50922
55.22,0.909894,1.50002,0.998154,1.50765
55.23,0.910372,1.49831,0.998697,1.50653
55.24,0.910847,1.49675,0.999205,1.50549
55.25,0.911318,1.49534,0.99965,1.50417
55.26,0.911789,1.4941,1.0001,1.50299
55.27,0.912273,1.49299,1.00056,1.50195
55.28,0.912785,1.49196,1.00106,1.50098
55.29,0.913326,1.49096,1.00159,1.50003
55.3,0.913884,1.48993,1.00215,1.49905
55.31,0.914433,1.48881,1.0027,1.49799
55.32,0.914953,1.48757,1.00322,1.49682
55.33,0.915432,1.48616,1.00372,1.49549
55.34,0.915871,1.48458,1.00417,1.494
55.35,0.916269,1.48284,1.00459,1.49237
55.36,0.916618,1.48096,1.00496,1.49059
55.37,0.91692,1.47896,1.00529,1.48871
55.38,0.917177,1.4769,1.00558,1.48676
55.39,0.917331,1.47483,1.00576,1.48479
55.4,0.917335,1.47279,1.0058,1.48283
55.41,0.917244,1.47078,1.00574,1.48093
55.42,0.917109,1.46883,1.00562,1.47919
55.43,0.916949,1.46699,1.00544,1.47788
55.44,0.916767,1.46529,1.00523,1.47669
55.45,0.916562,1.46376,1.005,1.47526
55.46,0.916335,1.46239,1.00474,1.47399
55.47,0.916079,1.46115,1.00446,1.47285
55.48,0.915787,1.46,1.00414,1.47181
55.49,0.915463,1.45887,1.0038,1.47078
55.5,0.91512,1.45771,1.00344,1.46974
55.51,0.91479,1.45647,1.0031,1.46862
55.52,0.914499,1.45512,1.00281,1.46739
55.53,0.914262,1.45361,1.00257,1.46601
55.54,0.914078,1.45194,1.00238,1.46446
55.55,0.913941,1.45012,1.00223,1.46277
55.56,0.913854,1.44815,1.00215,1.46094
55.57,0.913814,1.44607,1.0021,1.459
55.58,0.913822,1.44393,1.0021,1.45699
55.59,0.913955,1.44179,1.00222,1.45496
55.6,0.914255,1.43973,1.0025,1.453
55.61,0.914649,1.43774,1.00289,1.45113
55.62,0.91508,1.43582,1.00333,1.44951
55.63,0.915521,1.43403,1.0038,1.44841
55.64,0.915965,1.43239,1.00423,1.44741
55.65,0.91641,1.43092,1.00467,1.44607
55.66,0.916858,1.42961,1.0051,1.44489
55.67,0.917319,1.42844,1.00555,1.44384
55.68,0.917807,1.42736,1.00601,1.44289
55.69,0.918326,1.42631,1.00651,1.44196
55.7,0.918871,1.42523,1.00702,1.44101
55.71,0.919416,1.42409,1.00754,1.43999
55.72,0.919937,1.42282,1.00803,1.43886
55.73,0.920426,1.4214,1.0085,1.43757
55.74,0.920881,1.41982,1.00893,1.43612
55.75,0.921304,1.41807,1.00934,1.43451
55.76,0.921685,1.41618,1.00971,1.43275
55.77,0.922022,1.41418,1.01005,1.43086
55.78,0.922314,1.41211,1.01035,1.42891
55.79,0.92249,1.41002,1.01054,1.42691
55.8,0.922501,1.40797,1.01058,1.42493
55.81,0.922415,1.40596,1.01051,1.42301
55.82,0.922283,1.40401,1.01032,1.4213
55.83,0.922121,1.40218,1.01001,1.42009
55.84,0.921934,1.4005,1.00969,1.41901
55.85,0.921723,1.39899,1.00947,1.41764
55.86,0.921487,1.39764,1.00921,1.41644
55.87,0.921222,1.39642,1.00894,1.41536
55.88,0.920921,1.39529,1.00863,1.41436
55.89,0.920586,1.39418,1.00829,1.41339
55.9,0.92023,1.39305,1.00794,1.41239
55.91,0.919884,1.39184,1.0076,1.41132
55.92,0.919576,1.39052,1.00729,1.41014
55.93,0.91932,1.38905,1.00704,1.40881
55.94,0.919115,1.38741,1.00684,1.40731
55.95,0.918958,1.38561,1.0067,1.40565
55.96,0.918851,1.38367,1.00661,1.40384
55.97,0.918792,1.38161,1.00656,1.4019
55.98,0.918784,1.37949,1.00656,1.39989
55.99,0.918907,1.37737,1.00668,1.39785
56,0.919199,1.37532,1.00697,1.39586
56.01,0.919587,1.37334,1.00737,1.39397
56.02,0.920013,1.37143,1.00784,1.39232
56.03,0.920451,1.36965,1.00835,1.39125
56.04,0.920893,1.36802,1.00881,1.39031
56.05,0.921336,1.36657,1.00925,1.38902
56.06,0.921782,1.36528,1.00968,1.38789
56.07,0.92224,1.36412,1.01012,1.38689
56.08,0.922725,1.36305,1.01059,1.38598
56.09,0.923243,1.36202,1.01108,1.38509
56.1,0.923786,1.36096,1.01159,1.38418
56.11,0.924329,1.35983,1.0121,1.38319
56.12,0.924849,1.35858,1.0126,1.38208
56.13,0.925336,1.35717,1.01306,1.38081
56.14,0.925791,1.3556,1.0135,1.37936
56.15,0.926213,1.35387,1.0139,1.37776
56.16,0.926594,1.352,1.01427,1.37599
56.17,0.926931,1.35,1.0146,1.37411
56.18,0.927221,1.34794,1.01489,1.37213
56.19,0.927395,1.34586,1.01508,1.37011
56.2,0.927404,1.34381,1.01512,1.3681
56.21,0.927316,1.34181,1.01505,1.36614
56.22,0.927181,1.33987,1.01485,1.36441
56.23,0.927016,1.33804,1.01447,1.36321
56.24,0.926826,1.33637,1.01411,1.36217
56.25,0.926611,1.33486,1.01387,1.36082
56.26,0.926373,1.33352,1.0136,1.35963
56.27,0.926105,1.33231,1.01332,1.35858
56.28,0.925801,1.33118,1.013,1.3576
56.29,0.925463,1.33008,1.01266,1.35665
56.3,0.925105,1.32895,1.0123,1.35568
56.31,0.924756,1.32775,1.01196,1.35462
56.32,0.924446,1.32643,1.01166,1.35344
56.33,0.924188,1.32497,1.01141,1.35211
56.34,0.923981,1.32333,1.01122,1.3506
56.35,0.923822,1.32154,1.01108,1.34893
56.36,0.923713,1.3196,1.01098,1.34711
56.37,0.923653,1.31755,1.01094,1.34515
56.38,0.923643,1.31543,1.01095,1.34312
56.39,0.923765,1.3133,1.01107,1.34106
56.4,0.924056,1.31126,1.01136,1.33905
56.41,0.924443,1.30928,1.01177,1.33713
56.42,0.924868,1.30737,1.01228,1.33549
56.43,0.925306,1.30559,1.01286,1.33443
56.44,0.925747,1.30397,1.01337,1.33351
56.45,0.92619,1.30251,1.01381,1.33221
56.46,0.926635,1.30122,1.01424,1.33109
56.47,0.927093,1.30007,1.01468,1.33009
56.48,0.927578,1.299,1.01515,1.32917
56.49,0.928095,1.29796,1.01564,1.32829
56.5,0.928637,1.29691,1.01615,1.32738
56.51,0.92918,1.29578,1.01667,1.32639
56.52,0.929699,1.29453,1.01716,1.32528
56.53,0.930186,1.29313,1.01763,1.32402
56.54,0.930639,1.29156,1.01807,1.32257
56.55,0.93106,1.28983,1.01848,1.32096
56.56,0.931439,1.28795,1.01884,1.31919
56.57,0.931775,1.28596,1.01918,1.31729
56.58,0.932064,1.28389,1.01947,1.31531
56.59,0.932236,1.28181,1.01967,1.31327
56.6,0.932245,1.27977,1.0197,1.31125
56.61,0.932155,1.27777,1.01962,1.30929
56.62,0.932019,1.27582,1.01939,1.30755
56.63,0.931853,1.27399,1.01897,1.30637
56.64,0.931663,1.27232,1.01858,1.30536
56.65,0.931447,1.27082,1.01836,1.30401
56.66,0.931208,1.26947,1.01811,1.30282
56.67,0.93094,1.26826,1.01784,1.30177
56.68,0.930636,1.26713,1.01754,1.30079
56.69,0.930297,1.26603,1.01721,1.29984
56.7,0.929939,1.26491,1.01687,1.29886
56.71,0.92959,1.26371,1.01655,1.2978
56.72,0.929279,1.26239,1.01626,1.29663
56.73,0.929021,1.26092,1.01603,1.2953
56.74,0.928814,1.25929,1.01584,1.29379
56.75,0.928654,1.25749,1.01569,1.29213
56.76,0.928545,1.25555,1.01559,1.2903
56.77,0.928484,1.2535,1.01554,1.28835
56.78,0.928474,1.25138,1.01554,1.28632
56.79,0.928594,1.24926,1.01567,1.28426
56.8,0.928884,1.24722,1.01595,1.28225
56.81,0.92927,1.24524,1.01636,1.28033
56.82,0.929695,1.24333,1.01685,1.27869
56.83,0.930132,1.24154,1.01738,1.27765
56.84,0.930572,1.23992,1.01786,1.27676
56.85,0.931014,1.23847,1.0183,1.27547
56.86,0.931459,1.23718,1.01874,1.27435
56.87,0.931916,1.23602,1.0192,1.27336
56.88,0.9324,1.23495,1.01967,1.27245
56.89,0.932917,1.23392,1.02017,1.27157
56.9,0.933459,1.23286,1.02069,1.27065
56.91,0.934001,1.23173,1.02121,1.26966
56.92,0.934519,1.23048,1.02171,1.26855
56.93,0.935005,1.22908,1.02218,1.26728
56.94,0.935458,1.22751,1.02262,1.26583
56.95,0.935878,1.22578,1.02303,1.26421
56.96,0.936256,1.2239,1.02339,1.26244
56.97,0.936591,1.2219,1.02371,1.26053
56.98,0.936879,1.21984,1.024,1.25853
56.99,0.93705,1.21776,1.02418,1.2565
57,0.937057,1.21571,1.0242,1.25447
57.01,0.936967,1.21371,1.0241,1.2525
57.02,0.93683,1.21177,1.02384,1.25078
57.03,0.936663,1.20994,1.02337,1.24962
57.04,0.936472,1.20827,1.02295,1.24863
57.05,0.936256,1.20676,1.02274,1.24728
57.06,0.936016,1.20542,1.0225,1.24609
57.07,0.935747,1.20421,1.02225,1.24503
57.08,0.935442,1.20308,1.02196,1.24405
57.09,0.935103,1.20198,1.02164,1.2431
57.1,0.934744,1.20086,1.02131,1.24211
57.11,0.934394,1.19966,1.02099,1.24105
57.12,0.934083,1.19834,1.02071,1.23987
57.13,0.933824,1.19687,1.02047,1.23853
57.14,0.933616,1.19524,1.02028,1.23703
57.15,0.933455,1.19344,1.02012,1.23535
57.16,0.933345,1.1915,1.02001,1.23353
57.17,0.933283,1.18945,1.01995,1.23158
57.18,0.933272,1.18733,1.01994,1.22955
57.19,0.933391,1.18521,1.02004,1.22749
57.2,0.93368,1.18317,1.0203,1.22549
57.21,0.934065,1.18119,1.02069,1.22357
57.22,0.934489,1.17928,1.02115,1.22194
57.23,0.934925,1.17749,1.02163,1.22093
57.24,0.935364,1.17587,1.02207,1.22005
57.25,0.935806,1.17442,1.02251,1.21874
57.26,0.93625,1.17312,1.02294,1.2176
57.27,0.936707,1.17197,1.02338,1.21659
57.28,0.937191,1.1709,1.02385,1.21566
57.29,0.937707,1.16986,1.02434,1.21477
57.3,0.938248,1.16881,1.02484,1.21384
57.31,0.93879,1.16768,1.02535,1.21284
57.32,0.939308,1.16643,1.02584,1.21173
57.33,0.939793,1.16502,1.0263,1.21046
57.34,0.940245,1.16345,1.02674,1.20902
57.35,0.940664,1.16172,1.02714,1.20742
57.36,0.941042,1.15985,1.0275,1.20566
57.37,0.941375,1.15785,1.02782,1.20377
57.38,0.941663,1.15579,1.02811,1.20181
57.39,0.941833,1.1537,1.02829,1.1998
57.4,0.941839,1.15166,1.02831,1.1978
57.41,0.941748,1.14966,1.02822,1.19585
57.42,0.94161,1.14772,1.028,1.19415
57.43,0.941442,1.14589,1.02762,1.19301
57.44,0.94125,1.14422,1.02725,1.19201
57.45,0.941033,1.14271,1.02702,1.19065
57.46,0.940792,1.14137,1.02675,1.18945
57.47,0.940523,1.14016,1.02647,1.18839
57.48,0.940218,1.13903,1.02615,1.1874
57.49,0.939878,1.13793,1.02581,1.18644
57.5,0.939518,1.13681,1.02545,1.18546
57.51,0.939168,1.13561,1.02512,1.1844
57.52,0.938856,1.13429,1.02481,1.18322
57.53,0.938596,1.13282,1.02456,1.18188
57.54,0.938387,1.13119,1.02436,1.18039
57.55,0.938225,1.12939,1.02421,1.17872
57.56,0.938114,1.12746,1.0241,1.17689
57.57,0.938051,1.1254,1.02405,1.17495
57.58,0.938038,1.12329,1.02404,1.17293
57.59,0.938156,1.12116,1.02416,1.17088
57.6,0.938445,1.11912,1.02443,1.16888
57.61,0.938829,1.11714,1.02483,1.16697
57.62,0.939252,1.11523,1.02533,1.16533
57.63,0.939687,1.11345,1.02589,1.16432
57.64,0.940125,1.11182,1.0264,1.16343
57.65,0.940566,1.11037,1.02681,1.16212
57.66,0.94101,1.10908,1.02723,1.16097
57.67,0.941466,1.10792,1.02765,1.15996
57.68,0.941949,1.10685,1.0281,1.15903
57.69,0.942465,1.10582,1.02857,1.15814
57.7,0.943006,1.10476,1.02907,1.15721
57.71,0.943547,1.10363,1.02957,1.15621
57.72,0.944065,1.10238,1.03005,1.1551
57.73,0.944549,1.10097,1.0305,1.15382
57.74,0.945001,1.0994,1.03093,1.15238
57.75,0.945419,1.09767,1.03133,1.15078
57.76,0.945795,1.0958,1.03169,1.14902
57.77,0.946128,1.0938,1.03202,1.14713
57.78,0.946415,1.09174,1.03231,1.14517
57.79,0.946584,1.08966,1.0325,1.14316
57.8,0.946589,1.08761,1.03252,1.14117
57.81,0.946497,1.08561,1.03244,1.13922
57.82,0.946358,1.08367,1.03224,1.13752
57.83,0.946189,1.08184,1.03192,1.13637
57.84,0.945996,1.08017,1.0316,1.13536
57.85,0.945779,1.07867,1.03135,1.13401
57.86,0.945537,1.07732,1.03107,1.13281
57.87,0.945267,1.07611,1.03077,1.13175
57.88,0.944961,1.07498,1.03044,1.13077
57.89,0.944621,1.07388,1.03009,1.12981
57.9,0.94426,1.07276,1.02972,1.12882
57.91,0.943909,1.07156,1.02938,1.12776
57.92,0.943597,1.07024,1.02907,1.12658
57.93,0.943336,1.06878,1.02881,1.12525
57.94,0.943126,1.06714,1.02861,1.12376
57.95,0.942964,1.06535,1.02846,1.12209
57.96,0.942851,1.06341,1.02836,1.12027
57.97,0.942787,1.06136,1.02831,1.11833
57.98,0.942773,1.05924,1.02832,1.11631
57.99,0.942891,1.05712,1.02845,1.11426
58,0.943178,1.05507,1.02874,1.11227
58.01,0.943561,1.05309,1.02915,1.11035
58.02,0.943983,1.05118,1.02969,1.10872
58.03,0.944417,1.0494,1.03033,1.10771
58.04,0.944855,1.04778,1.03088,1.10681
58.05,0.945295,1.04632,1.03129,1.10551
58.06,0.945738,1.04503,1.0317,1.10437
58.07,0.946194,1.04387,1.03213,1.10337
58.08,0.946677,1.04281,1.03258,1.10245
58.09,0.947192,1.04177,1.03306,1.10156
58.1,0.947733,1.04071,1.03356,1.10065
58.11,0.948273,1.03958,1.03406,1.09966
58.12,0.94879,1.03833,1.03455,1.09855
58.13,0.949274,1.03693,1.035,1.09728
58.14,0.949725,1.03536,1.03543,1.09585
58.15,0.950142,1.03363,1.03584,1.09425
58.16,0.950518,1.03175,1.0362,1.09249
58.17,0.95085,1.02976,1.03652,1.0906
58.18,0.951135,1.02769,1.03681,1.08863
58.19,0.951303,1.02561,1.03699,1.0866
58.2,0.951308,1.02357,1.03701,1.08459
58.21,0.951215,1.02157,1.03692,1.08263
58.22,0.951074,1.01962,1.03671,1.08091
58.23,0.950905,1.0178,1.03636,1.07975
58.24,0.950711,1.01613,1.03602,1.07875
58.25,0.950492,1.01462,1.03579,1.0774
58.26,0.95025,1.01328,1.03552,1.07622
58.27,0.94998,1.01207,1.03524,1.07517
58.28,0.949673,1.01094,1.03492,1.0742
58.29,0.949332,1.00984,1.03457,1.07325
58.3,0.948971,1.00872,1.03421,1.07228
58.31,0.94862,1.00752,1.03386,1.07123
58.32,0.948306,1.0062,1.03356,1.07005
58.33,0.948045,1.00473,1.03331,1.06872
58.34,0.947834,1.0031,1.03311,1.06722
58.35,0.947671,1.00131,1.03296,1.06555
58.36,0.947557,0.999369,1.03285,1.06373
58.37,0.947492,0.997316,1.0328,1.06177
58.38,0.947477,0.995199,1.0328,1.05974
58.39,0.947593,0.993074,1.03293,1.05767
58.4,0.94788,0.991031,1.03321,1.05565
58.41,0.948262,0.989051,1.03362,1.05372
58.42,0.948683,0.98714,1.03414,1.05207
58.43,0.949116,0.985358,1.03476,1.05103
58.44,0.949553,0.983734,1.03531,1.05013
58.45,0.949993,0.98228,1.03573,1.04883
58.46,0.950435,0.980987,1.03616,1.0477
58.47,0.950891,0.979831,1.0366,1.0467
58.48,0.951373,0.978763,1.03706,1.04579
58.49,0.951888,0.977727,1.03755,1.04489
58.5,0.952428,0.976669,1.03805,1.04398
58.51,0.952968,0.975538,1.03856,1.04298
58.52,0.953484,0.974288,1.03904,1.04187
58.53,0.953967,0.972884,1.0395,1.0406
58.54,0.954417,0.971314,1.03992,1.03915
58.55,0.954834,0.969583,1.04031,1.03754
58.56,0.955209,0.967706,1.04066,1.03577
58.57,0.95554,0.965712,1.04098,1.03388
58.58,0.955824,0.96365,1.04126,1.0319
58.59,0.955992,0.961564,1.04144,1.02987
58.6,0.955995,0.959521,1.04146,1.02786
58.61,0.955901,0.957522,1.04137,1.0259
58.62,0.955759,0.955577,1.04115,1.02418
58.63,0.955589,0.953752,1.04078,1.02301
58.64,0.955394,0.952081,1.04042,1.02201
58.65,0.955175,0.950576,1.04019,1.02065
58.66,0.954932,0.949231,1.03993,1.01946
58.67,0.954661,0.948022,1.03966,1.01839
58.68,0.954354,0.946896,1.03935,1.01741
58.69,0.954012,0.945797,1.03901,1.01646
58.7,0.953651,0.944673,1.03866,1.01547
58.71,0.953299,0.943473,1.03832,1.01441
58.72,0.952985,0.942158,1.03802,1.01323
58.73,0.952722,0.94069,1.03777,1.0119
58.74,0.952511,0.939057,1.03758,1.0104
58.75,0.952346,0.937265,1.03743,1.00874
58.76,0.952232,0.935327,1.03733,1.00692
58.77,0.952166,0.933274,1.03728,1.00498
58.78,0.95215,0.931157,1.03728,1.00296
58.79,0.952265,0.929032,1.03739,1.0009
58.8,0.95255,0.926989,1.03767,0.998889
58.81,0.952931,0.925009,1.03806,0.996967
58.82,0.953352,0.923098,1.03856,0.995324
58.83,0.953784,0.921315,1.03914,0.994301
58.84,0.954221,0.919692,1.03967,0.993409
58.85,0.954659,0.918237,1.0401,0.992113
58.86,0.955101,0.916944,1.04053,0.990979
58.87,0.955556,0.915788,1.04097,0.989979
58.88,0.956038,0.91472,1.04144,0.989063
58.89,0.956552,0.913683,1.04192,0.988175
58.9,0.957091,0.912625,1.04243,0.98726
58.91,0.957631,0.911494,1.04294,0.986268
58.92,0.958147,0.910244,1.04342,0.985156
58.93,0.958629,0.90884,1.04387,0.983888
58.94,0.959078,0.90727,1.0443,0.982441
58.95,0.959495,0.905539,1.04469,0.980827
58.96,0.959868,0.903662,1.04505,0.979055
58.97,0.960199,0.901668,1.04537,0.977157
58.98,0.960482,0.899606,1.04564,0.975175
58.99,0.960648,0.89752,1.04582,0.973142
59,0.960651,0.895477,1.04583,0.971122
59.01,0.960555,0.893477,1.04573,0.969152
59.02,0.960413,0.891533,1.04549,0.967423
59.03,0.960242,0.889708,1.0451,0.966261
59.04,0.960047,0.888037,1.04472,0.965256
59.05,0.959826,0.886532,1.04448,0.963902
59.06,0.959583,0.885188,1.04422,0.962713
59.07,0.959311,0.883978,1.04394,0.961655
59.08,0.959003,0.882853,1.04363,0.960679
59.09,0.958661,0.881754,1.04329,0.959729
59.1,0.958299,0.88063,1.04294,0.958752
59.11,0.957946,0.879431,1.0426,0.957701
59.12,0.957632,0.878116,1.04229,0.956529
59.13,0.957368,0.876648,1.04204,0.955207
59.14,0.957156,0.875015,1.04184,0.953715
59.15,0.956991,0.873223,1.04169,0.952051
59.16,0.956875,0.871285,1.04158,0.950228
59.17,0.956808,0.869233,1.04153,0.948276
59.18,0.956791,0.867116,1.04152,0.946242
59.19,0.956905,0.864991,1.04164,0.944169
59.2,0.95719,0.862947,1.04191,0.942152
59.21,0.95757,0.860968,1.04231,0.940218
59.22,0.957989,0.859056,1.04282,0.938562
59.23,0.958421,0.857273,1.04342,0.937521
59.24,0.958856,0.85565,1.04395,0.936623
59.25,0.959295,0.854195,1.04437,0.935334
59.26,0.959736,0.852902,1.0448,0.93421
59.27,0.96019,0.851746,1.04523,0.933214
59.28,0.960671,0.850678,1.04569,0.932301
59.29,0.961185,0.849641,1.04617,0.931415
59.3,0.961724,0.848582,1.04668,0.930499
59.31,0.962263,0.847451,1.04718,0.929509
59.32,0.962778,0.846201,1.04766,0.928398
59.33,0.96326,0.844797,1.04811,0.927132
59.34,0.963709,0.843226,1.04854,0.92569
59.35,0.964124,0.841495,1.04892,0.924078
59.36,0.964497,0.839618,1.04927,0.922312
59.37,0.964826,0.837624,1.04959,0.920419
59.38,0.965109,0.835561,1.04986,0.918443
59.39,0.965274,0.833475,1.05003,0.916413
59.4,0.965275,0.831433,1.05003,0.914395
59.41,0.965179,0.829433,1.04993,0.912429
59.42,0.965036,0.827489,1.04968,0.910702
59.43,0.964864,0.825664,1.04928,0.909531
59.44,0.964667,0.823993,1.0489,0.908531
59.45,0.964447,0.822488,1.04866,0.907198
59.46,0.964202,0.821145,1.0484,0.906031
59.47,0.96393,0.819935,1.04812,0.90499
59.48,0.963622,0.81881,1.04781,0.904027
59.49,0.963279,0.817711,1.04747,0.903086
59.5,0.962916,0.816587,1.04712,0.902113
59.51,0.962563,0.815389,1.04679,0.901064
59.52,0.962248,0.814073,1.04649,0.899889
59.53,0.961983,0.812606,1.04625,0.898559
59.54,0.96177,0.810973,1.04606,0.897057
59.55,0.961604,0.809181,1.04591,0.895385
59.56,0.961488,0.807244,1.04581,0.893553
59.57,0.961419,0.805191,1.04576,0.891592
59.58,0.961402,0.803074,1.04576,0.88955
59.59,0.961515,0.800949,1.04588,0.887472
59.6,0.961798,0.798906,1.04615,0.885445
59.61,0.962177,0.796926,1.04655,0.883504
59.62,0.962596,0.795014,1.04706,0.881842
59.63,0.963027,0.793231,1.04766,0.880789
59.64,0.963461,0.791608,1.04818,0.879889
59.65,0.963899,0.790153,1.04861,0.878606
59.66,0.964339,0.788859,1.04904,0.877491
59.67,0.964793,0.787703,1.04948,0.876508
59.68,0.965274,0.786635,1.04994,0.875602
59.69,0.965787,0.785597,1.05043,0.874721
59.7,0.966326,0.784539,1.05093,0.873811
59.71,0.966864,0.783407,1.05143,0.872825
59.72,0.967379,0.782157,1.05191,0.871716
59.73,0.96786,0.780753,1.05236,0.870451
59.74,0.968308,0.779182,1.05279,0.869011
59.75,0.968722,0.777451,1.05318,0.867397
59.76,0.969094,0.775573,1.05353,0.865623
59.77,0.969423,0.773579,1.05385,0.86372
59.78,0.969704,0.771517,1.05413,0.861729
59.79,0.969868,0.769431,1.05431,0.859688
59.8,0.969869,0.767388,1.05432,0.857658
59.81,0.969771,0.765389,1.05422,0.855676
59.82,0.969627,0.763444,1.05398,0.853934
59.83,0.969454,0.76162,1.05356,0.852749
59.84,0.969257,0.759949,1.05318,0.851744
59.85,0.969035,0.758444,1.05294,0.850412
59.86,0.968791,0.757101,1.05268,0.849241
59.87,0.968517,0.755892,1.0524,0.848195
59.88,0.968209,0.754767,1.05208,0.847225
59.89,0.967866,0.753668,1.05174,0.846278
59.9,0.967502,0.752544,1.05138,0.8453
59.91,0.967148,0.751346,1.05105,0.844244
59.92,0.966832,0.750031,1.05075,0.843064
59.93,0.966567,0.748564,1.0505,0.84173
59.94,0.966354,0.746931,1.0503,0.840228
59.95,0.966187,0.745139,1.05014,0.838555
59.96,0.966069,0.743202,1.05003,0.836724
59.97,0.966,0.74115,1.04998,0.834766
59.98,0.965981,0.739032,1.04997,0.832725
59.99,0.966093,0.736907,1.05008,0.83065
