t,vx_true,vy_true,vz_true,vx_est,vy_est,vz_est
0,-1.69347e-05,-1.57762e-06,0.000796128,0,0,0
0.01,-2.26219e-05,-1.80412e-06,0.000793006,0.000238822,-0.000467201,-6.92238e-05
0.02,-2.76262e-05,-2.64507e-06,0.000789506,0.000165187,-0.000425224,4.74484e-05
0.03,-1.66592e-05,-4.16347e-06,0.000782999,-0.000138107,-0.00045096,0.000111459
0.04,2.20358e-05,-6.23434e-06,0.000772087,-0.000362382,-0.0002051,-0.000432045
0.05,0.000423581,-2.49994e-05,-0.000852909,0.000401452,-3.02807e-05,-0.00174544
0.06,0.00505673,-0.000249622,-0.0197526,0.00500875,-0.000517892,-0.0204837
0.07,0.0117168,-0.00171025,-0.0599846,0.0120596,-0.00215306,-0.0601729
0.08,0.0125321,-0.00388532,-0.100021,0.0130667,-0.00429431,-0.0983602
0.09,0.00622656,-0.00497613,-0.127188,0.00694094,-0.00541656,-0.123214
0.1,-0.00580065,-0.00390268,-0.13668,-0.00511914,-0.00451787,-0.130146
0.11,-0.0209673,-0.00027203,-0.126983,-0.0202158,-0.00101143,-0.118062
0.12,-0.0380099,0.00464184,-0.100514,-0.0370137,0.00385215,-0.089517
0.13,-0.054003,0.0105432,-0.0645392,-0.053022,0.00979232,-0.0517044
0.14,-0.0680105,0.0171417,-0.0261126,-0.0668753,0.0168458,-0.0125979
0.15,-0.079216,0.0235446,0.00926074,-0.0780123,0.0230737,0.0230384
0.16,-0.0869415,0.0299928,0.0365399,-0.0857447,0.0298725,0.0501023
0.17,-0.0905542,0.0356614,0.0505015,-0.089168,0.035243,0.0633034
0.18,-0.0900066,0.0382351,0.0533301,-0.0885699,0.0376137,0.0647641
0.19,-0.0930873,0.0275048,0.0691313,-0.0917039,0.0268577,0.0793117
0.2,-0.0965606,0.00958425,0.0936464,-0.0950519,0.00919602,0.102544
0.21,-0.107495,0.0022276,0.134908,-0.105738,0.00220853,0.142123
0.22,-0.109284,0.00085401,0.155502,-0.107287,0.000866491,0.160302
0.23,-0.105947,8.04898e-05,0.159754,-0.103482,0.000163933,0.161549
0.24,-0.0995503,-0.00114256,0.143363,-0.0964367,-0.00127831,0.143688
0.25,-0.0902535,-0.00164561,0.108124,-0.0870932,-0.0019984,0.10819
0.26,-0.0803106,-0.00111361,0.0538666,-0.0769549,-0.00148488,0.053305
0.27,-0.074627,0.000365151,-0.0122962,-0.0710675,-0.000150017,-0.0134537
0.28,-0.0757129,0.00231151,-0.0804184,-0.0720148,0.00176252,-0.0821829
0.29,-0.082506,0.00265,-0.140074,-0.0787318,0.00187882,-0.142262
0.3,-0.0935194,0.000101625,-0.18071,-0.089568,-0.000951739,-0.183125
0.31,-0.107736,-0.00468219,-0.195945,-0.103812,-0.00558494,-0.197986
0.32,-0.123038,-0.0108192,-0.18625,-0.119389,-0.0117003,-0.187688
0.33,-0.137168,-0.0172921,-0.15666,-0.133585,-0.0181484,-0.15751
0.34,-0.149539,-0.0233866,-0.114386,-0.145994,-0.0243966,-0.114559
0.35,-0.159832,-0.0290492,-0.0670079,-0.15643,-0.0298815,-0.0662852
0.36,-0.166864,-0.0339895,-0.0256321,-0.163741,-0.0343328,-0.0241584
0.37,-0.169743,-0.0373992,0.00515654,-0.166862,-0.0375511,0.00701192
0.38,-0.167634,-0.0382458,0.0246156,-0.164665,-0.0379129,0.0269407
0.39,-0.166508,-0.029658,0.0601794,-0.163355,-0.029011,0.0625997
0.4,-0.164169,-0.0216201,0.133755,-0.161652,-0.0203167,0.13612
0.41,-0.166272,-0.0219092,0.198431,-0.164115,-0.0201396,0.200192
0.42,-0.164118,-0.0234134,0.237744,-0.161708,-0.0220054,0.238396
0.43,-0.155483,-0.0235083,0.243484,-0.152057,-0.022495,0.242287
0.44,-0.141875,-0.0234234,0.215851,-0.137419,-0.0225617,0.213533
0.45,-0.126445,-0.024094,0.163237,-0.121686,-0.0236217,0.160647
0.46,-0.112303,-0.025225,0.0925446,-0.107012,-0.0251988,0.0896178
0.47,-0.103685,-0.0275094,0.0106973,-0.0978237,-0.0276902,0.00738556
0.48,-0.100559,-0.0308894,-0.0746676,-0.0945805,-0.0314908,-0.0785944
0.49,-0.102031,-0.0333606,-0.152677,-0.0956951,-0.0347304,-0.157026
0.5,-0.106551,-0.0339493,-0.212216,-0.0998449,-0.035651,-0.216796
0.51,-0.114018,-0.0323436,-0.244559,-0.107059,-0.0345215,-0.249175
0.52,-0.123848,-0.029065,-0.246176,-0.116143,-0.0310277,-0.250474
0.53,-0.135114,-0.0252987,-0.219673,-0.127087,-0.0269028,-0.223645
0.54,-0.146353,-0.022189,-0.173802,-0.137892,-0.0235568,-0.177774
0.55,-0.156587,-0.0196067,-0.118067,-0.148046,-0.0208893,-0.121746
0.56,-0.164489,-0.0172551,-0.0630623,-0.157087,-0.0179319,-0.0671774
0.57,-0.168535,-0.0155064,-0.0182721,-0.162567,-0.016242,-0.0227821
0.58,-0.168231,-0.0115967,0.0234663,-0.163539,-0.0118163,0.0185414
0.59,-0.164588,0.00454095,0.0938011,-0.162998,0.00503712,0.088923
0.6,-0.153282,0.0161257,0.177315,-0.156384,0.0176237,0.17285
0.61,-0.153901,0.0214962,0.252549,-0.160521,0.0234428,0.247846
0.62,-0.14547,0.0243503,0.288237,-0.152216,0.0266335,0.283516
0.63,-0.130751,0.0269532,0.283847,-0.135169,0.0297177,0.278983
0.64,-0.112171,0.0298399,0.245385,-0.113825,0.0320786,0.240489
0.65,-0.0939675,0.0321184,0.18549,-0.0929233,0.0336876,0.181366
0.66,-0.0791104,0.0334527,0.110822,-0.0749894,0.034086,0.107488
0.67,-0.0696273,0.0353482,0.0243355,-0.0617609,0.0351986,0.0217915
0.68,-0.0656576,0.0383808,-0.0651909,-0.0540144,0.0375974,-0.0674504
0.69,-0.0656145,0.0418181,-0.15025,-0.050486,0.0405698,-0.152576
0.7,-0.0674389,0.0440183,-0.220759,-0.0498137,0.0423537,-0.223393
0.71,-0.0721025,0.0447797,-0.26462,-0.0524286,0.0429406,-0.266802
0.72,-0.0801328,0.0435653,-0.275684,-0.0595587,0.0411335,-0.27813
0.73,-0.0909308,0.0421478,-0.254684,-0.0703322,0.0396749,-0.257205
0.74,-0.103762,0.0419178,-0.209761,-0.0844237,0.039542,-0.212077
0.75,-0.116679,0.0424429,-0.150871,-0.0997822,0.0402661,-0.153342
0.76,-0.127634,0.0426859,-0.0896413,-0.113616,0.0409826,-0.0918535
0.77,-0.135056,0.0415958,-0.0335186,-0.12414,0.0404284,-0.0355349
0.78,-0.141965,0.0273078,0.0413991,-0.135629,0.0267974,0.039468
0.79,-0.133932,0.000962734,0.117057,-0.13292,0.00129223,0.1162
0.8,-0.119692,-0.0175421,0.191915,-0.123961,-0.0161232,0.192545
0.81,-0.118808,-0.0255219,0.262651,-0.127367,-0.0235153,0.26342
0.82,-0.106453,-0.0299954,0.290487,-0.11462,-0.0284433,0.29167
0.83,-0.0882657,-0.0350844,0.279817,-0.0923035,-0.0343981,0.280754
0.84,-0.0678365,-0.0393889,0.240811,-0.0676744,-0.039511,0.241879
0.85,-0.0485781,-0.0422487,0.183498,-0.045672,-0.0428089,0.18578
0.86,-0.0330645,-0.0439771,0.110021,-0.0267005,-0.0453088,0.113122
0.87,-0.0231007,-0.0463798,0.023362,-0.0127943,-0.0483292,0.0272572
0.88,-0.0202658,-0.0501832,-0.0649268,-0.00621589,-0.0528261,-0.0609805
0.89,-0.0202483,-0.0539841,-0.148796,-0.00215332,-0.0574634,-0.14473
0.9,-0.0218299,-0.0566146,-0.21913,-0.00100246,-0.0607701,-0.215178
0.91,-0.0258474,-0.0574812,-0.262954,-0.00305366,-0.0615003,-0.258836
0.92,-0.0330935,-0.0563709,-0.274063,-0.00959436,-0.0607475,-0.26947
0.93,-0.043386,-0.0554602,-0.253337,-0.020387,-0.0597523,-0.248398
0.94,-0.0563259,-0.0550171,-0.208519,-0.0347519,-0.0587738,-0.202692
0.95,-0.0694873,-0.0543283,-0.149651,-0.0502749,-0.0572317,-0.143035
0.96,-0.080518,-0.0533817,-0.0887981,-0.0642785,-0.0551447,-0.0818399
0.97,-0.0881985,-0.051304,-0.0335062,-0.0752398,-0.0520329,-0.026229
0.98,-0.0967836,-0.037441,0.0370457,-0.0887009,-0.0364875,0.0442765
0.99,-0.0932754,-0.0103281,0.113785,-0.0907448,-0.008002,0.121023
1,-0.0828701,0.00924067,0.189709,-0.0855529,0.013128,0.19708
1.01,-0.0841436,0.0177598,0.260572,-0.0906135,0.0224713,0.266725
1.02,-0.0731618,0.0232637,0.288158,-0.0794556,0.0283138,0.293577
1.03,-0.0547241,0.028944,0.277594,-0.0563992,0.0338435,0.281121
1.04,-0.0332771,0.033755,0.23876,-0.030912,0.0380872,0.242289
1.05,-0.0134671,0.036893,0.182165,-0.00852942,0.0406967,0.186806
1.06,0.00245884,0.0387115,0.108723,0.0104131,0.041553,0.114247
1.07,0.0117102,0.041105,0.0225866,0.0235408,0.0424748,0.0287124
1.08,0.0138416,0.0445884,-0.065018,0.0294388,0.0445167,-0.0588701
1.09,0.0132877,0.0478964,-0.148002,0.0323429,0.0468187,-0.142383
1.1,0.0107348,0.0499861,-0.217656,0.0324045,0.0479895,-0.212589
1.11,0.00629487,0.0507314,-0.261132,0.0297233,0.0482906,-0.256322
1.12,-0.000842915,0.0498984,-0.272631,0.0233818,0.0470998,-0.267643
1.13,-0.0115619,0.0494826,-0.252247,0.0121079,0.0468875,-0.246856
1.14,-0.0251758,0.0498486,-0.207717,-0.0026766,0.0479074,-0.201481
1.15,-0.0385229,0.050044,-0.14957,-0.0185383,0.0490637,-0.142374
1.16,-0.0503821,0.0497005,-0.0886694,-0.0336236,0.0493646,-0.0807431
1.17,-0.058224,0.0483114,-0.0331231,-0.0446171,0.048366,-0.0242029
1.18,-0.06796,0.0346595,0.0385596,-0.0592037,0.0352801,0.0479923
1.19,-0.065369,0.00823982,0.114525,-0.0617307,0.0095064,0.124725
1.2,-0.0553179,-0.0110552,0.188862,-0.056309,-0.00924309,0.199265
1.21,-0.0573907,-0.0196853,0.259299,-0.0621014,-0.0180431,0.269021
1.22,-0.0458366,-0.0253662,0.285797,-0.0504506,-0.0239023,0.294354
1.23,-0.0273489,-0.0308468,0.275389,-0.0277751,-0.0299028,0.282038
1.24,-0.00565835,-0.0355432,0.237378,-0.00244289,-0.0354384,0.243479
1.25,0.0149352,-0.0387377,0.182012,0.0202751,-0.0388254,0.189135
1.26,0.0309205,-0.0407212,0.109209,0.03962,-0.0414386,0.116838
1.27,0.039962,-0.0432146,0.0229729,0.0521922,-0.0443218,0.031119
1.28,0.0414826,-0.0467511,-0.064686,0.0570731,-0.0482706,-0.0568397
1.29,0.0398243,-0.0500667,-0.146637,0.0586735,-0.0519518,-0.139337
1.3,0.0372474,-0.052227,-0.216512,0.058722,-0.0543415,-0.209396
1.31,0.0331557,-0.0528745,-0.260479,0.0562634,-0.0548834,-0.25341
1.32,0.0268206,-0.0519879,-0.272639,0.0503053,-0.0542214,-0.265386
1.33,0.016624,-0.0516198,-0.252757,0.039656,-0.0538463,-0.244577
1.34,0.00375974,-0.0519666,-0.208999,0.0252949,-0.0536467,-0.200107
1.35,-0.00942026,-0.0519641,-0.151358,0.00980143,-0.0530916,-0.14188
1.36,-0.020547,-0.0511457,-0.0912632,-0.00421085,-0.0515975,-0.0811232
1.37,-0.0288303,-0.0492036,-0.0354652,-0.0154035,-0.0490714,-0.0247466
1.38,-0.0388738,-0.036336,0.0347951,-0.0295389,-0.0352053,0.0455258
1.39,-0.0382608,-0.0102222,0.112139,-0.0332966,-0.00798769,0.122893
1.4,-0.0298807,0.00894108,0.188874,-0.0293513,0.012403,0.199456
1.41,-0.0289242,0.0178915,0.257242,-0.0317113,0.0221693,0.267261
1.42,-0.0185351,0.0244193,0.286359,-0.0217292,0.029223,0.29499
1.43,-4.84117e-05,0.0307943,0.278276,-0.000267371,0.035723,0.284746
1.44,0.0224259,0.0362301,0.24189,0.0257653,0.0410069,0.247504
1.45,0.0439251,0.0399035,0.187802,0.0492461,0.0444786,0.194187
1.46,0.0601697,0.0418989,0.11511,0.0679725,0.0458178,0.122155
1.47,0.0690038,0.0440719,0.0288837,0.0800162,0.0470871,0.0362661
1.48,0.0700048,0.0470795,-0.0591524,0.0842301,0.0491277,-0.0519213
1.49,0.0674793,0.049832,-0.141227,0.0843528,0.0511864,-0.134339
1.5,0.0647531,0.0516654,-0.212861,0.0838416,0.0524094,-0.205958
1.51,0.0608385,0.0522696,-0.259623,0.081116,0.0525334,-0.252866
1.52,0.0546313,0.0515372,-0.274691,0.0758328,0.0517371,-0.267576
1.53,0.0444278,0.0514667,-0.257581,0.0649025,0.0518705,-0.249682
1.54,0.0314725,0.0524035,-0.215778,0.050538,0.053309,-0.207103
1.55,0.0177705,0.0535136,-0.159071,0.0346321,0.0546108,-0.149509
1.56,0.00550922,0.0539062,-0.098755,0.0195281,0.0550185,-0.088416
1.57,-0.00395974,0.0523481,-0.0404539,0.0072937,0.0535336,-0.0294211
1.58,-0.0170237,0.0372114,0.0378147,-0.00990935,0.0382617,0.048999
1.59,-0.0153786,0.0102073,0.115425,-0.0125786,0.0113691,0.126971
1.6,-0.00564332,-0.0100707,0.188921,-0.00640776,-0.00876534,0.200679
1.61,-0.00951926,-0.0197777,0.260294,-0.0136895,-0.0187228,0.27133
1.62,0.00287796,-0.0266542,0.286079,-0.00140723,-0.0258918,0.296019
1.63,0.0231878,-0.0332987,0.275946,0.0218875,-0.0331752,0.284165
1.64,0.0469792,-0.0390408,0.239212,0.0491138,-0.0394907,0.246685
1.65,0.0689991,-0.0428672,0.186816,0.0728824,-0.0431163,0.195044
1.66,0.0855894,-0.0449389,0.114486,0.0917016,-0.0453637,0.123389
1.67,0.0942862,-0.0472402,0.0283322,0.103302,-0.0478955,0.037405
1.68,0.0949193,-0.0504339,-0.0595618,0.106469,-0.0513518,-0.0503014
1.69,0.091974,-0.0534567,-0.140231,0.10625,-0.0545869,-0.131562
1.7,0.0895294,-0.0557121,-0.211895,0.106155,-0.0567497,-0.203599
1.71,0.0864205,-0.0566129,-0.25962,0.104422,-0.0579153,-0.251277
1.72,0.0806162,-0.0560883,-0.275162,0.0991342,-0.0574539,-0.266617
1.73,0.0709732,-0.0562331,-0.25857,0.0892493,-0.0575159,-0.24952
1.74,0.058631,-0.0572958,-0.217307,0.0758718,-0.0584845,-0.20785
1.75,0.045469,-0.0584028,-0.161277,0.0610332,-0.0592086,-0.150833
1.76,0.03341,-0.0588776,-0.101257,0.0469353,-0.0593703,-0.0902712
1.77,0.0238631,-0.0571513,-0.0424596,0.034864,-0.0570949,-0.0309433
1.78,0.00975558,-0.0414791,0.0376457,0.0174397,-0.0402671,0.049222
1.79,0.0106999,-0.0137525,0.116147,0.0147888,-0.0115716,0.128087
1.8,0.0198421,0.00722295,0.190479,0.0203719,0.0100176,0.202222
1.81,0.015184,0.0173515,0.262085,0.012773,0.0206336,0.272942
1.82,0.0276894,0.0249797,0.287929,0.0248374,0.0286569,0.297652
1.83,0.0486843,0.0325447,0.278192,0.0483762,0.0366176,0.286202
1.84,0.07342,0.0391088,0.241967,0.0758172,0.0436598,0.249223
1.85,0.0958861,0.0434399,0.190413,0.0999811,0.0476288,0.198348
1.86,0.11273,0.045546,0.118107,0.118966,0.0491302,0.126394
1.87,0.121071,0.0476663,0.032253,0.129808,0.0506298,0.0406141
1.88,0.121182,0.050483,-0.0555499,0.132283,0.0529349,-0.0473846
1.89,0.117768,0.053188,-0.13596,0.131101,0.055053,-0.12813
1.9,0.115426,0.0554838,-0.208955,0.130441,0.0564049,-0.201408
1.91,0.112889,0.0567488,-0.259636,0.129337,0.0569661,-0.252354
1.92,0.107358,0.0565989,-0.278097,0.124146,0.0565389,-0.270784
1.93,0.0979292,0.0570696,-0.264125,0.114187,0.0569778,-0.256333
1.94,0.0855879,0.0587095,-0.224594,0.100601,0.0587198,-0.216326
1.95,0.0721451,0.0609131,-0.16945,0.0857369,0.061207,-0.160135
1.96,0.0596369,0.0626899,-0.109282,0.0711729,0.063298,-0.0988083
1.97,0.0481323,0.0614048,-0.0470299,0.0574529,0.0617434,-0.0360843
1.98,0.032112,0.0435818,0.0399336,0.0378791,0.0436379,0.0507642
1.99,0.0336101,0.0152642,0.11972,0.0359928,0.0148949,0.13076
2,0.0439002,-0.00663093,0.192098,0.0432164,-0.00733994,0.203546
2.01,0.0390977,-0.0176283,0.264161,0.0356373,-0.0188666,0.274946
2.02,0.0529647,-0.0257844,0.288345,0.0491739,-0.0270391,0.298184
2.03,0.0753777,-0.0336118,0.277859,0.0743242,-0.0349987,0.286144
2.04,0.101251,-0.0403845,0.242001,0.102993,-0.0420134,0.249894
2.05,0.123912,-0.0447296,0.191891,0.126991,-0.04657,0.200691
2.06,0.14082,-0.046737,0.120203,0.145954,-0.0488471,0.129594
2.07,0.148666,-0.0487892,0.0343638,0.156191,-0.0508709,0.0437649
2.08,0.148122,-0.0515219,-0.0534349,0.157971,-0.0535398,-0.0440931
2.09,0.144177,-0.0542142,-0.133339,0.156052,-0.0564204,-0.124494
2.1,0.141967,-0.0566669,-0.20674,0.155463,-0.0591131,-0.198191
2.11,0.13989,-0.0581117,-0.258979,0.154704,-0.0604921,-0.250564
2.12,0.134755,-0.0579075,-0.279032,0.149892,-0.0601306,-0.270657
2.13,0.125854,-0.0583438,-0.266688,0.140576,-0.0604874,-0.258006
2.14,0.114047,-0.0598579,-0.228641,0.128117,-0.0619796,-0.219526
2.15,0.101066,-0.0618608,-0.17467,0.113471,-0.0635384,-0.164683
2.16,0.0890546,-0.0635384,-0.114924,0.0995309,-0.0651168,-0.104437
2.17,0.0779047,-0.0626602,-0.0524887,0.0862733,-0.0636699,-0.0416902
2.18,0.0611391,-0.0456369,0.0353602,0.0663002,-0.0460477,0.0463983
2.19,0.061489,-0.0170577,0.117745,0.0633859,-0.0170021,0.129141
2.2,0.0699551,0.00496092,0.193377,0.0690071,0.00541951,0.204596
2.21,0.0638551,0.0161141,0.267193,0.0600984,0.0170202,0.277744
2.22,0.0772967,0.024756,0.292753,0.0732987,0.0261162,0.302719
2.23,0.100372,0.0332765,0.282929,0.098521,0.0354286,0.291571
2.24,0.127213,0.0408079,0.247643,0.127639,0.0435016,0.255883
2.25,0.150744,0.0454445,0.197745,0.152632,0.0480334,0.206333
2.26,0.167834,0.0474814,0.126072,0.171593,0.0497375,0.135052
2.27,0.175173,0.0494047,0.0406459,0.181156,0.0512269,0.0498402
2.28,0.173963,0.051721,-0.0469885,0.181871,0.0531875,-0.0378219
2.29,0.16939,0.0539878,-0.126642,0.179382,0.055065,-0.118079
2.3,0.167427,0.0564671,-0.201622,0.179082,0.0571402,-0.193452
2.31,0.165706,0.0582798,-0.257695,0.178831,0.0583449,-0.24973
2.32,0.161074,0.0584714,-0.282238,0.17482,0.0583901,-0.274121
2.33,0.152526,0.0591428,-0.273963,0.166027,0.0590395,-0.265552
2.34,0.140733,0.0612735,-0.238869,0.153216,0.0613481,-0.229837
2.35,0.127474,0.064394,-0.186412,0.138141,0.0645893,-0.176603
2.36,0.115044,0.0674077,-0.126568,0.12396,0.0677908,-0.115963
2.37,0.101999,0.0668211,-0.0600873,0.108919,0.0668154,-0.0488607
2.38,0.0834072,0.0476685,0.0352912,0.087211,0.046988,0.0469978
2.39,0.0836453,0.0185136,0.119807,0.0839855,0.0171565,0.131712
2.4,0.093096,-0.00457111,0.194124,0.0901381,-0.00634202,0.206283
2.41,0.086765,-0.0165459,0.269409,0.0810976,-0.0184852,0.280972
2.42,0.101517,-0.0257352,0.293822,0.0953863,-0.0271511,0.304938
2.43,0.126031,-0.0344031,0.283593,0.121852,-0.0359558,0.293328
2.44,0.153612,-0.0420166,0.249455,0.151475,-0.043701,0.259005
2.45,0.177669,-0.0465089,0.200814,0.176633,-0.0482516,0.211017
2.46,0.194763,-0.0484016,0.129835,0.195289,-0.05003,0.140525
2.47,0.201596,-0.0502684,0.0443452,0.204083,-0.0516616,0.0551107
2.48,0.199729,-0.0525234,-0.043293,0.2043,-0.0538086,-0.0329343
2.49,0.19456,-0.0546802,-0.122485,0.201088,-0.0560256,-0.112498
2.5,0.192698,-0.0573441,-0.197625,0.201054,-0.0583161,-0.187975
2.51,0.191403,-0.0593354,-0.255736,0.201336,-0.0600833,-0.246431
2.52,0.18739,-0.059535,-0.282964,0.197691,-0.0596425,-0.273456
2.53,0.179532,-0.0601724,-0.277389,0.189833,-0.0599632,-0.267761
2.54,0.168327,-0.0621941,-0.244698,0.177745,-0.0618474,-0.2346
2.55,0.15567,-0.0653712,-0.193939,0.16376,-0.0647756,-0.182972
2.56,0.143974,-0.0686635,-0.134583,0.150189,-0.0681354,-0.123311
2.57,0.131703,-0.0685135,-0.0677121,0.135804,-0.0679411,-0.0557042
2.58,0.112235,-0.0498324,0.0296064,0.113172,-0.0490783,0.0418499
2.59,0.110716,-0.0200467,0.117027,0.108874,-0.019476,0.129955
2.6,0.117909,0.00360171,0.194714,0.113205,0.00404301,0.207946
2.61,0.110392,0.0157315,0.271935,0.103113,0.0163471,0.28458
2.62,0.124994,0.0254234,0.29773,0.117199,0.0264309,0.309703
2.63,0.150272,0.0346871,0.288422,0.14445,0.0364649,0.299136
2.64,0.178752,0.0430792,0.255172,0.175358,0.0453956,0.265358
2.65,0.203732,0.0479511,0.207146,0.201359,0.0502993,0.217772
2.66,0.221032,0.0499331,0.136536,0.220277,0.0523393,0.147589
2.67,0.227423,0.0517086,0.0517221,0.228271,0.0538403,0.0627051
2.68,0.224927,0.0536017,-0.0354602,0.227876,0.0553286,-0.0247012
2.69,0.219071,0.0552649,-0.11421,0.224019,0.0566695,-0.10359
2.7,0.21691,0.0578832,-0.189683,0.223679,0.0588703,-0.179671
2.71,0.216065,0.0601701,-0.251729,0.223902,0.0609726,-0.241976
2.72,0.212759,0.0607402,-0.284241,0.221347,0.0614055,-0.274599
2.73,0.205495,0.0614956,-0.28382,0.214328,0.0615407,-0.274067
2.74,0.194477,0.0640944,-0.255277,0.202707,0.064333,-0.245021
2.75,0.181785,0.0682903,-0.206916,0.189131,0.0683221,-0.196274
2.76,0.169927,0.0728075,-0.14805,0.175957,0.0725382,-0.136776
2.77,0.15559,0.0728163,-0.0769787,0.159812,0.0722992,-0.0651288
2.78,0.13417,0.0520256,0.0274798,0.135311,0.0509256,0.0391456
2.79,0.132521,0.0219638,0.116875,0.130779,0.019938,0.128796
2.8,0.14119,-0.0030241,0.193358,0.136837,-0.00564269,0.205705
2.81,0.138097,-0.0163434,0.269148,0.131667,-0.0194655,0.28105
2.82,0.152811,-0.0268157,0.29614,0.14588,-0.029939,0.307482
2.83,0.178883,-0.0364166,0.287795,0.173683,-0.0394001,0.298525
2.84,0.208,-0.0448726,0.256689,0.204898,-0.0478435,0.267486
2.85,0.233622,-0.0496871,0.21093,0.231404,-0.0527217,0.222412
2.86,0.251158,-0.0515685,0.141383,0.25022,-0.0543634,0.153476
2.87,0.257178,-0.0532591,0.0564605,0.257997,-0.0559717,0.068276
2.88,0.254028,-0.0550181,-0.0308141,0.256803,-0.0575752,-0.0192178
2.89,0.247494,-0.056501,-0.109236,0.251755,-0.0590083,-0.0979836
2.9,0.244728,-0.059031,-0.184308,0.250483,-0.0612852,-0.173526
2.91,0.243571,-0.061091,-0.246912,0.251005,-0.0633561,-0.2363
2.92,0.24034,-0.061088,-0.281206,0.248295,-0.0629568,-0.270755
2.93,0.233442,-0.0613846,-0.283548,0.241661,-0.0630707,-0.272953
2.94,0.222878,-0.0635279,-0.258188,0.230589,-0.0643734,-0.2472
2.95,0.210949,-0.0675791,-0.212444,0.217884,-0.0679597,-0.200768
2.96,0.200102,-0.0721338,-0.154932,0.205603,-0.0721375,-0.142688
2.97,0.187725,-0.073122,-0.0859519,0.191596,-0.0728616,-0.0732875
2.98,0.165299,-0.0536973,0.0185284,0.166097,-0.0532089,0.0312528
2.99,0.161756,-0.0231589,0.110596,0.159943,-0.0225789,0.123324
3,0.168352,0.00218399,0.190462,0.163968,0.00285954,0.203512
3.01,0.158327,0.0153761,0.27291,0.151665,0.016483,0.285315
3.02,0.173322,0.0261983,0.300159,0.166018,0.0278222,0.312229
3.03,0.200422,0.0364196,0.291496,0.194421,0.0388964,0.302721
3.04,0.231025,0.0453475,0.259973,0.227203,0.0480312,0.270833
3.05,0.257663,0.0504923,0.213972,0.254672,0.0533932,0.225474
3.06,0.275324,0.0527834,0.144747,0.273644,0.0557037,0.156707
3.07,0.280955,0.0547337,0.060878,0.281038,0.0576256,0.0728075
3.08,0.277419,0.0564006,-0.0252157,0.279226,0.0593156,-0.0135492
3.09,0.270584,0.0576243,-0.102755,0.274069,0.0600186,-0.0915024
3.1,0.267284,0.0601833,-0.176104,0.272306,0.0622763,-0.164989
3.11,0.266598,0.0628342,-0.241693,0.273241,0.0647583,-0.231089
3.12,0.264003,0.0633792,-0.280239,0.271532,0.0646107,-0.270053
3.13,0.257391,0.0636944,-0.286452,0.265391,0.0649214,-0.276155
3.14,0.246386,0.0661758,-0.26411,0.254308,0.0675959,-0.253487
3.15,0.233529,0.0707782,-0.219964,0.240549,0.0719745,-0.208758
3.16,0.221458,0.0760322,-0.16267,0.227243,0.0774033,-0.150851
3.17,0.206196,0.0766734,-0.0904386,0.210216,0.077755,-0.0777795
3.18,0.181646,0.055666,0.0178643,0.183072,0.056244,0.0309645
3.19,0.176546,0.0248095,0.110604,0.175513,0.0247835,0.123746
3.2,0.183336,-0.00158657,0.188369,0.180147,-0.00224012,0.201754
3.21,0.174169,-0.0158621,0.269147,0.168723,-0.0166204,0.28167
3.22,0.190098,-0.0274077,0.293516,0.184035,-0.0284236,0.305461
3.23,0.217722,-0.0377479,0.283383,0.212683,-0.0386598,0.294466
3.24,0.248534,-0.0464752,0.252084,0.245247,-0.0474023,0.262825
3.25,0.275256,-0.0515674,0.207559,0.272771,-0.0524306,0.218433
3.26,0.293099,-0.0539768,0.139537,0.292073,-0.0548797,0.150445
3.27,0.298858,-0.0561928,0.0562394,0.29936,-0.0570488,0.0673214
3.28,0.295375,-0.0581883,-0.0292222,0.297636,-0.0589579,-0.0184761
3.29,0.288501,-0.059761,-0.105825,0.292196,-0.0602029,-0.0953007
3.3,0.285133,-0.0624765,-0.178479,0.290094,-0.0628544,-0.168338
3.31,0.283704,-0.0646421,-0.241058,0.289857,-0.0646542,-0.230991
3.32,0.279726,-0.0643341,-0.275351,0.286453,-0.0639998,-0.265598
3.33,0.271681,-0.0638831,-0.277568,0.278708,-0.0632539,-0.267627
3.34,0.259489,-0.0651532,-0.252699,0.266118,-0.0641804,-0.242509
3.35,0.246027,-0.0686359,-0.207769,0.251655,-0.0675104,-0.19732
3.36,0.233872,-0.0729159,-0.150858,0.23843,-0.0715919,-0.139621
3.37,0.220879,-0.0739679,-0.0834605,0.223634,-0.0724219,-0.0719357
3.38,0.197128,-0.0555808,0.0185854,0.197141,-0.0539166,0.0302198
3.39,0.189591,-0.0248396,0.109574,0.186959,-0.0231282,0.121292
3.4,0.193927,0.00098034,0.187879,0.188652,0.00275439,0.199888
3.41,0.183754,0.0147266,0.26734,0.176485,0.01679,0.278792
3.42,0.198058,0.0260875,0.292382,0.190193,0.0286587,0.303813
3.43,0.224733,0.0365052,0.282175,0.21771,0.0397342,0.292759
3.44,0.255272,0.0453961,0.250025,0.249366,0.048974,0.260031
3.45,0.282047,0.0506606,0.204048,0.276746,0.0544492,0.214405
3.46,0.299679,0.0531703,0.135728,0.295555,0.0570224,0.146173
3.47,0.305223,0.0554338,0.0529824,0.302731,0.059194,0.0635387
3.48,0.301604,0.0573565,-0.0319432,0.300966,0.0609351,-0.021288
3.49,0.294616,0.0587635,-0.108246,0.295582,0.0623612,-0.0979341
3.5,0.290998,0.06135,-0.180722,0.293241,0.0646278,-0.170857
3.51,0.288953,0.0632573,-0.242294,0.292487,0.0661638,-0.232982
3.52,0.284106,0.0627607,-0.27514,0.288121,0.0653875,-0.266127
3.53,0.275081,0.062268,-0.275923,0.279229,0.0646586,-0.267128
3.54,0.261907,0.0637541,-0.249828,0.265663,0.0664192,-0.24079
3.55,0.247639,0.0672973,-0.204013,0.250367,0.0700597,-0.194483
3.56,0.234804,0.0714866,-0.14667,0.236247,0.0741736,-0.13661
3.57,0.221239,0.0726743,-0.0792354,0.220946,0.0749282,-0.0684708
3.58,0.197395,0.0545345,0.0221403,0.194649,0.0558238,0.0330252
3.59,0.190031,0.0243317,0.112261,0.185117,0.0250896,0.123124
3.6,0.194917,-0.00103348,0.189212,0.18781,-0.000958321,0.200202
3.61,0.185203,-0.0147105,0.26768,0.176005,-0.0151546,0.278036
3.62,0.199829,-0.0257255,0.291588,0.190371,-0.0264073,0.301827
3.63,0.226713,-0.0357839,0.28008,0.218448,-0.036557,0.289774
3.64,0.257194,-0.0441468,0.247097,0.25059,-0.0448161,0.256544
3.65,0.283717,-0.0488569,0.200974,0.277968,-0.0496432,0.210862
3.66,0.30117,-0.0509769,0.132421,0.296557,-0.0515115,0.142627
3.67,0.306574,-0.0531686,0.0490556,0.303709,-0.053435,0.0595877
3.68,0.302833,-0.0552614,-0.0362314,0.301423,-0.0551489,-0.0258245
3.69,0.295726,-0.0569169,-0.112486,0.295627,-0.0566364,-0.102453
3.7,0.292087,-0.0595674,-0.184838,0.293662,-0.0591091,-0.17508
3.71,0.289756,-0.0611894,-0.244757,0.292344,-0.0604513,-0.235161
3.72,0.284453,-0.0603786,-0.27532,0.287271,-0.0591875,-0.265986
3.73,0.275071,-0.0596633,-0.273969,0.277464,-0.0583881,-0.264723
3.74,0.261807,-0.0606795,-0.246198,0.263954,-0.0591876,-0.237056
3.75,0.247726,-0.0637354,-0.199421,0.248835,-0.0619476,-0.189923
3.76,0.235305,-0.0674726,-0.141686,0.235313,-0.0654201,-0.131916
3.77,0.223172,-0.0687069,-0.075824,0.221669,-0.0665513,-0.0658187
3.78,0.200668,-0.0519251,0.0222351,0.196837,-0.0497804,0.0321651
3.79,0.192239,-0.0220877,0.111993,0.186062,-0.0200508,0.122267
3.8,0.195757,0.00265218,0.190602,0.1874,0.00415014,0.20107
3.81,0.189461,0.0159833,0.266095,0.179038,0.0175033,0.276513
3.82,0.202286,0.0268965,0.292607,0.191118,0.0288146,0.302404
3.83,0.22813,0.0370654,0.282764,0.217977,0.0394915,0.292057
3.84,0.258369,0.0457282,0.250166,0.249818,0.0486715,0.259106
3.85,0.285101,0.0506751,0.203191,0.277371,0.0539151,0.212341
3.86,0.30257,0.0528769,0.134356,0.29626,0.0563367,0.143747
3.87,0.307952,0.0550165,0.0512049,0.30309,0.0584872,0.0606871
3.88,0.304181,0.0568885,-0.0341375,0.300764,0.0604945,-0.0248951
3.89,0.297033,0.0582866,-0.110755,0.294979,0.0616984,-0.102096
3.9,0.293246,0.0607471,-0.183596,0.292674,0.063776,-0.174999
3.91,0.290744,0.0623099,-0.244298,0.291158,0.0652688,-0.235783
3.92,0.285334,0.0614941,-0.275981,0.286385,0.0641412,-0.267641
3.93,0.275777,0.0608351,-0.275738,0.276884,0.0631745,-0.267124
3.94,0.262209,0.0621652,-0.24874,0.262956,0.0646326,-0.23973
3.95,0.247686,0.0654261,-0.202245,0.247636,0.0678244,-0.192408
3.96,0.234677,0.0692918,-0.144452,0.233589,0.0717987,-0.133955
3.97,0.221366,0.070504,-0.0774588,0.218947,0.0725902,-0.0664287
3.98,0.197817,0.0528938,0.0227553,0.193401,0.0541587,0.0341583
3.99,0.190098,0.0228797,0.112821,0.183318,0.0233141,0.124218
4,0.194607,-0.00214881,0.190087,0.185949,-0.00254596,0.201387
4.01,0.184656,-0.0156699,0.268456,0.174303,-0.0168566,0.279204
4.02,0.199032,-0.0265627,0.292395,0.188449,-0.0276326,0.302537
4.03,0.225842,-0.0365191,0.280585,0.215841,-0.0372347,0.290264
4.04,0.256314,-0.0447428,0.247174,0.247561,-0.0451499,0.25668
4.05,0.282849,-0.0493381,0.200561,0.274771,-0.0497178,0.210367
4.06,0.300257,-0.0514126,0.131747,0.293443,-0.0517481,0.14164
4.07,0.305618,-0.0536078,0.0482697,0.300486,-0.0534619,0.0581695
4.08,0.301858,-0.0556937,-0.0370845,0.298157,-0.0549268,-0.0276199
4.09,0.294736,-0.0573385,-0.113407,0.292323,-0.0563249,-0.104183
4.1,0.291059,-0.05997,-0.185673,0.289778,-0.0587554,-0.176852
4.11,0.288733,-0.061563,-0.245585,0.288604,-0.0601035,-0.237255
4.12,0.283419,-0.0607308,-0.276018,0.283904,-0.0592676,-0.268071
4.13,0.274005,-0.0600214,-0.274411,0.274635,-0.0581578,-0.266564
4.14,0.260698,-0.061069,-0.24632,0.261132,-0.0589798,-0.238142
4.15,0.24657,-0.064148,-0.199247,0.246127,-0.0620787,-0.190585
4.16,0.234115,-0.0678967,-0.141287,0.232477,-0.0660049,-0.132333
4.17,0.221799,-0.0690272,-0.075007,0.218733,-0.067241,-0.0653509
4.18,0.199157,-0.0519581,0.0236072,0.194145,-0.0506199,0.0332048
4.19,0.191025,-0.0220399,0.113178,0.183637,-0.021112,0.12291
4.2,0.194901,0.00283113,0.191205,0.185804,0.00322665,0.201301
4.21,0.184766,0.0160704,0.269113,0.173834,0.0160786,0.278857
4.22,0.198901,0.0270033,0.293303,0.187271,0.0273374,0.302869
4.23,0.22549,0.0371804,0.281892,0.214784,0.0382137,0.290688
4.24,0.255906,0.0458166,0.248589,0.246687,0.0471648,0.257501
4.25,0.28251,0.0507092,0.201568,0.274087,0.0523097,0.211038
4.26,0.299898,0.0529032,0.132744,0.292828,0.0547624,0.142675
4.27,0.305265,0.0550612,0.0496469,0.299785,0.0571134,0.0597943
4.28,0.301532,0.0570036,-0.035512,0.297653,0.0591917,-0.025598
4.29,0.294454,0.0584663,-0.111942,0.292057,0.0606056,-0.102493
4.3,0.290744,0.0610355,-0.184363,0.289443,0.0631132,-0.175289
4.31,0.288496,0.0627628,-0.245253,0.28807,0.0647741,-0.236393
4.32,0.283315,0.0621009,-0.276939,0.2837,0.0636544,-0.268252
4.33,0.273916,0.0615531,-0.27636,0.274433,0.0629269,-0.267539
4.34,0.260425,0.063023,-0.248904,0.26078,0.0647224,-0.239675
4.35,0.245937,0.0664534,-0.201988,0.245231,0.0678585,-0.192211
4.36,0.232979,0.0704998,-0.143904,0.231633,0.0718117,-0.133377
4.37,0.219333,0.0715516,-0.0760241,0.216448,0.0724904,-0.065006
4.38,0.195628,0.0533957,0.0252955,0.190628,0.0535553,0.0362659
4.39,0.188455,0.0232941,0.114959,0.18142,0.022577,0.125713
4.4,0.193626,-0.00196296,0.191303,0.18477,-0.00359535,0.20216
4.41,0.184241,-0.0156505,0.268834,0.173419,-0.017584,0.279108
4.42,0.199123,-0.0266604,0.291869,0.188166,-0.0288496,0.302149
4.43,0.226122,-0.0367076,0.279627,0.215924,-0.0389322,0.28933
4.44,0.256545,-0.0450093,0.2462,0.247709,-0.0468678,0.255667
4.45,0.282937,-0.0496388,0.199824,0.275262,-0.0513427,0.209566
4.46,0.300287,-0.0517015,0.131089,0.29383,-0.0530758,0.141155
4.47,0.305634,-0.0538496,0.0475748,0.300923,-0.0546925,0.0574549
4.48,0.301866,-0.0559203,-0.0377962,0.298505,-0.0565876,-0.0280606
4.49,0.294744,-0.057567,-0.114085,0.292822,-0.0578323,-0.104593
4.5,0.291082,-0.060191,-0.186383,0.290684,-0.0601089,-0.177322
4.51,0.288701,-0.0617516,-0.24608,0.289393,-0.0614008,-0.237524
4.52,0.283331,-0.0608651,-0.27621,0.284602,-0.0601714,-0.267522
4.53,0.273871,-0.0601133,-0.274314,0.275109,-0.0593636,-0.265348
4.54,0.260539,-0.0611235,-0.245993,0.261384,-0.0602184,-0.23701
4.55,0.246415,-0.0641715,-0.198756,0.246522,-0.0634413,-0.189674
4.56,0.233982,-0.067888,-0.1407,0.232955,-0.0671231,-0.13154
4.57,0.221788,-0.0690477,-0.0745294,0.219335,-0.0683142,-0.0654954
4.58,0.199292,-0.0521097,0.0237943,0.194438,-0.0520306,0.0332455
4.59,0.191122,-0.0222249,0.113361,0.184332,-0.0224427,0.123004
4.6,0.194938,0.00258627,0.191485,0.186227,0.00166955,0.201437
4.61,0.184794,0.0157684,0.269353,0.174127,0.01431,0.279296
4.62,0.198903,0.0266518,0.293536,0.18759,0.025686,0.303483
4.63,0.225487,0.0368137,0.282037,0.215318,0.0366212,0.291442
4.64,0.255891,0.0454305,0.248621,0.24673,0.0456867,0.258124
4.65,0.282473,0.0503121,0.201477,0.27386,0.0505678,0.211586
4.66,0.299818,0.0525088,0.132598,0.29214,0.053209,0.143213
4.67,0.30514,0.0546723,0.0494829,0.29917,0.0559305,0.0601883
4.68,0.301374,0.0566156,-0.0356755,0.296765,0.0582518,-0.0251005
4.69,0.294277,0.0580787,-0.112112,0.290928,0.0597976,-0.101769
4.7,0.290569,0.0606516,-0.184582,0.288375,0.0621742,-0.174609
4.71,0.288334,0.0623878,-0.245531,0.287362,0.0636601,-0.235847
4.72,0.283166,0.0617387,-0.277245,0.282674,0.0628814,-0.267765
4.73,0.273779,0.0612048,-0.276655,0.273596,0.062156,-0.267219
4.74,0.260296,0.0626837,-0.249145,0.259739,0.0635119,-0.239381
4.75,0.245814,0.0661137,-0.20215,0.244591,0.066846,-0.191937
4.76,0.232861,0.0701545,-0.14398,0.230836,0.0705813,-0.133349
4.77,0.219281,0.0712483,-0.0761198,0.215943,0.0710239,-0.0649007
4.78,0.195647,0.0532011,0.0251054,0.190168,0.0518062,0.0365213
4.79,0.188435,0.0231414,0.114842,0.180939,0.0204958,0.126054
4.8,0.193535,-0.0020387,0.191353,0.18439,-0.00588736,0.20261
4.81,0.188127,-0.0158344,0.266122,0.177299,-0.0205552,0.276661
4.82,0.201907,-0.0268914,0.291074,0.190713,-0.0317197,0.301074
4.83,0.228261,-0.0369518,0.280164,0.218304,-0.0417119,0.289441
4.84,0.258507,-0.0452906,0.247365,0.250027,-0.0499102,0.256586
4.85,0.284977,-0.0499649,0.201092,0.27745,-0.0539546,0.210919
4.86,0.302395,-0.0520188,0.132347,0.296292,-0.0553869,0.142586
4.87,0.307767,-0.0541261,0.0487419,0.303337,-0.0569049,0.0592076
4.88,0.303971,-0.0561196,-0.0368491,0.301027,-0.0586638,-0.0264853
4.89,0.296785,-0.0577035,-0.113351,0.295466,-0.0594579,-0.103299
4.9,0.293064,-0.0602197,-0.186088,0.293311,-0.0611056,-0.176606
4.91,0.290442,-0.0616122,-0.245626,0.291812,-0.0622026,-0.23622
4.92,0.284848,-0.0605558,-0.27568,0.28676,-0.0609173,-0.266503
4.93,0.275227,-0.059692,-0.273978,0.277388,-0.0599195,-0.264961
4.94,0.261811,-0.0605849,-0.245932,0.263429,-0.0607878,-0.236683
4.95,0.24764,-0.063496,-0.198929,0.24842,-0.0637133,-0.189522
4.96,0.235149,-0.067059,-0.141019,0.235086,-0.0673799,-0.131172
4.97,0.223138,-0.0682674,-0.0753739,0.221786,-0.0691008,-0.0652685
4.98,0.200804,-0.0517156,0.0220942,0.197397,-0.0532904,0.0325114
4.99,0.192203,-0.021928,0.111885,0.186973,-0.0243669,0.123152
5,0.195533,0.00270123,0.190558,0.188606,-0.000259908,0.202486
5.01,0.184958,0.0157602,0.268978,0.176056,0.0122065,0.280499
5.02,0.198679,0.0265731,0.293725,0.1892,0.0234066,0.305096
5.03,0.225105,0.0367086,0.282454,0.216505,0.0347245,0.293121
5.04,0.255516,0.0452888,0.248994,0.247996,0.0444759,0.259292
5.05,0.282173,0.0501651,0.201653,0.275416,0.0496038,0.212338
5.06,0.299541,0.0523904,0.132714,0.294194,0.0523895,0.143751
5.07,0.30486,0.0546006,0.0496229,0.300898,0.0550367,0.0609735
5.08,0.301092,0.0565579,-0.0355071,0.298527,0.0571198,-0.0243789
5.09,0.293988,0.0580184,-0.111952,0.292633,0.0587392,-0.10112
5.1,0.290271,0.0605897,-0.184399,0.290316,0.0613268,-0.174005
5.11,0.288065,0.0623323,-0.24544,0.289302,0.0628583,-0.235434
5.12,0.282918,0.0617086,-0.27724,0.284803,0.0619549,-0.267543
5.13,0.273549,0.0612007,-0.276707,0.275834,0.0611429,-0.267422
5.14,0.260077,0.0627083,-0.249213,0.261821,0.0625857,-0.23967
5.15,0.245594,0.0661595,-0.202208,0.246389,0.0659723,-0.192154
5.16,0.232637,0.0702205,-0.14403,0.232285,0.0698081,-0.133619
5.17,0.218999,0.0712925,-0.076064,0.217554,0.0699771,-0.0651626
5.18,0.195333,0.0531726,0.0253055,0.191912,0.0505611,0.0364811
5.19,0.188203,0.0231209,0.114978,0.182575,0.0191453,0.126137
5.2,0.19341,-0.00209611,0.191303,0.186404,-0.00740957,0.202342
5.21,0.184055,-0.0157641,0.268824,0.175435,-0.02198,0.279652
5.22,0.198958,-0.0267586,0.29183,0.19023,-0.0329722,0.302301
5.23,0.225972,-0.0367898,0.279555,0.218283,-0.0423471,0.289417
5.24,0.256395,-0.045073,0.246114,0.250053,-0.0502639,0.255753
5.25,0.282784,-0.0496879,0.199739,0.277038,-0.0544172,0.209563
5.26,0.300138,-0.0517441,0.130999,0.295347,-0.0561153,0.140881
5.27,0.305492,-0.0538944,0.0474757,0.302097,-0.057479,0.0574072
5.28,0.301726,-0.0559705,-0.0379112,0.29987,-0.0590561,-0.0284503
5.29,0.294598,-0.057627,-0.114215,0.29387,-0.0599295,-0.105069
5.3,0.290949,-0.0602607,-0.18655,0.291238,-0.0621004,-0.177844
5.31,0.288576,-0.0618247,-0.246272,0.289783,-0.0628551,-0.237858
5.32,0.283209,-0.0609421,-0.276392,0.285033,-0.0616932,-0.268333
5.33,0.273747,-0.0601984,-0.274445,0.275407,-0.0606882,-0.266194
5.34,0.260414,-0.0612165,-0.246045,0.261397,-0.061496,-0.237688
5.35,0.246287,-0.0642682,-0.198724,0.24636,-0.064564,-0.190033
5.36,0.233852,-0.0679849,-0.1406,0.232923,-0.0682963,-0.131623
5.37,0.221657,-0.0691396,-0.0743745,0.219513,-0.0695706,-0.065219
5.38,0.199165,-0.0521929,0.023991,0.194891,-0.0533123,0.0333365
5.39,0.19102,-0.0222987,0.113534,0.184518,-0.0242472,0.123542
5.4,0.194886,0.0025474,0.191518,0.18676,-0.000417833,0.202032
5.41,0.184785,0.0157527,0.26927,0.175157,0.0123695,0.279675
5.42,0.198917,0.0266523,0.293347,0.188954,0.023701,0.303314
5.43,0.225503,0.0368319,0.281766,0.216526,0.0348734,0.290859
5.44,0.255887,0.0454653,0.248318,0.248368,0.0439973,0.257293
5.45,0.282441,0.0503638,0.201188,0.275327,0.0496036,0.210983
5.46,0.299773,0.0525741,0.132318,0.294095,0.0518839,0.142711
5.47,0.305088,0.0547429,0.0492062,0.301004,0.0546011,0.0598744
5.48,0.301316,0.0566879,-0.0359414,0.298813,0.0567322,-0.0255729
5.49,0.294212,0.0581525,-0.112366,0.292763,0.058668,-0.102428
5.5,0.290503,0.0607221,-0.184848,0.290021,0.061143,-0.17505
5.51,0.288253,0.0624454,-0.245736,0.288949,0.0630046,-0.236331
5.52,0.283064,0.0617812,-0.277341,0.284508,0.0624302,-0.268215
5.53,0.273658,0.0612401,-0.276625,0.275246,0.0620082,-0.267352
5.54,0.260164,0.0627128,-0.248995,0.26137,0.0636176,-0.239351
5.55,0.24568,0.0661334,-0.201902,0.246603,0.0668155,-0.191821
5.56,0.232736,0.0701622,-0.143673,0.232872,0.0704156,-0.132827
5.57,0.219209,0.0712713,-0.075848,0.218051,0.0708814,-0.0642525
5.58,0.195648,0.0532826,0.0252638,0.192873,0.0516055,0.0366976
5.59,0.188441,0.0232449,0.11497,0.18402,0.0203639,0.126614
5.6,0.193558,-0.00191546,0.191412,0.187709,-0.00582393,0.202666
5.61,0.184156,-0.0155408,0.26897,0.176479,-0.0203281,0.279478
5.62,0.199004,-0.0264948,0.292043,0.191243,-0.0314546,0.302396
5.63,0.226002,-0.0365097,0.279738,0.218937,-0.0410062,0.289496
5.64,0.256421,-0.0447793,0.246217,0.25028,-0.0485933,0.255937
5.65,0.282802,-0.0493904,0.199744,0.277363,-0.05282,0.210135
5.66,0.300129,-0.0514527,0.130958,0.295759,-0.0542525,0.141959
5.67,0.30545,-0.0536098,0.047426,0.302508,-0.0558449,0.0583478
5.68,0.301659,-0.0556862,-0.0379571,0.30003,-0.0570784,-0.0271409
5.69,0.294518,-0.0573415,-0.114266,0.293844,-0.0581156,-0.103896
5.7,0.290868,-0.0599783,-0.18664,0.291216,-0.0600977,-0.176545
5.71,0.288507,-0.0615518,-0.246422,0.290337,-0.0610748,-0.236921
5.72,0.283152,-0.0606813,-0.276587,0.285481,-0.0598302,-0.267199
5.73,0.2737,-0.0599482,-0.274662,0.275921,-0.0587983,-0.265081
5.74,0.260374,-0.0609709,-0.24625,0.26206,-0.0597942,-0.236709
5.75,0.246249,-0.0640219,-0.198893,0.247218,-0.0627602,-0.189358
5.76,0.233815,-0.067734,-0.140719,0.233895,-0.0667521,-0.131154
5.77,0.22166,-0.0689142,-0.0745047,0.220546,-0.0680621,-0.0646933
5.78,0.199218,-0.0520427,0.023785,0.196056,-0.0520351,0.0338597
5.79,0.191038,-0.0221864,0.113385,0.186102,-0.0226989,0.123949
5.8,0.19484,0.00260103,0.191528,0.187902,0.00148408,0.202422
5.81,0.188793,0.0159929,0.266504,0.180191,0.014355,0.27751
5.82,0.201819,0.0269355,0.292475,0.19276,0.0257293,0.303269
5.83,0.227755,0.0371266,0.282193,0.219577,0.0368709,0.29232
5.84,0.257946,0.0457923,0.249385,0.251246,0.0463212,0.259125
5.85,0.284571,0.0507336,0.20237,0.278515,0.0514851,0.21267
5.86,0.301972,0.0529345,0.133495,0.297321,0.0541461,0.144238
5.87,0.307316,0.0550632,0.050293,0.303927,0.0568471,0.0608744
5.88,0.303519,0.0569319,-0.0350651,0.301429,0.0590345,-0.0246356
5.89,0.296353,0.0583349,-0.111689,0.295467,0.060805,-0.101673
5.9,0.292587,0.060797,-0.1846,0.292524,0.0639008,-0.174565
5.91,0.290076,0.0623426,-0.24523,0.291053,0.0657456,-0.235657
5.92,0.284645,0.061505,-0.276676,0.286431,0.064771,-0.267556
5.93,0.27506,0.0608483,-0.276091,0.27724,0.0639981,-0.266737
5.94,0.261473,0.0621943,-0.248707,0.263344,0.0651316,-0.239406
5.95,0.246945,0.0654623,-0.201856,0.248219,0.0684201,-0.192034
5.96,0.233952,0.0693234,-0.1438,0.234483,0.071798,-0.133486
5.97,0.220706,0.070547,-0.0766886,0.220217,0.0725721,-0.066073
5.98,0.19727,0.0530019,0.0234796,0.195198,0.0539539,0.0344115
5.99,0.189628,0.023012,0.113478,0.185637,0.0228093,0.124294
6,0.194248,-0.00201509,0.190506,0.188631,-0.0036367,0.201363
6.01,0.184414,-0.0155285,0.2686,0.177297,-0.0183675,0.279091
6.02,0.198866,-0.0264127,0.292262,0.191218,-0.029642,0.302478
6.03,0.225708,-0.0363846,0.280188,0.219165,-0.039429,0.290246
6.04,0.256138,-0.0446193,0.246623,0.250675,-0.0473913,0.25667
6.05,0.282599,-0.0492303,0.199956,0.277602,-0.0513245,0.210514
6.06,0.299951,-0.0513257,0.131114,0.295856,-0.052802,0.14208
6.07,0.305271,-0.0535307,0.0476188,0.302413,-0.0543886,0.0588277
6.08,0.301479,-0.0556208,-0.0377313,0.299764,-0.0559347,-0.0263425
6.09,0.294333,-0.0572728,-0.11405,0.293415,-0.0569945,-0.103055
6.1,0.290659,-0.0599035,-0.186375,0.291077,-0.0589567,-0.175322
6.11,0.288322,-0.0614839,-0.246243,0.289321,-0.0600725,-0.235569
6.12,0.282991,-0.0606333,-0.276509,0.284523,-0.0587958,-0.266392
6.13,0.273562,-0.0599218,-0.274667,0.275415,-0.0577147,-0.26466
6.14,0.260251,-0.0609665,-0.246304,0.261813,-0.0587101,-0.236038
6.15,0.246129,-0.0640342,-0.198976,0.246991,-0.0616397,-0.188614
6.16,0.233695,-0.0677616,-0.140821,0.233512,-0.0652975,-0.130142
6.17,0.221498,-0.0689329,-0.0745519,0.220111,-0.0666938,-0.0635949
6.18,0.199019,-0.0520071,0.0238576,0.195808,-0.0507175,0.034939
6.19,0.190903,-0.0221532,0.113416,0.185769,-0.0216217,0.125025
6.2,0.19479,0.00265987,0.191406,0.188108,0.00251708,0.203451
6.21,0.188791,0.01608,0.266319,0.180351,0.0154479,0.278187
6.22,0.201855,0.0270395,0.292224,0.193324,0.0266216,0.304084
6.23,0.227803,0.0372283,0.281939,0.219855,0.0378954,0.293397
6.24,0.257992,0.0458876,0.249172,0.251221,0.0471495,0.260475
6.25,0.284616,0.0508209,0.202226,0.278587,0.0524506,0.213929
6.26,0.302034,0.0530136,0.133383,0.297393,0.0552922,0.145154
6.27,0.307398,0.0551382,0.0501864,0.304137,0.0581041,0.0619261
6.28,0.303615,0.0570104,-0.0351747,0.301792,0.0603411,-0.0238093
6.29,0.296453,0.0584192,-0.111795,0.295875,0.0618889,-0.100739
6.3,0.29267,0.0608721,-0.184666,0.292936,0.0642458,-0.173884
6.31,0.290133,0.0623983,-0.245208,0.291224,0.0659277,-0.234202
6.32,0.284677,0.0615367,-0.276559,0.28609,0.0651878,-0.265772
6.33,0.275076,0.0608655,-0.275897,0.276505,0.0643747,-0.265332
6.34,0.261481,0.0622025,-0.248469,0.262564,0.0656325,-0.237611
6.35,0.246957,0.0654657,-0.201605,0.247761,0.0686518,-0.190164
6.36,0.233973,0.0693244,-0.143559,0.234347,0.0717624,-0.13167
6.37,0.220737,0.0705486,-0.0764786,0.220142,0.0722347,-0.0639984
6.38,0.197304,0.0530069,0.0236534,0.195042,0.0534379,0.0362914
6.39,0.189665,0.0230151,0.113604,0.185878,0.0220697,0.126157
6.4,0.194314,-0.00203922,0.190504,0.188901,-0.00402329,0.202855
6.41,0.184505,-0.0155669,0.268501,0.177465,-0.0184051,0.280323
6.42,0.198968,-0.0264659,0.292088,0.191829,-0.0294258,0.303538
6.43,0.225803,-0.0364561,0.279968,0.219558,-0.0388936,0.290663
6.44,0.256217,-0.0447073,0.246389,0.251166,-0.0468061,0.256935
6.45,0.28266,-0.0493333,0.199735,0.278442,-0.0515116,0.2106
6.46,0.300002,-0.051439,0.130904,0.296492,-0.0533111,0.141937
6.47,0.305317,-0.0536461,0.0474117,0.30325,-0.0546415,0.0586261
6.48,0.301521,-0.0557354,-0.0379302,0.300822,-0.0561799,-0.0266854
6.49,0.294369,-0.0573849,-0.114235,0.294971,-0.0572743,-0.103351
6.5,0.29069,-0.0600092,-0.186555,0.292243,-0.0592817,-0.175837
6.51,0.288328,-0.0615728,-0.24634,0.291044,-0.060546,-0.236011
6.52,0.282966,-0.0607032,-0.276491,0.286478,-0.0592764,-0.266165
6.53,0.27351,-0.0599808,-0.274543,0.276932,-0.0581887,-0.26419
6.54,0.26018,-0.0610164,-0.246099,0.263377,-0.0592656,-0.235634
6.55,0.246052,-0.0640725,-0.198719,0.248769,-0.0622139,-0.188146
6.56,0.233621,-0.0677866,-0.140546,0.235274,-0.0662256,-0.129492
6.57,0.221453,-0.0689594,-0.0743156,0.222164,-0.0672584,-0.0629608
6.58,0.199023,-0.052062,0.0239946,0.197867,-0.0511782,0.0352864
6.59,0.190915,-0.022227,0.113509,0.188188,-0.0221316,0.125057
6.6,0.194813,0.00256762,0.191464,0.190352,0.00210763,0.203107
6.61,0.18883,0.0159783,0.266321,0.182721,0.0152174,0.277868
6.62,0.201898,0.0269206,0.292194,0.195104,0.0263925,0.303607
6.63,0.227846,0.0370951,0.281873,0.221796,0.0374606,0.292562
6.64,0.258031,0.0457355,0.249078,0.252923,0.0467482,0.259726
6.65,0.284648,0.0506538,0.20211,0.280291,0.0519336,0.213422
6.66,0.302057,0.0528397,0.133258,0.298674,0.0542781,0.144795
6.67,0.307414,0.0549636,0.0500563,0.305255,0.0566769,0.0616266
6.68,0.303625,0.0568383,-0.0353053,0.302884,0.0590776,-0.0237548
6.69,0.296459,0.058251,-0.111924,0.296855,0.0606001,-0.100705
6.7,0.292675,0.0607043,-0.184799,0.294031,0.063106,-0.173556
6.71,0.29013,0.0622255,-0.245315,0.292475,0.0643837,-0.23451
6.72,0.284662,0.0613603,-0.276616,0.287686,0.0632838,-0.265827
6.73,0.275049,0.0606926,-0.275902,0.278399,0.0622943,-0.265344
6.74,0.261448,0.0620357,-0.248421,0.264091,0.06355,-0.237807
6.75,0.246922,0.0653013,-0.201514,0.249339,0.0668961,-0.190557
6.76,0.233942,0.0691598,-0.143442,0.235372,0.0704604,-0.13203
6.77,0.220726,0.070395,-0.0763704,0.220887,0.0711009,-0.0645736
6.78,0.19731,0.0528904,0.0237114,0.195757,0.0528061,0.0358746
6.79,0.189656,0.0229142,0.113654,0.186298,0.0222228,0.125924
6.8,0.194292,-0.00212683,0.190554,0.189229,-0.00343972,0.202569
6.81,0.184481,-0.0156407,0.268533,0.177726,-0.0177132,0.280147
6.82,0.198939,-0.0265367,0.292109,0.191866,-0.0286575,0.303624
6.83,0.225771,-0.0365317,0.279967,0.219658,-0.0382765,0.290808
6.84,0.25618,-0.0447892,0.246367,0.251299,-0.0462189,0.257289
6.85,0.282617,-0.0494215,0.199694,0.278259,-0.0507303,0.210755
6.86,0.299953,-0.051533,0.130853,0.296677,-0.0523983,0.142287
6.87,0.305262,-0.0537424,0.0473556,0.303196,-0.0544771,0.0591106
6.88,0.301461,-0.0558304,-0.0379896,0.300397,-0.0557534,-0.026535
6.89,0.294306,-0.0574776,-0.114298,0.294307,-0.0568164,-0.103223
6.9,0.290625,-0.0601004,-0.186624,0.291665,-0.0591575,-0.17568
6.91,0.288261,-0.061662,-0.24641,0.290207,-0.0603213,-0.235493
6.92,0.282899,-0.0607891,-0.276551,0.285382,-0.0590458,-0.26573
6.93,0.273441,-0.0600638,-0.274586,0.275904,-0.057766,-0.263791
6.94,0.26011,-0.0610951,-0.246117,0.2621,-0.05863,-0.235065
6.95,0.245979,-0.0641453,-0.198713,0.247569,-0.06167,-0.187529
6.96,0.233548,-0.0678527,-0.140519,0.234336,-0.0655131,-0.129153
6.97,0.221386,-0.0690229,-0.0742816,0.221187,-0.0666478,-0.0627002
6.98,0.198972,-0.0521257,0.0240215,0.19692,-0.0503126,0.0357892
6.99,0.190879,-0.0222925,0.113536,0.187326,-0.0210469,0.12551
7,0.194789,0.00249603,0.191487,0.189613,0.00327662,0.203705
7.01,0.184723,0.0156865,0.269207,0.178144,0.0159558,0.281011
7.02,0.19887,0.0265483,0.29326,0.191849,0.0273177,0.304629
7.03,0.225471,0.0366819,0.281642,0.21913,0.0381145,0.29235
7.04,0.25586,0.0452586,0.248171,0.250635,0.0472243,0.258404
7.05,0.282416,0.0501099,0.201028,0.277787,0.0526771,0.211351
7.06,0.299753,0.0522942,0.132149,0.296166,0.055017,0.14261
7.07,0.305075,0.0544602,0.0490255,0.302687,0.0577342,0.0595571
7.08,0.301303,0.0564149,-0.0361374,0.300011,0.060008,-0.0258315
7.09,0.294193,0.0578954,-0.112575,0.293798,0.0615541,-0.102515
7.1,0.29048,0.0604692,-0.185067,0.291235,0.0641451,-0.175586
7.11,0.288222,0.0621849,-0.245932,0.290242,0.0661538,-0.236784
7.12,0.28302,0.0615149,-0.277478,0.285681,0.0653335,-0.268585
7.13,0.273601,0.0609802,-0.276677,0.276285,0.0647722,-0.267924
7.14,0.260103,0.0624656,-0.248948,0.262152,0.0662102,-0.240206
7.15,0.24562,0.065896,-0.201766,0.247052,0.0692228,-0.192822
7.16,0.232683,0.0699316,-0.143472,0.233213,0.0728593,-0.13395
7.17,0.219173,0.0710558,-0.0756242,0.21886,0.0735898,-0.06557
7.18,0.195619,0.0531063,0.0254721,0.193692,0.0545336,0.0354799
7.19,0.188396,0.0230791,0.11515,0.184903,0.0236985,0.125173
7.2,0.193527,-0.00210693,0.191455,0.188307,-0.00210449,0.201549
7.21,0.184149,-0.0157374,0.268902,0.177463,-0.0161378,0.278465
7.22,0.199005,-0.0267177,0.291867,0.191919,-0.027113,0.30121
7.23,0.225995,-0.0367736,0.279471,0.219824,-0.0367073,0.288463
7.24,0.256385,-0.0450838,0.245907,0.251347,-0.0449828,0.254371
7.25,0.282733,-0.0497325,0.199432,0.278333,-0.0495054,0.208012
7.26,0.300042,-0.0518227,0.130649,0.296708,-0.0512247,0.139512
7.27,0.305352,-0.0539893,0.0471163,0.303138,-0.0529431,0.0556012
7.28,0.301551,-0.0560637,-0.0382597,0.300805,-0.0544607,-0.0299552
7.29,0.294398,-0.0577134,-0.114558,0.294781,-0.0557481,-0.10635
7.3,0.290743,-0.060342,-0.186941,0.292149,-0.0578221,-0.179173
7.31,0.288358,-0.0618971,-0.246652,0.290824,-0.0591347,-0.239231
7.32,0.282977,-0.0610022,-0.276691,0.285722,-0.0584531,-0.269822
7.33,0.273502,-0.0602507,-0.274627,0.276277,-0.0575934,-0.267853
7.34,0.26016,-0.0612524,-0.246082,0.262565,-0.0584699,-0.239074
7.35,0.246028,-0.0642788,-0.19862,0.247727,-0.0616004,-0.191451
7.36,0.233598,-0.067965,-0.140382,0.23466,-0.0653379,-0.132947
7.37,0.221488,-0.0691431,-0.0741937,0.221694,-0.0665981,-0.0666238
7.38,0.199135,-0.0523022,0.0239804,0.198007,-0.0498793,0.0317299
7.39,0.190996,-0.0224651,0.113537,0.188301,-0.0205094,0.121744
7.4,0.194844,0.00230208,0.191606,0.190543,0.00393858,0.200091
7.41,0.184746,0.0154646,0.269365,0.179256,0.0170896,0.277619
7.42,0.198864,0.0263048,0.293454,0.193342,0.0283971,0.30128
7.43,0.225459,0.0364321,0.281812,0.220759,0.039373,0.289052
7.44,0.255846,0.0450036,0.248284,0.252579,0.0488025,0.255448
7.45,0.282396,0.0498545,0.201071,0.27969,0.0538845,0.208609
7.46,0.299711,0.0520434,0.132162,0.297856,0.0564687,0.139638
7.47,0.305008,0.0542136,0.0490342,0.304079,0.0587668,0.0566018
7.48,0.301219,0.0561683,-0.0361217,0.301557,0.0607816,-0.0286133
7.49,0.294101,0.0576482,-0.11256,0.295509,0.0622166,-0.105171
7.5,0.290392,0.0602258,-0.185079,0.292658,0.0646535,-0.178053
7.51,0.288153,0.0619547,-0.246012,0.291372,0.0660889,-0.2395
7.52,0.28297,0.0613001,-0.277621,0.286474,0.0652344,-0.271129
7.53,0.273571,0.0607763,-0.276865,0.27745,0.0642693,-0.270535
7.54,0.260085,0.0622676,-0.249152,0.263997,0.0656191,-0.242419
7.55,0.245608,0.0657015,-0.201958,0.249084,0.0683281,-0.194969
7.56,0.232673,0.0697389,-0.143635,0.235514,0.0719173,-0.136113
7.57,0.219194,0.070888,-0.0757971,0.221231,0.0724665,-0.0677712
7.58,0.195668,0.0529982,0.025255,0.195803,0.0536344,0.0335797
7.59,0.188411,0.0229904,0.115001,0.186968,0.0226947,0.123026
7.6,0.193489,-0.00215227,0.191442,0.190727,-0.00312446,0.199725
7.61,0.188085,-0.015916,0.266123,0.184346,-0.0175055,0.273923
7.62,0.201852,-0.0269586,0.290999,0.197469,-0.0287178,0.298459
7.63,0.228197,-0.037035,0.27996,0.224576,-0.0386184,0.286848
7.64,0.258414,-0.0453928,0.247056,0.255763,-0.0465476,0.254217
7.65,0.284846,-0.0500931,0.200719,0.282802,-0.0509847,0.208022
7.66,0.30223,-0.0521762,0.131949,0.301297,-0.0529372,0.13928
7.67,0.307573,-0.0543,0.0483344,0.307788,-0.0547072,0.0557141
7.68,0.303751,-0.0562961,-0.0372539,0.305246,-0.0562476,-0.0299165
7.69,0.29654,-0.0578813,-0.113756,0.299107,-0.0572946,-0.106851
7.7,0.292814,-0.0603936,-0.18654,0.296419,-0.0592674,-0.179799
7.71,0.29018,-0.0617734,-0.246058,0.294645,-0.0603387,-0.2391
7.72,0.284572,-0.0606986,-0.276009,0.28958,-0.0591098,-0.269037
7.73,0.274938,-0.0598235,-0.274155,0.280172,-0.0582303,-0.267326
7.74,0.261516,-0.0606997,-0.245926,0.266507,-0.0591162,-0.238817
7.75,0.247343,-0.063586,-0.198748,0.251561,-0.0617127,-0.191188
7.76,0.234861,-0.0671191,-0.140703,0.237921,-0.0650551,-0.133222
7.77,0.222933,-0.0683441,-0.0750723,0.224887,-0.0663956,-0.0675985
7.78,0.200753,-0.0518942,0.0222135,0.201298,-0.050432,0.029978
7.79,0.192165,-0.0221524,0.112007,0.190924,-0.0213451,0.120327
7.8,0.195513,0.00242582,0.190631,0.192686,0.00300896,0.199579
7.81,0.184971,0.0154674,0.26897,0.180455,0.015554,0.277692
7.82,0.198691,0.0262363,0.293658,0.194036,0.0264824,0.302331
7.83,0.225122,0.0363328,0.282277,0.220997,0.0370322,0.290346
7.84,0.255521,0.0448675,0.248723,0.252625,0.0458637,0.256456
7.85,0.282153,0.0497132,0.201318,0.279992,0.0509691,0.209591
7.86,0.299496,0.0519291,0.132352,0.297986,0.0537701,0.14049
7.87,0.304792,0.0541443,0.0492509,0.304724,0.0564887,0.0572661
7.88,0.301003,0.0561115,-0.0358778,0.301941,0.0586245,-0.0278917
7.89,0.29388,0.057587,-0.112325,0.295686,0.0601703,-0.104345
7.9,0.290161,0.0601622,-0.184815,0.292978,0.0625791,-0.177116
7.91,0.287947,0.0618975,-0.245836,0.291585,0.0641798,-0.238346
7.92,0.282785,0.0612676,-0.277542,0.286845,0.0636562,-0.270064
7.93,0.273401,0.0607691,-0.27687,0.277472,0.0628001,-0.26938
7.94,0.259925,0.0622886,-0.249206,0.263996,0.0641304,-0.241622
7.95,0.245446,0.0657437,-0.20204,0.24903,0.0673504,-0.194289
7.96,0.232505,0.0698018,-0.143736,0.235704,0.0711573,-0.135511
7.97,0.218957,0.0709254,-0.0758035,0.221141,0.0716546,-0.0669794
7.98,0.195381,0.052947,0.0254128,0.195892,0.0527713,0.034098
7.99,0.188206,0.0229438,0.115089,0.187166,0.0222025,0.123906
8,0.193381,-0.00223569,0.19137,0.190829,-0.00346813,0.200345
8.01,0.184025,-0.0158681,0.268828,0.180068,-0.0176443,0.27752
8.02,0.198906,-0.0268508,0.291784,0.19443,-0.0288174,0.299902
8.03,0.225908,-0.0368988,0.279409,0.222407,-0.0388712,0.286895
8.04,0.256304,-0.0451997,0.245882,0.25398,-0.0471496,0.253307
8.05,0.282662,-0.0498382,0.199447,0.280901,-0.0518504,0.207638
8.06,0.299989,-0.05192,0.130681,0.299147,-0.0534505,0.139111
8.07,0.305319,-0.0540851,0.0471485,0.305419,-0.0550378,0.0556303
8.08,0.301529,-0.0561629,-0.0382381,0.302916,-0.0566094,-0.0298047
8.09,0.294381,-0.0578193,-0.114544,0.296847,-0.0576518,-0.106239
8.1,0.290726,-0.0604496,-0.186918,0.294407,-0.0600317,-0.17864
8.11,0.288343,-0.0620033,-0.246626,0.292619,-0.0611109,-0.238749
8.12,0.282964,-0.0611059,-0.276666,0.28746,-0.0596994,-0.268838
8.13,0.273492,-0.060353,-0.274598,0.277994,-0.0589267,-0.266527
8.14,0.260153,-0.0613552,-0.24605,0.264522,-0.0598822,-0.237782
8.15,0.246023,-0.0643841,-0.198587,0.249442,-0.0630456,-0.190205
8.16,0.233595,-0.068074,-0.140351,0.236168,-0.0664941,-0.131764
8.17,0.221468,-0.069243,-0.07414,0.223013,-0.0678833,-0.0651932
8.18,0.199088,-0.0523692,0.0240906,0.199141,-0.0514681,0.0331126
8.19,0.190967,-0.0225102,0.113628,0.189479,-0.021825,0.122986
8.2,0.194855,0.00229876,0.191584,0.191808,0.00279106,0.201123
8.21,0.184785,0.0154893,0.269269,0.18033,0.0155413,0.278639
8.22,0.19892,0.0263511,0.293295,0.194049,0.0267469,0.302389
8.23,0.225514,0.036496,0.281625,0.22114,0.0378613,0.289884
8.24,0.25589,0.0450862,0.2481,0.252607,0.0468427,0.256251
8.25,0.282425,0.0499534,0.200919,0.279619,0.052261,0.209114
8.26,0.299737,0.0521519,0.132027,0.297849,0.0545992,0.140189
8.27,0.305035,0.0543234,0.0489056,0.303897,0.0570158,0.057138
8.28,0.301247,0.0562774,-0.0362415,0.301411,0.0589238,-0.0280497
8.29,0.294128,0.0577554,-0.112669,0.295368,0.0602969,-0.10466
8.3,0.290418,0.0603291,-0.185184,0.292102,0.0627356,-0.177099
8.31,0.288162,0.0620472,-0.246058,0.29055,0.0643763,-0.237949
8.32,0.282961,0.0613801,-0.27759,0.285966,0.0634278,-0.269387
8.33,0.273544,0.0608487,-0.276762,0.276782,0.0626808,-0.268534
8.34,0.260048,0.0623337,-0.248994,0.262967,0.0638274,-0.240353
8.35,0.245568,0.0657607,-0.20177,0.248088,0.0672381,-0.192731
8.36,0.232636,0.0697903,-0.143438,0.234206,0.0707178,-0.134108
8.37,0.219179,0.0709412,-0.0756322,0.219996,0.0709764,-0.0659013
8.38,0.195688,0.0530725,0.0253461,0.195124,0.0521725,0.0351463
8.39,0.188434,0.0230722,0.115065,0.186562,0.0215082,0.125248
8.4,0.193523,-0.0020629,0.191467,0.190088,-0.00412387,0.201629
8.41,0.184121,-0.0156591,0.268972,0.179506,-0.0185462,0.278752
8.42,0.198953,-0.0266087,0.291998,0.194118,-0.0298338,0.301599
8.43,0.225941,-0.0366442,0.27961,0.221737,-0.0399179,0.288773
8.44,0.256337,-0.0449356,0.24602,0.253023,-0.0482563,0.255031
8.45,0.28269,-0.049572,0.199503,0.280176,-0.0527288,0.209276
8.46,0.299995,-0.0516586,0.130697,0.298421,-0.0544041,0.140583
8.47,0.305297,-0.0538286,0.0471588,0.304871,-0.0557288,0.0570613
8.48,0.301487,-0.0559057,-0.0382234,0.30217,-0.0571905,-0.0287251
8.49,0.294329,-0.0575596,-0.114534,0.295932,-0.0586902,-0.105464
8.5,0.290674,-0.060193,-0.186939,0.29309,-0.0608902,-0.178189
8.51,0.288305,-0.0617575,-0.246708,0.291617,-0.0619136,-0.237928
8.52,0.28294,-0.0608735,-0.276807,0.286987,-0.0606854,-0.267905
8.53,0.273481,-0.0601306,-0.274783,0.277721,-0.0597373,-0.266111
8.54,0.26015,-0.0611377,-0.246249,0.263862,-0.0602586,-0.237351
8.55,0.246023,-0.0641675,-0.198776,0.249315,-0.0630436,-0.189666
8.56,0.233594,-0.0678555,-0.140513,0.236107,-0.0669239,-0.131187
8.57,0.221495,-0.069045,-0.0743105,0.223286,-0.0683038,-0.0645362
8.58,0.199148,-0.0522286,0.0238684,0.199267,-0.051484,0.0337342
8.59,0.190993,-0.0223991,0.113464,0.189615,-0.0218894,0.123123
8.6,0.194818,0.00235807,0.191582,0.191928,0.00263984,0.201696
8.61,0.188795,0.0157358,0.266505,0.184445,0.0155665,0.276474
8.62,0.201827,0.0266458,0.292433,0.197025,0.0267408,0.302243
8.63,0.227773,0.0368041,0.282076,0.223764,0.0376193,0.291416
8.64,0.257959,0.0454295,0.249204,0.254658,0.046717,0.25863
8.65,0.284571,0.0503405,0.202146,0.28168,0.051846,0.212129
8.66,0.301955,0.052529,0.133255,0.300111,0.0542044,0.143355
8.67,0.307286,0.0546588,0.0500455,0.306351,0.0566005,0.0601369
8.68,0.303475,0.0565355,-0.0353114,0.303471,0.0585795,-0.0253505
8.69,0.296297,0.0579506,-0.111936,0.297019,0.0600403,-0.102141
8.7,0.292531,0.0604166,-0.184874,0.294442,0.062896,-0.17573
8.71,0.290017,0.0619588,-0.245493,0.29272,0.0644707,-0.236568
8.72,0.284575,0.0611195,-0.276879,0.287737,0.063644,-0.268299
8.73,0.274982,0.0604727,-0.276203,0.278167,0.0626783,-0.26787
8.74,0.261392,0.0618314,-0.248707,0.264333,0.0638981,-0.240393
8.75,0.246869,0.0651075,-0.201748,0.249503,0.0668843,-0.193192
8.76,0.233887,0.0689717,-0.143608,0.236022,0.0702529,-0.134696
8.77,0.220695,0.07023,-0.0765083,0.221942,0.0705721,-0.0669646
8.78,0.197308,0.0527859,0.0235514,0.197304,0.0523905,0.0332631
8.79,0.189625,0.0228302,0.113557,0.188377,0.0218133,0.123064
8.8,0.194219,-0.00217997,0.190562,0.191662,-0.00361284,0.199928
8.81,0.184384,-0.0156658,0.268608,0.18052,-0.0174482,0.277751
8.82,0.198822,-0.0265487,0.29223,0.194581,-0.0286381,0.300841
8.83,0.225654,-0.0365397,0.280085,0.22213,-0.0385353,0.287965
8.84,0.256065,-0.0447977,0.246462,0.25358,-0.0465372,0.25386
8.85,0.282503,-0.0494337,0.199757,0.280715,-0.0507911,0.207386
8.86,0.299835,-0.0515515,0.130899,0.298857,-0.0527566,0.138829
8.87,0.305138,-0.0537674,0.0473973,0.305251,-0.0549687,0.05513
8.88,0.301331,-0.0558571,-0.0379528,0.302866,-0.0567056,-0.0302932
8.89,0.294171,-0.0575065,-0.114273,0.29651,-0.0578919,-0.106797
8.9,0.290505,-0.0601402,-0.186644,0.293767,-0.0601743,-0.179896
8.91,0.288165,-0.0617177,-0.246509,0.292174,-0.0615302,-0.239932
8.92,0.282823,-0.0608618,-0.276719,0.287279,-0.0606173,-0.270037
8.93,0.27338,-0.0601477,-0.274785,0.277791,-0.0600197,-0.268228
8.94,0.260056,-0.0611845,-0.246308,0.264109,-0.0610711,-0.239749
8.95,0.245924,-0.0642362,-0.198869,0.249428,-0.0637078,-0.191979
8.96,0.233487,-0.0679436,-0.140632,0.236144,-0.0673824,-0.133538
8.97,0.221323,-0.0691128,-0.0743521,0.222944,-0.0685603,-0.0669736
8.98,0.198917,-0.0522138,0.0239882,0.198993,-0.0522552,0.0316912
8.99,0.190833,-0.0223772,0.113525,0.189386,-0.0228314,0.121482
9,0.194752,0.00241596,0.191473,0.191826,0.00180961,0.199616
9.01,0.184693,0.0156105,0.269195,0.18047,0.0146094,0.277088
9.02,0.198845,0.0264712,0.293234,0.193873,0.025699,0.300793
9.03,0.225451,0.0366015,0.281594,0.221106,0.0363485,0.288333
9.04,0.255838,0.0451744,0.24811,0.252302,0.0452042,0.254826
9.05,0.282388,0.0500243,0.200967,0.279488,0.0501232,0.208104
9.06,0.299723,0.0522097,0.132089,0.297642,0.0525582,0.139521
9.07,0.305043,0.0543781,0.0489679,0.304009,0.0548837,0.056516
9.08,0.30127,0.0563358,-0.0361909,0.30127,0.056753,-0.0290724
9.09,0.294157,0.0578206,-0.112627,0.294968,0.0582942,-0.10574
9.1,0.290446,0.0603965,-0.18513,0.292243,0.0608849,-0.178584
9.11,0.288192,0.0621139,-0.246005,0.290651,0.0624471,-0.239799
9.12,0.282993,0.0614454,-0.277546,0.285854,0.061538,-0.271582
9.13,0.273577,0.0609132,-0.276726,0.276526,0.0609862,-0.270539
9.14,0.260083,0.0624004,-0.248967,0.262445,0.0623833,-0.242521
9.15,0.245604,0.0658326,-0.201751,0.247629,0.0657752,-0.195002
9.16,0.232671,0.0698693,-0.143429,0.233907,0.0694549,-0.136281
9.17,0.219183,0.071007,-0.0755878,0.219292,0.0699243,-0.0680962
9.18,0.195651,0.0530921,0.0254722,0.194328,0.051552,0.0330949
9.19,0.188415,0.0230735,0.115159,0.185588,0.0209892,0.122731
9.2,0.19354,-0.00210941,0.191447,0.189404,-0.00449818,0.199045
9.21,0.184163,-0.0157333,0.26888,0.178705,-0.0189191,0.275961
9.22,0.199015,-0.0267122,0.291831,0.193475,-0.0300637,0.298591
9.23,0.226002,-0.0367736,0.27941,0.221082,-0.0398917,0.285576
9.24,0.256384,-0.04509,0.245827,0.252552,-0.0483273,0.252217
9.25,0.282724,-0.0497465,0.199343,0.279449,-0.0525328,0.206124
9.26,0.300026,-0.0518446,0.130557,0.297435,-0.0542154,0.137675
9.27,0.30533,-0.0540158,0.0470254,0.303882,-0.0561352,0.0541283
9.28,0.301522,-0.0560913,-0.0383477,0.301322,-0.0579937,-0.0312261
9.29,0.294363,-0.0577419,-0.114644,0.294966,-0.0593388,-0.10809
9.3,0.290707,-0.0603697,-0.187038,0.292111,-0.0614106,-0.180782
9.31,0.288318,-0.0619218,-0.246742,0.290666,-0.0623813,-0.240753
9.32,0.282932,-0.0610226,-0.276754,0.285778,-0.0610359,-0.271078
9.33,0.273453,-0.0602684,-0.274654,0.276165,-0.0602768,-0.268803
9.34,0.260109,-0.0612655,-0.246068,0.262429,-0.0612322,-0.239869
9.35,0.245977,-0.0642855,-0.198567,0.247665,-0.0641545,-0.192134
9.36,0.23355,-0.0679641,-0.1403,0.23471,-0.0679798,-0.133248
9.37,0.221466,-0.0691495,-0.0741259,0.22191,-0.0691035,-0.0666662
9.38,0.19915,-0.0523391,0.0239921,0.197948,-0.0526998,0.0316709
9.39,0.19101,-0.022516,0.113547,0.188213,-0.0231655,0.122064
9.4,0.194857,0.00223756,0.191615,0.190834,0.00126407,0.200145
9.41,0.184763,0.0153919,0.269359,0.179313,0.0144921,0.277705
9.42,0.198877,0.0262195,0.29344,0.192768,0.0257208,0.301379
9.43,0.225471,0.0363374,0.281774,0.220043,0.0363312,0.28917
9.44,0.255856,0.0448975,0.248223,0.251333,0.045369,0.255497
9.45,0.2824,0.0497408,0.200992,0.278162,0.0507249,0.208558
9.46,0.299708,0.0519278,0.132076,0.2962,0.0531393,0.139918
9.47,0.305,0.0540997,0.0489459,0.30279,0.0556297,0.0567739
9.48,0.301205,0.056057,-0.0362092,0.299961,0.0579593,-0.0286806
9.49,0.294082,0.0575404,-0.112648,0.293793,0.0597777,-0.105422
9.5,0.290373,0.060119,-0.185177,0.290959,0.0625261,-0.177927
9.51,0.288131,0.0618461,-0.246105,0.289277,0.0641663,-0.23922
9.52,0.282944,0.0611901,-0.277693,0.284672,0.0634582,-0.270916
9.53,0.273541,0.0606685,-0.276904,0.275422,0.0627393,-0.270304
9.54,0.260054,0.0621624,-0.249151,0.261839,0.0638034,-0.241985
9.55,0.245578,0.0655965,-0.201919,0.246685,0.0669791,-0.19445
9.56,0.232647,0.0696325,-0.143566,0.232996,0.0706988,-0.135926
9.57,0.21919,0.0707944,-0.0757371,0.218712,0.071337,-0.0675446
9.58,0.195689,0.0529433,0.0252663,0.193993,0.052531,0.0333194
9.59,0.188416,0.0229476,0.115018,0.185252,0.0219889,0.123132
9.6,0.193484,-0.00218457,0.191455,0.189039,-0.00363514,0.199436
9.61,0.188078,-0.0159397,0.266125,0.182488,-0.0176878,0.273761
9.62,0.201837,-0.0269783,0.290993,0.195858,-0.0289876,0.298853
9.63,0.228181,-0.0370571,0.279931,0.222821,-0.0390595,0.287352
9.64,0.258392,-0.0454184,0.247005,0.253972,-0.046964,0.254274
9.65,0.284817,-0.0501236,0.200653,0.280971,-0.0513366,0.208243
9.66,0.302195,-0.0522125,0.131877,0.298986,-0.0531415,0.139501
9.67,0.307533,-0.0543399,0.0482599,0.305114,-0.0548896,0.0557297
9.68,0.303705,-0.0563365,-0.0373284,0.302163,-0.0565169,-0.0300008
9.69,0.296489,-0.0579218,-0.113831,0.295772,-0.0576818,-0.106656
9.7,0.292761,-0.0604334,-0.186625,0.292817,-0.0594985,-0.180056
9.71,0.290126,-0.0618109,-0.246141,0.290894,-0.0603506,-0.239813
9.72,0.284516,-0.0607328,-0.276075,0.285639,-0.0592459,-0.269544
9.73,0.27488,-0.0598555,-0.274194,0.275876,-0.0582265,-0.267701
9.74,0.261457,-0.0607281,-0.245931,0.26234,-0.0592273,-0.239113
9.75,0.247283,-0.0636093,-0.19872,0.247743,-0.0619704,-0.191469
9.76,0.234803,-0.0671363,-0.140648,0.234583,-0.0656233,-0.132751
9.77,0.22289,-0.068364,-0.0750185,0.221721,-0.0668759,-0.066668
9.78,0.200739,-0.0519327,0.022234,0.198247,-0.050734,0.030659
9.79,0.192155,-0.0221993,0.112029,0.188072,-0.0213232,0.120806
9.8,0.195508,0.00236932,0.190643,0.189802,0.00285658,0.199564
9.81,0.184972,0.0154082,0.268967,0.177856,0.0156844,0.277637
9.82,0.198692,0.0261686,0.293644,0.191286,0.0267666,0.302122
9.83,0.225125,0.0362569,0.282242,0.218355,0.0375802,0.290236
9.84,0.255522,0.0447821,0.24867,0.249541,0.046497,0.256247
9.85,0.282149,0.0496212,0.201253,0.276661,0.0516376,0.208828
9.86,0.299487,0.0518348,0.132282,0.294587,0.0539961,0.139914
9.87,0.304779,0.0540508,0.049179,0.300761,0.0563526,0.0570121
9.88,0.300986,0.0560201,-0.0359495,0.298178,0.0585418,-0.0284099
9.89,0.293859,0.0574986,-0.112397,0.292041,0.0603545,-0.105253
9.9,0.29014,0.0600747,-0.184895,0.289219,0.0630047,-0.17823
9.91,0.287925,0.0618087,-0.245913,0.287864,0.0648075,-0.239508
9.92,0.282759,0.0611776,-0.277601,0.282925,0.0637167,-0.27141
9.93,0.273373,0.0606811,-0.276901,0.274167,0.0629686,-0.270425
9.94,0.259896,0.0622031,-0.249204,0.260568,0.0643708,-0.242426
9.95,0.245418,0.0656594,-0.202006,0.245705,0.0674786,-0.194931
9.96,0.232481,0.0697173,-0.143679,0.232039,0.0709831,-0.136166
9.97,0.218949,0.070851,-0.0757516,0.217955,0.071356,-0.0677475
9.98,0.19539,0.0529,0.0254356,0.193253,0.0526127,0.0335947
9.99,0.188206,0.0229062,0.115112,0.185057,0.0220848,0.123237
10,0.193375,-0.00226682,0.191382,0.189143,-0.00343393,0.199763
10.01,0.184047,-0.015886,0.268762,0.178498,-0.0174242,0.276717
10.02,0.198986,-0.0268481,0.291542,0.192941,-0.0286336,0.299197
10.03,0.226042,-0.0368771,0.278959,0.221172,-0.0388109,0.285754
10.04,0.256485,-0.0451026,0.24532,0.2525,-0.0471281,0.252042
10.05,0.282878,-0.0496607,0.198863,0.279036,-0.0513214,0.205968
10.06,0.300254,-0.0517021,0.130155,0.296806,-0.0528712,0.137601
10.07,0.305677,-0.053848,0.0467188,0.303155,-0.0548891,0.0542123
10.08,0.302003,-0.0559083,-0.0386856,0.300468,-0.0566943,-0.0313867
10.09,0.294953,-0.0574901,-0.115104,0.294261,-0.0576621,-0.108173
10.1,0.291323,-0.0600667,-0.187622,0.291426,-0.0595794,-0.180839
10.11,0.288903,-0.0614911,-0.247356,0.290023,-0.0604175,-0.240911
10.12,0.283345,-0.0604141,-0.276814,0.284481,-0.0588665,-0.270233
10.13,0.273598,-0.0596875,-0.274306,0.274864,-0.0582568,-0.267715
10.14,0.259956,-0.0608289,-0.245064,0.260844,-0.0591833,-0.238038
10.15,0.245543,-0.0640077,-0.196575,0.246022,-0.0624096,-0.188988
10.16,0.232808,-0.0675797,-0.137543,0.23231,-0.0659972,-0.12956
10.17,0.220416,-0.0686098,-0.0707307,0.219017,-0.067,-0.062525
10.18,0.19784,-0.0516245,0.0274135,0.195189,-0.0504378,0.03594
10.19,0.189174,-0.0216567,0.116278,0.18501,-0.0207228,0.125002
10.2,0.193013,0.00323282,0.192588,0.187702,0.00401054,0.201561
10.21,0.183477,0.0166195,0.268367,0.176952,0.0165944,0.276993
10.22,0.197855,0.0275358,0.290847,0.190703,0.0277744,0.299331
10.23,0.224286,0.037406,0.278269,0.217847,0.0381629,0.286258
10.24,0.254504,0.0457177,0.24423,0.248867,0.0467415,0.251851
10.25,0.280976,0.0504985,0.196508,0.276056,0.0517659,0.204451
10.26,0.298282,0.053009,0.127446,0.294187,0.0544091,0.135495
10.27,0.303688,0.0554098,0.0448018,0.300385,0.0571641,0.0527612
10.28,0.300006,0.0575353,-0.0393993,0.297536,0.0595899,-0.0318156
10.29,0.292927,0.0592264,-0.115214,0.290868,0.0615028,-0.107761
10.3,0.289063,0.061832,-0.18713,0.287879,0.0638258,-0.179768
10.31,0.286424,0.0635698,-0.24595,0.285824,0.0656786,-0.238741
10.32,0.280596,0.0625529,-0.274646,0.280514,0.0645971,-0.267631
10.33,0.270468,0.0614499,-0.271832,0.270635,0.0630611,-0.264569
10.34,0.256175,0.0622829,-0.244339,0.25615,0.0636371,-0.236861
10.35,0.240997,0.0653435,-0.198361,0.240395,0.0663964,-0.190609
10.36,0.227466,0.0692206,-0.141617,0.226161,0.0699458,-0.133463
10.37,0.212962,0.0696994,-0.0746675,0.210653,0.0699665,-0.0661154
10.38,0.189484,0.0514112,0.0258849,0.186058,0.0508728,0.0343803
10.39,0.183119,0.0221142,0.114183,0.178581,0.0208424,0.122777
10.4,0.188365,-0.00298027,0.191376,0.182989,-0.00450778,0.199983
10.41,0.179597,-0.0168232,0.268371,0.173156,-0.0189474,0.27649
10.42,0.194538,-0.0279727,0.291273,0.187971,-0.030406,0.298822
10.43,0.22164,-0.0377287,0.278831,0.21621,-0.040139,0.285474
10.44,0.251836,-0.0455349,0.245181,0.247455,-0.0477678,0.251564
10.45,0.278028,-0.0499079,0.198655,0.274236,-0.0519808,0.204919
10.46,0.295353,-0.0518889,0.129452,0.292454,-0.0533753,0.135642
10.47,0.300784,-0.0540943,0.044954,0.298756,-0.055041,0.0510789
10.48,0.297261,-0.0559704,-0.0417752,0.296097,-0.0561558,-0.0355129
10.49,0.290461,-0.0580242,-0.118665,0.289981,-0.0579654,-0.112509
10.5,0.287213,-0.0606702,-0.192721,0.287199,-0.0602866,-0.187004
10.51,0.284649,-0.0616651,-0.251463,0.285447,-0.0608167,-0.246179
10.52,0.278608,-0.0602265,-0.278146,0.279833,-0.059037,-0.272907
10.53,0.268183,-0.0595599,-0.271663,0.269325,-0.0578191,-0.266453
10.54,0.254299,-0.0611096,-0.238987,0.255023,-0.0591504,-0.233756
10.55,0.239971,-0.064297,-0.187791,0.2404,-0.0621448,-0.182237
10.56,0.227483,-0.067175,-0.127342,0.227511,-0.0649322,-0.121561
10.57,0.21669,-0.0683655,-0.062607,0.216056,-0.0660853,-0.0566074
10.58,0.19586,-0.0535594,0.0290617,0.193974,-0.0513252,0.0355706
10.59,0.185705,-0.0235964,0.117384,0.182565,-0.0213075,0.124519
10.6,0.187616,0.00129371,0.191836,0.183167,0.00359478,0.199342
10.61,0.181035,0.0144611,0.263248,0.17538,0.0167749,0.270927
10.62,0.193019,0.0248132,0.287347,0.18712,0.0270965,0.294791
10.63,0.217566,0.0343371,0.2754,0.212119,0.0370569,0.28223
10.64,0.246952,0.0427954,0.240609,0.242119,0.0458784,0.247325
10.65,0.273327,0.0478713,0.191417,0.269193,0.0512437,0.198434
10.66,0.290777,0.0506569,0.122299,0.287514,0.0547612,0.129263
10.67,0.296562,0.0534547,0.0405699,0.294019,0.0579699,0.047383
10.68,0.293197,0.0556702,-0.0419962,0.291508,0.0603366,-0.0352486
10.69,0.286275,0.0569562,-0.116806,0.285221,0.0616936,-0.11043
10.7,0.281997,0.0589207,-0.187766,0.281881,0.0637856,-0.181871
10.71,0.278394,0.0597858,-0.245294,0.278734,0.0647286,-0.239735
10.72,0.27154,0.0586117,-0.272328,0.272183,0.0632169,-0.266749
10.73,0.260626,0.0574642,-0.268371,0.261209,0.0619702,-0.262709
10.74,0.245437,0.0580359,-0.240533,0.245772,0.0623917,-0.234936
10.75,0.229455,0.060757,-0.195119,0.229215,0.064764,-0.189011
10.76,0.215162,0.0641601,-0.13986,0.214075,0.0676462,-0.133292
10.77,0.199326,0.0639194,-0.0733273,0.197522,0.066811,-0.0663877
10.78,0.177132,0.045239,0.0265699,0.174354,0.0473096,0.0334806
10.79,0.173061,0.0171394,0.113716,0.169123,0.0187306,0.12081
10.8,0.179312,-0.00666005,0.192555,0.174224,-0.00582705,0.199932
10.81,0.171574,-0.0207782,0.269683,0.165264,-0.0205648,0.276891
10.82,0.187223,-0.0315643,0.292845,0.180598,-0.0313506,0.299557
10.83,0.214694,-0.0399761,0.280868,0.209111,-0.0396745,0.286851
10.84,0.244831,-0.0462139,0.247436,0.240704,-0.0457013,0.253276
10.85,0.270944,-0.0493061,0.200627,0.267312,-0.0486612,0.206782
10.86,0.288333,-0.0504446,0.130361,0.285103,-0.0495622,0.13637
10.87,0.293867,-0.0525275,0.0440642,0.291364,-0.0514043,0.0502467
10.88,0.290498,-0.0544948,-0.0443967,0.28897,-0.0529144,-0.0383764
10.89,0.283977,-0.0568355,-0.122505,0.283192,-0.0548633,-0.116753
10.9,0.281052,-0.0595498,-0.197748,0.280796,-0.0571157,-0.192098
10.91,0.278362,-0.0599676,-0.255649,0.278818,-0.056815,-0.250172
10.92,0.272018,-0.0588644,-0.280275,0.273292,-0.0554988,-0.274819
10.93,0.261266,-0.058658,-0.270911,0.262406,-0.0549632,-0.265323
10.94,0.247377,-0.0607234,-0.234748,0.247911,-0.0568705,-0.229202
10.95,0.233268,-0.0640714,-0.181199,0.233301,-0.0603221,-0.175309
10.96,0.221048,-0.0665996,-0.119658,0.220512,-0.0626855,-0.113313
10.97,0.211052,-0.0676037,-0.056282,0.209881,-0.063395,-0.049621
10.98,0.19061,-0.0540648,0.0313121,0.18853,-0.0504382,0.0382165
10.99,0.178323,-0.0240306,0.118859,0.174957,-0.0206482,0.126039
11,0.179115,0.0028391,0.190495,0.17442,0.00588977,0.19801
11.01,0.167199,0.0156929,0.262724,0.161237,0.0187197,0.269889
11.02,0.178509,0.0264428,0.284541,0.172582,0.029614,0.291477
11.03,0.202359,0.037101,0.270549,0.197057,0.0410402,0.27675
11.04,0.230851,0.0472076,0.234154,0.22665,0.0519436,0.240139
11.05,0.25651,0.0537204,0.184197,0.252449,0.058872,0.190807
11.06,0.273854,0.0572754,0.115418,0.270305,0.0628737,0.12209
11.07,0.279953,0.0606206,0.0348515,0.277375,0.0665388,0.0413746
11.08,0.276966,0.0629588,-0.0454332,0.275383,0.0691291,-0.0390504
11.09,0.270436,0.0638811,-0.118319,0.269783,0.0699673,-0.112039
11.1,0.266331,0.065532,-0.187492,0.26644,0.0719409,-0.181435
11.11,0.262776,0.0660443,-0.244074,0.263751,0.0727332,-0.238052
11.12,0.256065,0.0644671,-0.270467,0.257468,0.0714919,-0.264839
11.13,0.245222,0.0632084,-0.266449,0.24681,0.0699718,-0.26092
11.14,0.229849,0.0631455,-0.239317,0.231197,0.0694032,-0.233502
11.15,0.213211,0.0652086,-0.195058,0.213952,0.0709828,-0.188832
11.16,0.197994,0.0682573,-0.140767,0.197755,0.0739047,-0.13417
11.17,0.179997,0.0660772,-0.0709012,0.178869,0.0712807,-0.0639205
11.18,0.160594,0.0456883,0.0306405,0.15828,0.050269,0.0377719
11.19,0.160818,0.0180481,0.11714,0.15725,0.0221056,0.124567
11.2,0.170502,-0.00409332,0.196135,0.165934,-0.000672283,0.203766
11.21,0.165403,-0.018902,0.271979,0.159993,-0.0164129,0.279222
11.22,0.182696,-0.0287629,0.294502,0.177424,-0.0263365,0.3012
11.23,0.21083,-0.0350538,0.282682,0.207311,-0.0320214,0.288937
11.24,0.240971,-0.0388505,0.249661,0.239193,-0.0349967,0.255826
11.25,0.266844,-0.0398337,0.202916,0.265725,-0.0360243,0.209341
11.26,0.284167,-0.0394731,0.131586,0.283782,-0.0351968,0.138162
11.27,0.289835,-0.0410536,0.0433189,0.290099,-0.0362216,0.0500688
11.28,0.286706,-0.0434697,-0.0467088,0.28774,-0.0382018,-0.0401725
11.29,0.280433,-0.0460335,-0.126344,0.282334,-0.0404292,-0.11997
11.3,0.277782,-0.0481431,-0.202826,0.280555,-0.0421398,-0.19669
11.31,0.274883,-0.0486288,-0.259949,0.278326,-0.0421166,-0.253524
11.32,0.268123,-0.0480259,-0.282635,0.271556,-0.0413214,-0.276333
11.33,0.256971,-0.0484744,-0.270584,0.260247,-0.0416871,-0.264559
11.34,0.242959,-0.0510313,-0.231279,0.245879,-0.0442015,-0.224952
11.35,0.228928,-0.054856,-0.175449,0.231299,-0.0480781,-0.168887
11.36,0.216803,-0.0576248,-0.112759,0.218534,-0.0511227,-0.105817
11.37,0.207292,-0.058892,-0.0507792,0.208217,-0.0522245,-0.0434998
11.38,0.186555,-0.0471082,0.0339487,0.185913,-0.0406417,0.0414054
11.39,0.171126,-0.0177445,0.120137,0.168886,-0.0116622,0.127919
11.4,0.16977,0.0107036,0.189327,0.166176,0.0164774,0.197433
11.41,0.156142,0.0230517,0.259529,0.151203,0.0286194,0.267516
11.42,0.165387,0.034538,0.280607,0.159733,0.0400756,0.288536
11.43,0.18746,0.0469581,0.265836,0.18282,0.0534578,0.272995
11.44,0.214266,0.0594614,0.228603,0.210965,0.0671997,0.235227
11.45,0.238823,0.068219,0.17813,0.235875,0.0760025,0.184815
11.46,0.255839,0.0733554,0.109478,0.253363,0.0811858,0.116464
11.47,0.262016,0.0775143,0.0301143,0.260032,0.0857001,0.0371375
11.48,0.259299,0.0797983,-0.0480649,0.257964,0.0885044,-0.0413182
11.49,0.253152,0.0802497,-0.118998,0.252026,0.0891503,-0.112229
11.5,0.249199,0.0814067,-0.18678,0.248543,0.0907283,-0.180195
11.51,0.245627,0.0812454,-0.242027,0.245295,0.0905434,-0.235728
11.52,0.239075,0.0787841,-0.267649,0.239189,0.0880539,-0.261314
11.53,0.228112,0.0769854,-0.26395,0.227916,0.0861335,-0.257788
11.54,0.212803,0.0758019,-0.23781,0.211883,0.0845284,-0.231309
11.55,0.195825,0.0761878,-0.194982,0.194442,0.0844127,-0.188113
11.56,0.179774,0.0778028,-0.141859,0.17762,0.0854848,-0.134847
11.57,0.160475,0.0729907,-0.0690802,0.157455,0.0800403,-0.0616876
11.58,0.145158,0.0508429,0.0331512,0.141238,0.0566282,0.040813
11.59,0.150487,0.0238232,0.11933,0.145489,0.0288113,0.126899
11.6,0.162701,0.00337089,0.199727,0.156691,0.00716891,0.207362
11.61,0.16447,-0.0105385,0.271382,0.157719,-0.00750065,0.278997
11.62,0.1826,-0.0190011,0.295916,0.176214,-0.0162028,0.303119
11.63,0.210589,-0.0227017,0.285768,0.207175,-0.019315,0.292292
11.64,0.240616,-0.0232237,0.253751,0.239258,-0.018941,0.259526
11.65,0.266051,-0.0213071,0.206998,0.264977,-0.0169835,0.21301
11.66,0.283048,-0.0189065,0.134674,0.282335,-0.0141097,0.140738
11.67,0.288775,-0.0196278,0.0442717,0.288654,-0.0145433,0.0500675
11.68,0.285916,-0.0223857,-0.047536,0.286301,-0.0166927,-0.0419312
11.69,0.279975,-0.0254634,-0.129009,0.280969,-0.0195182,-0.123784
11.7,0.277466,-0.027514,-0.207022,0.279324,-0.021145,-0.201906
11.71,0.274229,-0.0279012,-0.263693,0.276658,-0.0210823,-0.258583
11.72,0.266925,-0.0276319,-0.285052,0.270178,-0.0204867,-0.279837
11.73,0.255333,-0.0287661,-0.271038,0.258407,-0.0216001,-0.265701
11.74,0.241152,-0.0320339,-0.229355,0.244142,-0.0244471,-0.22348
11.75,0.227077,-0.0364763,-0.17159,0.229706,-0.028823,-0.16573
11.76,0.214831,-0.0397477,-0.107814,0.217082,-0.0320257,-0.101634
11.77,0.20545,-0.041413,-0.0469219,0.206871,-0.0337743,-0.0404318
11.78,0.184135,-0.0323153,0.0347925,0.184515,-0.0244702,0.0414854
11.79,0.164274,-0.0048473,0.120039,0.163329,0.00293206,0.127106
11.8,0.159158,0.0244092,0.187576,0.157065,0.0312082,0.194968
11.81,0.143442,0.035409,0.256312,0.140232,0.0416886,0.263595
11.82,0.150249,0.0476603,0.276975,0.146204,0.0537422,0.284132
11.83,0.169711,0.0622127,0.261934,0.166429,0.0688371,0.268111
11.84,0.194076,0.0776027,0.224147,0.19172,0.0852026,0.229925
11.85,0.217059,0.089199,0.173111,0.215129,0.0969143,0.179076
11.86,0.233413,0.0965235,0.104401,0.231947,0.104443,0.110406
11.87,0.239334,0.101877,0.0262541,0.238107,0.109996,0.032332
11.88,0.236925,0.103943,-0.0499401,0.235699,0.112099,-0.0440072
11.89,0.231342,0.103781,-0.119003,0.230488,0.111817,-0.113168
11.9,0.227589,0.104295,-0.18539,0.226822,0.112282,-0.179683
11.91,0.22423,0.103346,-0.239374,0.223651,0.111343,-0.234002
11.92,0.218066,0.0997834,-0.264511,0.217605,0.107593,-0.259129
11.93,0.207076,0.0967014,-0.261446,0.20636,0.103747,-0.2563
11.94,0.192002,0.0943081,-0.236428,0.190804,0.100744,-0.230946
11.95,0.175169,0.0930975,-0.194917,0.173785,0.0988767,-0.189132
11.96,0.158441,0.0925254,-0.142603,0.156802,0.097585,-0.136552
11.97,0.13855,0.0833517,-0.0658908,0.136212,0.0875382,-0.0596485
11.98,0.12865,0.0591774,0.0370627,0.125278,0.0629567,0.0436224
11.99,0.139529,0.0331276,0.122372,0.135131,0.0361401,0.129128
12,0.15542,0.0147475,0.202668,0.150268,0.0168582,0.20975
12.01,0.156642,-0.00104381,0.276312,0.150896,0.000133279,0.282919
12.02,0.177163,-0.00671155,0.298941,0.17246,-0.00578907,0.304909
12.03,0.205604,-0.00614022,0.287465,0.204448,-0.00431746,0.292551
12.04,0.235101,-0.002121,0.254496,0.235995,0.000723776,0.259014
12.05,0.259344,0.00347741,0.206706,0.26053,0.00662724,0.211378
12.06,0.275484,0.00832045,0.133061,0.277019,0.011847,0.137801
12.07,0.281077,0.00854005,0.0408049,0.282835,0.0124191,0.0455477
12.08,0.278563,0.00534368,-0.0519092,0.280459,0.00937401,-0.0472756
12.09,0.273155,0.0015005,-0.134193,0.275185,0.00588717,-0.129403
12.1,0.271019,-0.000859341,-0.212464,0.273165,0.0043244,-0.207765
12.11,0.267915,-0.00161426,-0.268222,0.270516,0.00388649,-0.263925
12.12,0.260584,-0.00229078,-0.287687,0.263496,0.00364643,-0.283651
12.13,0.24912,-0.00484156,-0.271166,0.25207,0.00151596,-0.266569
12.14,0.235407,-0.00963514,-0.227017,0.238165,-0.00295688,-0.222052
12.15,0.221998,-0.0153991,-0.167612,0.224553,-0.0082807,-0.162302
12.16,0.210384,-0.0197951,-0.103203,0.212493,-0.0124163,-0.0973176
12.17,0.201522,-0.0222558,-0.0432674,0.202955,-0.0146246,-0.0369437
12.18,0.178896,-0.0157656,0.0380052,0.179433,-0.00810205,0.0446597
12.19,0.155256,0.00948329,0.12187,0.15481,0.0168739,0.128776
12.2,0.14618,0.0393804,0.187127,0.144755,0.0461632,0.194245
12.21,0.129015,0.0484667,0.25453,0.126566,0.0551842,0.261198
12.22,0.133704,0.0615401,0.27469,0.130395,0.0680072,0.281269
12.23,0.150331,0.0785024,0.259558,0.147359,0.0861309,0.265248
12.24,0.171666,0.0970969,0.221727,0.169239,0.105752,0.227099
12.25,0.1923,0.112037,0.171084,0.190106,0.121156,0.176358
12.26,0.207259,0.122186,0.10275,0.205495,0.131526,0.108157
12.27,0.212749,0.12839,0.0253375,0.211183,0.138071,0.0304113
12.28,0.210706,0.130017,-0.049895,0.209107,0.139828,-0.0447168
12.29,0.205861,0.128997,-0.118331,0.204763,0.138624,-0.113181
12.3,0.202676,0.128966,-0.184747,0.201739,0.138582,-0.179781
12.31,0.199884,0.127539,-0.23876,0.198926,0.136976,-0.23388
12.32,0.194704,0.123284,-0.264351,0.193901,0.132482,-0.259422
12.33,0.184394,0.118925,-0.26201,0.183735,0.127599,-0.256915
12.34,0.169831,0.11553,-0.237351,0.169208,0.123595,-0.231828
12.35,0.153429,0.113044,-0.195821,0.15267,0.120659,-0.189607
12.36,0.13679,0.110456,-0.142756,0.135918,0.117554,-0.136025
12.37,0.118221,0.0969731,-0.0622419,0.116766,0.103241,-0.0551771
12.38,0.113859,0.0717123,0.0415254,0.111739,0.077254,0.0490813
12.39,0.130018,0.0482214,0.125972,0.127216,0.053089,0.133761
12.4,0.149848,0.0332651,0.204967,0.146155,0.0376339,0.2127
12.41,0.154623,0.0181252,0.277164,0.150545,0.0217015,0.284555
12.42,0.176616,0.0158792,0.298734,0.173279,0.0192295,0.305436
12.43,0.204805,0.0208295,0.287131,0.204896,0.0250974,0.292913
12.44,0.233138,0.0293689,0.254405,0.235777,0.0347793,0.259189
12.45,0.255855,0.0386881,0.206774,0.258756,0.0439785,0.211584
12.46,0.270772,0.0461123,0.132921,0.273883,0.0516568,0.137626
12.47,0.276045,0.0473634,0.0401022,0.279108,0.0530496,0.0446974
12.48,0.273897,0.0438359,-0.0529595,0.276665,0.049533,-0.0486739
12.49,0.269053,0.0392526,-0.135602,0.2718,0.0452879,-0.131815
12.5,0.267162,0.0366558,-0.213892,0.269725,0.0430196,-0.210448
12.51,0.264015,0.0355145,-0.269167,0.266615,0.0423421,-0.265965
12.52,0.256778,0.0337792,-0.288268,0.259494,0.0409281,-0.284998
12.53,0.245839,0.0295424,-0.271585,0.248826,0.0369605,-0.268256
12.54,0.23307,0.0227687,-0.227398,0.235892,0.0304362,-0.223495
12.55,0.220729,0.0151028,-0.168031,0.223222,0.0230133,-0.163722
12.56,0.209907,0.00903843,-0.10363,0.212303,0.0173291,-0.0987143
12.57,0.201256,0.00525147,-0.0434372,0.203075,0.0139325,-0.0380235
12.58,0.176458,0.00855824,0.0401839,0.177563,0.017374,0.0459233
12.59,0.14908,0.0306171,0.123887,0.149248,0.0392206,0.129738
12.6,0.135429,0.0597769,0.188041,0.134905,0.0678386,0.194054
12.61,0.119896,0.0699748,0.252201,0.118534,0.0776324,0.258124
12.62,0.122141,0.083836,0.273043,0.120213,0.091314,0.278727
12.63,0.135271,0.103108,0.258673,0.133117,0.111272,0.263772
12.64,0.152993,0.124745,0.22154,0.151187,0.13352,0.226377
12.65,0.170825,0.142837,0.171368,0.169145,0.151371,0.176497
12.66,0.184011,0.155288,0.103282,0.182399,0.164112,0.108187
12.67,0.188639,0.162226,0.0258422,0.186943,0.171032,0.0309372
12.68,0.18658,0.163405,-0.0496102,0.185067,0.172161,-0.0445247
12.69,0.182114,0.161513,-0.118253,0.180497,0.170482,-0.113216
12.7,0.179007,0.160776,-0.184805,0.17743,0.169581,-0.179862
12.71,0.176397,0.158549,-0.238283,0.17502,0.16745,-0.233813
12.72,0.171921,0.153245,-0.263533,0.170713,0.162052,-0.259333
12.73,0.162394,0.14714,-0.261182,0.16139,0.155778,-0.256968
12.74,0.148526,0.141404,-0.236681,0.147687,0.149524,-0.232281
12.75,0.13276,0.136337,-0.195306,0.132161,0.143891,-0.190711
12.76,0.116779,0.131083,-0.142385,0.116067,0.138415,-0.137297
12.77,0.100664,0.114694,-0.0619043,0.0998412,0.121276,-0.0563078
12.78,0.100513,0.0890458,0.0416956,0.0995324,0.0949521,0.047958
12.79,0.120289,0.0684466,0.125936,0.118784,0.0738855,0.132337
12.8,0.142394,0.0568661,0.204548,0.140171,0.0616939,0.211029
12.81,0.149579,0.0426406,0.276585,0.146823,0.0471637,0.282906
12.82,0.171652,0.0439176,0.298074,0.169686,0.04811,0.303611
12.83,0.198656,0.053288,0.286513,0.19948,0.0587797,0.290895
12.84,0.22523,0.0662347,0.253889,0.228215,0.0731073,0.257509
12.85,0.246157,0.0790694,0.206355,0.249078,0.0858712,0.209797
12.86,0.259706,0.088796,0.132574,0.262313,0.0955605,0.13618
12.87,0.264729,0.0908903,0.0397909,0.267362,0.0978052,0.0432826
12.88,0.263172,0.0870737,-0.0532393,0.266067,0.0940794,-0.0500301
12.89,0.259111,0.0817684,-0.135822,0.261859,0.0890218,-0.132689
12.9,0.257626,0.0788935,-0.214,0.26047,0.086147,-0.210863
12.91,0.254645,0.0772452,-0.269064,0.257592,0.084979,-0.265926
12.92,0.247741,0.0743362,-0.287935,0.250562,0.0825583,-0.284886
12.93,0.237619,0.068353,-0.271067,0.240667,0.0770531,-0.267738
12.94,0.226129,0.0595803,-0.226774,0.229011,0.0686942,-0.223019
12.95,0.215223,0.0500122,-0.167385,0.218066,0.0591173,-0.163127
12.96,0.205568,0.0422836,-0.103046,0.208051,0.0516007,-0.0985734
12.97,0.197672,0.0371569,-0.0429453,0.199229,0.0467427,-0.0381796
12.98,0.172582,0.0364733,0.0407716,0.173292,0.0457402,0.0458962
12.99,0.14207,0.0539329,0.124281,0.142162,0.0625967,0.129484
13,0.123953,0.0806531,0.188094,0.123199,0.0891957,0.1933
13.01,0.104776,0.0845885,0.25447,0.103475,0.0922954,0.259297
13.02,0.10543,0.0992293,0.273483,0.103587,0.106743,0.277954
13.03,0.115686,0.120969,0.257778,0.113529,0.129245,0.261527
13.04,0.12981,0.145495,0.220012,0.127799,0.154077,0.223393
13.05,0.14439,0.166226,0.169921,0.142325,0.175204,0.17322
13.06,0.155254,0.180655,0.101948,0.152944,0.189658,0.105545
13.07,0.158603,0.188255,0.0246707,0.156365,0.197488,0.028138
13.08,0.156321,0.189141,-0.0505381,0.15418,0.198577,-0.0474682
13.09,0.152204,0.186675,-0.11894,0.150282,0.19599,-0.115952
13.1,0.149299,0.185684,-0.185263,0.147724,0.19491,-0.182458
13.11,0.147164,0.183398,-0.23888,0.145918,0.192366,-0.236371
13.12,0.143669,0.177753,-0.264124,0.142719,0.186619,-0.261653
13.13,0.135274,0.170409,-0.261568,0.134322,0.178919,-0.25893
13.14,0.122525,0.162741,-0.236722,0.121863,0.171071,-0.233863
13.15,0.107773,0.155398,-0.19506,0.107132,0.163334,-0.191729
13.16,0.0928071,0.147698,-0.14177,0.0921721,0.155453,-0.137747
13.17,0.0796529,0.128736,-0.0605061,0.0787821,0.136067,-0.0561955
13.18,0.083967,0.10359,0.043154,0.0827144,0.110451,0.0480025
13.19,0.10705,0.0866783,0.127191,0.105334,0.0929757,0.132122
13.2,0.131042,0.0790637,0.20538,0.128773,0.0850466,0.210543
13.21,0.14067,0.0664362,0.276966,0.138349,0.0719503,0.282148
13.22,0.162438,0.0714419,0.298083,0.16089,0.0772288,0.302694
13.23,0.187665,0.0850996,0.286344,0.188475,0.0922282,0.289737
13.24,0.211783,0.102145,0.25365,0.213709,0.110276,0.25665
13.25,0.230295,0.118143,0.20609,0.23188,0.126316,0.209014
13.26,0.242026,0.129896,0.132279,0.243436,0.138154,0.135253
13.27,0.246588,0.132755,0.0394211,0.247651,0.140955,0.0423146
13.28,0.245641,0.128719,-0.0536304,0.246373,0.137088,-0.0509491
13.29,0.242484,0.122834,-0.136269,0.24291,0.131614,-0.133934
13.3,0.241454,0.119756,-0.214435,0.241715,0.128804,-0.212285
13.31,0.238719,0.117632,-0.269339,0.238867,0.126876,-0.267204
13.32,0.232325,0.11363,-0.28807,0.23254,0.123042,-0.286167
13.33,0.223264,0.106087,-0.271104,0.223256,0.11587,-0.269022
13.34,0.213308,0.0955884,-0.226744,0.213461,0.105698,-0.224065
13.35,0.204052,0.0844157,-0.167302,0.2039,0.0947754,-0.163887
13.36,0.195734,0.0752654,-0.102915,0.195231,0.0860643,-0.098839
13.37,0.188779,0.0689827,-0.0428395,0.187807,0.0800427,-0.038206
13.38,0.164393,0.064264,0.0404597,0.163004,0.0752753,0.0456004
13.39,0.131458,0.0764296,0.124072,0.129492,0.0869471,0.129431
13.4,0.109269,0.0997203,0.188142,0.106723,0.109514,0.193981
13.41,0.0896919,0.100375,0.254714,0.0866979,0.109345,0.260462
13.42,0.0879276,0.114805,0.273888,0.0844982,0.123553,0.279294
13.43,0.0945533,0.137863,0.258223,0.0908907,0.147582,0.262696
13.44,0.104559,0.164336,0.22037,0.101044,0.175192,0.224396
13.45,0.115623,0.187148,0.170133,0.112092,0.197843,0.174168
13.46,0.124017,0.203126,0.102064,0.120152,0.213884,0.10597
13.47,0.126075,0.211154,0.0247401,0.121893,0.222435,0.0287564
13.48,0.123665,0.211646,-0.0504872,0.119664,0.22277,-0.0465745
13.49,0.119996,0.208536,-0.118913,0.116187,0.219631,-0.115108
13.5,0.117288,0.207092,-0.185277,0.113385,0.217996,-0.181659
13.51,0.115549,0.204524,-0.239012,0.111803,0.215468,-0.235565
13.52,0.113016,0.198418,-0.264362,0.109515,0.209108,-0.260961
13.53,0.105925,0.189835,-0.261868,0.102915,0.200068,-0.258443
13.54,0.094586,0.180231,-0.237028,0.0919131,0.190181,-0.233026
13.55,0.081212,0.170615,-0.195338,0.0789215,0.180139,-0.19081
13.56,0.0676839,0.160598,-0.142002,0.0655214,0.169468,-0.137034
13.57,0.0577642,0.139743,-0.0606751,0.0557775,0.14797,-0.0551891
13.58,0.066086,0.115625,0.0430396,0.0641395,0.123458,0.0487827
13.59,0.0915985,0.102673,0.127124,0.0891562,0.109941,0.133296
13.6,0.116492,0.0990402,0.205392,0.113611,0.105868,0.21178
13.61,0.128031,0.0881323,0.277029,0.125404,0.0944387,0.283418
13.62,0.148703,0.0965924,0.298185,0.146713,0.102835,0.303918
13.63,0.171392,0.114155,0.28647,0.171221,0.121758,0.291047
13.64,0.192441,0.134886,0.253782,0.193398,0.143532,0.257561
13.65,0.208126,0.153672,0.20622,0.20901,0.16245,0.209879
13.66,0.217806,0.16717,0.132404,0.218651,0.175767,0.136139
13.67,0.221849,0.17073,0.0395385,0.222639,0.179409,0.043148
13.68,0.221574,0.166595,-0.0535211,0.222322,0.175041,-0.0499068
13.69,0.219416,0.160279,-0.136169,0.219919,0.168844,-0.132767
13.7,0.218911,0.157083,-0.214363,0.219384,0.166053,-0.21129
13.71,0.216581,0.154561,-0.26934,0.216942,0.163519,-0.266505
13.72,0.21094,0.149597,-0.288146,0.211074,0.158559,-0.285399
13.73,0.203233,0.140705,-0.27124,0.203225,0.149599,-0.268169
13.74,0.195115,0.128744,-0.226915,0.195149,0.138043,-0.223256
13.75,0.187796,0.116222,-0.167483,0.187531,0.12536,-0.163316
13.76,0.181072,0.105843,-0.103086,0.180394,0.114944,-0.0988051
13.77,0.175223,0.0985071,-0.042977,0.174281,0.10741,-0.0383144
13.78,0.151874,0.0898927,0.0404251,0.150654,0.0984037,0.0453181
13.79,0.11739,0.0965886,0.124067,0.116124,0.104499,0.12942
13.8,0.0917112,0.116002,0.188147,0.090213,0.122859,0.193831
13.81,0.0722799,0.113491,0.254735,0.0703481,0.119716,0.260153
13.82,0.0682088,0.12747,0.273903,0.0659563,0.133488,0.278974
13.83,0.0710096,0.151307,0.258238,0.0683337,0.15808,0.262845
13.84,0.0765943,0.179056,0.220394,0.0739175,0.186765,0.224356
13.85,0.0838176,0.20336,0.170173,0.081245,0.210892,0.174396
13.86,0.089514,0.220489,0.102115,0.0867359,0.227902,0.106355
13.87,0.0902494,0.228746,0.0247977,0.087174,0.236146,0.0288125
13.88,0.0877957,0.228844,-0.0504313,0.0848994,0.235754,-0.0466089
13.89,0.084681,0.225183,-0.118862,0.0819053,0.232058,-0.115108
13.9,0.0822432,0.223324,-0.185232,0.0795761,0.229919,-0.181652
13.91,0.0809399,0.220516,-0.238991,0.0783516,0.227038,-0.23554
13.92,0.0794283,0.21409,-0.264369,0.0768063,0.22047,-0.26106
13.93,0.0738181,0.204479,-0.2619,0.0711407,0.21075,-0.258241
13.94,0.0641804,0.193174,-0.237077,0.0619174,0.19938,-0.233175
13.95,0.0525354,0.181526,-0.195395,0.0502603,0.187707,-0.191006
13.96,0.0408024,0.169454,-0.142057,0.0387129,0.175039,-0.136864
13.97,0.0343875,0.147263,-0.0607108,0.0323742,0.152684,-0.0553279
13.98,0.0465041,0.124808,0.0430104,0.0445835,0.129671,0.0487255
13.99,0.0737778,0.116152,0.127098,0.0713848,0.120542,0.132877
14,0.0989385,0.116594,0.205359,0.0963941,0.120279,0.211169
14.01,0.112095,0.107696,0.276996,0.109854,0.110904,0.28273
14.02,0.131131,0.119388,0.298153,0.129427,0.122802,0.303268
14.03,0.150683,0.140388,0.286443,0.150458,0.145813,0.290428
14.04,0.168104,0.164249,0.25376,0.168947,0.171035,0.257122
14.05,0.180546,0.185323,0.206206,0.181281,0.192277,0.209709
14.06,0.187916,0.200209,0.132396,0.188653,0.207306,0.135697
14.07,0.191333,0.204376,0.0395333,0.191916,0.211428,0.0428773
14.08,0.191731,0.20025,-0.0535231,0.192146,0.207425,-0.0502483
14.09,0.190625,0.193668,-0.136169,0.191147,0.201111,-0.133019
14.1,0.190644,0.190431,-0.214359,0.191324,0.19823,-0.211317
14.11,0.188751,0.187563,-0.269327,0.188966,0.195576,-0.26648
14.12,0.183986,0.181751,-0.288126,0.184143,0.189984,-0.285008
14.13,0.177817,0.171729,-0.271216,0.177981,0.180298,-0.267643
14.14,0.171739,0.158615,-0.226889,0.171416,0.167317,-0.222878
14.15,0.166538,0.145077,-0.167459,0.165978,0.15383,-0.163
14.16,0.16158,0.13375,-0.103064,0.160525,0.142218,-0.0982012
14.17,0.156994,0.125569,-0.0429634,0.155313,0.133831,-0.0378146
14.18,0.13536,0.113298,0.0404097,0.133279,0.121213,0.045923
14.19,0.100247,0.114321,0.124053,0.0978187,0.12159,0.129716
14.2,0.0717645,0.129323,0.188131,0.0690549,0.136,0.194197
14.21,0.0532369,0.12806,0.252207,0.0500893,0.134155,0.258398
14.22,0.0466548,0.14045,0.272998,0.0428842,0.146234,0.27867
14.23,0.0454729,0.163723,0.258587,0.0412646,0.170039,0.263445
14.24,0.0465115,0.191653,0.22141,0.0420022,0.197997,0.226048
14.25,0.0497675,0.216825,0.171201,0.0450574,0.223077,0.176033
14.26,0.0527285,0.234695,0.103094,0.0479703,0.240911,0.107881
14.27,0.0522115,0.243001,0.0256397,0.0476421,0.249104,0.0302504
14.28,0.0498544,0.242682,-0.0498163,0.0452224,0.248901,-0.0451437
14.29,0.0474369,0.238466,-0.11846,0.0429795,0.244961,-0.114068
14.3,0.0454117,0.235999,-0.185029,0.0409375,0.242184,-0.180905
14.31,0.0446873,0.23264,-0.238471,0.0405463,0.238478,-0.234708
14.32,0.0443282,0.225708,-0.263659,0.0405317,0.231711,-0.259843
14.33,0.040427,0.215085,-0.261237,0.0368665,0.221054,-0.257398
14.34,0.0328399,0.202149,-0.236654,0.0294681,0.207906,-0.232554
14.35,0.0233431,0.1886,-0.195209,0.0204831,0.193934,-0.190635
14.36,0.013798,0.174777,-0.142255,0.0110925,0.179508,-0.13758
14.37,0.0108551,0.152037,-0.0618417,0.00795996,0.15651,-0.0566836
14.38,0.0262158,0.131536,0.0417496,0.0233476,0.135631,0.0471153
14.39,0.0544016,0.127113,0.125993,0.0514507,0.130723,0.131699
14.4,0.078967,0.131262,0.204662,0.0756207,0.134203,0.210581
14.41,0.0936304,0.128906,0.273014,0.0903104,0.131504,0.278676
14.42,0.110581,0.142321,0.296123,0.107648,0.145149,0.301385
14.43,0.12664,0.1655,0.286271,0.12484,0.170135,0.29038
14.44,0.140132,0.19167,0.254751,0.13873,0.197612,0.258254
14.45,0.149123,0.21456,0.207871,0.147377,0.220924,0.210987
14.46,0.154009,0.230594,0.134438,0.152102,0.236628,0.137358
14.47,0.156657,0.235397,0.0415306,0.154421,0.241403,0.0444385
14.48,0.157681,0.231437,-0.051812,0.155375,0.23747,-0.0491305
14.49,0.157553,0.224751,-0.134925,0.155048,0.230851,-0.132387
14.5,0.157878,0.221398,-0.213322,0.155204,0.227595,-0.21103
14.51,0.156175,0.21802,-0.268157,0.153385,0.224539,-0.266112
14.52,0.152153,0.21132,-0.287061,0.149276,0.218154,-0.284868
14.53,0.147477,0.200315,-0.2705,0.144452,0.207414,-0.267789
14.54,0.143417,0.18633,-0.2266,0.140127,0.193434,-0.223535
14.55,0.140285,0.172074,-0.167554,0.136824,0.178976,-0.16408
14.56,0.137041,0.160012,-0.103434,0.133276,0.167122,-0.0991082
14.57,0.133754,0.151182,-0.0436839,0.129492,0.157971,-0.0388631
14.58,0.114727,0.13559,0.0387586,0.110141,0.142106,0.0441789
14.59,0.0799629,0.130454,0.122484,0.0749062,0.136447,0.128498
14.6,0.0494725,0.140266,0.186767,0.0442799,0.145652,0.193126
14.61,0.0318318,0.131296,0.253691,0.0263662,0.136053,0.259869
14.62,0.0234295,0.142758,0.273408,0.0176421,0.147257,0.279024
14.63,0.0185062,0.166082,0.258015,0.0117997,0.171009,0.263033
14.64,0.0149485,0.194157,0.22024,0.00768029,0.199529,0.22466
14.65,0.0140428,0.219584,0.16998,0.00677541,0.224788,0.174752
14.66,0.0139803,0.23772,0.10188,0.00673588,0.242752,0.106639
14.67,0.0119765,0.245844,0.0245854,0.00461449,0.250607,0.029368
14.68,0.00957263,0.245188,-0.0505193,0.00216536,0.249693,-0.0458823
14.69,0.00777498,0.240732,-0.118818,0.00044513,0.245071,-0.114274
14.7,0.00608565,0.238182,-0.185035,-0.00117693,0.242401,-0.180447
14.71,0.00580725,0.235072,-0.23861,-0.00139532,0.239241,-0.234219
14.72,0.00648888,0.228444,-0.263796,-0.000755338,0.232317,-0.259716
14.73,0.0042905,0.217491,-0.26118,-0.00287301,0.221207,-0.257163
14.74,-0.00121691,0.203637,-0.236309,-0.00850505,0.207073,-0.231828
14.75,-0.00853839,0.188838,-0.194664,-0.0155519,0.191968,-0.189766
14.76,-0.0157906,0.173602,-0.141363,-0.0225897,0.176314,-0.135608
14.77,-0.0146682,0.15043,-0.0598223,-0.0212808,0.15274,-0.0533797
14.78,0.00407574,0.133122,0.0437618,-0.0025779,0.135116,0.0504603
14.79,0.0327278,0.133719,0.127592,0.0260086,0.135097,0.134622
14.8,0.0565474,0.142357,0.205292,0.0497702,0.14298,0.212388
14.81,0.0719227,0.138232,0.276595,0.0653306,0.138386,0.283789
14.82,0.0862687,0.155454,0.297472,0.0800801,0.156122,0.303856
14.83,0.0980925,0.181596,0.28564,0.0928698,0.184294,0.290619
14.84,0.106953,0.209729,0.25296,0.102085,0.214272,0.257213
14.85,0.111978,0.233653,0.205454,0.107099,0.237827,0.209718
14.86,0.114173,0.250121,0.131697,0.109393,0.254476,0.135891
14.87,0.116048,0.255184,0.0388687,0.111114,0.259609,0.0428854
14.88,0.117718,0.251404,-0.0541586,0.112919,0.255959,-0.050455
14.89,0.118745,0.244794,-0.136751,0.113779,0.249415,-0.133139
14.9,0.119748,0.241665,-0.214768,0.114645,0.246571,-0.211029
14.91,0.118794,0.238214,-0.269328,0.113567,0.243072,-0.265538
14.92,0.11609,0.231053,-0.287703,0.11071,0.2361,-0.28386
14.93,0.113435,0.219482,-0.270452,0.107787,0.224647,-0.266506
14.94,0.111866,0.205058,-0.225919,0.106018,0.210349,-0.22179
14.95,0.111256,0.190556,-0.166416,0.104909,0.195821,-0.162169
14.96,0.110167,0.178256,-0.102083,0.103742,0.183014,-0.0974265
14.97,0.10843,0.169077,-0.0421321,0.101815,0.173758,-0.0371378
14.98,0.0918877,0.150603,0.0410102,0.084915,0.154921,0.0462284
14.99,0.0583258,0.140391,0.124432,0.0511756,0.144155,0.1299
15,0.0265462,0.145576,0.188187,0.0191777,0.148768,0.194167
15.01,0.0105403,0.134334,0.254463,0.0028869,0.136915,0.260261
15.02,0.000383879,0.144769,0.273452,-0.00748623,0.146992,0.279011
15.03,-0.00830723,0.16713,0.257684,-0.0166557,0.170016,0.262874
15.04,-0.0163721,0.194224,0.219816,-0.0249233,0.197744,0.224379
15.05,-0.021388,0.219043,0.169611,-0.0300469,0.222271,0.174092
15.06,-0.0243943,0.23682,0.101565,-0.0328577,0.240192,0.105913
15.07,-0.0276182,0.244443,0.0242488,-0.0362034,0.247557,0.0284447
15.08,-0.0298384,0.243364,-0.0509607,-0.0386169,0.246458,-0.0471436
15.09,-0.0308861,0.238655,-0.119347,-0.0396822,0.241828,-0.115656
15.1,-0.0321546,0.23585,-0.185669,-0.0409695,0.238943,-0.182427
15.11,-0.0319334,0.232703,-0.239179,-0.0408166,0.235559,-0.236248
15.12,-0.0302223,0.226254,-0.264263,-0.0390017,0.229161,-0.261088
15.13,-0.0306482,0.215083,-0.261542,-0.0392224,0.217968,-0.258621
15.14,-0.0338378,0.200547,-0.236542,-0.0424681,0.203249,-0.233225
15.15,-0.038634,0.184787,-0.19477,-0.0468221,0.187229,-0.190916
15.16,-0.0433155,0.168648,-0.14144,-0.0509808,0.170807,-0.136779
15.17,-0.0386288,0.146127,-0.0602957,-0.0458775,0.147853,-0.0550853
15.18,-0.017438,0.131982,0.0433414,-0.0243524,0.133156,0.0491592
15.19,0.010675,0.137144,0.127355,0.00390818,0.137722,0.133617
15.2,0.0326417,0.149326,0.205589,0.0264175,0.149263,0.212113
15.21,0.0472704,0.152142,0.27346,0.0411347,0.151788,0.280042
15.22,0.0590231,0.170539,0.296174,0.0533038,0.170574,0.302375
15.23,0.0668363,0.19774,0.286117,0.0614383,0.199628,0.290907
15.24,0.0712427,0.226826,0.254503,0.0657612,0.230097,0.258736
15.25,0.0724188,0.251306,0.207578,0.0670525,0.254626,0.211573
15.26,0.071887,0.267983,0.134098,0.0663036,0.271215,0.138056
15.27,0.0728275,0.273323,0.0411142,0.0668502,0.276507,0.0450191
15.28,0.0750501,0.269864,-0.0522486,0.068769,0.273374,-0.0483642
15.29,0.0770569,0.263485,-0.135418,0.070776,0.267273,-0.13154
15.3,0.0784163,0.260388,-0.213804,0.0719036,0.264306,-0.210353
15.31,0.0778523,0.25659,-0.268486,0.0712131,0.260524,-0.265272
15.32,0.0761617,0.248907,-0.287245,0.0692251,0.253104,-0.284337
15.33,0.075234,0.236952,-0.270577,0.0681152,0.241424,-0.267556
15.34,0.075836,0.222386,-0.226598,0.0684357,0.226865,-0.223137
15.35,0.0773896,0.207869,-0.167485,0.0695367,0.212171,-0.163614
15.36,0.0781327,0.195399,-0.103305,0.069739,0.199532,-0.0991095
15.37,0.0778157,0.186015,-0.0435591,0.0691619,0.190176,-0.0390381
15.38,0.0649595,0.165358,0.0384546,0.0561254,0.169367,0.0434091
15.39,0.0337572,0.149267,0.122311,0.0248958,0.152773,0.127438
15.4,0.00184789,0.148705,0.18686,-0.00669473,0.151595,0.19198
15.41,-0.0119043,0.134469,0.253955,-0.0203974,0.136471,0.258751
15.42,-0.0234783,0.142551,0.273811,-0.0321543,0.144267,0.278244
15.43,-0.0355651,0.163048,0.258456,-0.0448127,0.165067,0.262192
15.44,-0.0478969,0.188518,0.220605,-0.0573818,0.190905,0.223909
15.45,-0.0568758,0.212334,0.170207,-0.0664143,0.214746,0.173511
15.46,-0.0627261,0.229488,0.102016,-0.0723553,0.231582,0.105414
15.47,-0.0672306,0.236524,0.0246764,-0.0768744,0.238402,0.0279428
15.48,-0.0692992,0.235114,-0.0504468,-0.0791353,0.236999,-0.0472237
15.49,-0.0695716,0.230308,-0.118772,-0.0791219,0.232148,-0.115673
15.5,-0.0703593,0.227354,-0.185033,-0.0797546,0.228945,-0.182258
15.51,-0.069654,0.224342,-0.238734,-0.0787657,0.225984,-0.236157
15.52,-0.0669044,0.218308,-0.264037,-0.0760364,0.220087,-0.26153
15.53,-0.0654897,0.207249,-0.261491,-0.0743197,0.208792,-0.258853
15.54,-0.0662836,0.192383,-0.236631,-0.0751036,0.193885,-0.233567
15.55,-0.0684907,0.176028,-0.194961,-0.076973,0.1776,-0.191554
15.56,-0.0704827,0.159269,-0.141613,-0.0787518,0.160496,-0.137495
15.57,-0.0619829,0.137658,-0.0599934,-0.0699986,0.138426,-0.0554147
15.58,-0.0386782,0.127265,0.0436504,-0.0464284,0.127883,0.048548
15.59,-0.0117255,0.13701,0.127529,-0.0191732,0.137131,0.132504
15.6,0.00806838,0.152819,0.205298,0.000458586,0.152647,0.210555
15.61,0.023959,0.153833,0.276648,0.0168653,0.153447,0.281779
15.62,0.0320373,0.174745,0.29756,0.0253276,0.175107,0.30207
15.63,0.0348658,0.203304,0.285751,0.0281219,0.205654,0.289201
15.64,0.0342479,0.232803,0.253077,0.0272505,0.236594,0.256196
15.65,0.0313452,0.257081,0.205571,0.0243276,0.260619,0.208644
15.66,0.0281506,0.27339,0.131812,0.0210252,0.276581,0.134813
15.67,0.0283068,0.278791,0.0389757,0.0212402,0.282037,0.0417871
15.68,0.0311024,0.275751,-0.0540583,0.0241071,0.279147,-0.0513328
15.69,0.0341954,0.269824,-0.136658,0.0268659,0.273103,-0.134194
15.7,0.0361511,0.267195,-0.2147,0.028437,0.270381,-0.212564
15.71,0.0363575,0.263646,-0.269324,0.0284977,0.267141,-0.267453
15.72,0.0360902,0.256022,-0.287766,0.0283876,0.259466,-0.285814
15.73,0.0372799,0.244232,-0.270568,0.0296436,0.247817,-0.268333
15.74,0.0404129,0.230077,-0.226067,0.0327957,0.233786,-0.223068
15.75,0.0444842,0.21615,-0.166574,0.036978,0.219669,-0.163222
15.76,0.0473983,0.204151,-0.10223,0.0395209,0.207327,-0.0985468
15.77,0.048698,0.194892,-0.0422507,0.0407851,0.198026,-0.0380289
15.78,0.0389233,0.172054,0.0409859,0.0310467,0.174954,0.0453626
15.79,0.0103781,0.151633,0.124433,0.00276293,0.153916,0.128945
15.8,-0.0214118,0.146368,0.188192,-0.029085,0.1482,0.192512
15.81,-0.0329856,0.130596,0.254477,-0.0406316,0.131978,0.258736
15.82,-0.0459642,0.137246,0.273458,-0.0535927,0.138417,0.277336
15.83,-0.0613724,0.155647,0.257689,-0.0693122,0.156965,0.260871
15.84,-0.0776997,0.17873,0.219829,-0.0863029,0.180654,0.222362
15.85,-0.0904063,0.200632,0.16964,-0.0991069,0.2025,0.172036
15.86,-0.098952,0.21651,0.101606,-0.107852,0.218261,0.103863
15.87,-0.104447,0.222701,0.0242961,-0.113288,0.224401,0.0264068
15.88,-0.106203,0.220971,-0.0509147,-0.11496,0.222667,-0.0486008
15.89,-0.105687,0.216178,-0.119306,-0.114067,0.217697,-0.117028
15.9,-0.105992,0.213118,-0.185632,-0.114036,0.214506,-0.183604
15.91,-0.104781,0.21021,-0.239162,-0.112797,0.211692,-0.237406
15.92,-0.1011,0.204654,-0.264269,-0.108577,0.206368,-0.262788
15.93,-0.0979302,0.193938,-0.261567,-0.105265,0.195742,-0.259828
15.94,-0.096301,0.179149,-0.236581,-0.103375,0.180646,-0.234614
15.95,-0.0958019,0.162685,-0.194815,-0.102625,0.163884,-0.192343
15.96,-0.095071,0.145896,-0.141484,-0.101771,0.147298,-0.138289
15.97,-0.0834152,0.126061,-0.0603277,-0.0895969,0.127216,-0.0566593
15.98,-0.0588088,0.119449,0.0433143,-0.0647807,0.120541,0.0475365
15.99,-0.0338283,0.133343,0.127332,-0.0396629,0.134041,0.131779
16,-0.0169171,0.151923,0.20556,-0.0226433,0.152154,0.209988
16.01,-0.00145411,0.155369,0.277149,-0.00692489,0.155277,0.281466
16.02,0.0030738,0.177225,0.298249,-0.00209288,0.177793,0.301894
16.03,0.00120804,0.205851,0.286471,-0.00386982,0.20853,0.288788
16.04,-0.00418964,0.234889,0.253729,-0.00981245,0.239384,0.255242
16.05,-0.0109731,0.258385,0.206124,-0.016284,0.262749,0.207686
16.06,-0.0167335,0.273945,0.132273,-0.0222005,0.278371,0.133693
16.07,-0.0174141,0.279275,0.0393974,-0.0229081,0.283646,0.0407177
16.08,-0.0141425,0.276723,-0.0536704,-0.0194466,0.280965,-0.0526549
16.09,-0.0101167,0.271396,-0.136325,-0.015532,0.27554,-0.135397
16.1,-0.00775208,0.26919,-0.21453,-0.013106,0.273055,-0.213747
16.11,-0.00696715,0.265846,-0.269511,-0.0124389,0.269806,-0.268686
16.12,-0.0060097,0.258389,-0.288296,-0.0112751,0.262618,-0.287425
16.13,-0.00294887,0.247019,-0.271347,-0.00841958,0.251171,-0.270077
16.14,0.00242792,0.233593,-0.22697,-0.00336482,0.237657,-0.225391
16.15,0.00871605,0.220516,-0.167488,0.00273784,0.224447,-0.165668
16.16,0.0135613,0.209137,-0.103052,0.00759462,0.213028,-0.100943
16.17,0.0163704,0.200191,-0.0429171,0.0104332,0.203992,-0.0404911
16.18,0.0104464,0.176053,0.040474,0.00431558,0.179508,0.0431722
16.19,-0.0143917,0.15125,0.124112,-0.0203356,0.154504,0.127131
16.2,-0.0448234,0.140851,0.188222,-0.0507152,0.1434,0.191437
16.21,-0.0566084,0.126529,0.252302,-0.0625897,0.128288,0.255022
16.22,-0.0701312,0.130275,0.273074,-0.0761867,0.131785,0.275436
16.23,-0.0878602,0.145396,0.258654,-0.094441,0.146975,0.260306
16.24,-0.10745,0.165328,0.221464,-0.114409,0.166965,0.222394
16.25,-0.123509,0.184979,0.171238,-0.130381,0.186562,0.172118
16.26,-0.134463,0.199404,0.103115,-0.141302,0.200907,0.104059
16.27,-0.14086,0.204729,0.0256469,-0.147417,0.206284,0.0266044
16.28,-0.142249,0.202793,-0.0498179,-0.148555,0.203997,-0.049289
16.29,-0.140844,0.198139,-0.118473,-0.147281,0.19941,-0.118053
16.3,-0.140443,0.194974,-0.185056,-0.146523,0.195992,-0.184688
16.31,-0.138506,0.192145,-0.238532,-0.144502,0.193252,-0.238346
16.32,-0.133714,0.187131,-0.263743,-0.139735,0.187925,-0.263619
16.33,-0.128667,0.177007,-0.261328,-0.134263,0.177725,-0.260885
16.34,-0.124468,0.162615,-0.236733,-0.130112,0.163577,-0.235919
16.35,-0.121132,0.14641,-0.195268,-0.126512,0.147414,-0.194221
16.36,-0.117627,0.129978,-0.142291,-0.123052,0.131126,-0.140665
16.37,-0.103099,0.112224,-0.0618404,-0.108345,0.113481,-0.0593947
16.38,-0.0776414,0.109323,0.0417709,-0.0825082,0.110166,0.0445272
16.39,-0.0550726,0.126785,0.126019,-0.059901,0.126733,0.129088
16.4,-0.0412218,0.14751,0.204667,-0.045954,0.147,0.208032
16.41,-0.0263337,0.153122,0.276719,-0.0307707,0.152627,0.280102
16.42,-0.025265,0.175204,0.298196,-0.0297224,0.175466,0.300801
16.43,-0.0317034,0.203058,0.286608,-0.0368268,0.205278,0.288175
16.44,-0.0417364,0.230866,0.253951,-0.0475394,0.23406,0.254748
16.45,-0.0522533,0.253038,0.206387,-0.0581034,0.256152,0.207097
16.46,-0.0604651,0.267542,0.13258,-0.0663009,0.270414,0.133093
16.47,-0.0620002,0.272756,0.0397808,-0.0678738,0.275657,0.0400014
16.48,-0.0583672,0.2708,-0.0532615,-0.0643278,0.273539,-0.0534459
16.49,-0.0535238,0.266198,-0.135857,-0.0595041,0.268676,-0.136238
16.5,-0.0508247,0.264429,-0.21407,-0.0570657,0.266768,-0.214493
16.51,-0.0495085,0.261315,-0.2692,-0.0559617,0.263453,-0.269822
16.52,-0.0473609,0.254162,-0.288123,-0.0540918,0.256023,-0.288974
16.53,-0.0425002,0.243472,-0.271273,-0.0495649,0.245698,-0.271746
16.54,-0.0350066,0.231117,-0.226967,-0.0424968,0.233285,-0.227045
16.55,-0.0266541,0.219256,-0.167544,-0.0345646,0.22169,-0.167355
16.56,-0.019995,0.208835,-0.103161,-0.0280223,0.211155,-0.102464
16.57,-0.0157354,0.20044,-0.0430143,-0.0240268,0.202498,-0.0420225
16.58,-0.0177405,0.175424,0.0407529,-0.0260327,0.177021,0.0423787
16.59,-0.0383682,0.146965,0.124292,-0.0462205,0.148409,0.126431
16.6,-0.0668712,0.131815,0.188136,-0.0743623,0.13294,0.190331
16.61,-0.0728334,0.113176,0.254531,-0.0799006,0.113898,0.256542
16.62,-0.0873285,0.115412,0.273532,-0.0944236,0.115906,0.27529
16.63,-0.10785,0.127935,0.257816,-0.11561,0.128799,0.258699
16.64,-0.130725,0.144601,0.220037,-0.138958,0.14542,0.220506
16.65,-0.149775,0.161315,0.169937,-0.158237,0.161892,0.170327
16.66,-0.162957,0.173659,0.101959,-0.171423,0.173971,0.10241
16.67,-0.170156,0.1778,0.0246761,-0.178571,0.178278,0.0250566
16.68,-0.171282,0.175624,-0.0505398,-0.179405,0.176079,-0.0504417
16.69,-0.16927,0.171266,-0.118953,-0.177168,0.171721,-0.118864
16.7,-0.168598,0.168273,-0.185294,-0.176263,0.168695,-0.185461
16.71,-0.166563,0.165908,-0.238947,-0.173863,0.166274,-0.239168
16.72,-0.161331,0.161833,-0.264215,-0.168607,0.162479,-0.26463
16.73,-0.154931,0.152703,-0.261664,-0.161968,0.153242,-0.262017
16.74,-0.148678,0.13921,-0.236801,-0.155794,0.139687,-0.23671
16.75,-0.14296,0.123758,-0.195113,-0.149566,0.123999,-0.194254
16.76,-0.136908,0.108056,-0.141798,-0.143348,0.108074,-0.140712
16.77,-0.119467,0.0929486,-0.0605209,-0.125898,0.093064,-0.0589545
16.78,-0.0940065,0.0945435,0.0431532,-0.100146,0.0943782,0.0454795
16.79,-0.0747248,0.115682,0.127192,-0.0805737,0.114939,0.129769
16.8,-0.0645879,0.138731,0.20536,-0.0697795,0.137564,0.207753
16.81,-0.0510047,0.146957,0.276941,-0.0556622,0.145614,0.279365
16.82,-0.0536536,0.169139,0.298041,-0.0578673,0.168371,0.30015
16.83,-0.064533,0.195685,0.286286,-0.06975,0.196494,0.28758
16.84,-0.0788967,0.221488,0.253582,-0.0852554,0.223993,0.254227
16.85,-0.0928156,0.241603,0.20602,-0.099269,0.244036,0.206681
16.86,-0.10324,0.254524,0.132211,-0.109673,0.256719,0.132958
16.87,-0.105589,0.259367,0.0393559,-0.111841,0.26149,0.0400038
16.88,-0.101673,0.257997,-0.0536913,-0.107917,0.260069,-0.0532493
16.89,-0.0961565,0.254231,-0.136327,-0.102456,0.256559,-0.136073
16.9,-0.0932045,0.252879,-0.21449,-0.0998189,0.255137,-0.214544
16.91,-0.0913835,0.249932,-0.269383,-0.0984146,0.251532,-0.269435
16.92,-0.0880885,0.243145,-0.288095,-0.0949726,0.244717,-0.288176
16.93,-0.0815592,0.233326,-0.271105,-0.0887904,0.234443,-0.271183
16.94,-0.0721897,0.222301,-0.226719,-0.0794856,0.223653,-0.226232
16.95,-0.0620763,0.211901,-0.167254,-0.0695537,0.212993,-0.16608
16.96,-0.0538741,0.202653,-0.102854,-0.061287,0.203789,-0.101122
16.97,-0.0483801,0.195074,-0.0427826,-0.055893,0.195816,-0.0403651
16.98,-0.0463004,0.170362,0.040461,-0.0537565,0.170625,0.0429305
16.99,-0.06191,0.138921,0.124076,-0.0691332,0.138607,0.12678
17,-0.087441,0.119355,0.188132,-0.0946523,0.118531,0.190818
17.01,-0.0901892,0.0999638,0.254689,-0.0968863,0.0986099,0.257245
17.02,-0.104718,0.0997474,0.273854,-0.111504,0.0977683,0.275988
17.03,-0.126931,0.108802,0.258174,-0.133996,0.10655,0.25955
17.04,-0.152176,0.121581,0.220305,-0.159641,0.11937,0.220948
17.05,-0.17367,0.135018,0.170059,-0.181314,0.132491,0.170827
17.06,-0.188656,0.145069,0.101984,-0.196305,0.142596,0.102769
17.07,-0.196415,0.14797,0.0246582,-0.204085,0.145454,0.0253831
17.08,-0.197161,0.145622,-0.05057,-0.204781,0.143432,-0.0499382
17.09,-0.194458,0.141636,-0.118995,-0.201851,0.139629,-0.11854
17.1,-0.19331,0.13879,-0.185365,-0.200415,0.136905,-0.184768
17.11,-0.190936,0.136785,-0.239085,-0.197872,0.134978,-0.23872
17.12,-0.18513,0.133611,-0.264404,-0.192037,0.131867,-0.264179
17.13,-0.17735,0.125638,-0.261873,-0.184144,0.123857,-0.261484
17.14,-0.169015,0.113335,-0.236995,-0.175744,0.111488,-0.236154
17.15,-0.160886,0.0990089,-0.195273,-0.167521,0.0974484,-0.194415
17.16,-0.15238,0.0844923,-0.141926,-0.158594,0.0827301,-0.140622
17.17,-0.132737,0.0723991,-0.0606425,-0.13853,0.0704825,-0.0587469
17.18,-0.107875,0.078078,0.0430652,-0.113412,0.0760269,0.0451921
17.19,-0.0922766,0.102049,0.127142,-0.097456,0.099628,0.129383
17.2,-0.0860061,0.126399,0.205407,-0.0908263,0.123896,0.20802
17.21,-0.0779746,0.138976,0.273326,-0.0821122,0.136382,0.276153
17.22,-0.0832374,0.160178,0.296086,-0.0873276,0.1581,0.29862
17.23,-0.097615,0.184559,0.28608,-0.102363,0.183993,0.287612
17.24,-0.115712,0.20776,0.254508,-0.121309,0.208011,0.2552
17.25,-0.132687,0.225452,0.207622,-0.138576,0.225571,0.208501
17.26,-0.145172,0.236541,0.134175,-0.150973,0.23669,0.135298
17.27,-0.148409,0.240907,0.0412029,-0.153994,0.241169,0.0418804
17.28,-0.144368,0.240155,-0.05215,-0.149713,0.240347,-0.0516123
17.29,-0.138354,0.237234,-0.135313,-0.14402,0.237186,-0.134969
17.3,-0.135168,0.236096,-0.21369,-0.140811,0.235927,-0.213503
17.31,-0.132797,0.233079,-0.268368,-0.138482,0.232758,-0.268658
17.32,-0.128383,0.226574,-0.287141,-0.13431,0.226234,-0.287284
17.33,-0.120347,0.217683,-0.270499,-0.12619,0.217135,-0.270463
17.34,-0.109367,0.208106,-0.226548,-0.115139,0.207351,-0.226098
17.35,-0.0977685,0.199251,-0.167463,-0.103855,0.198149,-0.166224
17.36,-0.0882107,0.191214,-0.103308,-0.0941375,0.189795,-0.101479
17.37,-0.081622,0.184531,-0.0435852,-0.0875742,0.182929,-0.0413393
17.38,-0.075456,0.161006,0.0383832,-0.0814716,0.159502,0.0410911
17.39,-0.0852028,0.127259,0.122254,-0.0908093,0.125155,0.125443
17.4,-0.106742,0.103675,0.186777,-0.111855,0.101055,0.190115
17.41,-0.10586,0.0838895,0.253859,-0.110406,0.080902,0.257004
17.42,-0.119679,0.0810149,0.273727,-0.124207,0.0774827,0.276812
17.43,-0.142874,0.0863162,0.258377,-0.148081,0.0826387,0.260765
17.44,-0.169851,0.0948584,0.22053,-0.175878,0.091068,0.222563
17.45,-0.193324,0.104696,0.170143,-0.199342,0.100706,0.172373
17.46,-0.209807,0.11223,0.101963,-0.215657,0.107987,0.104216
17.47,-0.218012,0.113793,0.0246334,-0.223855,0.109499,0.0267805
17.48,-0.218407,0.111323,-0.0504847,-0.224339,0.107217,-0.0481878
17.49,-0.215101,0.107821,-0.118802,-0.220901,0.103799,-0.116649
17.5,-0.213494,0.10522,-0.185059,-0.219101,0.101088,-0.182958
17.51,-0.21081,0.103662,-0.238726,-0.21676,0.0997648,-0.236845
17.52,-0.204529,0.101508,-0.263996,-0.209989,0.0975084,-0.262332
17.53,-0.19552,0.0949298,-0.261425,-0.200668,0.0911361,-0.259712
17.54,-0.185267,0.0841302,-0.236553,-0.190286,0.0804162,-0.234586
17.55,-0.174906,0.0712833,-0.19488,-0.179741,0.0676458,-0.192797
17.56,-0.164112,0.0583194,-0.141545,-0.168785,0.0548211,-0.138702
17.57,-0.142603,0.0496345,-0.0599847,-0.146851,0.0459786,-0.0566396
17.58,-0.119043,0.0594041,0.0436402,-0.122952,0.0556974,0.0470143
17.59,-0.107601,0.0856686,0.127512,-0.111461,0.0820161,0.130986
17.6,-0.105477,0.110893,0.205294,-0.10914,0.106914,0.208749
17.61,-0.0952925,0.123119,0.276652,-0.0984571,0.119281,0.280153
17.62,-0.104931,0.143349,0.297572,-0.108042,0.140083,0.300567
17.63,-0.123731,0.165025,0.285763,-0.128193,0.163361,0.287928
17.64,-0.145583,0.184849,0.253087,-0.15088,0.18376,0.254845
17.65,-0.165213,0.199427,0.205577,-0.170155,0.198087,0.207341
17.66,-0.179252,0.208316,0.131813,-0.184145,0.206775,0.133411
17.67,-0.183065,0.212142,0.0389771,-0.187752,0.210483,0.040272
17.68,-0.178933,0.212084,-0.0540587,-0.183708,0.210449,-0.0527919
17.69,-0.172502,0.210259,-0.136661,-0.177041,0.208685,-0.135617
17.7,-0.169249,0.209875,-0.21471,-0.174078,0.208576,-0.213637
17.71,-0.16653,0.207588,-0.269347,-0.171439,0.206352,-0.268528
17.72,-0.161178,0.202156,-0.287796,-0.16636,0.201011,-0.28715
17.73,-0.151798,0.194917,-0.270602,-0.157337,0.193655,-0.269396
17.74,-0.139363,0.187464,-0.226098,-0.144764,0.186036,-0.22431
17.75,-0.126448,0.180849,-0.166599,-0.131988,0.179144,-0.164401
17.76,-0.115729,0.174719,-0.102249,-0.121394,0.172831,-0.0997115
17.77,-0.10811,0.1693,-0.0422639,-0.114128,0.16698,-0.0392005
17.78,-0.0982401,0.146511,0.0409677,-0.103918,0.143569,0.0442584
17.79,-0.103021,0.111743,0.124421,-0.10845,0.108335,0.128191
17.8,-0.12104,0.0850358,0.188193,-0.126258,0.0814143,0.191926
17.81,-0.117533,0.06579,0.254488,-0.122215,0.0620116,0.257859
17.82,-0.131281,0.0609353,0.273475,-0.136245,0.0571369,0.27649
17.83,-0.155235,0.062391,0.257707,-0.160512,0.0582781,0.259659
17.84,-0.183224,0.0663973,0.219844,-0.189018,0.0621322,0.221568
17.85,-0.207866,0.0722224,0.16965,-0.213797,0.0678736,0.171314
17.86,-0.225272,0.0769289,0.101611,-0.231143,0.0725013,0.103239
17.87,-0.233547,0.0771919,0.0242989,-0.239369,0.0727413,0.0258934
17.88,-0.233498,0.0747269,-0.0509133,-0.239178,0.0702,-0.0494245
17.89,-0.229661,0.0718079,-0.119306,-0.235404,0.0675008,-0.117826
17.9,-0.227648,0.0694824,-0.185636,-0.233159,0.0652193,-0.18407
17.91,-0.224705,0.0683636,-0.239173,-0.229962,0.0642564,-0.23736
17.92,-0.21814,0.0672191,-0.264285,-0.223332,0.0633402,-0.262793
17.93,-0.208178,0.0621572,-0.261585,-0.213356,0.0583382,-0.259945
17.94,-0.196316,0.053176,-0.236597,-0.201392,0.0496953,-0.235047
17.95,-0.184014,0.0422225,-0.194826,-0.189094,0.0389713,-0.192893
17.96,-0.171315,0.0312143,-0.14149,-0.17631,0.0281094,-0.139097
17.97,-0.148895,0.0260485,-0.0603286,-0.153839,0.023092,-0.0576867
17.98,-0.127181,0.0393776,0.0433162,-0.131839,0.0364609,0.0462956
17.99,-0.120104,0.067072,0.127334,-0.124648,0.0640397,0.130846
18,-0.121979,0.0921284,0.205556,-0.12611,0.0890942,0.208899
18.01,-0.113855,0.10573,0.277143,-0.11782,0.102641,0.280332
18.02,-0.126619,0.124041,0.298239,-0.130852,0.121448,0.301167
18.03,-0.148695,0.142361,0.286457,-0.154493,0.141005,0.288154
18.04,-0.173497,0.158398,0.253714,-0.180629,0.158008,0.254657
18.05,-0.195226,0.169619,0.206108,-0.202306,0.169292,0.207045
18.06,-0.210487,0.176129,0.132259,-0.217373,0.175844,0.133109
18.07,-0.214826,0.179298,0.0393836,-0.221704,0.179021,0.0398534
18.08,-0.210723,0.179922,-0.0536833,-0.21768,0.179699,-0.0531867
18.09,-0.204087,0.179185,-0.136337,-0.211181,0.178852,-0.136213
18.1,-0.200858,0.179386,-0.214541,-0.207908,0.178891,-0.214407
18.11,-0.197889,0.177658,-0.269517,-0.204977,0.177174,-0.26955
18.12,-0.191814,0.173228,-0.288297,-0.199224,0.172305,-0.288767
18.13,-0.181451,0.167636,-0.271343,-0.189022,0.166627,-0.271582
18.14,-0.168002,0.162313,-0.22696,-0.175645,0.1613,-0.226682
18.15,-0.154182,0.157892,-0.167474,-0.162014,0.156781,-0.16633
18.16,-0.142587,0.15359,-0.103036,-0.150396,0.152541,-0.101323
18.17,-0.13416,0.149483,-0.0429027,-0.142044,0.148125,-0.0409371
18.18,-0.120702,0.128594,0.0404802,-0.128281,0.126802,0.0428012
18.19,-0.119756,0.0935067,0.124117,-0.127134,0.0916147,0.127071
18.2,-0.133119,0.0642539,0.188221,-0.140035,0.0622468,0.191323
18.21,-0.130816,0.0458497,0.252296,-0.137026,0.0434234,0.255567
18.22,-0.142831,0.0386014,0.273064,-0.148912,0.0355502,0.276053
18.23,-0.165999,0.0361159,0.25864,-0.172556,0.0327849,0.260763
18.24,-0.19394,0.0355849,0.221448,-0.20117,0.0318087,0.222912
18.25,-0.219251,0.0374257,0.17122,-0.226526,0.0336492,0.172745
18.26,-0.237257,0.0393815,0.103097,-0.244711,0.0353923,0.104719
18.27,-0.245521,0.0383943,0.0256288,-0.252735,0.0340538,0.0275073
18.28,-0.245068,0.0360546,-0.0498357,-0.252029,0.0318988,-0.0478376
18.29,-0.240722,0.0338762,-0.11849,-0.247368,0.0297195,-0.116715
18.3,-0.238146,0.0319921,-0.185074,-0.24462,0.0280189,-0.183347
18.31,-0.234758,0.0314563,-0.238545,-0.240956,0.0274523,-0.236918
18.32,-0.227822,0.0314907,-0.263749,-0.233939,0.0275938,-0.262366
18.33,-0.216998,0.0281982,-0.261325,-0.222778,0.0243562,-0.26016
18.34,-0.203657,0.021357,-0.236722,-0.209622,0.0177036,-0.235156
18.35,-0.189593,0.0126425,-0.195252,-0.195029,0.00907772,-0.193167
18.36,-0.17525,0.0038957,-0.142272,-0.180594,0.000549352,-0.1396
18.37,-0.152373,0.00224422,-0.0618303,-0.157321,-0.00123981,-0.0587521
18.38,-0.13277,0.0187395,0.0417784,-0.137375,0.0153981,0.0452324
18.39,-0.129943,0.0471321,0.126024,-0.134075,0.0438338,0.129818
18.4,-0.135478,0.0714351,0.204671,-0.139191,0.0680318,0.208385
18.41,-0.129323,0.0861054,0.276721,-0.13289,0.0828448,0.280486
18.42,-0.144629,0.102056,0.298197,-0.148317,0.099323,0.301504
18.43,-0.169287,0.116523,0.286605,-0.174714,0.114807,0.288776
18.44,-0.196382,0.128347,0.253945,-0.203102,0.126846,0.255432
18.45,-0.219714,0.135945,0.206378,-0.226697,0.134477,0.208016
18.46,-0.235892,0.13995,0.13257,-0.242925,0.138653,0.134125
18.47,-0.240734,0.142418,0.0397707,-0.24764,0.140801,0.041269
18.48,-0.236815,0.143713,-0.0532716,-0.244115,0.141956,-0.0519728
18.49,-0.230144,0.144069,-0.135867,-0.237347,0.14214,-0.134519
18.5,-0.227004,0.144814,-0.214081,-0.234299,0.142532,-0.212748
18.51,-0.223838,0.143631,-0.269212,-0.23128,0.141045,-0.267967
18.52,-0.217166,0.140274,-0.288133,-0.224987,0.137564,-0.286804
18.53,-0.20606,0.136458,-0.27128,-0.213844,0.133476,-0.269668
18.54,-0.191935,0.13341,-0.22697,-0.199724,0.130401,-0.224788
18.55,-0.177579,0.131325,-0.167543,-0.185269,0.12816,-0.164624
18.56,-0.165432,0.128999,-0.103157,-0.173355,0.125548,-0.0998554
18.57,-0.156408,0.126325,-0.0430089,-0.164118,0.122525,-0.039067
18.58,-0.139618,0.107679,0.0407537,-0.146956,0.103517,0.0450251
18.59,-0.133123,0.0731369,0.124294,-0.140127,0.0690932,0.128824
18.6,-0.141707,0.0420214,0.188138,-0.148114,0.0380199,0.192959
18.61,-0.132266,0.0248813,0.254533,-0.138259,0.0206776,0.259018
18.62,-0.143852,0.0158894,0.273532,-0.149406,0.0114902,0.2778
18.63,-0.167052,0.00959042,0.257814,-0.172967,0.00491669,0.260881
18.64,-0.19488,0.00442935,0.220033,-0.201247,-0.000490025,0.222567
18.65,-0.220113,0.00207867,0.169932,-0.226307,-0.00304166,0.172461
18.66,-0.238139,0.000987926,0.101952,-0.244347,-0.00406731,0.104419
18.67,-0.246094,-0.00139585,0.0246682,-0.25208,-0.00641919,0.0272503
18.68,-0.245287,-0.00370914,-0.0505481,-0.251296,-0.00856412,-0.0481884
18.69,-0.240738,-0.00524304,-0.118962,-0.246734,-0.0100303,-0.116807
18.7,-0.238102,-0.00681245,-0.185304,-0.243795,-0.0116056,-0.183515
18.71,-0.234985,-0.00695958,-0.238957,-0.240582,-0.0116161,-0.236989
18.72,-0.228429,-0.00595978,-0.264223,-0.233897,-0.00991281,-0.261954
18.73,-0.217398,-0.00758567,-0.261669,-0.222724,-0.011393,-0.259204
18.74,-0.203299,-0.0123172,-0.236802,-0.208493,-0.0162589,-0.233802
18.75,-0.188145,-0.0187834,-0.195109,-0.193177,-0.0228103,-0.19162
18.76,-0.172581,-0.0251794,-0.141792,-0.177104,-0.0292077,-0.137638
18.77,-0.149622,-0.022895,-0.0605175,-0.154122,-0.0266914,-0.0557807
18.78,-0.133282,-0.00330609,0.0431567,-0.137594,-0.00749098,0.0482872
18.79,-0.135384,0.0252268,0.127195,-0.139357,0.0210328,0.132798
18.8,-0.14516,0.0484308,0.205361,-0.148973,0.0438606,0.211038
18.81,-0.1418,0.0639501,0.276941,-0.144994,0.0593894,0.282373
18.82,-0.159734,0.0772712,0.298039,-0.163108,0.0731652,0.302793
18.83,-0.186494,0.0876131,0.286282,-0.191635,0.0839345,0.289731
18.84,-0.215108,0.0949134,0.253576,-0.222043,0.0914061,0.256203
18.85,-0.239285,0.0986279,0.206012,-0.246224,0.0951185,0.208229
18.86,-0.255835,0.0999361,0.132203,-0.262787,0.0965129,0.134345
18.87,-0.260967,0.101559,0.0393482,-0.267984,0.098339,0.0414765
18.88,-0.25728,0.103462,-0.0536989,-0.264063,0.100041,-0.0516211
18.89,-0.250753,0.104882,-0.136335,-0.257745,0.10113,-0.134617
18.9,-0.247742,0.106097,-0.214497,-0.254869,0.102227,-0.212947
18.91,-0.244349,0.105394,-0.269391,-0.251717,0.101478,-0.267956
18.92,-0.237155,0.103123,-0.288101,-0.244396,0.0989858,-0.286725
18.93,-0.225535,0.101117,-0.271108,-0.232715,0.0967887,-0.269391
18.94,-0.211087,0.100346,-0.226719,-0.218235,0.0958498,-0.224545
18.95,-0.196582,0.100544,-0.167251,-0.203561,0.0957204,-0.164671
18.96,-0.184228,0.100146,-0.102849,-0.191132,0.0948518,-0.0998666
18.97,-0.174947,0.0989279,-0.0427772,-0.18171,0.0935471,-0.0392848
18.98,-0.15557,0.0834567,0.0404621,-0.162303,0.0778507,0.0443769
18.99,-0.14346,0.0505102,0.124077,-0.149728,0.0447594,0.128344
19,-0.146795,0.0185174,0.188133,-0.152497,0.0122801,0.192634
19.01,-0.134599,0.00319443,0.254689,-0.139901,-0.00314601,0.259204
19.02,-0.144427,-0.00750759,0.273852,-0.149418,-0.014151,0.277966
19.03,-0.16627,-0.0174191,0.25817,-0.171566,-0.0244111,0.261331
19.04,-0.192903,-0.0269741,0.2203,-0.198526,-0.0342623,0.223027
19.05,-0.217436,-0.0333511,0.170052,-0.22326,-0.0407806,0.172636
19.06,-0.235035,-0.0373292,0.101977,-0.240582,-0.0447998,0.104416
19.07,-0.242475,-0.0409721,0.0246504,-0.247888,-0.0484908,0.0269116
19.08,-0.241282,-0.0431268,-0.050578,-0.246492,-0.0505567,-0.0486428
19.09,-0.236529,-0.0439035,-0.119003,-0.241406,-0.0513322,-0.117479
19.1,-0.233672,-0.0450259,-0.185374,-0.238038,-0.0522007,-0.184242
19.11,-0.230583,-0.0446786,-0.239093,-0.234794,-0.0518131,-0.238061
19.12,-0.224287,-0.042643,-0.26441,-0.228853,-0.0494625,-0.263563
19.13,-0.213148,-0.042471,-0.261875,-0.217541,-0.0492638,-0.260973
19.14,-0.198483,-0.0448725,-0.236993,-0.202972,-0.0512736,-0.235753
19.15,-0.182489,-0.0488136,-0.195268,-0.187113,-0.0549175,-0.193494
19.16,-0.166099,-0.052612,-0.141919,-0.170512,-0.058686,-0.139223
19.17,-0.143817,-0.0466575,-0.060639,-0.14822,-0.0522899,-0.0578195
19.18,-0.130854,-0.0246965,0.0430683,-0.13478,-0.0298463,0.0457871
19.19,-0.137546,0.00310789,0.127144,-0.141404,-0.00195418,0.130233
19.2,-0.150924,0.0243976,0.205408,-0.154392,0.0189233,0.208659
19.21,-0.15454,0.038875,0.273327,-0.157692,0.0334034,0.276785
19.22,-0.173557,0.0496227,0.296085,-0.176962,0.0443349,0.299052
19.23,-0.201149,0.0559356,0.286078,-0.206075,0.0509642,0.288004
19.24,-0.230439,0.0587359,0.254503,-0.236686,0.0537431,0.255829
19.25,-0.254957,0.058565,0.207616,-0.261241,0.0533732,0.208937
19.26,-0.271592,0.0571181,0.134169,-0.277813,0.0516688,0.135555
19.27,-0.276988,0.0577673,0.0411967,-0.282942,0.0522701,0.0427987
19.28,-0.273664,0.0601864,-0.0521561,-0.279595,0.0548724,-0.0508847
19.29,-0.267409,0.0625483,-0.135319,-0.273429,0.0570246,-0.134216
19.3,-0.264392,0.0640806,-0.213697,-0.27037,0.0583088,-0.212958
19.31,-0.260572,0.0637297,-0.268375,-0.266597,0.0577522,-0.267888
19.32,-0.252812,0.0624646,-0.287147,-0.258929,0.0564712,-0.286574
19.33,-0.240832,0.0621909,-0.270502,-0.247386,0.0555434,-0.269426
19.34,-0.226328,0.0635842,-0.226549,-0.233289,0.0567158,-0.224718
19.35,-0.211925,0.0659237,-0.167462,-0.219056,0.0589966,-0.165274
19.36,-0.199518,0.0673423,-0.103304,-0.206405,0.0605682,-0.100624
19.37,-0.190136,0.0675353,-0.0435812,-0.196789,0.0606329,-0.0403318
19.38,-0.168813,0.0558473,0.0383832,-0.175625,0.0489618,0.0421452
19.39,-0.150998,0.0255743,0.122255,-0.157467,0.0184367,0.126595
19.4,-0.148671,-0.00627972,0.186778,-0.154518,-0.0136319,0.191238
19.41,-0.133693,-0.0192371,0.253859,-0.138791,-0.026642,0.258246
19.42,-0.141102,-0.0312503,0.273726,-0.145839,-0.0389277,0.27772
19.43,-0.160895,-0.0444551,0.258375,-0.165908,-0.0524854,0.2612
19.44,-0.18564,-0.0581797,0.220526,-0.190511,-0.0666967,0.222796
19.45,-0.208918,-0.0684684,0.170139,-0.2138,-0.0772888,0.172306
19.46,-0.22572,-0.0752639,0.101957,-0.230609,-0.0840165,0.104216
19.47,-0.232494,-0.080149,0.0246276,-0.237621,-0.088662,0.0269467
19.48,-0.230971,-0.0821343,-0.0504907,-0.235737,-0.0906022,-0.0481479
19.49,-0.226155,-0.0821399,-0.118808,-0.230798,-0.0905861,-0.116911
19.5,-0.22316,-0.0827601,-0.185065,-0.227557,-0.0909982,-0.183237
19.51,-0.220184,-0.0818808,-0.238733,-0.224593,-0.0896986,-0.236946
19.52,-0.214302,-0.0787986,-0.264,-0.218591,-0.0863603,-0.262499
19.53,-0.203331,-0.0767751,-0.261428,-0.20761,-0.084337,-0.259469
19.54,-0.18844,-0.07675,-0.236552,-0.192839,-0.0841209,-0.234177
19.55,-0.171987,-0.0780538,-0.194877,-0.176305,-0.0850813,-0.19203
19.56,-0.155152,-0.0791228,-0.14154,-0.159211,-0.0859161,-0.137892
19.57,-0.134063,-0.0694703,-0.0599823,-0.138027,-0.0759231,-0.0558878
19.58,-0.124966,-0.0456425,0.0436424,-0.128851,-0.0521013,0.0478445
19.59,-0.13618,-0.0192809,0.127514,-0.139651,-0.0257436,0.132172
19.6,-0.153042,-0.000402683,0.205295,-0.155968,-0.00677104,0.210096
19.61,-0.154924,0.0153978,0.276652,-0.157788,0.00936068,0.281297
19.62,-0.176243,0.0222993,0.297571,-0.179563,0.0165685,0.301687
19.63,-0.204909,0.0235409,0.285761,-0.210147,0.0183562,0.288863
19.64,-0.234327,0.0212927,0.253083,-0.240778,0.0160757,0.255386
19.65,-0.258407,0.0170536,0.205572,-0.264885,0.0117812,0.207553
19.66,-0.274513,0.0129649,0.131809,-0.280658,0.00769641,0.133887
19.67,-0.279912,0.0128254,0.0389721,-0.286093,0.00747212,0.0410191
19.68,-0.27703,0.015787,-0.0540637,-0.282842,0.0102627,-0.0522411
19.69,-0.271284,0.0192046,-0.136666,-0.276636,0.0133408,-0.134944
19.7,-0.268769,0.0213038,-0.214715,-0.274307,0.015385,-0.21313
19.71,-0.265241,0.0217071,-0.269352,-0.270798,0.0152413,-0.267841
19.72,-0.257616,0.0218611,-0.287801,-0.263119,0.0156249,-0.286154
19.73,-0.245911,0.0236994,-0.270605,-0.251793,0.0173431,-0.268893
19.74,-0.231951,0.0276092,-0.226098,-0.237723,0.0210366,-0.22391
19.75,-0.218269,0.032444,-0.166598,-0.223829,0.0258215,-0.163943
19.76,-0.206449,0.0360174,-0.102246,-0.212044,0.0292056,-0.0988275
19.77,-0.197278,0.0378273,-0.0422606,-0.202583,0.0306343,-0.0383973
19.78,-0.173943,0.029335,0.0409683,-0.178874,0.0219161,0.0452762
19.79,-0.151974,0.0019671,0.124422,-0.1563,-0.00552242,0.129122
19.8,-0.144959,-0.0294766,0.188193,-0.148691,-0.0369884,0.193226
19.81,-0.128569,-0.0401562,0.254488,-0.131857,-0.0475022,0.258936
19.82,-0.134491,-0.0534789,0.273474,-0.137546,-0.0610431,0.277407
19.83,-0.152012,-0.0698783,0.257705,-0.154903,-0.0778088,0.260931
19.84,-0.174158,-0.0874551,0.21984,-0.1773,-0.0958328,0.222765
19.85,-0.195325,-0.101351,0.169646,-0.198396,-0.109787,0.172603
19.86,-0.210707,-0.11076,0.101607,-0.213669,-0.119172,0.104654
19.87,-0.216584,-0.11659,0.024294,-0.219485,-0.124726,0.0273262
19.88,-0.21476,-0.118248,-0.0509184,-0.217404,-0.125821,-0.0482125
19.89,-0.210002,-0.117467,-0.119311,-0.212642,-0.125222,-0.11691
19.9,-0.206929,-0.117603,-0.185642,-0.209563,-0.125124,-0.183303
19.91,-0.204094,-0.116234,-0.239178,-0.206696,-0.123317,-0.237121
19.92,-0.19875,-0.112252,-0.264289,-0.201223,-0.119128,-0.262133
19.93,-0.188226,-0.108495,-0.261587,-0.190727,-0.115051,-0.259519
19.94,-0.17355,-0.106051,-0.236596,-0.176271,-0.112067,-0.234155
19.95,-0.157138,-0.104643,-0.194823,-0.159951,-0.110366,-0.19224
19.96,-0.140415,-0.102985,-0.141486,-0.143214,-0.108548,-0.138446
19.97,-0.121255,-0.0902512,-0.0603264,-0.123855,-0.0955297,-0.0565153
19.98,-0.116012,-0.0653178,0.0433182,-0.118397,-0.0704229,0.0476299
19.99,-0.131265,-0.0411442,0.127335,-0.133274,-0.0459554,0.13168
20,-0.150754,-0.0252857,0.205557,-0.152627,-0.0297493,0.210049
20.01,-0.155016,-0.0100183,0.277219,-0.156775,-0.0144235,0.281556
20.02,-0.177007,-0.00665941,0.298521,-0.179191,-0.0109015,0.302184
20.03,-0.205401,-0.0100322,0.286974,-0.209462,-0.0147106,0.289549
20.04,-0.234095,-0.0169444,0.254299,-0.239644,-0.0218648,0.255812
20.05,-0.257187,-0.0249084,0.206719,-0.26243,-0.029977,0.208368
20.06,-0.272365,-0.0314283,0.132875,-0.277553,-0.0364774,0.134496
20.07,-0.277548,-0.0323117,0.0399093,-0.282723,-0.037586,0.0412724
20.08,-0.27509,-0.0287876,-0.0531399,-0.280008,-0.0339879,-0.0520549
20.09,-0.269946,-0.0243777,-0.135773,-0.274976,-0.0297297,-0.135029
20.1,-0.267883,-0.0218162,-0.213924,-0.272993,-0.0270665,-0.213361
20.11,-0.264709,-0.0208003,-0.26898,-0.270009,-0.0265084,-0.268514
20.12,-0.257571,-0.019483,-0.288212,-0.263141,-0.0251752,-0.287533
20.13,-0.246753,-0.0159625,-0.2721,-0.252772,-0.0218948,-0.271328
20.14,-0.234098,-0.0100656,-0.228856,-0.240148,-0.0164613,-0.227653
20.15,-0.221889,-0.0033236,-0.170548,-0.227834,-0.010174,-0.168781
20.16,-0.211313,0.00187859,-0.106878,-0.217352,-0.00506871,-0.104398
20.17,-0.203088,0.00499829,-0.0470179,-0.208876,-0.00210018,-0.0440395
20.18,-0.178832,0.000236361,0.0369683,-0.184006,-0.0065546,0.04035
20.19,-0.152992,-0.0235665,0.121639,-0.157884,-0.0303486,0.125479
20.2,-0.141262,-0.0535173,0.187312,-0.145724,-0.0598664,0.191476
20.21,-0.126259,-0.0640851,0.253596,-0.130182,-0.0701766,0.257895
20.22,-0.129601,-0.0776286,0.276208,-0.133215,-0.0838738,0.280023
20.23,-0.143956,-0.0960943,0.263216,-0.147467,-0.102859,0.266621
20.24,-0.163197,-0.116814,0.226877,-0.166936,-0.123991,0.229825
20.25,-0.18239,-0.133939,0.177286,-0.185831,-0.141053,0.180101
20.26,-0.196644,-0.145365,0.109354,-0.200058,-0.152323,0.112129
20.27,-0.201649,-0.151934,0.0312026,-0.204932,-0.158979,0.033774
20.28,-0.199626,-0.15291,-0.0454428,-0.202945,-0.159832,-0.0427692
20.29,-0.195129,-0.150851,-0.11559,-0.198519,-0.15771,-0.113111
20.3,-0.192077,-0.150211,-0.183547,-0.195272,-0.156771,-0.180922
20.31,-0.189439,-0.148494,-0.23917,-0.192442,-0.154838,-0.236669
20.32,-0.185158,-0.144017,-0.266712,-0.1881,-0.150032,-0.264569
20.33,-0.17584,-0.139264,-0.266001,-0.178758,-0.145009,-0.263514
20.34,-0.162016,-0.135295,-0.241973,-0.165045,-0.140801,-0.238946
20.35,-0.146146,-0.132302,-0.200076,-0.149326,-0.137381,-0.196965
20.36,-0.130309,-0.129131,-0.146138,-0.133816,-0.134056,-0.14268
20.37,-0.113215,-0.114592,-0.0650852,-0.116542,-0.119193,-0.0608539
20.38,-0.110896,-0.0888779,0.0397462,-0.114214,-0.0930079,0.0443903
20.39,-0.128976,-0.0674587,0.124991,-0.131958,-0.0712267,0.129985
20.4,-0.151103,-0.0550297,0.2029,-0.153719,-0.0585747,0.207787
20.41,-0.156868,-0.040377,0.276497,-0.15917,-0.0436123,0.281256
20.42,-0.17925,-0.0404982,0.298575,-0.182128,-0.0437095,0.302638
20.43,-0.207645,-0.0480939,0.287691,-0.211808,-0.0517809,0.290527
20.44,-0.235656,-0.0589873,0.256153,-0.240706,-0.0632261,0.258375
20.45,-0.257932,-0.0703187,0.20988,-0.262873,-0.0747958,0.212276
20.46,-0.272169,-0.0789725,0.136934,-0.277019,-0.0836268,0.139608
20.47,-0.277092,-0.0803466,0.0449752,-0.282076,-0.0847507,0.0475049
20.48,-0.27498,-0.0762694,-0.0473009,-0.279505,-0.0806745,-0.044941
20.49,-0.270313,-0.070895,-0.128772,-0.274647,-0.0756079,-0.126518
20.5,-0.268882,-0.0679447,-0.206791,-0.273053,-0.072677,-0.204655
20.51,-0.26674,-0.0665575,-0.264271,-0.271133,-0.0715888,-0.26212
20.52,-0.261042,-0.0645936,-0.287645,-0.265559,-0.0696347,-0.2852
20.53,-0.252132,-0.0599212,-0.276504,-0.256217,-0.0649425,-0.273827
20.54,-0.241805,-0.0522506,-0.238137,-0.245641,-0.0572127,-0.235365
20.55,-0.231884,-0.0436037,-0.183062,-0.235597,-0.0489,-0.179645
20.56,-0.223133,-0.0365315,-0.120681,-0.226592,-0.0418637,-0.116799
20.57,-0.215419,-0.0316235,-0.0582404,-0.218744,-0.037157,-0.0537959
20.58,-0.187776,-0.0332381,0.0331117,-0.190742,-0.0390044,0.0381689
20.59,-0.159,-0.054401,0.120981,-0.161813,-0.0598982,0.126362
20.6,-0.143548,-0.0828452,0.188859,-0.145767,-0.0880266,0.19458
20.61,-0.125164,-0.0882791,0.260379,-0.126812,-0.0932079,0.266085
20.62,-0.127989,-0.103951,0.282181,-0.12913,-0.108947,0.287479
20.63,-0.140755,-0.126275,0.268346,-0.141796,-0.131944,0.272812
20.64,-0.157793,-0.150931,0.232376,-0.159082,-0.156927,0.236512
20.65,-0.174742,-0.171086,0.184157,-0.175977,-0.177185,0.188193
20.66,-0.187287,-0.184268,0.1167,-0.18831,-0.190643,0.120596
20.67,-0.191066,-0.190906,0.0378153,-0.192255,-0.197263,0.0413976
20.68,-0.188409,-0.19106,-0.0403383,-0.189491,-0.19723,-0.0364908
20.69,-0.183813,-0.187855,-0.111937,-0.184732,-0.193798,-0.108296
20.7,-0.180642,-0.186921,-0.180877,-0.181653,-0.192663,-0.177074
20.71,-0.178145,-0.18576,-0.239418,-0.17937,-0.191233,-0.235757
20.72,-0.174886,-0.181658,-0.269857,-0.176431,-0.187077,-0.266171
20.73,-0.166946,-0.17661,-0.270946,-0.168622,-0.181788,-0.267078
20.74,-0.154332,-0.170784,-0.24776,-0.156265,-0.175942,-0.243511
20.75,-0.139067,-0.16593,-0.205707,-0.141019,-0.170574,-0.200894
20.76,-0.124031,-0.161942,-0.15122,-0.12606,-0.166186,-0.145638
20.77,-0.108893,-0.147186,-0.0715597,-0.110998,-0.151101,-0.0655538
20.78,-0.10776,-0.120144,0.0347102,-0.109869,-0.123828,0.0411058
20.79,-0.126863,-0.100309,0.121733,-0.128455,-0.104145,0.128358
20.8,-0.150453,-0.0901598,0.199164,-0.151648,-0.0935441,0.205696
20.81,-0.156842,-0.075775,0.27463,-0.157626,-0.0787703,0.280982
20.82,-0.179014,-0.0787162,0.296958,-0.179839,-0.0816488,0.302445
20.83,-0.20711,-0.0898446,0.286269,-0.209115,-0.0936705,0.290473
20.84,-0.234314,-0.103917,0.255454,-0.237542,-0.108683,0.258914
20.85,-0.255798,-0.117871,0.2104,-0.25869,-0.122649,0.213711
20.86,-0.269273,-0.128067,0.139009,-0.271874,-0.132497,0.142433
20.87,-0.274041,-0.129745,0.0490921,-0.276416,-0.133936,0.0523103
20.88,-0.272187,-0.12529,-0.0416644,-0.274838,-0.129525,-0.0387187
20.89,-0.268027,-0.119206,-0.121658,-0.270645,-0.123267,-0.118721
20.9,-0.266968,-0.115762,-0.198747,-0.269653,-0.119863,-0.195931
20.91,-0.265499,-0.114041,-0.257714,-0.268082,-0.118353,-0.255342
20.92,-0.260774,-0.111677,-0.284324,-0.263283,-0.116086,-0.282092
20.93,-0.253296,-0.106325,-0.277547,-0.255645,-0.110877,-0.275082
20.94,-0.244954,-0.0975501,-0.243861,-0.247183,-0.10231,-0.241109
20.95,-0.236995,-0.0878311,-0.192082,-0.239323,-0.0928028,-0.188984
20.96,-0.229986,-0.0796393,-0.131327,-0.232403,-0.0849103,-0.127749
20.97,-0.223386,-0.0735952,-0.0675812,-0.225436,-0.0791487,-0.0635044
20.98,-0.195932,-0.0716327,0.0258627,-0.197601,-0.0771935,0.0304107
20.99,-0.165262,-0.0890254,0.116751,-0.166538,-0.094085,0.121615
21,-0.147213,-0.114436,0.18833,-0.148245,-0.119115,0.193455
21.01,-0.128049,-0.116861,0.264028,-0.128567,-0.120997,0.269272
21.02,-0.129227,-0.132916,0.28795,-0.129244,-0.136749,0.292436
21.03,-0.140243,-0.157342,0.27518,-0.13993,-0.161727,0.27923
21.04,-0.155407,-0.18451,0.239974,-0.155392,-0.189768,0.243503
21.05,-0.170646,-0.206813,0.192208,-0.17056,-0.212169,0.195321
21.06,-0.18159,-0.221157,0.124565,-0.181236,-0.22625,0.12789
21.07,-0.184196,-0.227445,0.0446412,-0.183749,-0.232615,0.0482552
21.08,-0.18093,-0.22655,-0.0352374,-0.180331,-0.231518,-0.0317781
21.09,-0.176152,-0.222228,-0.108339,-0.175224,-0.227,-0.105015
21.1,-0.172601,-0.220603,-0.178419,-0.171729,-0.225308,-0.175384
21.11,-0.17,-0.219661,-0.239404,-0.169082,-0.224248,-0.23644
21.12,-0.167196,-0.215778,-0.272253,-0.166441,-0.220416,-0.269083
21.13,-0.160596,-0.210293,-0.27486,-0.160081,-0.214867,-0.27165
21.14,-0.149007,-0.203249,-0.252546,-0.148632,-0.207858,-0.249306
21.15,-0.134381,-0.197357,-0.210366,-0.13446,-0.202029,-0.206737
21.16,-0.12033,-0.19298,-0.155643,-0.12091,-0.197761,-0.151211
21.17,-0.10727,-0.180095,-0.0801341,-0.108105,-0.184886,-0.0749165
21.18,-0.105963,-0.151536,0.026968,-0.107034,-0.156226,0.0326008
21.19,-0.12444,-0.131442,0.116127,-0.125332,-0.135931,0.12208
21.2,-0.147872,-0.122026,0.194644,-0.148289,-0.126447,0.200471
21.21,-0.156553,-0.111123,0.26973,-0.156921,-0.115242,0.275542
21.22,-0.176905,-0.114563,0.294714,-0.17712,-0.11851,0.299869
21.23,-0.203641,-0.127495,0.286442,-0.204431,-0.1321,0.290513
21.24,-0.230341,-0.144035,0.257159,-0.231693,-0.149241,0.260933
21.25,-0.251441,-0.160182,0.213394,-0.252411,-0.165379,0.216909
21.26,-0.264482,-0.17165,0.143534,-0.265475,-0.177041,0.146852
21.27,-0.269182,-0.173625,0.0557731,-0.26981,-0.179094,0.0589981
21.28,-0.267369,-0.168941,-0.0336227,-0.267838,-0.174311,-0.0306627
21.29,-0.263346,-0.162294,-0.112218,-0.26362,-0.167493,-0.109496
21.3,-0.262355,-0.158289,-0.188507,-0.262389,-0.163285,-0.186054
21.31,-0.261312,-0.156186,-0.249305,-0.261361,-0.161338,-0.247422
21.32,-0.257274,-0.153664,-0.279862,-0.257417,-0.159129,-0.278107
21.33,-0.250914,-0.148073,-0.278605,-0.251364,-0.153768,-0.27665
21.34,-0.244044,-0.138871,-0.250595,-0.244139,-0.144935,-0.248016
21.35,-0.237734,-0.128484,-0.202955,-0.237427,-0.134739,-0.19996
21.36,-0.232345,-0.119419,-0.144391,-0.231429,-0.125811,-0.140554
21.37,-0.226923,-0.11232,-0.0802218,-0.225716,-0.119008,-0.0761457
21.38,-0.199853,-0.10751,0.0157326,-0.198294,-0.113914,0.020271
21.39,-0.168374,-0.121852,0.109564,-0.16654,-0.128457,0.114684
21.4,-0.14871,-0.143985,0.185705,-0.146621,-0.150169,0.191002
21.41,-0.128838,-0.143431,0.266408,-0.126231,-0.149318,0.271577
21.42,-0.128328,-0.159227,0.293409,-0.125587,-0.165124,0.2981
21.43,-0.138107,-0.185313,0.282234,-0.135381,-0.191563,0.285793
21.44,-0.152072,-0.21437,0.248161,-0.149789,-0.221279,0.251029
21.45,-0.166202,-0.23831,0.201017,-0.163655,-0.245197,0.203899
21.46,-0.175858,-0.253507,0.133071,-0.173264,-0.260215,0.13598
21.47,-0.177513,-0.259348,0.0522165,-0.175079,-0.266119,0.0548679
21.48,-0.173814,-0.257486,-0.029291,-0.171023,-0.264354,-0.0267972
21.49,-0.168805,-0.252264,-0.103628,-0.166155,-0.258774,-0.101204
21.5,-0.1649,-0.250089,-0.174577,-0.162422,-0.256382,-0.172646
21.51,-0.162233,-0.249614,-0.238081,-0.16014,-0.255599,-0.236199
21.52,-0.159689,-0.246242,-0.273747,-0.15813,-0.252128,-0.27225
21.53,-0.154417,-0.240565,-0.278464,-0.153395,-0.246598,-0.276735
21.54,-0.143845,-0.233171,-0.257392,-0.142918,-0.238998,-0.255163
21.55,-0.130065,-0.227077,-0.215339,-0.129348,-0.232922,-0.212847
21.56,-0.116685,-0.222975,-0.160227,-0.116205,-0.228803,-0.157271
21.57,-0.105293,-0.21244,-0.0881916,-0.10553,-0.217891,-0.0847644
21.58,-0.104342,-0.182798,0.0189954,-0.104935,-0.188035,0.0229231
21.59,-0.122492,-0.161183,0.110509,-0.123112,-0.16644,0.114507
21.6,-0.146028,-0.151193,0.190089,-0.146465,-0.15616,0.19425
21.61,-0.15098,-0.13549,0.271687,-0.151268,-0.140064,0.275787
21.62,-0.170852,-0.140627,0.29641,-0.171238,-0.145199,0.299927
21.63,-0.197332,-0.155591,0.287079,-0.198136,-0.160505,0.289836
21.64,-0.223951,-0.174289,0.257101,-0.224895,-0.179837,0.259255
21.65,-0.244736,-0.192038,0.21341,-0.245694,-0.197791,0.215685
21.66,-0.257376,-0.204156,0.144705,-0.258618,-0.210072,0.146802
21.67,-0.261969,-0.206127,0.0590259,-0.263374,-0.21182,0.0610117
21.68,-0.260114,-0.201152,-0.028461,-0.261223,-0.206748,-0.0267132
21.69,-0.2566,-0.193603,-0.105068,-0.257528,-0.199077,-0.103175
21.7,-0.256269,-0.188569,-0.178975,-0.257071,-0.194273,-0.177285
21.71,-0.256481,-0.186442,-0.242302,-0.257039,-0.192198,-0.240946
21.72,-0.253456,-0.184484,-0.277553,-0.253911,-0.190506,-0.276416
21.73,-0.248228,-0.179456,-0.282122,-0.248569,-0.186073,-0.280707
21.74,-0.242146,-0.170634,-0.259098,-0.242308,-0.177171,-0.25745
21.75,-0.237087,-0.159797,-0.215136,-0.237155,-0.166448,-0.212993
21.76,-0.233417,-0.149732,-0.158132,-0.233149,-0.156433,-0.15571
21.77,-0.228567,-0.141113,-0.0920308,-0.22816,-0.148124,-0.0891334
21.78,-0.200039,-0.134301,0.0101457,-0.199482,-0.140984,0.0138055
21.79,-0.168753,-0.147743,0.10641,-0.16766,-0.154193,0.110272
21.8,-0.149039,-0.168033,0.185949,-0.147741,-0.173791,0.190003
21.81,-0.129591,-0.167006,0.269559,-0.127787,-0.172248,0.273552
21.82,-0.128622,-0.183882,0.297676,-0.126589,-0.189069,0.301309
21.83,-0.137615,-0.211733,0.287628,-0.135136,-0.217077,0.290541
21.84,-0.150866,-0.242105,0.255348,-0.148597,-0.247467,0.257924
21.85,-0.164382,-0.266965,0.209643,-0.162108,-0.272405,0.211937
21.86,-0.173268,-0.282513,0.141636,-0.171083,-0.288214,0.144129
21.87,-0.174489,-0.287705,0.0598218,-0.171893,-0.293349,0.062063
21.88,-0.170499,-0.285009,-0.0234943,-0.167862,-0.290502,-0.0213284
21.89,-0.165223,-0.279119,-0.098789,-0.162598,-0.284587,-0.0966125
21.9,-0.160836,-0.276595,-0.169872,-0.158355,-0.28165,-0.167824
21.91,-0.157789,-0.276683,-0.235115,-0.155136,-0.281759,-0.233367
21.92,-0.155437,-0.273998,-0.274112,-0.152939,-0.279182,-0.272805
21.93,-0.151352,-0.26824,-0.282347,-0.149095,-0.273596,-0.281022
21.94,-0.142119,-0.260863,-0.263383,-0.140099,-0.266466,-0.261799
21.95,-0.129873,-0.254477,-0.222195,-0.128247,-0.260254,-0.22026
21.96,-0.117807,-0.250031,-0.166669,-0.116434,-0.255878,-0.164273
21.97,-0.10739,-0.241618,-0.0960278,-0.106607,-0.24757,-0.0928117
21.98,-0.106354,-0.211306,0.0123157,-0.105978,-0.217172,0.0160896
21.99,-0.124384,-0.187096,0.106987,-0.123872,-0.193053,0.110985
22,-0.147976,-0.176067,0.186811,-0.147195,-0.181676,0.190893
22.01,-0.152271,-0.159071,0.270442,-0.151443,-0.16421,0.274586
22.02,-0.171049,-0.164022,0.296174,-0.17042,-0.168779,0.299988
22.03,-0.197093,-0.180025,0.286369,-0.197269,-0.185083,0.289356
22.04,-0.223919,-0.199886,0.256144,-0.224507,-0.205272,0.258344
22.05,-0.244837,-0.218593,0.212495,-0.245274,-0.224028,0.214892
22.06,-0.25739,-0.231041,0.144926,-0.257703,-0.236362,0.147658
22.07,-0.261919,-0.233073,0.0612861,-0.262092,-0.238386,0.0638371
22.08,-0.260228,-0.227786,-0.024107,-0.260078,-0.233173,-0.0216266
22.09,-0.256337,-0.220132,-0.0996736,-0.255749,-0.225237,-0.0975881
22.1,-0.255523,-0.214711,-0.17103,-0.254708,-0.219981,-0.168944
22.11,-0.25635,-0.211999,-0.235595,-0.255817,-0.217133,-0.233572
22.12,-0.253819,-0.209846,-0.274051,-0.253182,-0.215292,-0.272367
22.13,-0.248572,-0.205121,-0.281811,-0.247947,-0.210732,-0.279995
22.14,-0.242412,-0.196095,-0.262258,-0.241816,-0.201931,-0.260273
22.15,-0.237831,-0.184433,-0.221089,-0.237394,-0.190599,-0.218567
22.16,-0.235111,-0.173211,-0.165563,-0.234552,-0.179455,-0.162748
22.17,-0.230135,-0.163121,-0.0980471,-0.229878,-0.169238,-0.094419
22.18,-0.200918,-0.155018,0.00759165,-0.200379,-0.160938,0.0117155
22.19,-0.170087,-0.16689,0.104112,-0.169496,-0.172903,0.108901
22.2,-0.150587,-0.186274,0.185453,-0.149404,-0.191611,0.190135
22.21,-0.133764,-0.189191,0.266795,-0.132416,-0.194084,0.271511
22.22,-0.131693,-0.206206,0.296286,-0.129996,-0.211022,0.300701
22.23,-0.140063,-0.234557,0.287661,-0.138268,-0.239778,0.291446
22.24,-0.152771,-0.2654,0.256945,-0.150897,-0.270929,0.260167
22.25,-0.165916,-0.290676,0.212115,-0.163747,-0.296062,0.215037
22.26,-0.174614,-0.306151,0.144402,-0.172206,-0.311611,0.146903
22.27,-0.175468,-0.311017,0.0618943,-0.173011,-0.316416,0.0642297
22.28,-0.171066,-0.307955,-0.0223059,-0.168563,-0.313197,-0.0198036
22.29,-0.165205,-0.301937,-0.0974407,-0.162818,-0.306914,-0.0950052
22.3,-0.160365,-0.299532,-0.168837,-0.158092,-0.304251,-0.166638
22.31,-0.15732,-0.299195,-0.233538,-0.155398,-0.303686,-0.231954
22.32,-0.155274,-0.295736,-0.272044,-0.153624,-0.300481,-0.270702
22.33,-0.151336,-0.289093,-0.280222,-0.149872,-0.29408,-0.278929
22.34,-0.142954,-0.280734,-0.261192,-0.141884,-0.285864,-0.259484
22.35,-0.131729,-0.273336,-0.220298,-0.130811,-0.278708,-0.217907
22.36,-0.120618,-0.267843,-0.164967,-0.120135,-0.273273,-0.161624
22.37,-0.1111,-0.260566,-0.0976587,-0.11063,-0.265789,-0.0941455
22.38,-0.109249,-0.230873,0.00705548,-0.109107,-0.236328,0.0113952
22.39,-0.126827,-0.204228,0.102709,-0.126861,-0.209411,0.107409
22.4,-0.149268,-0.190402,0.183797,-0.149372,-0.195274,0.188512
22.41,-0.15259,-0.171802,0.268338,-0.152446,-0.176393,0.273017
22.42,-0.169891,-0.175038,0.295817,-0.169726,-0.179182,0.300496
22.43,-0.19563,-0.190725,0.285533,-0.195934,-0.194884,0.289236
22.44,-0.222417,-0.210639,0.254171,-0.222856,-0.214744,0.257647
22.45,-0.243478,-0.229453,0.209429,-0.243885,-0.233431,0.213142
22.46,-0.256113,-0.24169,0.1418,-0.256279,-0.245576,0.145672
22.47,-0.260659,-0.243534,0.0589178,-0.260614,-0.247508,0.0626179
22.48,-0.258964,-0.23821,-0.0254858,-0.258827,-0.242006,-0.0216827
22.49,-0.254856,-0.230747,-0.100501,-0.254661,-0.234304,-0.096704
22.5,-0.253957,-0.225384,-0.171523,-0.253699,-0.229134,-0.168039
22.51,-0.254513,-0.222568,-0.235382,-0.254276,-0.226466,-0.232222
22.52,-0.251641,-0.219937,-0.272629,-0.25136,-0.224213,-0.269411
22.53,-0.246052,-0.214603,-0.279127,-0.245725,-0.219235,-0.275651
22.54,-0.23966,-0.204871,-0.258526,-0.239373,-0.209581,-0.255085
22.55,-0.23493,-0.192726,-0.216676,-0.234512,-0.197803,-0.212834
22.56,-0.232135,-0.181248,-0.160915,-0.231329,-0.186932,-0.15686
22.57,-0.227767,-0.171243,-0.0943512,-0.226892,-0.177139,-0.0897273
22.58,-0.200497,-0.16297,0.00829889,-0.199375,-0.168745,0.0134256
22.59,-0.170244,-0.173387,0.103561,-0.168637,-0.178909,0.10873
22.6,-0.151133,-0.191178,0.185647,-0.149149,-0.196267,0.190852
22.61,-0.13206,-0.189446,0.269774,-0.129693,-0.193863,0.274972
22.62,-0.13101,-0.20669,0.297488,-0.128248,-0.210802,0.302058
22.63,-0.140131,-0.235273,0.287378,-0.137015,-0.239309,0.291834
22.64,-0.153185,-0.266076,0.255763,-0.150046,-0.270482,0.259665
22.65,-0.166529,-0.291165,0.210173,-0.162839,-0.295472,0.214063
22.66,-0.175375,-0.306345,0.142353,-0.171461,-0.310815,0.146023
22.67,-0.176144,-0.31114,0.0598629,-0.171806,-0.315556,0.0635077
22.68,-0.171511,-0.308149,-0.0242769,-0.167164,-0.312538,-0.0208006
22.69,-0.1654,-0.302282,-0.0992772,-0.161225,-0.306632,-0.096053
22.7,-0.160403,-0.299991,-0.170195,-0.156212,-0.30413,-0.167434
22.71,-0.157404,-0.299919,-0.234877,-0.153574,-0.30398,-0.232288
22.72,-0.155348,-0.296645,-0.273286,-0.151436,-0.300795,-0.270708
22.73,-0.151298,-0.290018,-0.280823,-0.147619,-0.294157,-0.278462
22.74,-0.142847,-0.281571,-0.260925,-0.13953,-0.28604,-0.258426
22.75,-0.131616,-0.274,-0.219319,-0.128527,-0.278422,-0.216046
22.76,-0.120506,-0.268371,-0.163491,-0.117191,-0.273019,-0.159737
22.77,-0.110972,-0.26081,-0.0956155,-0.107915,-0.265297,-0.0913986
22.78,-0.109224,-0.23075,0.00965269,-0.106517,-0.234949,0.014227
22.79,-0.126948,-0.204161,0.10504,-0.124293,-0.208116,0.11016
22.8,-0.149679,-0.190533,0.18554,-0.146877,-0.194077,0.191064
22.81,-0.153428,-0.172227,0.269219,-0.150451,-0.175525,0.274794
22.82,-0.170981,-0.175648,0.295926,-0.167957,-0.178441,0.301411
22.83,-0.196809,-0.191455,0.285094,-0.194203,-0.19421,0.289998
22.84,-0.223509,-0.211409,0.253475,-0.221082,-0.214331,0.257794
22.85,-0.244471,-0.230185,0.208627,-0.241669,-0.233146,0.213063
22.86,-0.257018,-0.24241,0.140899,-0.254577,-0.245226,0.145143
22.87,-0.26148,-0.244285,0.0579283,-0.259153,-0.247007,0.0622229
22.88,-0.25973,-0.238982,-0.0265145,-0.25724,-0.241647,-0.0222006
22.89,-0.255574,-0.231537,-0.101505,-0.253175,-0.234226,-0.0977988
22.9,-0.254636,-0.226171,-0.172551,-0.251944,-0.228589,-0.16898
22.91,-0.25505,-0.223295,-0.236121,-0.252346,-0.225588,-0.232771
22.92,-0.251984,-0.220586,-0.272919,-0.24925,-0.223181,-0.269644
22.93,-0.246207,-0.215161,-0.27897,-0.243562,-0.217909,-0.275499
22.94,-0.239667,-0.205332,-0.258013,-0.237234,-0.208606,-0.254585
22.95,-0.234834,-0.193128,-0.215914,-0.232252,-0.196542,-0.212083
22.96,-0.231953,-0.181629,-0.16001,-0.229502,-0.185223,-0.156119
22.97,-0.227571,-0.171657,-0.0934895,-0.225292,-0.175596,-0.0890576
22.98,-0.200452,-0.163401,0.00880555,-0.198189,-0.167211,0.0138576
22.99,-0.170195,-0.1737,0.103942,-0.168007,-0.177239,0.10933
23,-0.151095,-0.191352,0.186084,-0.149101,-0.194612,0.191625
23.01,-0.13202,-0.189561,0.270086,-0.129812,-0.192243,0.275479
23.02,-0.13098,-0.206763,0.29771,-0.128376,-0.209105,0.302508
23.03,-0.140114,-0.235328,0.287466,-0.137304,-0.238163,0.291565
23.04,-0.153175,-0.266108,0.255718,-0.150427,-0.269495,0.259377
23.05,-0.166531,-0.291163,0.20999,-0.163853,-0.29456,0.213755
23.06,-0.175376,-0.306298,0.142103,-0.172342,-0.309565,0.145883
23.07,-0.176129,-0.311066,0.0595811,-0.172989,-0.314468,0.0633102
23.08,-0.171481,-0.308064,-0.0245687,-0.168492,-0.311419,-0.0208826
23.09,-0.165357,-0.302198,-0.0995691,-0.162531,-0.305335,-0.0959594
23.1,-0.160357,-0.299912,-0.170478,-0.157722,-0.302821,-0.166941
23.11,-0.157366,-0.299845,-0.235149,-0.154773,-0.302685,-0.231634
23.12,-0.155312,-0.296566,-0.273512,-0.153227,-0.29941,-0.269949
23.13,-0.151252,-0.289924,-0.280958,-0.149644,-0.292771,-0.277007
23.14,-0.142787,-0.28146,-0.260952,-0.141258,-0.284369,-0.256775
23.15,-0.13155,-0.27387,-0.21925,-0.130596,-0.27713,-0.214513
23.16,-0.120436,-0.268225,-0.163349,-0.11969,-0.27123,-0.158079
23.17,-0.110898,-0.260629,-0.0953949,-0.110719,-0.263704,-0.0895871
23.18,-0.109161,-0.230534,0.0099423,-0.109196,-0.233199,0.0160256
23.19,-0.126903,-0.203954,0.10531,-0.126653,-0.206174,0.112009
23.2,-0.149654,-0.190351,0.185774,-0.149138,-0.192085,0.192563
23.21,-0.156175,-0.175368,0.266511,-0.155455,-0.176773,0.272975
23.22,-0.173081,-0.177837,0.295112,-0.172421,-0.178808,0.301496
23.23,-0.198483,-0.193021,0.285652,-0.198285,-0.194151,0.291437
23.24,-0.225149,-0.21276,0.254563,-0.225233,-0.214299,0.260193
23.25,-0.246191,-0.231539,0.209806,-0.245895,-0.232845,0.215244
23.26,-0.258768,-0.243806,0.142078,-0.258517,-0.244893,0.147191
23.27,-0.263203,-0.245729,0.0589815,-0.263012,-0.246557,0.0637683
23.28,-0.26138,-0.240463,-0.0257035,-0.261256,-0.241248,-0.0210609
23.29,-0.257147,-0.233024,-0.100933,-0.25701,-0.233736,-0.0965102
23.3,-0.25612,-0.227679,-0.172457,-0.256016,-0.228509,-0.168562
23.31,-0.256227,-0.224701,-0.235761,-0.255817,-0.225651,-0.231801
23.32,-0.252842,-0.2219,-0.2723,-0.252151,-0.223021,-0.268469
23.33,-0.246822,-0.216406,-0.278416,-0.246069,-0.217753,-0.274787
23.34,-0.24011,-0.206583,-0.257685,-0.239259,-0.208209,-0.253673
23.35,-0.23514,-0.194433,-0.215833,-0.234119,-0.196398,-0.211425
23.36,-0.2321,-0.183007,-0.160129,-0.231024,-0.185017,-0.155359
23.37,-0.227921,-0.173216,-0.0942572,-0.226779,-0.175369,-0.0887407
23.38,-0.201257,-0.164854,0.00703798,-0.199851,-0.166834,0.0129853
23.39,-0.170844,-0.174822,0.10242,-0.169566,-0.176393,0.109004
23.4,-0.151541,-0.191963,0.185172,-0.149626,-0.193281,0.192006
23.41,-0.132212,-0.189741,0.269772,-0.129949,-0.190643,0.276474
23.42,-0.131,-0.206614,0.298015,-0.12839,-0.20722,0.304115
23.43,-0.140055,-0.235085,0.287975,-0.137161,-0.236219,0.293383
23.44,-0.153093,-0.265903,0.256176,-0.149901,-0.267347,0.261305
23.45,-0.166499,-0.291,0.210252,-0.163202,-0.292488,0.215699
23.46,-0.175363,-0.306125,0.142321,-0.17216,-0.307707,0.147772
23.47,-0.176086,-0.310893,0.0598198,-0.172822,-0.312183,0.06503
23.48,-0.171416,-0.307893,-0.024314,-0.168317,-0.309027,-0.0190015
23.49,-0.16528,-0.302023,-0.0993376,-0.162069,-0.303296,-0.093875
23.5,-0.160274,-0.299727,-0.170213,-0.156922,-0.300644,-0.165084
23.51,-0.157301,-0.299682,-0.234956,-0.154183,-0.300486,-0.230034
23.52,-0.155241,-0.296441,-0.273436,-0.152286,-0.297392,-0.268875
23.53,-0.151171,-0.289827,-0.280973,-0.148579,-0.290919,-0.276393
23.54,-0.142691,-0.281383,-0.261017,-0.140209,-0.282648,-0.255914
23.55,-0.131441,-0.273793,-0.219343,-0.12955,-0.275081,-0.213634
23.56,-0.120309,-0.268143,-0.16346,-0.118863,-0.269358,-0.157098
23.57,-0.110739,-0.260462,-0.0954022,-0.109775,-0.261197,-0.0885033
23.58,-0.109028,-0.230244,0.0101284,-0.108383,-0.230641,0.0173292
23.59,-0.126815,-0.203708,0.105455,-0.126217,-0.203718,0.113126
23.6,-0.149662,-0.190169,0.185735,-0.149139,-0.189883,0.193531
23.61,-0.153535,-0.171947,0.269222,-0.153044,-0.171265,0.27689
23.62,-0.171173,-0.175405,0.295751,-0.170758,-0.17459,0.302982
23.63,-0.197029,-0.191222,0.284859,-0.197125,-0.190468,0.291026
23.64,-0.223726,-0.211173,0.253266,-0.224162,-0.21055,0.258988
23.65,-0.244683,-0.229941,0.208483,-0.244999,-0.229279,0.214356
23.66,-0.257234,-0.242179,0.140778,-0.257146,-0.241519,0.146364
23.67,-0.2617,-0.244079,0.0578005,-0.261509,-0.24341,0.0635323
23.68,-0.259954,-0.238794,-0.0266527,-0.259983,-0.23815,-0.0211912
23.69,-0.255799,-0.231361,-0.101639,-0.255834,-0.230971,-0.0960349
23.7,-0.254857,-0.225999,-0.172668,-0.254804,-0.225699,-0.167262
23.71,-0.255245,-0.223116,-0.236151,-0.255187,-0.22287,-0.230788
23.72,-0.252144,-0.220401,-0.272846,-0.252134,-0.220493,-0.267548
23.73,-0.246338,-0.214968,-0.278812,-0.246259,-0.215261,-0.273323
23.74,-0.239783,-0.205129,-0.257801,-0.239488,-0.205615,-0.251838
23.75,-0.234946,-0.192919,-0.215682,-0.234718,-0.193816,-0.209113
23.76,-0.232063,-0.18142,-0.159787,-0.231723,-0.182449,-0.15252
23.77,-0.227647,-0.171441,-0.0932515,-0.227145,-0.172925,-0.085447
23.78,-0.200456,-0.163203,0.00911056,-0.199746,-0.164669,0.0172939
23.79,-0.170205,-0.17355,0.104179,-0.169336,-0.174858,0.112782
23.8,-0.151114,-0.191279,0.186188,-0.150061,-0.192231,0.194862
23.81,-0.132056,-0.189553,0.270069,-0.130801,-0.190352,0.27831
23.82,-0.131022,-0.206796,0.297588,-0.129429,-0.207674,0.305501
23.83,-0.140154,-0.235376,0.287298,-0.138317,-0.236805,0.294268
23.84,-0.153208,-0.266151,0.255549,-0.151715,-0.268167,0.262014
23.85,-0.166553,-0.291197,0.209846,-0.165301,-0.293322,0.21662
23.86,-0.175392,-0.30633,0.141968,-0.173913,-0.308362,0.148692
23.87,-0.176146,-0.311095,0.0594474,-0.174929,-0.313009,0.0662283
23.88,-0.171501,-0.308093,-0.0246959,-0.170116,-0.310156,-0.0179233
23.89,-0.165383,-0.302225,-0.0996848,-0.163953,-0.304061,-0.0929917
23.9,-0.160386,-0.299941,-0.170592,-0.159182,-0.301701,-0.164138
23.91,-0.157394,-0.299855,-0.235201,-0.15618,-0.301915,-0.228831
23.92,-0.155339,-0.296548,-0.273477,-0.154178,-0.298608,-0.267447
23.93,-0.151271,-0.289886,-0.280849,-0.150122,-0.292292,-0.274756
23.94,-0.142795,-0.281411,-0.260793,-0.141793,-0.283993,-0.254499
23.95,-0.131553,-0.27382,-0.219066,-0.130749,-0.276455,-0.212332
23.96,-0.120441,-0.268176,-0.163163,-0.120085,-0.270983,-0.155907
23.97,-0.110909,-0.260584,-0.0952252,-0.11081,-0.262941,-0.0872642
23.98,-0.109174,-0.230498,0.0100752,-0.109297,-0.232876,0.0183652
23.99,-0.126914,-0.203926,0.105403,-0.126685,-0.206145,0.114018
24,-0.149663,-0.19033,0.185848,-0.149265,-0.192585,0.194616
24.01,-0.153441,-0.172066,0.269421,-0.153006,-0.173952,0.277745
24.02,-0.171018,-0.17551,0.296037,-0.170362,-0.177077,0.304092
24.03,-0.196863,-0.191323,0.285141,-0.196698,-0.192779,0.29246
24.04,-0.223563,-0.211271,0.25349,-0.22378,-0.213011,0.260442
24.05,-0.244517,-0.230039,0.208617,-0.244616,-0.231787,0.215495
24.06,-0.257055,-0.242257,0.140868,-0.256962,-0.243925,0.147741
24.07,-0.261507,-0.244133,0.0578806,-0.261507,-0.245658,0.0644823
24.08,-0.259749,-0.238833,-0.0265728,-0.25967,-0.239981,-0.0199641
24.09,-0.255588,-0.231395,-0.101568,-0.255432,-0.232322,-0.0952733
24.1,-0.254647,-0.226031,-0.172612,-0.254439,-0.226917,-0.166555
24.11,-0.255061,-0.223156,-0.236186,-0.25496,-0.22408,-0.230651
24.12,-0.251994,-0.22045,-0.272985,-0.25203,-0.221697,-0.267938
24.13,-0.246216,-0.215027,-0.279037,-0.246323,-0.216565,-0.273932
24.14,-0.239675,-0.205196,-0.258077,-0.240034,-0.207078,-0.252457
24.15,-0.23484,-0.192987,-0.215972,-0.235366,-0.195084,-0.20941
24.16,-0.231954,-0.181484,-0.160058,-0.232749,-0.1838,-0.153212
24.17,-0.227552,-0.171502,-0.0935033,-0.228336,-0.17383,-0.086127
24.18,-0.200392,-0.163257,0.0088593,-0.201223,-0.165335,0.0164214
24.19,-0.170142,-0.173582,0.103997,-0.170866,-0.175294,0.111735
24.2,-0.151055,-0.191251,0.186155,-0.151311,-0.192785,0.193745
24.21,-0.134523,-0.193119,0.267174,-0.134341,-0.1941,0.274741
24.22,-0.132679,-0.209367,0.296849,-0.131962,-0.210481,0.303806
24.23,-0.141328,-0.237331,0.288048,-0.140317,-0.238792,0.294159
24.24,-0.154215,-0.268008,0.256868,-0.1529,-0.269413,0.262295
24.25,-0.167576,-0.293144,0.211239,-0.165914,-0.294556,0.216554
24.26,-0.176476,-0.308321,0.143341,-0.174653,-0.3095,0.148564
24.27,-0.177286,-0.31308,0.0606842,-0.175412,-0.314314,0.0660196
24.28,-0.17269,-0.310022,-0.0237072,-0.170727,-0.311178,-0.0186062
24.29,-0.16658,-0.304081,-0.098941,-0.164249,-0.30498,-0.0939167
24.3,-0.16161,-0.301701,-0.17031,-0.159632,-0.302547,-0.16564
24.31,-0.158581,-0.301299,-0.234701,-0.156938,-0.30242,-0.229966
24.32,-0.156527,-0.297651,-0.272753,-0.155109,-0.298836,-0.268098
24.33,-0.152453,-0.290749,-0.280251,-0.151184,-0.292219,-0.275464
24.34,-0.144042,-0.282116,-0.26049,-0.142892,-0.283749,-0.255394
24.35,-0.132899,-0.274412,-0.219072,-0.131932,-0.275857,-0.213706
24.36,-0.121896,-0.268643,-0.163404,-0.121173,-0.269943,-0.157466
24.37,-0.112483,-0.261313,-0.0961628,-0.111965,-0.262681,-0.0897854
24.38,-0.11055,-0.231728,0.00808881,-0.110549,-0.232761,0.0148694
24.39,-0.127961,-0.204842,0.103644,-0.127836,-0.205644,0.110738
24.4,-0.150225,-0.190825,0.184811,-0.149907,-0.191283,0.192197
24.41,-0.153492,-0.172117,0.269104,-0.153029,-0.171919,0.276413
24.42,-0.170735,-0.175297,0.2964,-0.170278,-0.174693,0.303103
24.43,-0.19645,-0.190983,0.285769,-0.196334,-0.190615,0.291411
24.44,-0.223181,-0.210908,0.254047,-0.223391,-0.210921,0.25921
24.45,-0.244167,-0.229738,0.20896,-0.244278,-0.229948,0.213841
24.46,-0.256717,-0.241963,0.14113,-0.257023,-0.242252,0.145947
24.47,-0.261195,-0.243804,0.0581602,-0.261409,-0.244088,0.0630382
24.48,-0.259451,-0.238483,-0.0262601,-0.259479,-0.238483,-0.0214943
24.49,-0.255291,-0.231036,-0.101264,-0.255425,-0.231337,-0.0966655
24.5,-0.25435,-0.22567,-0.172261,-0.254206,-0.225733,-0.167918
24.51,-0.254819,-0.222828,-0.235974,-0.254495,-0.223008,-0.231928
24.52,-0.251827,-0.220142,-0.272956,-0.251483,-0.220182,-0.269183
24.53,-0.24612,-0.214726,-0.279146,-0.245804,-0.215021,-0.275525
24.54,-0.239628,-0.204897,-0.258265,-0.239557,-0.205497,-0.254573
24.55,-0.234813,-0.192678,-0.216197,-0.234828,-0.193304,-0.212007
24.56,-0.231945,-0.181154,-0.160296,-0.232018,-0.18198,-0.155668
24.57,-0.227484,-0.171117,-0.0936219,-0.227744,-0.172095,-0.0883915
24.58,-0.200171,-0.162877,0.0090394,-0.200527,-0.163792,0.0148244
24.59,-0.169977,-0.173297,0.104132,-0.169992,-0.173875,0.110478
24.6,-0.15095,-0.191105,0.18613,-0.150952,-0.191311,0.192447
24.61,-0.131934,-0.189448,0.270036,-0.131859,-0.189634,0.276201
24.62,-0.130929,-0.206734,0.297559,-0.130442,-0.206947,0.303547
24.63,-0.140101,-0.235317,0.287325,-0.139404,-0.235758,0.292371
24.64,-0.153193,-0.26609,0.255644,-0.152509,-0.266814,0.260315
24.65,-0.166572,-0.291138,0.210009,-0.16555,-0.291775,0.214488
24.66,-0.175445,-0.306281,0.142157,-0.174336,-0.306747,0.146743
24.67,-0.176223,-0.311064,0.0596362,-0.175129,-0.311269,0.0640932
24.68,-0.171586,-0.308079,-0.0245244,-0.170421,-0.308528,-0.0206105
24.69,-0.165464,-0.302225,-0.0995244,-0.16406,-0.302635,-0.0957221
24.7,-0.160464,-0.299944,-0.170422,-0.159459,-0.300039,-0.166691
24.71,-0.15747,-0.299867,-0.235049,-0.156655,-0.29982,-0.231467
24.72,-0.155418,-0.296573,-0.273375,-0.155072,-0.296767,-0.269891
24.73,-0.151359,-0.289922,-0.280812,-0.151249,-0.290257,-0.277401
24.74,-0.142893,-0.28146,-0.260826,-0.143448,-0.281419,-0.257153
24.75,-0.131651,-0.273882,-0.219161,-0.132195,-0.273705,-0.215189
24.76,-0.120532,-0.268251,-0.163303,-0.121354,-0.268302,-0.159006
24.77,-0.110987,-0.260634,-0.0953511,-0.112095,-0.260643,-0.0902656
24.78,-0.109243,-0.23048,0.0100307,-0.110687,-0.230669,0.0154138
24.79,-0.126995,-0.203878,0.105375,-0.128748,-0.204048,0.111164
24.8,-0.149786,-0.190253,0.18576,-0.151378,-0.190011,0.191965
24.81,-0.153589,-0.171977,0.269312,-0.155441,-0.171683,0.27564
24.82,-0.171195,-0.175396,0.295909,-0.172947,-0.174793,0.301632
24.83,-0.197064,-0.191177,0.285022,-0.199251,-0.190711,0.29002
24.84,-0.223787,-0.211096,0.253398,-0.226301,-0.211009,0.257885
24.85,-0.244766,-0.229837,0.208564,-0.247167,-0.22977,0.212931
24.86,-0.257327,-0.242041,0.140836,-0.259385,-0.241904,0.144836
24.87,-0.261785,-0.243916,0.05786,-0.263744,-0.243799,0.0618437
24.88,-0.260024,-0.238623,-0.0265804,-0.261891,-0.238245,-0.0225705
24.89,-0.255855,-0.231194,-0.101562,-0.257528,-0.230953,-0.0976407
24.9,-0.254909,-0.225834,-0.172599,-0.256243,-0.225903,-0.169052
24.91,-0.25531,-0.222955,-0.236133,-0.256754,-0.223011,-0.233044
24.92,-0.252228,-0.220246,-0.272889,-0.253724,-0.220089,-0.270091
24.93,-0.246435,-0.214824,-0.278913,-0.247765,-0.214845,-0.275952
24.94,-0.23988,-0.204995,-0.257945,-0.240932,-0.205016,-0.254949
24.95,-0.235037,-0.19279,-0.215849,-0.236138,-0.193178,-0.212373
24.96,-0.232145,-0.181291,-0.159956,-0.232985,-0.181372,-0.156148
24.97,-0.227739,-0.171318,-0.0934296,-0.228433,-0.171901,-0.0888439
24.98,-0.200579,-0.1631,0.00889686,-0.201013,-0.163666,0.013964
24.99,-0.170341,-0.173449,0.104009,-0.170521,-0.173994,0.10939
25,-0.151269,-0.191137,0.186145,-0.151199,-0.191106,0.192102
25.01,-0.132202,-0.189379,0.27013,-0.131855,-0.189084,0.276096
25.02,-0.131187,-0.206593,0.297742,-0.130422,-0.206259,0.303576
25.03,-0.140357,-0.235152,0.287506,-0.139503,-0.235361,0.292735
25.04,-0.153456,-0.265919,0.255769,-0.152698,-0.266671,0.260341
25.05,-0.166844,-0.290959,0.210046,-0.166029,-0.291586,0.214507
25.06,-0.175709,-0.306084,0.14216,-0.174751,-0.306543,0.146633
25.07,-0.17647,-0.310851,0.0596357,-0.175239,-0.311327,0.0638597
25.08,-0.171822,-0.307855,-0.0245167,-0.170315,-0.308512,-0.0205671
25.09,-0.165694,-0.301997,-0.0995164,-0.164149,-0.302343,-0.0960875
25.1,-0.160692,-0.299718,-0.170419,-0.159175,-0.299938,-0.166875
25.11,-0.157701,-0.299658,-0.235092,-0.156319,-0.300141,-0.231856
25.12,-0.155644,-0.296385,-0.27347,-0.154548,-0.296911,-0.270455
25.13,-0.15158,-0.289752,-0.280942,-0.150789,-0.290664,-0.278046
25.14,-0.143106,-0.281302,-0.260968,-0.142431,-0.282548,-0.257919
25.15,-0.131859,-0.273729,-0.219296,-0.131447,-0.275085,-0.215734
25.16,-0.120736,-0.268098,-0.163418,-0.120465,-0.26892,-0.159519
25.17,-0.111184,-0.260499,-0.0954581,-0.110949,-0.261008,-0.0909976
25.18,-0.109416,-0.230375,0.00991253,-0.109043,-0.230877,0.0147587
25.19,-0.127136,-0.203771,0.105287,-0.126407,-0.20413,0.110629
25.2,-0.149877,-0.190139,0.185766,-0.148865,-0.190314,0.191035
25.21,-0.156383,-0.175145,0.266522,-0.155502,-0.174693,0.271593
25.22,-0.173297,-0.177593,0.295138,-0.172325,-0.17696,0.300058
25.23,-0.198719,-0.192746,0.285702,-0.197861,-0.192235,0.289921
25.24,-0.225412,-0.212457,0.254633,-0.224824,-0.212296,0.258316
25.25,-0.246482,-0.231215,0.209886,-0.245917,-0.23102,0.21361
25.26,-0.259076,-0.243472,0.142163,-0.258347,-0.243261,0.146004
25.27,-0.263515,-0.245394,0.0590674,-0.262614,-0.245041,0.0629916
25.28,-0.261687,-0.240135,-0.0256185,-0.260455,-0.239482,-0.0216173
25.29,-0.257446,-0.232705,-0.100847,-0.256118,-0.232291,-0.0969762
25.3,-0.256412,-0.227362,-0.172365,-0.254975,-0.227119,-0.16852
25.31,-0.25652,-0.224383,-0.235676,-0.254815,-0.224384,-0.232165
25.32,-0.253136,-0.221589,-0.272238,-0.251285,-0.222072,-0.268903
25.33,-0.247113,-0.216107,-0.27839,-0.245025,-0.217009,-0.274978
25.34,-0.240393,-0.206295,-0.2577,-0.238247,-0.20781,-0.254162
25.35,-0.235412,-0.194152,-0.215885,-0.233356,-0.196112,-0.212386
25.36,-0.232361,-0.182726,-0.16021,-0.230238,-0.184842,-0.15625
25.37,-0.228159,-0.172932,-0.0943397,-0.225882,-0.174859,-0.0898569
25.38,-0.201453,-0.164597,0.00699079,-0.199019,-0.166706,0.0120614
25.39,-0.171044,-0.17461,0.102378,-0.16861,-0.176436,0.107974
25.4,-0.151755,-0.191781,0.18514,-0.14941,-0.193309,0.190831
25.41,-0.132418,-0.189583,0.269761,-0.130011,-0.190903,0.275291
25.42,-0.131221,-0.206462,0.29802,-0.128499,-0.207597,0.303242
25.43,-0.140309,-0.234923,0.288005,-0.137396,-0.236323,0.292546
25.44,-0.153386,-0.265731,0.256228,-0.150528,-0.267449,0.260423
25.45,-0.166823,-0.290818,0.210317,-0.163759,-0.292825,0.214693
25.46,-0.175709,-0.305937,0.142393,-0.172717,-0.307983,0.146912
25.47,-0.176442,-0.310709,0.0598945,-0.173477,-0.312618,0.0644653
25.48,-0.171772,-0.307717,-0.0242382,-0.168826,-0.309785,-0.0199594
25.49,-0.165632,-0.301856,-0.0992591,-0.162837,-0.303565,-0.0951982
25.5,-0.160624,-0.299566,-0.170127,-0.157694,-0.300893,-0.16623
25.51,-0.15765,-0.299526,-0.234871,-0.1552,-0.301051,-0.231252
25.52,-0.155586,-0.296291,-0.273366,-0.153178,-0.297967,-0.270081
25.53,-0.151512,-0.289685,-0.280931,-0.149501,-0.291469,-0.277797
25.54,-0.143024,-0.281253,-0.261011,-0.141589,-0.283435,-0.257378
25.55,-0.131765,-0.273679,-0.219372,-0.130883,-0.275933,-0.215245
25.56,-0.120623,-0.268046,-0.163517,-0.120016,-0.270159,-0.158409
25.57,-0.11104,-0.260363,-0.0954625,-0.111157,-0.26228,-0.0900165
25.58,-0.109296,-0.230122,0.0100895,-0.109676,-0.232269,0.0160576
25.59,-0.127059,-0.20356,0.105419,-0.127626,-0.20559,0.111531
25.6,-0.149896,-0.18999,0.185704,-0.150498,-0.191966,0.192231
25.61,-0.15375,-0.171758,0.269204,-0.154104,-0.173032,0.275783
25.62,-0.171396,-0.17519,0.295747,-0.171916,-0.176472,0.302106
25.63,-0.197272,-0.190975,0.284876,-0.19841,-0.192609,0.29035
25.64,-0.223997,-0.210896,0.253301,-0.225483,-0.21282,0.258172
25.65,-0.244981,-0.229641,0.208531,-0.246318,-0.231578,0.213045
25.66,-0.25755,-0.241868,0.140832,-0.258553,-0.244007,0.145467
25.67,-0.262021,-0.243767,0.0578573,-0.262825,-0.245991,0.0625067
25.68,-0.26027,-0.238487,-0.0265945,-0.260957,-0.24078,-0.0222251
25.69,-0.256107,-0.231062,-0.101579,-0.256575,-0.233553,-0.0972066
25.7,-0.255158,-0.225703,-0.172601,-0.255701,-0.227947,-0.168554
25.71,-0.255542,-0.222819,-0.23608,-0.256012,-0.225028,-0.232072
25.72,-0.25244,-0.220108,-0.272782,-0.252949,-0.2223,-0.268921
25.73,-0.246628,-0.214683,-0.278768,-0.247005,-0.217186,-0.274938
25.74,-0.240061,-0.204853,-0.257783,-0.240063,-0.20755,-0.253573
25.75,-0.235212,-0.192649,-0.215693,-0.235284,-0.195586,-0.211209
25.76,-0.232317,-0.181152,-0.159822,-0.232509,-0.183987,-0.15459
25.77,-0.227882,-0.171173,-0.0932936,-0.22812,-0.174022,-0.0874296
25.78,-0.20066,-0.162965,0.00908673,-0.201145,-0.165668,0.0155898
25.79,-0.170417,-0.173354,0.104152,-0.170746,-0.175928,0.110934
25.8,-0.151343,-0.191109,0.186165,-0.151314,-0.19354,0.193164
25.81,-0.132279,-0.189407,0.270056,-0.1322,-0.191385,0.277231
25.82,-0.131262,-0.206652,0.297588,-0.130666,-0.208432,0.304638
25.83,-0.140427,-0.235221,0.287316,-0.13986,-0.237434,0.293733
25.84,-0.153519,-0.265983,0.255582,-0.153257,-0.268861,0.261299
25.85,-0.166897,-0.291018,0.209888,-0.166277,-0.293761,0.215276
25.86,-0.175756,-0.306142,0.142015,-0.175122,-0.308881,0.147585
25.87,-0.176518,-0.310909,0.0594955,-0.175478,-0.313695,0.0645303
25.88,-0.171873,-0.307914,-0.0246468,-0.170627,-0.31055,-0.0195644
25.89,-0.165749,-0.302054,-0.0996333,-0.164687,-0.304533,-0.0948941
25.9,-0.160751,-0.299776,-0.170534,-0.159676,-0.301935,-0.166003
25.91,-0.157758,-0.299694,-0.235141,-0.156873,-0.301535,-0.230861
25.92,-0.155699,-0.29639,-0.273423,-0.155038,-0.298233,-0.269323
25.93,-0.151623,-0.289733,-0.280811,-0.15138,-0.291973,-0.276405
25.94,-0.143138,-0.281269,-0.260778,-0.143113,-0.283669,-0.256236
25.95,-0.131887,-0.273693,-0.219076,-0.132273,-0.275991,-0.214
25.96,-0.120767,-0.268063,-0.163194,-0.121454,-0.270428,-0.157301
25.97,-0.111223,-0.260474,-0.0952611,-0.112178,-0.262933,-0.0887675
25.98,-0.109454,-0.230374,0.0100503,-0.110402,-0.232574,0.0168339
25.99,-0.127166,-0.203776,0.105378,-0.128195,-0.205867,0.112579
26,-0.149901,-0.19015,0.185828,-0.150636,-0.192021,0.192991
26.01,-0.153657,-0.171877,0.269412,-0.154479,-0.173425,0.276279
26.02,-0.17124,-0.175297,0.296039,-0.172088,-0.176819,0.302489
26.03,-0.197105,-0.191078,0.285159,-0.198329,-0.192824,0.290622
26.04,-0.223831,-0.210996,0.253521,-0.225337,-0.213028,0.258483
26.05,-0.244811,-0.229741,0.208656,-0.246344,-0.231845,0.213656
26.06,-0.257366,-0.241948,0.140911,-0.258882,-0.243938,0.145883
26.07,-0.261821,-0.243821,0.0579247,-0.26296,-0.245778,0.0628106
26.08,-0.260058,-0.238526,-0.0265282,-0.261041,-0.240127,-0.0219625
26.09,-0.255888,-0.231095,-0.101522,-0.256327,-0.232743,-0.0973801
26.1,-0.25494,-0.225733,-0.17256,-0.255121,-0.227271,-0.168583
26.11,-0.255351,-0.222857,-0.236132,-0.255395,-0.224489,-0.232505
26.12,-0.252282,-0.220155,-0.272937,-0.252666,-0.222107,-0.269631
26.13,-0.246498,-0.21474,-0.279005,-0.246949,-0.216847,-0.275805
26.14,-0.239946,-0.204918,-0.258066,-0.240503,-0.207107,-0.254528
26.15,-0.235097,-0.192714,-0.215983,-0.235677,-0.195184,-0.212115
26.16,-0.232199,-0.181213,-0.160088,-0.232993,-0.183741,-0.155812
26.17,-0.227778,-0.171233,-0.093537,-0.228469,-0.173692,-0.0889863
26.18,-0.200591,-0.163018,0.00884228,-0.201233,-0.165423,0.0138564
26.19,-0.17035,-0.173383,0.103977,-0.170565,-0.175276,0.109488
26.2,-0.15128,-0.191078,0.186139,-0.1512,-0.192587,0.191748
26.21,-0.132208,-0.189326,0.270152,-0.131869,-0.190775,0.275619
26.22,-0.131196,-0.206544,0.29778,-0.130225,-0.208064,0.302373
26.23,-0.140377,-0.235102,0.287557,-0.139399,-0.237147,0.291614
26.24,-0.153489,-0.265867,0.255828,-0.152368,-0.268341,0.259187
26.25,-0.166889,-0.290908,0.21011,-0.165815,-0.293786,0.213525
26.26,-0.175762,-0.306033,0.142223,-0.174595,-0.308876,0.145528
26.27,-0.176528,-0.310801,0.0596985,-0.17539,-0.313337,0.0630943
26.28,-0.171881,-0.307809,-0.0244557,-0.170344,-0.310087,-0.0212721
26.29,-0.165754,-0.301954,-0.0994567,-0.164354,-0.304131,-0.0965461
26.3,-0.160751,-0.299676,-0.170355,-0.159392,-0.301819,-0.167668
26.31,-0.15776,-0.299621,-0.235043,-0.156438,-0.301743,-0.232329
26.32,-0.155703,-0.296357,-0.273448,-0.154601,-0.298238,-0.271285
26.33,-0.151641,-0.28973,-0.28095,-0.150809,-0.29181,-0.27874
26.34,-0.143169,-0.281286,-0.261004,-0.142773,-0.283173,-0.258245
26.35,-0.131919,-0.273719,-0.219355,-0.132098,-0.275701,-0.216041
26.36,-0.120791,-0.268093,-0.16349,-0.121437,-0.269875,-0.160036
26.37,-0.111232,-0.260484,-0.0955194,-0.112081,-0.262166,-0.0914264
26.38,-0.109458,-0.230337,0.00988556,-0.110418,-0.232004,0.0144757
26.39,-0.127179,-0.203724,0.105268,-0.128128,-0.205236,0.110241
26.4,-0.149929,-0.190083,0.185738,-0.150784,-0.191358,0.191079
26.41,-0.15369,-0.171798,0.269372,-0.154429,-0.1727,0.274951
26.42,-0.171286,-0.175204,0.296023,-0.171916,-0.176023,0.301036
26.43,-0.197158,-0.190978,0.285172,-0.197977,-0.191673,0.2894
26.44,-0.223895,-0.210892,0.253559,-0.224976,-0.211804,0.257288
26.45,-0.244889,-0.229633,0.208717,-0.246129,-0.230528,0.212243
26.46,-0.257456,-0.241841,0.140983,-0.258476,-0.243017,0.144531
26.47,-0.261918,-0.243718,0.0580042,-0.262935,-0.244686,0.0615201
26.48,-0.260156,-0.238428,-0.0264448,-0.260866,-0.239149,-0.0230535
26.49,-0.255986,-0.231,-0.101436,-0.256479,-0.231646,-0.0981205
26.5,-0.255038,-0.225639,-0.17247,-0.255415,-0.226392,-0.169301
26.51,-0.255453,-0.222764,-0.236053,-0.255691,-0.22342,-0.233359
26.52,-0.25239,-0.220065,-0.272882,-0.252306,-0.221251,-0.270525
26.53,-0.246608,-0.214658,-0.278979,-0.246355,-0.215945,-0.276519
26.54,-0.240055,-0.204845,-0.258072,-0.239613,-0.206364,-0.255477
26.55,-0.235208,-0.192645,-0.216016,-0.234817,-0.194411,-0.21287
26.56,-0.232311,-0.181144,-0.160141,-0.231839,-0.18341,-0.15667
26.57,-0.227884,-0.17116,-0.0935949,-0.227395,-0.173553,-0.0896574
26.58,-0.200677,-0.16295,0.00880588,-0.200222,-0.165613,0.0130729
26.59,-0.170433,-0.17333,0.103943,-0.169991,-0.175994,0.108549
26.6,-0.151361,-0.191043,0.186089,-0.15075,-0.193599,0.19075
26.61,-0.132283,-0.189302,0.270103,-0.131612,-0.191685,0.274805
26.62,-0.13127,-0.206524,0.297731,-0.130386,-0.208935,0.301956
26.63,-0.140454,-0.235081,0.287516,-0.13956,-0.238063,0.290913
26.64,-0.153571,-0.265845,0.255799,-0.152643,-0.269475,0.258758
26.65,-0.166973,-0.290885,0.210094,-0.165742,-0.294299,0.212873
26.66,-0.175848,-0.306012,0.142216,-0.174675,-0.309384,0.145083
26.67,-0.176615,-0.310783,0.0596958,-0.175381,-0.313907,0.0623993
26.68,-0.171968,-0.307793,-0.0244533,-0.170757,-0.310525,-0.0219075
26.69,-0.16584,-0.30194,-0.0994495,-0.164518,-0.304601,-0.0968095
26.7,-0.160837,-0.299664,-0.170346,-0.159874,-0.302104,-0.167631
26.71,-0.157845,-0.299607,-0.235023,-0.157233,-0.301953,-0.232408
26.72,-0.155787,-0.296339,-0.273414,-0.155259,-0.298832,-0.270768
26.73,-0.151722,-0.28971,-0.280908,-0.151939,-0.292162,-0.278362
26.74,-0.143248,-0.281267,-0.26096,-0.143598,-0.283769,-0.258381
26.75,-0.131996,-0.273703,-0.219314,-0.132363,-0.275899,-0.216415
26.76,-0.120868,-0.268081,-0.163456,-0.121433,-0.270664,-0.160153
26.77,-0.11131,-0.26048,-0.0955006,-0.112224,-0.263014,-0.0916086
26.78,-0.109528,-0.230342,0.00988343,-0.110385,-0.232937,0.014209
26.79,-0.127239,-0.203724,0.105259,-0.128119,-0.206238,0.110115
26.8,-0.149982,-0.190075,0.18573,-0.15074,-0.192574,0.191072
26.81,-0.153734,-0.171787,0.269363,-0.154361,-0.174118,0.274716
26.82,-0.171327,-0.175189,0.296018,-0.172236,-0.177284,0.300699
26.83,-0.197201,-0.190955,0.285169,-0.198536,-0.193285,0.288727
26.84,-0.223942,-0.210863,0.253555,-0.225864,-0.213594,0.256494
26.85,-0.24494,-0.2296,0.208711,-0.24643,-0.232376,0.211436
26.86,-0.25751,-0.241804,0.140978,-0.258634,-0.244722,0.143845
26.87,-0.261972,-0.24368,0.0579994,-0.263063,-0.24674,0.0608283
26.88,-0.260208,-0.238389,-0.026449,-0.261207,-0.241328,-0.0237996
26.89,-0.256037,-0.230962,-0.101439,-0.256821,-0.23383,-0.0993194
26.9,-0.255087,-0.225602,-0.172474,-0.255645,-0.228406,-0.170674
26.91,-0.2555,-0.222725,-0.236054,-0.255941,-0.22571,-0.234276
26.92,-0.252435,-0.220026,-0.272878,-0.25289,-0.223301,-0.270986
26.93,-0.246651,-0.21462,-0.278972,-0.247146,-0.218331,-0.276771
26.94,-0.240096,-0.204806,-0.258063,-0.240671,-0.208871,-0.255576
26.95,-0.235245,-0.192608,-0.216006,-0.235882,-0.196805,-0.213051
26.96,-0.232345,-0.181107,-0.160132,-0.232807,-0.185625,-0.157009
26.97,-0.227918,-0.171126,-0.09359,-0.228184,-0.175484,-0.0900826
26.98,-0.200714,-0.162922,0.00880045,-0.200616,-0.167402,0.0128518
26.99,-0.170473,-0.173305,0.103937,-0.17014,-0.177274,0.108319
27,-0.151405,-0.191017,0.18609,-0.150606,-0.194992,0.190462
27.01,-0.132326,-0.189276,0.270108,-0.131251,-0.192872,0.274438
27.02,-0.131317,-0.206496,0.297741,-0.130021,-0.210139,0.301615
27.03,-0.140508,-0.235049,0.287528,-0.139162,-0.239218,0.290744
27.04,-0.153633,-0.26581,0.25581,-0.152532,-0.270597,0.258711
27.05,-0.167043,-0.290847,0.210102,-0.165647,-0.295745,0.212765
27.06,-0.175922,-0.305971,0.142223,-0.174328,-0.310881,0.144482
27.07,-0.17669,-0.310742,0.0597024,-0.174972,-0.315325,0.0616459
27.08,-0.172042,-0.307753,-0.0244476,-0.170086,-0.312399,-0.0223915
27.09,-0.165913,-0.301901,-0.0994446,-0.163923,-0.306448,-0.0976262
27.1,-0.16091,-0.299626,-0.170341,-0.158896,-0.303985,-0.168935
27.11,-0.157918,-0.299571,-0.23502,-0.155879,-0.303989,-0.233856
27.12,-0.155859,-0.296304,-0.273414,-0.154083,-0.300742,-0.272613
27.13,-0.151792,-0.289676,-0.280911,-0.150267,-0.294286,-0.279916
27.14,-0.143316,-0.281235,-0.260966,-0.141902,-0.2856,-0.259417
27.15,-0.132063,-0.273673,-0.219322,-0.13093,-0.277989,-0.217197
27.16,-0.120933,-0.268054,-0.163466,-0.120117,-0.272493,-0.160611
27.17,-0.111372,-0.260454,-0.0955084,-0.111153,-0.265155,-0.09214
27.18,-0.109583,-0.230313,0.00987899,-0.109408,-0.234912,0.0138781
27.19,-0.127289,-0.203691,0.105256,-0.126762,-0.20817,0.109554
27.2,-0.150028,-0.190037,0.185729,-0.149272,-0.194149,0.189972
27.21,-0.153776,-0.171747,0.269364,-0.152844,-0.175543,0.27359
27.22,-0.17137,-0.175144,0.29602,-0.170344,-0.178624,0.300129
27.23,-0.197248,-0.190905,0.285173,-0.196599,-0.194327,0.288839
27.24,-0.223994,-0.210807,0.25356,-0.223518,-0.214487,0.256789
27.25,-0.244996,-0.229539,0.208717,-0.244487,-0.233262,0.212101
27.26,-0.257569,-0.241741,0.140984,-0.256727,-0.245723,0.14424
27.27,-0.262032,-0.243616,0.0580048,-0.26083,-0.247706,0.0612242
27.28,-0.260267,-0.238326,-0.0264437,-0.258771,-0.242362,-0.0232282
27.29,-0.256094,-0.230901,-0.101434,-0.254342,-0.23457,-0.0982979
27.3,-0.255143,-0.22554,-0.172468,-0.253074,-0.229118,-0.169748
27.31,-0.255556,-0.222664,-0.236048,-0.253594,-0.226417,-0.233517
27.32,-0.25249,-0.219966,-0.272874,-0.250488,-0.223695,-0.270358
27.33,-0.246705,-0.214561,-0.27897,-0.244513,-0.21854,-0.276561
27.34,-0.240148,-0.204749,-0.258063,-0.238054,-0.209201,-0.255473
27.35,-0.235294,-0.192551,-0.216009,-0.233424,-0.197224,-0.213004
27.36,-0.232392,-0.181051,-0.160137,-0.230516,-0.186054,-0.156535
27.37,-0.227961,-0.17107,-0.093594,-0.225903,-0.176101,-0.0896339
27.38,-0.200753,-0.162873,0.00880014,-0.198454,-0.167999,0.0131174
27.39,-0.170513,-0.173264,0.103937,-0.168108,-0.178022,0.109068
27.4,-0.151449,-0.190982,0.186088,-0.148572,-0.195221,0.191198
27.41,-0.132369,-0.189246,0.270106,-0.129025,-0.192918,0.274964
27.42,-0.131364,-0.206466,0.297738,-0.127723,-0.209906,0.302239
27.43,-0.140562,-0.235018,0.287527,-0.136838,-0.238634,0.29112
27.44,-0.153693,-0.265776,0.25581,-0.150059,-0.269763,0.259139
27.45,-0.167109,-0.29081,0.210104,-0.163417,-0.295139,0.213529
27.46,-0.175992,-0.305933,0.142225,-0.171866,-0.310432,0.145646
27.47,-0.176761,-0.310704,0.0597045,-0.172646,-0.315237,0.0633127
27.48,-0.172113,-0.307716,-0.0244452,-0.168001,-0.312002,-0.020892
27.49,-0.165982,-0.301866,-0.0994418,-0.161885,-0.305893,-0.0962224
27.5,-0.160979,-0.299592,-0.170338,-0.157153,-0.303525,-0.1674
27.51,-0.157987,-0.299537,-0.235016,-0.154506,-0.303208,-0.232581
27.52,-0.155927,-0.29627,-0.27341,-0.152768,-0.29994,-0.27108
27.53,-0.151859,-0.289644,-0.280907,-0.149076,-0.293431,-0.278389
27.54,-0.143381,-0.281204,-0.260963,-0.140895,-0.285194,-0.258565
27.55,-0.132126,-0.273645,-0.219321,-0.129894,-0.277413,-0.216543
27.56,-0.120995,-0.268028,-0.163465,-0.118929,-0.271618,-0.160144
27.57,-0.111432,-0.26043,-0.0955089,-0.109819,-0.263941,-0.0920262
27.58,-0.109636,-0.230289,0.00987875,-0.108399,-0.233654,0.0139383
27.59,-0.127336,-0.203662,0.105255,-0.126253,-0.206989,0.110082
27.6,-0.150073,-0.190003,0.185728,-0.148978,-0.193119,0.190937
27.61,-0.153816,-0.171712,0.269363,-0.152475,-0.174493,0.274373
27.62,-0.171411,-0.175105,0.296019,-0.170186,-0.177783,0.300796
27.63,-0.197293,-0.190859,0.285173,-0.196437,-0.19371,0.289134
27.64,-0.224044,-0.210755,0.253561,-0.223399,-0.214001,0.256858
27.65,-0.245051,-0.229483,0.208718,-0.244203,-0.232971,0.212148
27.66,-0.257627,-0.241682,0.140986,-0.256667,-0.245128,0.144158
27.67,-0.26209,-0.243556,0.0580068,-0.261023,-0.247224,0.0608808
27.68,-0.260324,-0.238267,-0.0264416,-0.259348,-0.241811,-0.0233403
27.69,-0.256149,-0.230842,-0.101432,-0.254961,-0.234009,-0.0985056
27.7,-0.255197,-0.225482,-0.172465,-0.253545,-0.228735,-0.169643
27.71,-0.255609,-0.222605,-0.236045,-0.253883,-0.225949,-0.233166
27.72,-0.252542,-0.219908,-0.272871,-0.251089,-0.223367,-0.270239
27.73,-0.246756,-0.214504,-0.278967,-0.245273,-0.21829,-0.275961
27.74,-0.240197,-0.204694,-0.258061,-0.238725,-0.208405,-0.255005
27.75,-0.23534,-0.192498,-0.216009,-0.233823,-0.196611,-0.212347
27.76,-0.232435,-0.180998,-0.160138,-0.230826,-0.185055,-0.15628
27.77,-0.228002,-0.171018,-0.0935953,-0.226684,-0.17518,-0.0890093
27.78,-0.200791,-0.162827,0.00879929,-0.19953,-0.167008,0.0138046
27.79,-0.170553,-0.173225,0.103936,-0.168925,-0.177301,0.109194
27.8,-0.151493,-0.190947,0.186088,-0.149616,-0.194684,0.191297
27.81,-0.132413,-0.189216,0.270106,-0.130675,-0.192229,0.275768
27.82,-0.131412,-0.206437,0.297739,-0.129716,-0.209365,0.303407
27.83,-0.140616,-0.234986,0.287528,-0.138725,-0.237944,0.292615
27.84,-0.153755,-0.265741,0.255812,-0.151656,-0.269184,0.260376
27.85,-0.167176,-0.290772,0.210106,-0.164783,-0.294207,0.215003
27.86,-0.176063,-0.305893,0.142227,-0.173568,-0.309374,0.146962
27.87,-0.176834,-0.310664,0.0597072,-0.174079,-0.313935,0.0642584
27.88,-0.172185,-0.307677,-0.0244426,-0.16932,-0.310951,-0.0200801
27.89,-0.166053,-0.301828,-0.0994391,-0.163093,-0.305127,-0.0949956
27.9,-0.161049,-0.299556,-0.170335,-0.158,-0.302767,-0.165696
27.91,-0.158057,-0.299501,-0.235013,-0.155449,-0.30245,-0.2307
27.92,-0.155996,-0.296235,-0.273407,-0.153524,-0.299184,-0.26916
27.93,-0.151927,-0.28961,-0.280905,-0.149723,-0.292608,-0.27656
27.94,-0.143446,-0.281173,-0.260963,-0.141503,-0.284365,-0.256418
27.95,-0.13219,-0.273616,-0.219322,-0.130203,-0.276276,-0.214361
27.96,-0.121057,-0.268002,-0.163468,-0.119228,-0.27069,-0.158071
27.97,-0.111493,-0.260405,-0.0955111,-0.110163,-0.262706,-0.0898676
27.98,-0.10969,-0.230263,0.00987734,-0.108566,-0.232591,0.0159443
27.99,-0.127384,-0.203633,0.105254,-0.12632,-0.20582,0.111948
28,-0.150117,-0.189967,0.185727,-0.148849,-0.191975,0.19268
28.01,-0.153884,-0.171685,0.26935,-0.152519,-0.173343,0.276015
28.02,-0.171591,-0.175109,0.295916,-0.170356,-0.176868,0.302475
28.03,-0.197618,-0.190909,0.284917,-0.196898,-0.192705,0.290552
28.04,-0.224395,-0.210804,0.253193,-0.223772,-0.213093,0.258322
28.05,-0.245441,-0.229483,0.208076,-0.244871,-0.231946,0.213094
28.06,-0.258083,-0.241553,0.140155,-0.257406,-0.24398,0.145295
28.07,-0.262615,-0.243334,0.0571706,-0.261819,-0.246049,0.0620734
28.08,-0.260934,-0.238034,-0.0270488,-0.259902,-0.240507,-0.0221651
28.09,-0.256924,-0.230601,-0.101745,-0.255757,-0.233042,-0.0974962
28.1,-0.256165,-0.225261,-0.17235,-0.254707,-0.227549,-0.16819
28.11,-0.256917,-0.222369,-0.235949,-0.255395,-0.224902,-0.231974
28.12,-0.253867,-0.219718,-0.272384,-0.252202,-0.222248,-0.268495
28.13,-0.247832,-0.214229,-0.277743,-0.246279,-0.216966,-0.273914
28.14,-0.240827,-0.204253,-0.256669,-0.239693,-0.207147,-0.252749
28.15,-0.235412,-0.191762,-0.214769,-0.23419,-0.194928,-0.210355
28.16,-0.231936,-0.179795,-0.159303,-0.230999,-0.183321,-0.154203
28.17,-0.226775,-0.169434,-0.0935712,-0.225686,-0.172859,-0.0880038
28.18,-0.19941,-0.161002,0.00750813,-0.198134,-0.164123,0.0134067
28.19,-0.169024,-0.170866,0.102015,-0.1674,-0.173713,0.108078
28.2,-0.149458,-0.187642,0.185235,-0.147353,-0.190367,0.191214
28.21,-0.130622,-0.186055,0.268619,-0.128243,-0.188304,0.274598
28.22,-0.129388,-0.203095,0.296106,-0.126635,-0.205182,0.301893
28.23,-0.138345,-0.231349,0.285631,-0.135328,-0.23382,0.290651
28.24,-0.15137,-0.261785,0.253368,-0.148562,-0.264984,0.257657
28.25,-0.164723,-0.286657,0.20716,-0.162057,-0.289996,0.21139
28.26,-0.173604,-0.301857,0.139225,-0.170502,-0.305049,0.143762
28.27,-0.17449,-0.306988,0.0567242,-0.171179,-0.310221,0.0609842
28.28,-0.170224,-0.304461,-0.0278085,-0.166769,-0.30775,-0.023612
28.29,-0.164345,-0.299221,-0.103256,-0.161001,-0.302498,-0.0991434
28.3,-0.159672,-0.297515,-0.175632,-0.15634,-0.300697,-0.171744
28.31,-0.15706,-0.297242,-0.239558,-0.153863,-0.300661,-0.235913
28.32,-0.154908,-0.292951,-0.274515,-0.151976,-0.296222,-0.270977
28.33,-0.149868,-0.285114,-0.277271,-0.146903,-0.288266,-0.273741
28.34,-0.140295,-0.275613,-0.252534,-0.137553,-0.278883,-0.248771
28.35,-0.128367,-0.266818,-0.206613,-0.125873,-0.269979,-0.202372
28.36,-0.117244,-0.259417,-0.148204,-0.114876,-0.262588,-0.143586
28.37,-0.108046,-0.251309,-0.0813189,-0.106062,-0.25416,-0.0761127
28.38,-0.10559,-0.222643,0.0179471,-0.103738,-0.225126,0.0238662
28.39,-0.121648,-0.194397,0.11024,-0.119278,-0.196289,0.116202
28.4,-0.142693,-0.179525,0.187287,-0.140151,-0.180863,0.193405
28.41,-0.146006,-0.161488,0.265915,-0.143457,-0.162206,0.271899
28.42,-0.162662,-0.164595,0.289586,-0.160098,-0.165071,0.295115
28.43,-0.187124,-0.179829,0.2762,-0.184756,-0.180142,0.28109
28.44,-0.212741,-0.19928,0.242002,-0.21032,-0.199731,0.246283
28.45,-0.233248,-0.217807,0.194389,-0.230868,-0.218297,0.19857
28.46,-0.246229,-0.229728,0.125885,-0.243886,-0.230292,0.130126
28.47,-0.251611,-0.231775,0.0441231,-0.24929,-0.232531,0.0481584
28.48,-0.25081,-0.226853,-0.0381989,-0.248382,-0.22737,-0.0339712
28.49,-0.247217,-0.219741,-0.111922,-0.244749,-0.220049,-0.107883
28.5,-0.246231,-0.214568,-0.1816,-0.243615,-0.215007,-0.177473
28.51,-0.245362,-0.211285,-0.240262,-0.242397,-0.211844,-0.236318
28.52,-0.24044,-0.207029,-0.269221,-0.237471,-0.207752,-0.26572
28.53,-0.232558,-0.19981,-0.267417,-0.229501,-0.200842,-0.26381
28.54,-0.223748,-0.187997,-0.241593,-0.220531,-0.189115,-0.23775
28.55,-0.21652,-0.174393,-0.197706,-0.213201,-0.175338,-0.193481
28.56,-0.210947,-0.16195,-0.143239,-0.207733,-0.162859,-0.138528
28.57,-0.203247,-0.151013,-0.0793687,-0.2002,-0.151888,-0.0742168
28.58,-0.175756,-0.143632,0.0186251,-0.1725,-0.143853,0.0240707
28.59,-0.148112,-0.154683,0.108257,-0.14473,-0.154588,0.11416
28.6,-0.130624,-0.172063,0.189518,-0.126837,-0.171289,0.195355
28.61,-0.113473,-0.173077,0.268093,-0.109687,-0.171503,0.273905
28.62,-0.113207,-0.191219,0.292846,-0.109407,-0.189627,0.298325
28.63,-0.122491,-0.218318,0.281629,-0.118655,-0.21733,0.286555
28.64,-0.135891,-0.247006,0.248528,-0.132029,-0.246476,0.253082
28.65,-0.149493,-0.270505,0.201581,-0.145542,-0.270234,0.205939
28.66,-0.158846,-0.285139,0.132182,-0.154671,-0.28501,0.136352
28.67,-0.160118,-0.290454,0.0475208,-0.155649,-0.290304,0.051722
28.68,-0.156271,-0.288396,-0.0393589,-0.151587,-0.288018,-0.0350577
28.69,-0.15016,-0.284197,-0.116308,-0.145482,-0.283391,-0.111937
28.7,-0.145864,-0.283102,-0.190811,-0.141454,-0.281946,-0.186449
28.71,-0.143732,-0.281314,-0.250418,-0.13944,-0.280084,-0.246316
28.72,-0.140971,-0.275249,-0.27774,-0.136816,-0.273913,-0.273833
28.73,-0.134679,-0.266012,-0.271435,-0.13092,-0.264765,-0.267584
28.74,-0.124251,-0.255642,-0.238273,-0.120623,-0.254317,-0.234041
28.75,-0.112437,-0.245924,-0.186648,-0.109014,-0.244238,-0.181969
28.76,-0.10218,-0.237321,-0.125708,-0.098737,-0.235523,-0.120709
28.77,-0.0942494,-0.229376,-0.0613001,-0.0910645,-0.227244,-0.0557747
28.78,-0.0914351,-0.203543,0.0289107,-0.088506,-0.201248,0.0352014
28.79,-0.106728,-0.174562,0.117844,-0.103854,-0.171733,0.124608
28.8,-0.127743,-0.158541,0.189496,-0.124423,-0.155567,0.196544
28.81,-0.130495,-0.140621,0.262684,-0.126825,-0.137254,0.269598
28.82,-0.145929,-0.142643,0.284202,-0.142344,-0.139124,0.290891
28.83,-0.169363,-0.156054,0.268816,-0.166117,-0.15254,0.274841
28.84,-0.19474,-0.173494,0.232028,-0.191755,-0.170509,0.237506
28.85,-0.215379,-0.190496,0.182214,-0.212252,-0.187526,0.187657
28.86,-0.228591,-0.202061,0.113383,-0.225609,-0.199327,0.119161
28.87,-0.234704,-0.204384,0.03252,-0.231323,-0.201766,0.0380867
28.88,-0.234477,-0.200058,-0.0478827,-0.230754,-0.197685,-0.0425742
28.89,-0.23108,-0.193728,-0.120284,-0.227177,-0.190979,-0.11518
28.9,-0.229702,-0.189021,-0.188554,-0.225414,-0.186272,-0.183448
28.91,-0.227411,-0.185604,-0.243472,-0.222896,-0.182659,-0.238379
28.92,-0.221204,-0.180936,-0.267687,-0.216724,-0.178334,-0.26263
28.93,-0.212418,-0.173203,-0.261732,-0.208227,-0.170937,-0.256613
28.94,-0.202049,-0.16079,-0.233609,-0.1979,-0.158453,-0.228398
28.95,-0.193184,-0.146455,-0.188905,-0.188979,-0.144119,-0.183216
28.96,-0.186127,-0.133162,-0.134815,-0.181978,-0.130857,-0.128712
28.97,-0.1758,-0.121452,-0.0697864,-0.171417,-0.118967,-0.0631701
28.98,-0.148593,-0.116662,0.0277415,-0.143925,-0.114061,0.0349702
28.99,-0.12506,-0.131122,0.114152,-0.120286,-0.128042,0.121496
29,-0.110723,-0.149031,0.195539,-0.106015,-0.145523,0.203226
29.01,-0.0954436,-0.152685,0.270675,-0.0904738,-0.148767,0.277878
29.02,-0.0971157,-0.17137,0.293869,-0.0915966,-0.167816,0.300454
29.03,-0.108616,-0.197441,0.281913,-0.103111,-0.194961,0.287802
29.04,-0.123597,-0.224088,0.248459,-0.118132,-0.222611,0.25356
29.05,-0.138484,-0.24586,0.200792,-0.132743,-0.244693,0.205834
29.06,-0.149048,-0.259666,0.129734,-0.143541,-0.258462,0.134747
29.07,-0.151095,-0.265196,0.0428303,-0.145663,-0.264164,0.047434
29.08,-0.147405,-0.26405,-0.0462559,-0.142116,-0.262756,-0.041709
29.09,-0.141709,-0.260384,-0.125179,-0.136537,-0.258757,-0.120627
29.1,-0.138277,-0.259243,-0.201059,-0.133346,-0.257284,-0.196482
29.11,-0.135932,-0.256815,-0.258355,-0.130976,-0.254769,-0.253975
29.12,-0.131983,-0.250358,-0.281077,-0.127044,-0.248188,-0.276759
29.13,-0.124315,-0.240854,-0.268966,-0.119437,-0.238823,-0.264685
29.14,-0.112969,-0.230294,-0.229679,-0.108543,-0.228536,-0.225092
29.15,-0.10045,-0.22053,-0.173831,-0.0963582,-0.218877,-0.168669
29.16,-0.0898364,-0.211687,-0.111021,-0.0859141,-0.209813,-0.105727
29.17,-0.0818553,-0.203669,-0.0483897,-0.0782684,-0.201331,-0.0428186
29.18,-0.0781511,-0.17832,0.0380006,-0.0748235,-0.175598,0.0438916
29.19,-0.0923053,-0.14848,0.122756,-0.0889772,-0.145551,0.128905
29.2,-0.11407,-0.13065,0.189352,-0.110936,-0.127626,0.195531
29.21,-0.116706,-0.112797,0.25727,-0.113659,-0.109478,0.263217
29.22,-0.131849,-0.113481,0.276107,-0.128847,-0.10987,0.281415
29.23,-0.155074,-0.124058,0.259486,-0.152631,-0.120738,0.264066
29.24,-0.180771,-0.138213,0.221651,-0.17878,-0.135471,0.225882
29.25,-0.202156,-0.152605,0.171433,-0.199976,-0.149729,0.175659
29.26,-0.216397,-0.16312,0.102837,-0.214284,-0.160224,0.107142
29.27,-0.223574,-0.165478,0.0232672,-0.2216,-0.162493,0.0274783
29.28,-0.224028,-0.161774,-0.0549896,-0.222037,-0.159051,-0.050975
29.29,-0.221002,-0.156247,-0.125476,-0.219097,-0.15358,-0.121761
29.3,-0.219261,-0.15217,-0.192165,-0.217094,-0.149358,-0.18841
29.31,-0.215699,-0.149096,-0.243346,-0.213206,-0.146717,-0.239683
29.32,-0.208471,-0.144839,-0.263712,-0.205824,-0.142589,-0.2599
29.33,-0.198848,-0.137074,-0.255223,-0.196025,-0.134868,-0.251457
29.34,-0.187034,-0.125462,-0.225991,-0.18393,-0.123385,-0.2218
29.35,-0.175999,-0.111774,-0.181598,-0.172814,-0.109496,-0.17686
29.36,-0.166791,-0.0985736,-0.12859,-0.163606,-0.0962622,-0.123432
29.37,-0.153509,-0.0871759,-0.0621861,-0.15009,-0.0844977,-0.0566269
29.38,-0.127323,-0.0867609,0.0343602,-0.123609,-0.0836901,0.0404933
29.39,-0.108075,-0.105592,0.118415,-0.104418,-0.102331,0.124735
29.4,-0.0975429,-0.125009,0.199738,-0.0936603,-0.121125,0.206277
29.41,-0.0838058,-0.131323,0.272704,-0.0800318,-0.127563,0.279178
29.42,-0.0876723,-0.149903,0.295365,-0.0838146,-0.146511,0.30132
29.43,-0.101406,-0.17384,0.283394,-0.0979081,-0.171639,0.288429
29.44,-0.118783,-0.198075,0.249498,-0.116048,-0.19716,0.253952
29.45,-0.135336,-0.217445,0.200821,-0.132427,-0.216571,0.20524
29.46,-0.147304,-0.229904,0.128007,-0.14415,-0.228775,0.132329
29.47,-0.150304,-0.235366,0.0386791,-0.146735,-0.233872,0.0428788
29.48,-0.146833,-0.235158,-0.0524722,-0.143388,-0.233773,-0.0485714
29.49,-0.141126,-0.23252,-0.133249,-0.137743,-0.230947,-0.129568
29.5,-0.137951,-0.231791,-0.21014,-0.134505,-0.230264,-0.206915
29.51,-0.135361,-0.229167,-0.265524,-0.131897,-0.227287,-0.262102
29.52,-0.13045,-0.22251,-0.284528,-0.127394,-0.220484,-0.280996
29.53,-0.121503,-0.213017,-0.2675,-0.118724,-0.210669,-0.263563
29.54,-0.109081,-0.202614,-0.223022,-0.106423,-0.200182,-0.218816
29.55,-0.0956985,-0.192997,-0.163292,-0.0932914,-0.190183,-0.158704
29.56,-0.0843326,-0.18422,-0.0986327,-0.0819368,-0.18107,-0.093646
29.57,-0.0758808,-0.176483,-0.0377564,-0.0734146,-0.17281,-0.032559
29.58,-0.0701035,-0.152323,0.044735,-0.0679556,-0.148677,0.0502002
29.59,-0.0813773,-0.121198,0.125956,-0.0793239,-0.117282,0.131823
29.6,-0.102319,-0.100579,0.18902,-0.100454,-0.0965378,0.19498
29.61,-0.103892,-0.0827317,0.252663,-0.101775,-0.0783596,0.258115
29.62,-0.118891,-0.0821261,0.269209,-0.116981,-0.077653,0.274012
29.63,-0.141662,-0.0890616,0.252077,-0.140078,-0.084729,0.255936
29.64,-0.16742,-0.0992059,0.213639,-0.166406,-0.0953292,0.216663
29.65,-0.189594,-0.110406,0.162853,-0.188495,-0.10666,0.165882
29.66,-0.205215,-0.119077,0.0942084,-0.203892,-0.115626,0.097249
29.67,-0.213559,-0.12084,0.0159261,-0.212075,-0.117525,0.0190926
29.68,-0.21455,-0.117765,-0.0603104,-0.21304,-0.114199,-0.0573517
29.69,-0.211785,-0.113068,-0.128866,-0.210446,-0.109603,-0.126057
29.7,-0.209579,-0.109797,-0.194043,-0.207873,-0.106254,-0.191718
29.71,-0.204892,-0.107607,-0.241852,-0.203355,-0.104289,-0.239536
29.72,-0.196557,-0.10426,-0.259499,-0.195029,-0.100815,-0.257502
29.73,-0.185615,-0.0970305,-0.249705,-0.18418,-0.093868,-0.2475
29.74,-0.172866,-0.087045,-0.219678,-0.170896,-0.0835662,-0.217378
29.75,-0.16017,-0.0751427,-0.175615,-0.158077,-0.0716347,-0.172775
29.76,-0.148403,-0.0632047,-0.123722,-0.146198,-0.0595436,-0.120354
29.77,-0.131705,-0.0536804,-0.0557741,-0.128946,-0.0500927,-0.052059
29.78,-0.107039,-0.0586362,0.0401164,-0.104016,-0.0549328,0.0442952
29.79,-0.0920866,-0.0816746,0.122079,-0.0889408,-0.0779043,0.126708
29.8,-0.0852732,-0.102476,0.202939,-0.082077,-0.0989652,0.207608
29.81,-0.073535,-0.111709,0.273795,-0.0700235,-0.107975,0.278288
29.82,-0.0801752,-0.129747,0.296401,-0.0767097,-0.126639,0.300206
29.83,-0.0966748,-0.150918,0.284229,-0.0939359,-0.149172,0.286924
29.84,-0.117044,-0.171781,0.24925,-0.115166,-0.171145,0.251459
29.85,-0.135525,-0.187847,0.199475,-0.133398,-0.187389,0.201502
29.86,-0.149119,-0.198302,0.125256,-0.146823,-0.197953,0.127453
29.87,-0.1534,-0.203376,0.0336468,-0.151297,-0.20281,0.0359904
29.88,-0.150419,-0.204104,-0.0593554,-0.148352,-0.203547,-0.0572215
29.89,-0.144892,-0.202548,-0.141694,-0.142779,-0.201988,-0.13985
29.9,-0.141693,-0.202068,-0.218874,-0.139437,-0.201539,-0.217352
29.91,-0.13865,-0.199256,-0.271933,-0.136605,-0.198662,-0.270391
29.92,-0.132336,-0.19259,-0.286821,-0.130582,-0.191831,-0.285317
29.93,-0.121544,-0.183524,-0.26468,-0.120111,-0.18285,-0.262867
29.94,-0.107379,-0.173887,-0.215218,-0.106347,-0.173323,-0.213172
29.95,-0.0925898,-0.165005,-0.151688,-0.0920321,-0.164061,-0.149212
29.96,-0.0800157,-0.156884,-0.0861907,-0.0798902,-0.156177,-0.0830792
29.97,-0.0707912,-0.149779,-0.0264337,-0.0709495,-0.148428,-0.023415
29.98,-0.062093,-0.127071,0.0525802,-0.0626237,-0.125464,0.0563386
29.99,-0.0692907,-0.0946634,0.129959,-0.0700408,-0.0929748,0.134119
30,-0.0883212,-0.0708667,0.188507,-0.0889889,-0.0690068,0.192498
30.01,-0.08854,-0.0534464,0.247326,-0.0893182,-0.0516168,0.251446
30.02,-0.102865,-0.0509291,0.261619,-0.104098,-0.049055,0.265221
30.03,-0.124682,-0.0546574,0.243636,-0.126454,-0.0527754,0.246654
30.04,-0.14977,-0.0601663,0.205148,-0.152254,-0.0583691,0.207205
30.05,-0.172651,-0.0668633,0.154095,-0.175263,-0.0650086,0.156076
30.06,-0.189613,-0.0727837,0.0859556,-0.191751,-0.0711765,0.0879253
30.07,-0.198841,-0.0739731,0.00909158,-0.200898,-0.0721503,0.0109363
30.08,-0.200466,-0.0711615,-0.0645727,-0.202456,-0.0693759,-0.0629868
30.09,-0.198014,-0.0671655,-0.13121,-0.199794,-0.0653647,-0.129669
30.1,-0.195754,-0.0646963,-0.195125,-0.197572,-0.0623966,-0.193963
30.11,-0.190604,-0.0636784,-0.240405,-0.192147,-0.0613496,-0.239609
30.12,-0.181799,-0.0618452,-0.256398,-0.182795,-0.0594697,-0.255528
30.13,-0.169833,-0.0563928,-0.245718,-0.170794,-0.0540498,-0.244531
30.14,-0.156696,-0.0484723,-0.21509,-0.157603,-0.0462027,-0.213217
30.15,-0.143405,-0.0391852,-0.17088,-0.14449,-0.0368541,-0.168615
30.16,-0.130406,-0.0295381,-0.118961,-0.131534,-0.0272749,-0.116328
30.17,-0.111306,-0.0241358,-0.048739,-0.11232,-0.0217764,-0.0458462
30.18,-0.0897076,-0.0351506,0.0472873,-0.0904743,-0.0323348,0.0504786
30.19,-0.0807604,-0.0620418,0.127085,-0.0811075,-0.0587862,0.130443
30.2,-0.0791009,-0.084512,0.206673,-0.0792447,-0.0808683,0.210216
30.21,-0.0699338,-0.0962388,0.276347,-0.0697164,-0.092864,0.279601
30.22,-0.0796676,-0.113082,0.298226,-0.0797647,-0.110341,0.300741
30.23,-0.0989003,-0.130682,0.286159,-0.100256,-0.12962,0.287317
30.24,-0.121786,-0.147208,0.250301,-0.12416,-0.147817,0.250808
30.25,-0.142379,-0.159337,0.199539,-0.14481,-0.160032,0.20005
30.26,-0.157294,-0.166886,0.124063,-0.159626,-0.167569,0.124707
30.27,-0.162496,-0.170691,0.0305946,-0.164766,-0.17136,0.03078
30.28,-0.159738,-0.171721,-0.0637507,-0.161998,-0.172232,-0.0636881
30.29,-0.15419,-0.170999,-0.14741,-0.156446,-0.171281,-0.147388
30.3,-0.150885,-0.170904,-0.224757,-0.153299,-0.171028,-0.224987
30.31,-0.147419,-0.168517,-0.276545,-0.14994,-0.168711,-0.276948
30.32,-0.140125,-0.163124,-0.289814,-0.142955,-0.163549,-0.29025
30.33,-0.128175,-0.156236,-0.266091,-0.131241,-0.156722,-0.266092
30.34,-0.113045,-0.14935,-0.215378,-0.116128,-0.149599,-0.214944
30.35,-0.0975844,-0.143314,-0.151303,-0.100925,-0.143343,-0.15045
30.36,-0.0845331,-0.137725,-0.0860372,-0.087926,-0.137627,-0.0845944
30.37,-0.0751298,-0.132629,-0.0267223,-0.0791464,-0.132552,-0.0246634
30.38,-0.0630135,-0.110528,0.0548599,-0.067423,-0.110011,0.0573085
30.39,-0.0666202,-0.0772019,0.131536,-0.0712525,-0.0768848,0.134518
30.4,-0.0834942,-0.050321,0.18913,-0.088585,-0.0499093,0.192357
30.41,-0.0851708,-0.0334926,0.246331,-0.0901893,-0.0329553,0.249535
30.42,-0.0986404,-0.0286256,0.262918,-0.103818,-0.0275708,0.265612
30.43,-0.120511,-0.0284785,0.246469,-0.125998,-0.0272207,0.248435
30.44,-0.145646,-0.0294994,0.209238,-0.151655,-0.0283525,0.210381
30.45,-0.169023,-0.0320761,0.159113,-0.174811,-0.0312558,0.160261
30.46,-0.1868,-0.0352188,0.0910825,-0.192713,-0.034526,0.0921905
30.47,-0.196355,-0.0352494,0.0136001,-0.202479,-0.0345903,0.0144841
30.48,-0.197803,-0.0327054,-0.0609297,-0.203995,-0.0320247,-0.0598189
30.49,-0.19508,-0.0296678,-0.128635,-0.201084,-0.029122,-0.127547
30.5,-0.193072,-0.027864,-0.194076,-0.199045,-0.0273235,-0.193436
30.51,-0.188848,-0.0277434,-0.241543,-0.194502,-0.0274117,-0.240998
30.52,-0.181059,-0.0273429,-0.259838,-0.186652,-0.0270654,-0.258917
30.53,-0.169507,-0.0237337,-0.250925,-0.174909,-0.023527,-0.249999
30.54,-0.156477,-0.0176033,-0.221003,-0.161814,-0.0175176,-0.219857
30.55,-0.142972,-0.0103588,-0.176583,-0.148337,-0.0103923,-0.175045
30.56,-0.129005,-0.00281893,-0.123628,-0.134018,-0.0025017,-0.121788
30.57,-0.108207,-0.00164996,-0.0489818,-0.113126,-0.00105103,-0.0466339
30.58,-0.0895778,-0.017363,0.049141,-0.0937614,-0.0162934,0.0516956
30.59,-0.0865156,-0.0460607,0.12879,-0.0898959,-0.0447025,0.131683
30.6,-0.0900095,-0.0693027,0.207384,-0.0927331,-0.0675766,0.210136
30.61,-0.0838918,-0.0830667,0.276306,-0.0862154,-0.0813756,0.278618
30.62,-0.0971428,-0.0985163,0.297546,-0.0996345,-0.0977583,0.299201
30.63,-0.119308,-0.112786,0.285857,-0.123265,-0.113591,0.286219
30.64,-0.144626,-0.125111,0.250866,-0.150001,-0.126984,0.250803
30.65,-0.166978,-0.133485,0.200554,-0.172331,-0.135686,0.200477
30.66,-0.182917,-0.138297,0.1253,-0.188326,-0.140723,0.124934
30.67,-0.188694,-0.141102,0.0316704,-0.193776,-0.143547,0.0309935
30.68,-0.186134,-0.142612,-0.0627564,-0.191296,-0.14485,-0.0635499
30.69,-0.180561,-0.142899,-0.146554,-0.18558,-0.14509,-0.147326
30.7,-0.177333,-0.143411,-0.22403,-0.182203,-0.145506,-0.224908
30.71,-0.173592,-0.141716,-0.275975,-0.178368,-0.14374,-0.276911
30.72,-0.165615,-0.137765,-0.289602,-0.170795,-0.139498,-0.290529
30.73,-0.152819,-0.133155,-0.266334,-0.158484,-0.134386,-0.267005
30.74,-0.136882,-0.129075,-0.21603,-0.142764,-0.130094,-0.216015
30.75,-0.120724,-0.125857,-0.152241,-0.126777,-0.126513,-0.151755
30.76,-0.106957,-0.122621,-0.0870678,-0.113175,-0.122893,-0.0860658
30.77,-0.0967969,-0.119215,-0.0277498,-0.103148,-0.119355,-0.0263282
30.78,-0.0808304,-0.099357,0.0542009,-0.0873954,-0.0988235,0.0559259
30.79,-0.0784573,-0.0656333,0.131187,-0.0848187,-0.064839,0.13326
30.8,-0.0904258,-0.0358236,0.188788,-0.0964558,-0.0350571,0.190976
30.81,-0.0890998,-0.0187294,0.246108,-0.0949765,-0.0180295,0.248163
30.82,-0.101502,-0.0113396,0.262806,-0.107245,-0.0106405,0.264366
30.83,-0.123045,-0.00717882,0.246396,-0.129404,-0.00617177,0.247132
30.84,-0.147992,-0.00361787,0.209213,-0.154806,-0.00264326,0.209838
30.85,-0.17146,-0.00188148,0.159223,-0.178008,-0.000985429,0.159791
30.86,-0.189508,-0.00176522,0.0913205,-0.196107,-0.00109019,0.0919389
30.87,-0.198915,-0.000113416,0.0138835,-0.205498,0.000477986,0.0142768
30.88,-0.199897,0.00260044,-0.0606605,-0.206273,0.00301387,-0.0604025
30.89,-0.196712,0.00505887,-0.128402,-0.202935,0.00550963,-0.128188
30.9,-0.194451,0.00646045,-0.193882,-0.200256,0.0066377,-0.193869
30.91,-0.190313,0.00584418,-0.241397,-0.195895,0.00580482,-0.241431
30.92,-0.182621,0.00490584,-0.259785,-0.18812,0.0048255,-0.259868
30.93,-0.170664,0.00648142,-0.250987,-0.175909,0.00635546,-0.250998
30.94,-0.156821,0.0103044,-0.221155,-0.161961,0.0101655,-0.220654
30.95,-0.142322,0.015125,-0.176785,-0.147271,0.0151858,-0.175616
30.96,-0.127293,0.0201293,-0.12384,-0.131908,0.0203498,-0.122129
30.97,-0.106645,0.0175893,-0.049125,-0.11133,0.0179987,-0.0470927
30.98,-0.0911694,-0.00117606,0.0489967,-0.0958201,-0.000434542,0.0514687
30.99,-0.0933164,-0.0299405,0.128625,-0.0971497,-0.0288408,0.131334
31,-0.10092,-0.0521694,0.207237,-0.103974,-0.0506803,0.210069
31.01,-0.097388,-0.0667947,0.276163,-0.100154,-0.065342,0.278881
31.02,-0.113196,-0.0796387,0.297446,-0.11621,-0.0786466,0.299778
31.03,-0.137541,-0.0897409,0.285838,-0.142656,-0.0898085,0.286874
31.04,-0.164644,-0.0973758,0.250913,-0.171742,-0.0983366,0.250961
31.05,-0.188129,-0.101652,0.200647,-0.195168,-0.102903,0.200536
31.06,-0.204665,-0.103566,0.125425,-0.211481,-0.10494,0.125366
31.07,-0.210843,-0.105312,0.0317976,-0.217826,-0.106867,0.0314711
31.08,-0.208588,-0.107271,-0.0626263,-0.21527,-0.108804,-0.0631735
31.09,-0.203156,-0.108561,-0.146434,-0.210262,-0.109841,-0.147344
31.1,-0.200079,-0.109651,-0.22393,-0.207297,-0.11069,-0.224717
31.11,-0.19611,-0.108658,-0.275908,-0.203379,-0.109368,-0.276553
31.12,-0.187577,-0.106189,-0.289587,-0.194906,-0.106672,-0.290078
31.13,-0.174187,-0.103919,-0.266376,-0.18152,-0.104148,-0.266439
31.14,-0.157799,-0.10272,-0.216119,-0.165362,-0.102481,-0.215951
31.15,-0.141341,-0.102407,-0.15236,-0.148941,-0.101787,-0.151579
31.16,-0.127226,-0.101652,-0.0871948,-0.134737,-0.10084,-0.0858122
31.17,-0.116636,-0.100102,-0.0279019,-0.124228,-0.0988766,-0.0259368
31.18,-0.0974144,-0.0834599,0.0539522,-0.104845,-0.0819424,0.0560472
31.19,-0.0890223,-0.0507014,0.130996,-0.0964176,-0.0491804,0.133529
31.2,-0.095444,-0.0192331,0.188685,-0.102756,-0.0175273,0.191323
31.21,-0.0872735,-0.00380362,0.248408,-0.0944258,-0.00169172,0.251026
31.22,-0.0992778,0.00561038,0.263824,-0.106227,0.00784349,0.266255
31.23,-0.120245,0.0135955,0.246303,-0.127515,0.0165231,0.247527
31.24,-0.144415,0.0216693,0.208438,-0.152491,0.0248762,0.208894
31.25,-0.167225,0.0276203,0.158221,-0.175292,0.0306142,0.158488
31.26,-0.184909,0.0310127,0.0903082,-0.192771,0.0337579,0.0903955
31.27,-0.193833,0.0343953,0.0129838,-0.201448,0.0370857,0.0131298
31.28,-0.194325,0.0373433,-0.0613296,-0.201766,0.0399108,-0.0612449
31.29,-0.190805,0.0393079,-0.128756,-0.198251,0.0420899,-0.12886
31.3,-0.188529,0.0404807,-0.194111,-0.195782,0.043332,-0.194028
31.31,-0.184818,0.0393654,-0.241885,-0.191743,0.0419934,-0.241597
31.32,-0.177672,0.0372341,-0.260389,-0.184426,0.0397428,-0.260245
31.33,-0.1658,0.0367808,-0.251508,-0.172316,0.0391047,-0.251101
31.34,-0.151618,0.038204,-0.221482,-0.158251,0.0411856,-0.220717
31.35,-0.136592,0.0404774,-0.176914,-0.142904,0.0435044,-0.176004
31.36,-0.12096,0.0428172,-0.12373,-0.126817,0.0456697,-0.122151
31.37,-0.101059,0.0365274,-0.048365,-0.106749,0.0390683,-0.0462446
31.38,-0.0893939,0.0152149,0.04998,-0.0943944,0.0183891,0.0525478
31.39,-0.0968729,-0.0127184,0.12949,-0.101546,-0.00941056,0.132329
31.4,-0.108583,-0.0332635,0.207853,-0.112471,-0.0300424,0.210652
31.41,-0.112248,-0.0470945,0.272673,-0.115746,-0.0440373,0.275393
31.42,-0.129532,-0.0574459,0.295214,-0.133379,-0.0549398,0.297298
31.43,-0.154929,-0.0635369,0.285203,-0.160405,-0.0615535,0.286326
31.44,-0.182733,-0.0664786,0.251435,-0.189463,-0.0650952,0.251593
31.45,-0.206618,-0.0665449,0.201879,-0.213417,-0.0655014,0.20182
31.46,-0.223248,-0.0654124,0.127061,-0.230223,-0.0648764,0.127058
31.47,-0.229663,-0.0659016,0.0333532,-0.236545,-0.0656407,0.0332136
31.48,-0.227759,-0.068172,-0.0613226,-0.234575,-0.0678423,-0.0615564
31.49,-0.222573,-0.0703021,-0.145629,-0.229317,-0.0698248,-0.145852
31.5,-0.219504,-0.0717379,-0.223321,-0.226363,-0.0716094,-0.223783
31.51,-0.21503,-0.0712385,-0.27495,-0.22179,-0.0705254,-0.275545
31.52,-0.205883,-0.0701229,-0.288576,-0.212832,-0.0694088,-0.289015
31.53,-0.192107,-0.0700659,-0.265626,-0.199131,-0.0692283,-0.265675
31.54,-0.17564,-0.0715674,-0.215741,-0.182959,-0.0703929,-0.215055
31.55,-0.159258,-0.0739141,-0.152296,-0.1667,-0.0723837,-0.151053
31.56,-0.145071,-0.0754342,-0.0873114,-0.152411,-0.0736609,-0.0856917
31.57,-0.134319,-0.0756727,-0.0284013,-0.141308,-0.0733278,-0.0263753
31.58,-0.112875,-0.0633297,0.0518383,-0.119611,-0.0605907,0.0545631
31.59,-0.0982168,-0.032962,0.129109,-0.104928,-0.0298208,0.131982
31.6,-0.0983997,-0.00119438,0.18737,-0.105122,0.00191931,0.190472
31.61,-0.0870892,0.0122901,0.247645,-0.0934949,0.0158582,0.250881
31.62,-0.0966859,0.0235219,0.263673,-0.103002,0.027302,0.266896
31.63,-0.115688,0.034982,0.24656,-0.122522,0.038962,0.248827
31.64,-0.138026,0.0471864,0.208697,-0.145357,0.0512408,0.21017
31.65,-0.15951,0.0571193,0.158268,-0.167067,0.0610102,0.159973
31.66,-0.176359,0.063664,0.0902101,-0.183722,0.0673257,0.0919367
31.67,-0.184537,0.0686535,0.0129167,-0.191818,0.0722623,0.0146078
31.68,-0.184481,0.0716795,-0.0612856,-0.191869,0.0751824,-0.0597866
31.69,-0.18064,0.0729892,-0.128602,-0.187855,0.0762234,-0.12727
31.7,-0.178172,0.0737039,-0.193864,-0.185437,0.0767082,-0.192447
31.71,-0.174699,0.0718855,-0.241563,-0.181945,0.0746154,-0.239996
31.72,-0.168035,0.0684413,-0.259988,-0.175113,0.071243,-0.25807
31.73,-0.156416,0.0658127,-0.251055,-0.163313,0.0683275,-0.248707
31.74,-0.142179,0.0646546,-0.221028,-0.149015,0.0671158,-0.218055
31.75,-0.12697,0.0641987,-0.176507,-0.13337,0.0666396,-0.173364
31.76,-0.111164,0.0636977,-0.123384,-0.117107,0.0661561,-0.120057
31.77,-0.0927035,0.0539143,-0.0479856,-0.0981411,0.0563546,-0.0442044
31.78,-0.0851016,0.0308472,0.0502911,-0.0899311,0.0333427,0.0544525
31.79,-0.0975116,0.00471306,0.129637,-0.101428,0.00723255,0.13405
31.8,-0.112826,-0.0134108,0.207675,-0.116164,-0.0108693,0.212038
31.81,-0.118943,-0.0263683,0.272353,-0.121916,-0.0240203,0.276576
31.82,-0.137818,-0.0334647,0.294782,-0.14104,-0.0318019,0.298204
31.83,-0.163878,-0.0349086,0.284747,-0.169023,-0.0338606,0.286671
31.84,-0.191723,-0.0328127,0.251038,-0.198167,-0.0316493,0.252337
31.85,-0.215218,-0.02859,0.201542,-0.221777,-0.0275537,0.202754
31.86,-0.231381,-0.0244797,0.126781,-0.237681,-0.0236127,0.127899
31.87,-0.237794,-0.0237913,0.0331125,-0.243935,-0.022876,0.0339551
31.88,-0.236332,-0.0263536,-0.0615463,-0.242387,-0.0250974,-0.0607944
31.89,-0.2316,-0.029369,-0.145819,-0.237625,-0.0280471,-0.145138
31.9,-0.228806,-0.031323,-0.223431,-0.234521,-0.029732,-0.222909
31.91,-0.224264,-0.0316254,-0.274906,-0.230062,-0.0296621,-0.274176
31.92,-0.215019,-0.0321708,-0.288366,-0.220934,-0.0302425,-0.287548
31.93,-0.201424,-0.0345971,-0.265282,-0.207721,-0.0321994,-0.264158
31.94,-0.185481,-0.0390386,-0.215316,-0.191588,-0.0362361,-0.213785
31.95,-0.169785,-0.0442916,-0.151848,-0.176029,-0.0411957,-0.149667
31.96,-0.156114,-0.0483342,-0.0869051,-0.162075,-0.0447406,-0.084403
31.97,-0.145589,-0.050497,-0.0280373,-0.151572,-0.0465746,-0.0251036
31.98,-0.122252,-0.0421597,0.0522309,-0.128324,-0.0376906,0.0553882
31.99,-0.102439,-0.0148823,0.129376,-0.108402,-0.0103969,0.132566
32,-0.0969881,0.016459,0.187409,-0.102715,0.0209024,0.190624
32.01,-0.083497,0.027754,0.247475,-0.0889973,0.0322052,0.250566
32.02,-0.0909653,0.0405527,0.263362,-0.0964183,0.0448768,0.266168
32.03,-0.107611,0.0552437,0.246179,-0.113234,0.0602325,0.248112
32.04,-0.127382,0.0712499,0.208327,-0.133667,0.0765975,0.209721
32.05,-0.146713,0.0848682,0.157946,-0.152989,0.0899517,0.159329
32.06,-0.162106,0.0943266,0.0899279,-0.168462,0.0995497,0.091308
32.07,-0.169253,0.100702,0.0126531,-0.175522,0.105819,0.0139318
32.08,-0.168649,0.103673,-0.0615271,-0.17491,0.108908,-0.0602933
32.09,-0.164629,0.104278,-0.128821,-0.1707,0.109415,-0.127627
32.1,-0.162061,0.104522,-0.19402,-0.168144,0.109402,-0.193013
32.11,-0.158953,0.102074,-0.241573,-0.165068,0.106637,-0.240584
32.12,-0.152991,0.0974618,-0.259857,-0.159236,0.10184,-0.258599
32.13,-0.14202,0.0927722,-0.250814,-0.1481,0.0972107,-0.249456
32.14,-0.128221,0.0890621,-0.220721,-0.133932,0.0932829,-0.219127
32.15,-0.113344,0.0858714,-0.176178,-0.118815,0.0902959,-0.174404
32.16,-0.0979013,0.0825414,-0.123077,-0.103007,0.0869231,-0.12108
32.17,-0.0815257,0.0696489,-0.047803,-0.0863554,0.0737187,-0.0455765
32.18,-0.0781749,0.0456182,0.0504056,-0.082637,0.049481,0.0532016
32.19,-0.0950646,0.0221502,0.129717,-0.0992007,0.0257815,0.132904
32.2,-0.113375,0.00708172,0.207724,-0.116618,0.0104889,0.2105
32.21,-0.118125,-0.00717105,0.276158,-0.121112,-0.00402018,0.278651
32.22,-0.13848,-0.00999429,0.297037,-0.141812,-0.00717396,0.299005
32.23,-0.164598,-0.00615498,0.285264,-0.169923,-0.0034788,0.286138
32.24,-0.191711,0.0012104,0.250377,-0.198958,0.00379176,0.250461
32.25,-0.213992,0.00959661,0.200131,-0.221181,0.0120616,0.200189
32.26,-0.229103,0.016456,0.124929,-0.236249,0.0189222,0.124887
32.27,-0.235259,0.018149,0.0312871,-0.242477,0.0201925,0.0312012
32.28,-0.234301,0.0153138,-0.0631322,-0.241161,0.017266,-0.0634806
32.29,-0.230279,0.0114219,-0.146943,-0.236909,0.0134505,-0.147082
32.3,-0.228145,0.00891176,-0.224355,-0.234505,0.0110951,-0.224766
32.31,-0.224133,0.00772562,-0.276068,-0.230591,0.0099391,-0.276619
32.32,-0.215457,0.00544995,-0.28948,-0.221796,0.00775885,-0.290077
32.33,-0.202743,0.0005107,-0.266062,-0.208993,0.00335733,-0.266333
32.34,-0.18803,-0.00687132,-0.215674,-0.194149,-0.00362842,-0.21567
32.35,-0.173726,-0.0150277,-0.15185,-0.179634,-0.0114613,-0.151211
32.36,-0.161219,-0.0215934,-0.086692,-0.166695,-0.0174059,-0.0854754
32.37,-0.151378,-0.0256661,-0.02748,-0.156793,-0.0212276,-0.0254912
32.38,-0.126509,-0.0213251,0.054069,-0.131759,-0.0165602,0.0565134
32.39,-0.102478,0.00239476,0.131058,-0.107379,0.00755895,0.133584
32.4,-0.0918228,0.0326363,0.188714,-0.0966349,0.037621,0.19134
32.41,-0.0795253,0.0445689,0.246057,-0.0841556,0.0496286,0.24837
32.42,-0.0838958,0.0582239,0.262785,-0.0885724,0.0634232,0.264663
32.43,-0.0973466,0.0755002,0.246397,-0.102238,0.0812776,0.247264
32.44,-0.113775,0.0945843,0.209154,-0.119166,0.101049,0.209204
32.45,-0.130292,0.111336,0.15908,-0.135868,0.117676,0.159007
32.46,-0.143785,0.123302,0.0911269,-0.149222,0.129683,0.0910295
32.47,-0.149755,0.130736,0.0136721,-0.155081,0.136945,0.0132581
32.48,-0.148687,0.133417,-0.0608713,-0.154038,0.139265,-0.0613878
32.49,-0.144658,0.133162,-0.128615,-0.149874,0.138921,-0.129295
32.5,-0.142025,0.13271,-0.194083,-0.147073,0.138275,-0.194675
32.51,-0.139307,0.129495,-0.24153,-0.144557,0.134937,-0.242344
32.52,-0.134128,0.123706,-0.259836,-0.139443,0.129089,-0.260655
32.53,-0.124089,0.117008,-0.250954,-0.129362,0.122343,-0.251439
32.54,-0.111159,0.11077,-0.221045,-0.116186,0.116077,-0.221323
32.55,-0.0970842,0.104854,-0.176618,-0.101704,0.109936,-0.176199
32.56,-0.0825002,0.0987389,-0.123664,-0.0868966,0.103672,-0.122873
32.57,-0.0686563,0.0833059,-0.0490983,-0.0727245,0.0878113,-0.0477795
32.58,-0.0693367,0.0590365,0.0489618,-0.0725665,0.0633636,0.0507406
32.59,-0.0898723,0.0388373,0.128592,-0.092393,0.0430025,0.130485
32.6,-0.11019,0.0271433,0.207249,-0.112057,0.0310116,0.209635
32.61,-0.117133,0.0138308,0.276207,-0.118814,0.0176219,0.278561
32.62,-0.137458,0.0145941,0.297511,-0.139532,0.0182643,0.299077
32.63,-0.162416,0.0230346,0.285901,-0.166518,0.0270597,0.286341
32.64,-0.187838,0.0351435,0.250945,-0.1936,0.0396978,0.250516
32.65,-0.208324,0.0473924,0.200652,-0.214372,0.0518207,0.200252
32.66,-0.222024,0.0568366,0.125413,-0.228185,0.0610936,0.124749
32.67,-0.227823,0.0595828,0.0317758,-0.234189,0.0636824,0.0309753
32.68,-0.22742,0.0566177,-0.0626584,-0.233592,0.0607186,-0.063472
32.69,-0.224187,0.0520661,-0.146476,-0.229933,0.0562128,-0.147752
32.7,-0.222602,0.0492198,-0.223999,-0.228291,0.0537008,-0.225515
32.71,-0.218982,0.0473583,-0.276027,-0.224835,0.052124,-0.277244
32.72,-0.210952,0.0436021,-0.289739,-0.217042,0.0485145,-0.290904
32.73,-0.199392,0.036496,-0.266532,-0.205379,0.0417982,-0.267577
32.74,-0.186279,0.026603,-0.216255,-0.192223,0.0321331,-0.216845
32.75,-0.173697,0.015993,-0.152464,-0.179654,0.0217773,-0.152471
32.76,-0.162589,0.00725706,-0.0872636,-0.168305,0.0135718,-0.0865091
32.77,-0.15361,0.00144528,-0.0279401,-0.159204,0.00819385,-0.0268622
32.78,-0.128192,0.00130892,0.0539545,-0.133494,0.0082824,0.0554684
32.79,-0.100311,0.0204348,0.131017,-0.105325,0.0273207,0.132967
32.8,-0.0844253,0.0483456,0.188713,-0.0896203,0.0549748,0.190591
32.81,-0.0681262,0.0545771,0.248441,-0.0727842,0.0613948,0.250169
32.82,-0.070971,0.0695739,0.263849,-0.0755262,0.0761917,0.265035
32.83,-0.081491,0.0893976,0.24631,-0.0863658,0.0966493,0.246474
32.84,-0.0943584,0.111392,0.208432,-0.0996174,0.119181,0.207958
32.85,-0.107599,0.130891,0.158208,-0.11311,0.138679,0.157827
32.86,-0.118668,0.145091,0.0902899,-0.124353,0.152938,0.0898878
32.87,-0.123154,0.153515,0.0129592,-0.128722,0.161429,0.0123057
32.88,-0.121582,0.156058,-0.0613616,-0.127198,0.163864,-0.0621236
32.89,-0.117638,0.155217,-0.128797,-0.123276,0.163147,-0.12989
32.9,-0.115153,0.154604,-0.194167,-0.121157,0.162523,-0.195507
32.91,-0.113097,0.151326,-0.241959,-0.119076,0.159299,-0.243561
32.92,-0.109128,0.14502,-0.260466,-0.114679,0.153035,-0.262099
32.93,-0.100495,0.136861,-0.251572,-0.106041,0.144655,-0.252932
32.94,-0.0888886,0.128593,-0.221519,-0.0944572,0.135923,-0.222617
32.95,-0.0760872,0.120408,-0.176922,-0.0815489,0.127451,-0.177288
32.96,-0.0627868,0.111875,-0.123716,-0.0681113,0.118904,-0.123557
32.97,-0.051957,0.0940427,-0.0483497,-0.0567592,0.10088,-0.0476208
32.98,-0.0572128,0.0703278,0.0499985,-0.0613155,0.0768146,0.0513823
32.99,-0.0812362,0.05424,0.129503,-0.0844668,0.0601837,0.131183
33,-0.10359,0.0464978,0.207834,-0.106505,0.0520812,0.20966
33.01,-0.113025,0.0348026,0.276427,-0.115653,0.0402077,0.278057
33.02,-0.133078,0.0392942,0.297416,-0.136335,0.0445015,0.298454
33.03,-0.156214,0.0520654,0.285676,-0.161445,0.0577845,0.285469
33.04,-0.179053,0.0684868,0.25075,-0.185826,0.0752388,0.249859
33.05,-0.196991,0.0841553,0.200459,-0.203531,0.0907699,0.199455
33.06,-0.208741,0.095861,0.125218,-0.21523,0.102359,0.123995
33.07,-0.213918,0.099579,0.0315435,-0.220572,0.106085,0.0301494
33.08,-0.214026,0.0965695,-0.0628831,-0.220441,0.103134,-0.0643894
33.09,-0.211648,0.0915073,-0.146721,-0.217986,0.0980297,-0.14869
33.1,-0.210569,0.0884148,-0.224212,-0.216664,0.0950367,-0.226228
33.11,-0.207284,0.0859162,-0.276084,-0.213258,0.092804,-0.278125
33.12,-0.200001,0.0807733,-0.289673,-0.2057,0.0876705,-0.291646
33.13,-0.189848,0.0717235,-0.266399,-0.195426,0.0790301,-0.268181
33.14,-0.178663,0.0596774,-0.216095,-0.183839,0.0670571,-0.217171
33.15,-0.16812,0.0470368,-0.152293,-0.173157,0.0546035,-0.152796
33.16,-0.158693,0.0365053,-0.0870942,-0.163355,0.0443334,-0.0869284
33.17,-0.150899,0.0292401,-0.0278507,-0.155284,0.0368998,-0.0269433
33.18,-0.126151,0.0245559,0.0536395,-0.130137,0.0321311,0.0554899
33.19,-0.0952846,0.0382746,0.130761,-0.098669,0.0459297,0.132866
33.2,-0.0746541,0.0627806,0.188634,-0.0779708,0.0703465,0.191037
33.21,-0.0574693,0.0658953,0.248478,-0.060379,0.0732313,0.250508
33.22,-0.0575135,0.0810417,0.263989,-0.0602272,0.0882842,0.265559
33.23,-0.0643235,0.10237,0.246518,-0.0674422,0.110163,0.247179
33.24,-0.0730774,0.126294,0.208585,-0.0762173,0.134723,0.208727
33.25,-0.0826416,0.147845,0.15826,-0.0859329,0.156153,0.158177
33.26,-0.0909964,0.163784,0.0902777,-0.0944256,0.171823,0.0900741
33.27,-0.0938924,0.172861,0.0129265,-0.0972908,0.180804,0.0124726
33.28,-0.0918804,0.175068,-0.0613999,-0.0953422,0.182913,-0.0615257
33.29,-0.0881438,0.173526,-0.128844,-0.0918003,0.181111,-0.128947
33.3,-0.085807,0.172471,-0.194226,-0.0896143,0.179951,-0.194619
33.31,-0.0843707,0.168879,-0.242036,-0.0882962,0.176228,-0.242402
33.32,-0.0815843,0.161963,-0.260548,-0.0852311,0.168724,-0.260792
33.33,-0.0745376,0.152397,-0.251646,-0.0783119,0.158974,-0.251711
33.34,-0.0645819,0.142199,-0.221571,-0.0682259,0.148892,-0.221013
33.35,-0.0534387,0.131872,-0.176945,-0.056895,0.138391,-0.175687
33.36,-0.0418687,0.121117,-0.123724,-0.0447785,0.127713,-0.122055
33.37,-0.0343864,0.101671,-0.0484097,-0.0370943,0.107986,-0.0463019
33.38,-0.043763,0.0792875,0.0499148,-0.0453796,0.085039,0.0521988
33.39,-0.0702508,0.0677539,0.129432,-0.0712878,0.0727795,0.132307
33.4,-0.0935828,0.0641202,0.207839,-0.0941308,0.0689384,0.210754
33.41,-0.106665,0.0583759,0.272687,-0.107162,0.0626602,0.275731
33.42,-0.125511,0.0654514,0.295249,-0.126335,0.0697947,0.297345
33.43,-0.146086,0.0815262,0.285245,-0.148721,0.0863595,0.286149
33.44,-0.165708,0.101447,0.251462,-0.169919,0.107095,0.251703
33.45,-0.18064,0.12009,0.201891,-0.18505,0.125626,0.201874
33.46,-0.190117,0.133799,0.127064,-0.194579,0.139301,0.126997
33.47,-0.194503,0.138506,0.0333493,-0.199189,0.143904,0.0331792
33.48,-0.195101,0.135599,-0.0613314,-0.199904,0.140875,-0.0615915
33.49,-0.193547,0.130214,-0.145644,-0.1983,0.13534,-0.146372
33.5,-0.192773,0.126924,-0.223356,-0.197034,0.132175,-0.224541
33.51,-0.189614,0.123747,-0.275026,-0.1937,0.129074,-0.276217
33.52,-0.183058,0.117299,-0.288683,-0.186737,0.122952,-0.289621
33.53,-0.174441,0.106568,-0.265743,-0.178042,0.112474,-0.266137
33.54,-0.165366,0.0927587,-0.215848,-0.169087,0.0985897,-0.215826
33.55,-0.157004,0.0784843,-0.152382,-0.160712,0.0843324,-0.152046
33.56,-0.149365,0.0664411,-0.0873723,-0.152681,0.0724837,-0.0865362
33.57,-0.142864,0.0578849,-0.028443,-0.145648,0.064002,-0.0274927
33.58,-0.119862,0.0488002,0.051812,-0.122286,0.0549752,0.0533024
33.59,-0.0869766,0.0562498,0.129104,-0.0891924,0.0625579,0.130732
33.6,-0.0622366,0.0761848,0.187374,-0.0645356,0.0824843,0.189212
33.61,-0.0446458,0.0757383,0.247658,-0.0468259,0.0817949,0.249346
33.62,-0.0418362,0.0902461,0.263684,-0.0434029,0.0963148,0.265055
33.63,-0.0447041,0.112253,0.246562,-0.0466347,0.118905,0.247215
33.64,-0.0490677,0.137331,0.208687,-0.0513011,0.144917,0.208821
33.65,-0.0546747,0.160322,0.158252,-0.0571437,0.167895,0.158142
33.66,-0.0600456,0.177579,0.0901907,-0.0627829,0.18532,0.0901804
33.67,-0.0612344,0.187084,0.0128927,-0.0638857,0.19465,0.0130226
33.68,-0.0588318,0.188924,-0.0613161,-0.0614021,0.19662,-0.0613192
33.69,-0.0554153,0.186734,-0.128642,-0.0579568,0.194591,-0.128788
33.7,-0.053319,0.185249,-0.193916,-0.0559841,0.193067,-0.194082
33.71,-0.052578,0.181401,-0.241624,-0.0554953,0.188781,-0.241815
33.72,-0.0511218,0.174045,-0.260047,-0.0539075,0.181092,-0.260291
33.73,-0.0459416,0.16332,-0.251101,-0.0484818,0.169887,-0.251122
33.74,-0.0379787,0.151465,-0.221051,-0.0405527,0.157707,-0.221009
33.75,-0.0288618,0.139286,-0.176505,-0.0312511,0.145398,-0.176001
33.76,-0.0194097,0.126614,-0.123367,-0.0214543,0.132353,-0.122307
33.77,-0.0155613,0.106094,-0.0479849,-0.0176212,0.111774,-0.0468125
33.78,-0.0288617,0.0857828,0.0502879,-0.030375,0.091063,0.051836
33.79,-0.0570289,0.0792173,0.129631,-0.0581928,0.0834838,0.131773
33.8,-0.080746,0.079914,0.207653,-0.0817478,0.0837426,0.210171
33.81,-0.0937182,0.0723028,0.276107,-0.094416,0.0755989,0.278645
33.82,-0.110919,0.0835678,0.296997,-0.112571,0.0869878,0.298987
33.83,-0.128069,0.103646,0.285238,-0.131295,0.108037,0.286186
33.84,-0.143641,0.127032,0.25037,-0.147955,0.132454,0.250387
33.85,-0.154905,0.148009,0.200136,-0.15912,0.153181,0.199923
33.86,-0.161775,0.163118,0.124945,-0.16597,0.168179,0.12452
33.87,-0.165304,0.168445,0.0313068,-0.169608,0.173436,0.0309484
33.88,-0.166456,0.165678,-0.0631067,-0.170538,0.17037,-0.0638305
33.89,-0.165995,0.160101,-0.146913,-0.169942,0.164354,-0.1478
33.9,-0.166045,0.156806,-0.224323,-0.169596,0.160943,-0.225265
33.91,-0.163808,0.153274,-0.276038,-0.167409,0.157406,-0.277138
33.92,-0.158774,0.145857,-0.289457,-0.162511,0.15034,-0.290633
33.93,-0.152448,0.133779,-0.266046,-0.156141,0.138529,-0.266979
33.94,-0.146221,0.118547,-0.215663,-0.149684,0.123362,-0.21623
33.95,-0.14081,0.103,-0.151842,-0.144006,0.108039,-0.151945
33.96,-0.135705,0.0898321,-0.0866875,-0.138516,0.0947807,-0.086166
33.97,-0.130973,0.0802962,-0.0274864,-0.133294,0.0852185,-0.0265481
33.98,-0.109403,0.0672053,0.0540321,-0.11123,0.0722283,0.0552729
33.99,-0.0756907,0.0692432,0.13103,-0.0771261,0.0740935,0.132398
34,-0.0477507,0.0850073,0.188669,-0.0490254,0.0894349,0.189778
34.01,-0.0305574,0.081954,0.248303,-0.0317601,0.0860195,0.249252
34.02,-0.0252729,0.0961992,0.263673,-0.0262301,0.100077,0.263973
34.03,-0.0241365,0.118571,0.246132,-0.0249217,0.12307,0.245791
34.04,-0.023902,0.144029,0.208214,-0.0249278,0.148907,0.207333
34.05,-0.0252589,0.167545,0.15794,-0.0266249,0.172095,0.15667
34.06,-0.0274639,0.185397,0.0899991,-0.0286327,0.190027,0.0886812
34.07,-0.0269775,0.19491,0.0126668,-0.0281439,0.199494,0.0110593
34.08,-0.0243106,0.196267,-0.0616377,-0.0250916,0.200732,-0.063309
34.09,-0.021348,0.193508,-0.129058,-0.0219583,0.197853,-0.13063
34.1,-0.0195377,0.191678,-0.194377,-0.0203106,0.195861,-0.196168
34.11,-0.0194751,0.187774,-0.24204,-0.0202916,0.191504,-0.244025
34.12,-0.0193102,0.180284,-0.260411,-0.0202739,0.183744,-0.262622
34.13,-0.0160902,0.168826,-0.2514,-0.0170876,0.172168,-0.253324
34.14,-0.0103755,0.155765,-0.221261,-0.0114447,0.158844,-0.222612
34.15,-0.00359603,0.14217,-0.176615,-0.00471435,0.144958,-0.177574
34.16,0.0034341,0.128041,-0.123416,0.00245043,0.130572,-0.123942
34.17,0.00360404,0.107252,-0.0482192,0.00273469,0.109835,-0.0481846
34.18,-0.0130288,0.0896123,0.0500372,-0.0138683,0.0918885,0.0506292
34.19,-0.0418664,0.0881476,0.129519,-0.0422543,0.0895422,0.130525
34.2,-0.0649714,0.0929669,0.20789,-0.0652058,0.0937663,0.209189
34.21,-0.0790296,0.0877669,0.276497,-0.0792603,0.0882864,0.278046
34.22,-0.0938979,0.101908,0.297505,-0.094506,0.10267,0.298367
34.23,-0.10718,0.124737,0.285763,-0.1094,0.127254,0.285671
34.24,-0.118351,0.150557,0.250805,-0.121954,0.154303,0.250093
34.25,-0.125702,0.173211,0.200487,-0.12955,0.177014,0.199654
34.26,-0.129779,0.189283,0.125227,-0.133583,0.192921,0.124375
34.27,-0.132316,0.195125,0.0315423,-0.136265,0.198639,0.0307237
34.28,-0.133954,0.192596,-0.0628954,-0.13797,0.19576,-0.063929
34.29,-0.134515,0.187034,-0.146744,-0.138453,0.190116,-0.147963
34.3,-0.135184,0.183837,-0.224261,-0.139077,0.186809,-0.225774
34.31,-0.133658,0.180023,-0.276183,-0.137144,0.182947,-0.277753
34.32,-0.130057,0.171886,-0.289808,-0.133125,0.174926,-0.291696
34.33,-0.125998,0.158918,-0.266546,-0.128927,0.162248,-0.268153
34.34,-0.122592,0.142841,-0.216235,-0.125348,0.146293,-0.217406
34.35,-0.120046,0.126581,-0.152413,-0.122642,0.129938,-0.152914
34.36,-0.117376,0.112703,-0.0871857,-0.119286,0.116212,-0.0872386
34.37,-0.114427,0.102466,-0.0279096,-0.116343,0.106061,-0.0276493
34.38,-0.0955829,0.0857357,0.0536464,-0.0966988,0.0897428,0.0543548
34.39,-0.0620578,0.0816813,0.130782,-0.0629611,0.0855652,0.131798
34.4,-0.0317879,0.0921254,0.188687,-0.0324597,0.0961099,0.189873
34.41,-0.0148154,0.0898789,0.246249,-0.0150588,0.093704,0.24734
34.42,-0.00687205,0.101765,0.263125,-0.00651743,0.105886,0.263625
34.43,-0.0017564,0.123048,0.246799,-0.00121159,0.127902,0.246351
34.44,0.00291755,0.147809,0.209532,0.00316077,0.153573,0.208509
34.45,0.00571097,0.17119,0.159399,0.00588143,0.176838,0.158465
34.46,0.00665206,0.189208,0.0914003,0.00663899,0.194771,0.0904688
34.47,0.00874,0.198514,0.013922,0.00855195,0.20377,0.0128596
34.48,0.0114958,0.199354,-0.060649,0.0112919,0.20446,-0.0617171
34.49,0.013801,0.196047,-0.128424,0.0138203,0.201255,-0.129761
34.5,0.0150994,0.193728,-0.193968,0.0147716,0.198844,-0.19521
34.51,0.0143072,0.189634,-0.241577,0.0139801,0.19468,-0.242886
34.52,0.0130259,0.182012,-0.260029,0.0126547,0.186641,-0.261479
34.53,0.0140637,0.170011,-0.251249,0.013989,0.174436,-0.252352
34.54,0.0172691,0.156025,-0.221387,0.0171263,0.160172,-0.222099
34.55,0.0214376,0.141338,-0.17696,0.0212206,0.145235,-0.177274
34.56,0.0257647,0.126115,-0.123969,0.0257199,0.129745,-0.123959
34.57,0.0223147,0.105631,-0.0492894,0.022367,0.109181,-0.0488139
34.58,0.00290045,0.0910234,0.048841,0.00340705,0.094257,0.0497441
34.59,-0.0257048,0.0944789,0.128503,-0.0250057,0.0971008,0.129494
34.6,-0.0475301,0.103071,0.207179,-0.0467388,0.105015,0.208337
34.61,-0.0622852,0.100201,0.276156,-0.0615833,0.101585,0.277052
34.62,-0.0743789,0.116571,0.297473,-0.0741856,0.118471,0.297666
34.63,-0.083349,0.14135,0.285878,-0.0840095,0.145283,0.285088
34.64,-0.0897358,0.168775,0.250944,-0.0911306,0.174308,0.249476
34.65,-0.0929363,0.192431,0.200665,-0.094615,0.198011,0.199087
34.66,-0.0940996,0.209035,0.125437,-0.0958963,0.214825,0.123601
34.67,-0.0955738,0.215284,0.0318042,-0.0971797,0.221005,0.0296463
34.68,-0.0976478,0.213122,-0.0626245,-0.0993793,0.218835,-0.0646842
34.69,-0.0991966,0.207758,-0.146438,-0.10078,0.213604,-0.148592
34.7,-0.100438,0.204746,-0.22396,-0.101666,0.210442,-0.226648
34.71,-0.0996397,0.200758,-0.27599,-0.10059,0.206536,-0.279045
34.72,-0.0975685,0.192143,-0.289711,-0.0983191,0.197931,-0.292505
34.73,-0.0959109,0.17868,-0.266514,-0.0963048,0.184699,-0.268834
34.74,-0.0954612,0.162264,-0.216245,-0.0957918,0.168506,-0.21798
34.75,-0.0959022,0.145816,-0.152459,-0.0956882,0.15205,-0.153796
34.76,-0.0957977,0.131688,-0.0872637,-0.0952897,0.138087,-0.0880981
34.77,-0.0947382,0.121047,-0.0279508,-0.0937777,0.127615,-0.0282816
34.78,-0.0790046,0.101096,0.0539175,-0.0774117,0.107638,0.0540932
34.79,-0.046661,0.0912096,0.130989,-0.0448727,0.0975087,0.13188
34.8,-0.014916,0.0961894,0.188667,-0.0132156,0.1022,0.190055
34.81,0.000130738,0.0873269,0.248379,0.00221794,0.0928435,0.249835
34.82,0.0100941,0.0988897,0.263784,0.0125999,0.10443,0.264969
34.83,0.0190394,0.11947,0.246243,0.0219023,0.125755,0.246916
34.84,0.0282168,0.14324,0.208362,0.0307348,0.149958,0.208711
34.85,0.0352124,0.165745,0.158142,0.0378015,0.172441,0.15854
34.86,0.0394177,0.183249,0.0902308,0.0417641,0.189827,0.0903515
34.87,0.0432084,0.192006,0.0129053,0.0453681,0.198363,0.0134995
34.88,0.0461752,0.19236,-0.0614124,0.0484035,0.198738,-0.0611238
34.89,0.0479751,0.188752,-0.128847,0.0495881,0.19511,-0.128473
34.9,0.0490403,0.186424,-0.194209,0.0505975,0.19265,-0.193853
34.91,0.0477524,0.182765,-0.24197,0.0489847,0.188442,-0.241637
34.92,0.0452935,0.17572,-0.260445,0.0464192,0.181359,-0.260006
34.93,0.0442964,0.16388,-0.251526,0.0457456,0.169325,-0.251107
34.94,0.0450715,0.14965,-0.221455,0.0464351,0.154801,-0.220459
34.95,0.046656,0.134539,-0.176847,0.0477827,0.139664,-0.17532
34.96,0.0482807,0.118828,-0.123646,0.0494257,0.123672,-0.121844
34.97,0.0411075,0.0992593,-0.048328,0.0424502,0.103739,-0.0458375
34.98,0.0193059,0.0885814,0.049995,0.0208463,0.0922964,0.0531012
34.99,-0.00823806,0.0973317,0.129492,-0.00660062,0.100083,0.132573
35,-0.0282183,0.109978,0.207819,-0.0265132,0.111824,0.210765
35.01,-0.0432358,0.11006,0.276411,-0.0417986,0.111223,0.279446
35.02,-0.0522196,0.128535,0.2974,-0.0514168,0.130089,0.299547
35.03,-0.0566552,0.154582,0.285657,-0.0567511,0.158013,0.286501
35.04,-0.0580551,0.182675,0.250726,-0.0585543,0.187708,0.250486
35.05,-0.0569897,0.206467,0.200431,-0.0578624,0.211281,0.200075
35.06,-0.0551656,0.222949,0.12519,-0.0559207,0.227801,0.124436
35.07,-0.0554894,0.229313,0.0315156,-0.0563588,0.23431,0.0307302
35.08,-0.0579122,0.22752,-0.0629106,-0.0588428,0.232404,-0.0637085
35.09,-0.0603901,0.222505,-0.146748,-0.0610988,0.22748,-0.147755
35.1,-0.0621368,0.219734,-0.22424,-0.0624851,0.224472,-0.225367
35.11,-0.0620426,0.215608,-0.276113,-0.0621913,0.2204,-0.277252
35.12,-0.0615228,0.206709,-0.289697,-0.0613996,0.211482,-0.290815
35.13,-0.0622674,0.193128,-0.266414,-0.0620311,0.198064,-0.267389
35.14,-0.064711,0.176873,-0.216098,-0.0641731,0.181882,-0.216605
35.15,-0.0680201,0.16075,-0.152286,-0.0673138,0.165964,-0.152196
35.16,-0.0703764,0.146815,-0.0870799,-0.0693201,0.151743,-0.0861894
35.17,-0.0711981,0.136199,-0.0278368,-0.0700912,0.141229,-0.02629
35.18,-0.0594413,0.113945,0.0536311,-0.0579155,0.118785,0.0556769
35.19,-0.0294781,0.0983635,0.130757,-0.0277273,0.10317,0.133226
35.2,0.00254007,0.0975112,0.188629,0.0041873,0.102433,0.191058
35.21,0.0156862,0.086017,0.248473,0.0175933,0.090764,0.250745
35.22,0.0274988,0.0954917,0.263982,0.0294376,0.100131,0.265829
35.23,0.0399273,0.114112,0.246508,0.0424,0.119125,0.247511
35.24,0.0531733,0.135871,0.20857,0.0557522,0.141358,0.208936
35.25,0.0640591,0.156783,0.158239,0.066614,0.162546,0.158815
35.26,0.0713126,0.17325,0.0902537,0.0738179,0.178969,0.0907447
35.27,0.0766049,0.181172,0.0129006,0.0791569,0.186895,0.0132015
35.28,0.0795858,0.180974,-0.0614271,0.0818637,0.186994,-0.061168
35.29,0.0807098,0.177089,-0.128873,0.082949,0.183051,-0.128892
35.3,0.0813411,0.174604,-0.194257,0.0836593,0.180009,-0.194292
35.31,0.0794264,0.17124,-0.242062,0.0818216,0.176543,-0.242132
35.32,0.0757544,0.164749,-0.260565,0.0780239,0.170145,-0.26081
35.33,0.0726668,0.153274,-0.251651,0.074742,0.158529,-0.252002
35.34,0.0709003,0.139134,-0.221563,0.0729024,0.144032,-0.221495
35.35,0.0697718,0.123984,-0.176925,0.0718537,0.128565,-0.176357
35.36,0.0685774,0.108236,-0.123699,0.0706937,0.112431,-0.122236
35.37,0.0580461,0.0902674,-0.0484019,0.0601406,0.0941934,-0.0464224
35.38,0.0347061,0.0836408,0.0499162,0.036737,0.0868876,0.0521869
35.39,0.00917919,0.0971578,0.129431,0.0112379,0.0996284,0.132291
35.4,-0.00820548,0.113134,0.207834,-0.00588881,0.114587,0.210772
35.41,-0.0208502,0.11978,0.272681,-0.0185513,0.121023,0.275303
35.42,-0.0270648,0.138924,0.29524,-0.0254391,0.140547,0.297169
35.43,-0.0273231,0.165032,0.285229,-0.0261233,0.168339,0.286292
35.44,-0.0239809,0.192793,0.251442,-0.022773,0.197441,0.251801
35.45,-0.0187152,0.216088,0.201867,-0.0180308,0.220692,0.202092
35.46,-0.0139069,0.232043,0.127039,-0.0137598,0.237074,0.127008
35.47,-0.0129627,0.238407,0.0333242,-0.0128474,0.243481,0.0333187
35.48,-0.0156109,0.237062,-0.061356,-0.0154191,0.241935,-0.0617998
35.49,-0.0188536,0.23249,-0.145668,-0.0184964,0.237436,-0.146262
35.5,-0.020944,0.229834,-0.22338,-0.0203855,0.234538,-0.223912
35.51,-0.0214597,0.225384,-0.275048,-0.0206936,0.230094,-0.27561
35.52,-0.0224136,0.216238,-0.288699,-0.0213367,0.221348,-0.289302
35.53,-0.0254307,0.20281,-0.265751,-0.0238808,0.208095,-0.266139
35.54,-0.0305695,0.187105,-0.215846,-0.0284064,0.192686,-0.215824
35.55,-0.0365167,0.171669,-0.15237,-0.0338699,0.177257,-0.152187
35.56,-0.0411695,0.158189,-0.087356,-0.0382757,0.163526,-0.0866828
35.57,-0.0438056,0.147776,-0.0284266,-0.0406108,0.152387,-0.0273028
35.58,-0.0365733,0.12414,0.0518125,-0.0329169,0.128404,0.0532052
35.59,-0.0102502,0.103074,0.129105,-0.00617139,0.10715,0.130906
35.6,0.020759,0.0961602,0.187371,0.0246899,0.100164,0.189331
35.61,0.0313763,0.0821296,0.247649,0.0352964,0.085673,0.249202
35.62,0.0444702,0.0889763,0.263672,0.0482609,0.0919744,0.264946
35.63,0.059888,0.104938,0.246545,0.0640691,0.108454,0.247016
35.64,0.0767738,0.123983,0.208667,0.0809905,0.128195,0.208495
35.65,0.0912537,0.142699,0.158229,0.0949282,0.146939,0.157954
35.66,0.101398,0.157655,0.090166,0.104749,0.162128,0.0897082
35.67,0.108089,0.164509,0.0128672,0.11116,0.169141,0.0123094
35.68,0.111025,0.163776,-0.0613421,0.113844,0.168079,-0.0621603
35.69,0.111443,0.159738,-0.128669,0.114462,0.164126,-0.12973
35.7,0.111588,0.157173,-0.193943,0.114388,0.161452,-0.195103
35.71,0.109039,0.154193,-0.241645,0.11201,0.158095,-0.243169
35.72,0.104194,0.148467,-0.260058,0.106945,0.152071,-0.26142
35.73,0.0990368,0.137731,-0.2511,0.101502,0.141152,-0.252327
35.74,0.0947314,0.124114,-0.221038,0.0974894,0.127151,-0.221928
35.75,0.0908923,0.109394,-0.176483,0.0935252,0.112212,-0.177086
35.76,0.0868789,0.0941065,-0.123342,0.0895052,0.0967955,-0.123145
35.77,0.0732427,0.0783086,-0.0479776,0.076156,0.0808096,-0.0473302
35.78,0.0490756,0.0760413,0.050289,0.0519025,0.0777756,0.0510401
35.79,0.0263852,0.0939684,0.12963,0.0288654,0.0948673,0.130859
35.8,0.0121459,0.112945,0.207649,0.0143015,0.113337,0.208767
35.81,-0.00189,0.118341,0.276102,-7.00583e-05,0.118162,0.277226
35.82,-0.00380415,0.138811,0.296989,-0.00247069,0.139094,0.29716
35.83,0.00120348,0.164735,0.285226,0.00243646,0.167196,0.284538
35.84,0.00977948,0.19149,0.250354,0.0105896,0.195164,0.248627
35.85,0.0191569,0.213373,0.200117,0.019818,0.216811,0.19873
35.86,0.026685,0.228164,0.124925,0.0273081,0.231747,0.12348
35.87,0.028648,0.234244,0.0312866,0.0289133,0.237689,0.0299269
35.88,0.0257652,0.23342,-0.0631265,0.0262783,0.23654,-0.0645808
35.89,0.0216902,0.229582,-0.146932,0.0222837,0.232678,-0.148624
35.9,0.0190829,0.227568,-0.224343,0.0198935,0.230667,-0.226184
35.91,0.0177156,0.223618,-0.276056,0.0184144,0.226491,-0.278086
35.92,0.0150547,0.215058,-0.289471,0.0161734,0.217924,-0.291321
35.93,0.00955564,0.20258,-0.266054,0.0110308,0.205467,-0.26746
35.94,0.0015289,0.188216,-0.215663,0.00371573,0.190816,-0.216954
35.95,-0.00725269,0.174293,-0.151834,-0.00487592,0.176875,-0.152367
35.96,-0.0143653,0.162094,-0.0866753,-0.0113855,0.164482,-0.086427
35.97,-0.0188697,0.152453,-0.0274745,-0.0154109,0.154399,-0.0270844
35.98,-0.01566,0.127437,0.0540328,-0.0119544,0.128983,0.0548113
35.99,0.00694789,0.102351,0.13103,0.0109913,0.103748,0.132394
36,0.0366907,0.0903347,0.188667,0.0405789,0.0916048,0.190213
36.01,0.0450218,0.0749895,0.248298,0.0489024,0.0760547,0.24991
36.02,0.0594531,0.0797376,0.263665,0.0634416,0.0811353,0.264808
36.03,0.0776526,0.0927962,0.246121,0.0823371,0.0948248,0.246451
36.04,0.097702,0.108484,0.208199,0.103027,0.111344,0.207824
36.05,0.115242,0.124204,0.157922,0.120392,0.126999,0.157252
36.06,0.127824,0.137056,0.0899797,0.13275,0.139683,0.0889148
36.07,0.135566,0.142606,0.0126465,0.140395,0.145247,0.011427
36.08,0.138289,0.141365,-0.0616587,0.143303,0.143958,-0.0629861
36.09,0.137979,0.137327,-0.12908,0.142639,0.139932,-0.130401
36.1,0.137676,0.134771,-0.1944,0.142211,0.137381,-0.19578
36.11,0.134661,0.132287,-0.242057,0.139074,0.134605,-0.243363
36.12,0.128906,0.127488,-0.26042,0.133273,0.129851,-0.262028
36.13,0.121954,0.117827,-0.251401,0.126258,0.120271,-0.25258
36.14,0.115305,0.105217,-0.221252,0.119614,0.107815,-0.222093
36.15,0.108901,0.0914415,-0.176598,0.113267,0.0940991,-0.1767
36.16,0.102238,0.0771384,-0.123397,0.107001,0.0799457,-0.122837
36.17,0.0860976,0.0640468,-0.0482135,0.0908871,0.0664085,-0.0469546
36.18,0.0619399,0.0660504,0.0500376,0.0662239,0.0677021,0.051575
36.19,0.0428187,0.0876818,0.129518,0.046819,0.0889448,0.131436
36.2,0.0321838,0.10875,0.207887,0.0356036,0.109313,0.209687
36.21,0.0193554,0.116498,0.276494,0.0226135,0.117125,0.278241
36.22,0.0211436,0.136937,0.2975,0.0241574,0.138415,0.298531
36.23,0.0307131,0.161554,0.285754,0.0342771,0.165091,0.285575
36.24,0.0439362,0.186384,0.250792,0.0481945,0.191723,0.249781
36.25,0.0570645,0.206255,0.200472,0.0610912,0.211428,0.19905
36.26,0.0670871,0.219461,0.125211,0.0710151,0.224983,0.124102
36.27,0.0700715,0.225087,0.0315263,0.0737192,0.230634,0.0301725
36.28,0.0670722,0.224792,-0.0629111,0.0707658,0.230077,-0.0640971
36.29,0.0623726,0.221764,-0.146759,0.0659342,0.226939,-0.147916
36.3,0.0594552,0.220294,-0.224276,0.0630054,0.225559,-0.225529
36.31,0.0574246,0.216724,-0.276199,0.0608857,0.221759,-0.27752
36.32,0.0533077,0.208835,-0.28982,0.0569816,0.213766,-0.290936
36.33,0.0456991,0.197576,-0.266553,0.0497409,0.202454,-0.26716
36.34,0.035253,0.184891,-0.216235,0.0396617,0.18987,-0.216331
36.35,0.0241273,0.172763,-0.152407,0.0286345,0.177784,-0.151875
36.36,0.0149414,0.162024,-0.0871766,0.0202088,0.166965,-0.0860705
36.37,0.00877786,0.153339,-0.0279005,0.0142262,0.15801,-0.0263402
36.38,0.00744485,0.128185,0.0536448,0.0133804,0.13256,0.0556882
36.39,0.0251731,0.0994461,0.130782,0.0313653,0.103651,0.133082
36.4,0.0522094,0.0822913,0.188686,0.0579378,0.0861924,0.190929
36.41,0.0610338,0.0676214,0.246245,0.0667467,0.0708457,0.248247
36.42,0.0752786,0.0688206,0.263118,0.0805986,0.0719207,0.264906
36.43,0.0951076,0.0780892,0.24679,0.100993,0.0818685,0.247582
36.44,0.11738,0.0898714,0.209521,0.123675,0.0936931,0.20972
36.45,0.137402,0.102263,0.159385,0.143674,0.106213,0.159697
36.46,0.152076,0.112759,0.0913853,0.15802,0.116997,0.0916578
36.47,0.160654,0.116927,0.0139063,0.166647,0.121275,0.0138315
36.48,0.163028,0.115295,-0.0606651,0.169072,0.11985,-0.0609354
36.49,0.16188,0.111431,-0.128441,0.167679,0.116046,-0.128756
36.5,0.160875,0.10897,-0.193986,0.166365,0.113562,-0.194624
36.51,0.157179,0.107036,-0.241591,0.162229,0.111773,-0.242471
36.52,0.15042,0.103286,-0.260037,0.155465,0.108017,-0.260797
36.53,0.141683,0.094993,-0.25125,0.146518,0.0997312,-0.252085
36.54,0.132746,0.0837678,-0.221381,0.137281,0.0884664,-0.222018
36.55,0.123861,0.0713529,-0.176948,0.128355,0.0758581,-0.177385
36.56,0.114657,0.0584802,-0.123954,0.119147,0.0630245,-0.124089
36.57,0.0964974,0.0484078,-0.0492851,0.100822,0.0524214,-0.0489039
36.58,0.0729745,0.0544767,0.048841,0.0767377,0.0581829,0.0497275
36.59,0.0578441,0.0789942,0.128502,0.06075,0.0823706,0.129711
36.6,0.0509562,0.101414,0.207176,0.0531697,0.104435,0.208613
36.61,0.0395141,0.111159,0.276154,0.0412983,0.113875,0.277584
36.62,0.0447745,0.130819,0.297468,0.0461878,0.133938,0.298268
36.63,0.0585564,0.15328,0.285871,0.0605961,0.158282,0.28567
36.64,0.0760177,0.175371,0.250934,0.0790122,0.181735,0.250101
36.65,0.0925173,0.192621,0.200653,0.0954199,0.199072,0.199842
36.66,0.104772,0.203882,0.125425,0.107646,0.210341,0.124495
36.67,0.108738,0.208931,0.0317911,0.111503,0.215402,0.0307873
36.68,0.105754,0.209205,-0.0626373,0.108565,0.215471,-0.0638322
36.69,0.100594,0.207073,-0.14645,0.103317,0.213394,-0.148006
36.7,0.0974644,0.206166,-0.223972,0.100375,0.212358,-0.225558
36.71,0.0948442,0.203056,-0.276002,0.097853,0.208927,-0.277541
36.72,0.0893992,0.196065,-0.289721,0.0927282,0.201903,-0.291243
36.73,0.0799063,0.186376,-0.26652,0.0836313,0.192155,-0.267777
36.74,0.0673525,0.17579,-0.216245,0.0715311,0.18121,-0.217231
36.75,0.0542177,0.165881,-0.152455,0.0589685,0.171064,-0.152848
36.76,0.0432367,0.156991,-0.0872561,0.0483253,0.162302,-0.0869643
36.77,0.0355794,0.149532,-0.0279433,0.0408998,0.154794,-0.0271094
36.78,0.0297901,0.124799,0.0539178,0.0355164,0.129447,0.0551273
36.79,0.0422226,0.0933482,0.130989,0.0482696,0.0978365,0.132483
36.8,0.0659067,0.0716333,0.188666,0.0717445,0.0760336,0.190039
36.81,0.0683579,0.0543444,0.248376,0.0741444,0.0585859,0.249437
36.82,0.0836091,0.0537626,0.263779,0.0894301,0.0576021,0.264339
36.83,0.105276,0.059599,0.246235,0.111632,0.0635193,0.24598
36.84,0.129582,0.0672424,0.208352,0.136164,0.0715109,0.207746
36.85,0.151539,0.0758024,0.15813,0.158232,0.08022,0.157189
36.86,0.167846,0.0834262,0.0902181,0.174152,0.0880756,0.0891956
36.87,0.177056,0.0859208,0.012892,0.183121,0.0909031,0.0117862
36.88,0.179182,0.0838213,-0.0614261,0.185139,0.0887676,-0.0624042
36.89,0.177483,0.0801643,-0.128862,0.183435,0.0851674,-0.129833
36.9,0.176325,0.0778796,-0.194224,0.182234,0.0828919,-0.195306
36.91,0.17266,0.0766054,-0.241981,0.178307,0.0817669,-0.243076
36.92,0.165619,0.0741364,-0.260452,0.171213,0.0793642,-0.261125
36.93,0.155739,0.0675341,-0.251526,0.161624,0.0726496,-0.251676
36.94,0.145096,0.058057,-0.221449,0.151083,0.0630662,-0.221159
36.95,0.13427,0.0473985,-0.176836,0.14055,0.0523419,-0.176137
36.96,0.122999,0.0363337,-0.123634,0.129121,0.0411932,-0.122393
36.97,0.103232,0.0297422,-0.0483243,0.10984,0.0342225,-0.0467058
36.98,0.0812929,0.0401281,0.0499953,0.0876743,0.0439078,0.0520878
36.99,0.0709636,0.067117,0.129491,0.0767569,0.0705504,0.131829
37,0.0683958,0.090622,0.207816,0.0735515,0.093705,0.210242
37.01,0.059098,0.102413,0.276409,0.0640323,0.105455,0.278557
37.02,0.0679427,0.120954,0.297396,0.0724626,0.124608,0.298685
37.03,0.0855429,0.14066,0.285651,0.0911246,0.145844,0.285685
37.04,0.106635,0.159268,0.250718,0.112967,0.165887,0.250382
37.05,0.1259,0.173268,0.200421,0.132188,0.180109,0.199925
37.06,0.139924,0.182117,0.125179,0.145933,0.188774,0.124433
37.07,0.144697,0.186338,0.031505,0.150181,0.19292,0.030518
37.08,0.141784,0.187116,-0.0629211,0.147379,0.193654,-0.0640551
37.09,0.136317,0.185927,-0.146758,0.142031,0.192254,-0.148037
37.1,0.133062,0.185566,-0.224251,0.138637,0.1919,-0.22595
37.11,0.129894,0.18292,-0.276123,0.13554,0.189238,-0.278124
37.12,0.12326,0.176965,-0.289705,0.129166,0.183016,-0.291658
37.13,0.112178,0.169081,-0.266418,0.118558,0.175141,-0.268211
37.14,0.097945,0.160857,-0.216099,0.104792,0.166702,-0.217586
37.15,0.0832762,0.153393,-0.152282,0.0902347,0.158853,-0.153232
37.16,0.0709129,0.146548,-0.0870737,0.0779455,0.151592,-0.0876684
37.17,0.0621013,0.140573,-0.0278307,0.0691812,0.145476,-0.0277331
37.18,0.0520333,0.117513,0.0536299,0.0588475,0.121693,0.0541827
37.19,0.0585296,0.0843731,0.130756,0.0656627,0.088376,0.131655
37.2,0.0778239,0.0588084,0.188628,0.0847457,0.0628851,0.189893
37.21,0.0770327,0.0413647,0.24847,0.0836523,0.0449683,0.249471
37.22,0.0918042,0.0380353,0.263978,0.0982335,0.0414261,0.264535
37.23,0.114111,0.0399263,0.246503,0.120899,0.0432308,0.246083
37.24,0.139381,0.0431348,0.208562,0.146656,0.0467347,0.207438
37.25,0.162517,0.0476604,0.15823,0.169824,0.0515735,0.156931
37.26,0.179914,0.052255,0.0902438,0.187118,0.0562682,0.0891035
37.27,0.189407,0.0530552,0.0128901,0.196515,0.0571627,0.0117906
37.28,0.19111,0.0506003,-0.0614379,0.197986,0.0547792,-0.0627021
37.29,0.188773,0.0472995,-0.128884,0.195351,0.051519,-0.130231
37.3,0.187223,0.0452562,-0.194268,0.193463,0.0495759,-0.195836
37.31,0.183398,0.0446563,-0.242071,0.189299,0.048841,-0.243529
37.32,0.176033,0.0434806,-0.26057,0.181844,0.0478053,-0.261919
37.33,0.165136,0.0387415,-0.251652,0.170943,0.0429361,-0.253148
37.34,0.152979,0.0313072,-0.221558,0.158794,0.0353649,-0.222486
37.35,0.14043,0.0227449,-0.176917,0.146176,0.0269263,-0.177653
37.36,0.127373,0.0138615,-0.123689,0.132998,0.0177382,-0.123855
37.37,0.106763,0.0108925,-0.0483991,0.112162,0.0145476,-0.0479024
37.38,0.0870313,0.0250074,0.0499163,0.0917284,0.0283499,0.0508634
37.39,0.081686,0.0533914,0.12943,0.0856906,0.0564273,0.130835
37.4,0.0833398,0.0769433,0.207832,0.0866322,0.0792439,0.209071
37.41,0.0806526,0.0909715,0.272679,0.0836268,0.0929971,0.273927
37.42,0.091747,0.107765,0.295237,0.0946234,0.109895,0.296086
37.43,0.111999,0.124243,0.285224,0.11627,0.127869,0.284988
37.44,0.135788,0.138936,0.251435,0.141204,0.143897,0.250619
37.45,0.157284,0.149342,0.201859,0.162554,0.154685,0.201107
37.46,0.172755,0.15553,0.12703,0.177786,0.161117,0.126355
37.47,0.178319,0.158759,0.0333154,0.183134,0.164227,0.0326319
37.48,0.175616,0.159992,-0.0613647,0.180185,0.165665,-0.0623389
37.49,0.170019,0.159677,-0.145676,0.174721,0.165182,-0.14677
37.5,0.16664,0.159656,-0.223389,0.171572,0.164907,-0.224117
37.51,0.162838,0.157285,-0.275056,0.167785,0.162171,-0.275779
37.52,0.155093,0.152329,-0.288706,0.160357,0.15717,-0.28951
37.53,0.142713,0.146317,-0.265754,0.14841,0.150751,-0.266303
37.54,0.12723,0.140543,-0.215846,0.13321,0.144646,-0.215955
37.55,0.111453,0.13557,-0.152367,0.117538,0.139263,-0.152217
37.56,0.0980138,0.130805,-0.0873508,0.104049,0.13373,-0.0867283
37.57,0.0882301,0.126375,-0.0284213,0.0942532,0.12875,-0.0272724
37.58,0.0742613,0.105989,0.0518121,0.0806655,0.108041,0.0534096
37.59,0.0741998,0.0722751,0.129105,0.080864,0.0740262,0.131136
37.6,0.0881264,0.0437206,0.18737,0.0947989,0.045296,0.18937
37.61,0.0837756,0.0266727,0.247647,0.0898853,0.0279563,0.249796
37.62,0.0972914,0.0207032,0.263668,0.103441,0.0216915,0.265092
37.63,0.119383,0.0185996,0.24654,0.126355,0.0195335,0.247142
37.64,0.1448,0.0172703,0.208661,0.152351,0.0181284,0.208422
37.65,0.168461,0.017617,0.158221,0.175774,0.0188715,0.157754
37.66,0.186478,0.0190092,0.0901578,0.193686,0.0204759,0.0897595
37.67,0.196008,0.0180501,0.0128585,0.203056,0.0193722,0.0126835
37.68,0.197265,0.015297,-0.0613509,0.203974,0.0167933,-0.0613381
37.69,0.194368,0.012453,-0.128678,0.200876,0.0142434,-0.128485
37.7,0.192452,0.0107402,-0.193953,0.198675,0.0126282,-0.193911
37.71,0.188533,0.0108756,-0.241652,0.194484,0.0126867,-0.241521
37.72,0.181035,0.0110949,-0.260062,0.186988,0.0132974,-0.259892
37.73,0.169425,0.0084334,-0.2511,0.175143,0.0108731,-0.250903
37.74,0.156094,0.00331103,-0.221035,0.162185,0.00571312,-0.220763
37.75,0.142192,-0.00286385,-0.176476,0.148367,-0.000519043,-0.175704
37.76,0.127738,-0.00925639,-0.123334,0.133761,-0.00693402,-0.1223
37.77,0.106888,-0.00844493,-0.0479753,0.112886,-0.00642272,-0.046505
37.78,0.0900484,0.00903498,0.0502891,0.0952236,0.0105297,0.0519762
37.79,0.0899191,0.0379508,0.12963,0.0941621,0.038962,0.131657
37.8,0.0958794,0.0609139,0.207647,0.0995431,0.0617236,0.209938
37.81,0.0913476,0.0752509,0.2761,0.0947078,0.0758799,0.278489
37.82,0.106159,0.0895084,0.296987,0.109609,0.0908881,0.298624
37.83,0.129551,0.101755,0.285222,0.134443,0.104509,0.286256
37.84,0.155816,0.111729,0.250349,0.161636,0.115252,0.250877
37.85,0.178771,0.11804,0.20011,0.184385,0.121775,0.200443
37.86,0.195028,0.121375,0.124918,0.200476,0.12545,0.124874
37.87,0.201006,0.123631,0.0312794,0.206412,0.127828,0.0315959
37.88,0.198564,0.125372,-0.0631336,0.203735,0.129275,-0.0629876
37.89,0.193023,0.126166,-0.146939,0.198212,0.129818,-0.14693
37.9,0.189822,0.126949,-0.22435,0.195257,0.130423,-0.2246
37.91,0.185881,0.125556,-0.276063,0.191034,0.128774,-0.276239
37.92,0.177529,0.1223,-0.289476,0.18286,0.125369,-0.289532
37.93,0.164346,0.11882,-0.266056,0.169591,0.121667,-0.266042
37.94,0.14811,0.116141,-0.215663,0.153368,0.118234,-0.215073
37.95,0.13175,0.114327,-0.151831,0.137021,0.116297,-0.150549
37.96,0.117778,0.112283,-0.086671,0.123149,0.113644,-0.0848438
37.97,0.107433,0.109795,-0.0274703,0.112635,0.110828,-0.0251779
37.98,0.0898775,0.0916928,0.054033,0.0950849,0.092214,0.0566667
37.99,0.0843571,0.0583777,0.131031,0.0893592,0.0583864,0.133877
38,0.0935047,0.0276319,0.188667,0.0988959,0.027518,0.191691
38.01,0.0868093,0.0115316,0.248117,0.0919769,0.0110767,0.250883
38.02,0.0998253,0.00316248,0.262947,0.104946,0.00262304,0.265353
38.03,0.121738,-0.00294252,0.244693,0.127602,-0.00364012,0.246212
38.04,0.146833,-0.00877,0.206232,0.153751,-0.00914189,0.207226
38.05,0.170307,-0.0123757,0.155644,0.177157,-0.0123798,0.15657
38.06,0.188419,-0.0142449,0.0876546,0.195255,-0.0139884,0.088459
38.07,0.197807,-0.0171616,0.010602,0.204556,-0.0168259,0.0114435
38.08,0.198852,-0.0204722,-0.0633644,0.205639,-0.0201121,-0.062522
38.09,0.195728,-0.0233245,-0.130256,0.201877,-0.0230904,-0.129528
38.1,0.193736,-0.025022,-0.195002,0.199736,-0.0245247,-0.194423
38.11,0.189929,-0.0241985,-0.242112,0.195887,-0.0236259,-0.241802
38.12,0.182417,-0.0222099,-0.25945,0.18819,-0.0218672,-0.258746
38.13,0.169939,-0.0218436,-0.248699,0.175475,-0.0213026,-0.248014
38.14,0.154742,-0.0235373,-0.216618,0.160193,-0.0231019,-0.215764
38.15,0.13819,-0.026059,-0.170274,0.143459,-0.0256373,-0.169003
38.16,0.120821,-0.0276871,-0.115772,0.126107,-0.0272155,-0.114061
38.17,0.0983712,-0.0214406,-0.0403131,0.103468,-0.0211304,-0.0379431
38.18,0.0823899,0.000524662,0.0585107,0.0867437,0.000282899,0.0613432
38.19,0.0849691,0.0308389,0.137412,0.0882778,0.0306172,0.140522
38.2,0.0949521,0.05503,0.209323,0.0974248,0.0547873,0.212733
38.21,0.0937171,0.070894,0.273031,0.0957658,0.0704566,0.276176
38.22,0.110965,0.0830971,0.288743,0.112958,0.0833215,0.290933
38.23,0.136276,0.0913975,0.272111,0.13984,0.0928429,0.273201
38.24,0.163159,0.0966935,0.234282,0.16822,0.0990508,0.234538
38.25,0.18622,0.0992083,0.18245,0.191089,0.101764,0.182843
38.26,0.202879,0.0993962,0.10759,0.207773,0.102221,0.107987
38.27,0.210081,0.0997588,0.0160111,0.21509,0.102451,0.0162169
38.28,0.208855,0.101125,-0.0763081,0.213724,0.103899,-0.0762637
38.29,0.203407,0.102124,-0.157096,0.208274,0.104896,-0.157083
38.3,0.198603,0.10299,-0.228562,0.203395,0.105366,-0.228633
38.31,0.19102,0.102631,-0.270991,0.195723,0.104731,-0.271241
38.32,0.178845,0.102173,-0.275169,0.183727,0.103782,-0.275722
38.33,0.162272,0.102861,-0.244643,0.166779,0.104432,-0.244959
38.34,0.143585,0.104589,-0.190768,0.148147,0.105726,-0.190424
38.35,0.125859,0.106181,-0.126361,0.130388,0.10716,-0.125219
38.36,0.111477,0.10567,-0.0641651,0.116038,0.106149,-0.0626239
38.37,0.101345,0.1048,-0.0104872,0.105525,0.104897,-0.00825983
38.38,0.0901709,0.0971675,0.0450123,0.0945089,0.0968571,0.0474699
38.39,0.0782575,0.0715229,0.114638,0.0827183,0.070613,0.117521
38.4,0.0759798,0.046803,0.180823,0.080023,0.0458927,0.183663
38.41,0.0693218,0.0327312,0.238883,0.0728494,0.0315493,0.241451
38.42,0.0761584,0.023308,0.258494,0.0792357,0.0221452,0.260645
38.43,0.0936559,0.014528,0.24301,0.0971174,0.0134273,0.244277
38.44,0.115531,0.00642245,0.203656,0.119577,0.00534135,0.204443
38.45,0.137446,4.79307e-05,0.149719,0.141622,-0.000921898,0.150304
38.46,0.154812,-0.00545698,0.0791131,0.158947,-0.00611281,0.0798828
38.47,0.163704,-0.0109712,0.00120298,0.167545,-0.0112939,0.00210153
38.48,0.164526,-0.0154151,-0.0738127,0.168258,-0.0156946,-0.0732614
38.49,0.161683,-0.0178215,-0.142642,0.165377,-0.0180581,-0.142277
38.5,0.158146,-0.0170484,-0.204881,0.162106,-0.0168986,-0.204392
38.51,0.152161,-0.0125272,-0.243242,0.156067,-0.0125875,-0.242424
38.52,0.142715,-0.00624174,-0.250689,0.146418,-0.00609584,-0.249803
38.53,0.1286,-0.000677968,-0.230448,0.132245,-0.000438742,-0.229156
38.54,0.111554,0.00257154,-0.190343,0.115054,0.00264645,-0.18855
38.55,0.0928507,0.00436962,-0.138411,0.0960615,0.00426603,-0.136223
38.56,0.0741058,0.00565142,-0.0824855,0.0773697,0.0054765,-0.079853
38.57,0.0540316,0.0109331,-0.0190952,0.0568517,0.010476,-0.0157387
38.58,0.0384636,0.0331554,0.0704976,0.0409258,0.0325809,0.0739999
38.59,0.0426442,0.0631184,0.144714,0.0445938,0.0624142,0.148693
38.6,0.0572147,0.0862919,0.200993,0.0585867,0.0855956,0.20494
38.61,0.0577968,0.101301,0.256354,0.0588801,0.100385,0.259942
38.62,0.0736197,0.108913,0.266922,0.0751031,0.108811,0.2701
38.63,0.0967158,0.112749,0.246342,0.0997757,0.113313,0.248314
38.64,0.120941,0.114147,0.206069,0.125318,0.115167,0.207194
38.65,0.142818,0.113516,0.153128,0.147019,0.114627,0.154081
38.66,0.158963,0.111003,0.0816987,0.163141,0.112367,0.0826404
38.67,0.167605,0.10914,-0.00530201,0.171687,0.110395,-0.00458285
38.68,0.168057,0.110187,-0.0940137,0.172134,0.111237,-0.0936151
38.69,0.163194,0.112163,-0.170836,0.166985,0.112996,-0.170488
38.7,0.156091,0.113727,-0.231038,0.159693,0.11437,-0.23085
38.71,0.14557,0.115864,-0.260109,0.149423,0.116274,-0.259804
38.72,0.131257,0.118869,-0.253371,0.135094,0.118856,-0.252721
38.73,0.113858,0.123324,-0.215975,0.117737,0.122895,-0.214842
38.74,0.0959298,0.127664,-0.15968,0.0999577,0.126499,-0.158283
38.75,0.0795918,0.130423,-0.0971715,0.0833276,0.129219,-0.0952749
38.76,0.0662765,0.13101,-0.038885,0.0697481,0.129467,-0.0366063
38.77,0.0578299,0.130195,0.00796632,0.0611564,0.128422,0.0108765
38.78,0.053465,0.126398,0.0443983,0.0568422,0.124702,0.0476329
38.79,0.0441308,0.11035,0.0995869,0.0472376,0.108622,0.103233
38.8,0.0373145,0.0911884,0.171981,0.0403374,0.0891341,0.175604
38.81,0.0294895,0.0799764,0.232617,0.0325945,0.077803,0.235863
38.82,0.0344675,0.0715775,0.253678,0.0377204,0.0693706,0.256432
38.83,0.0486041,0.0636304,0.241506,0.0521881,0.0609027,0.243352
38.84,0.0680197,0.0551955,0.202738,0.0723916,0.0526361,0.203953
38.85,0.0869915,0.0467392,0.146907,0.0915371,0.0442012,0.14798
38.86,0.102715,0.0388653,0.0747518,0.107272,0.0368707,0.0756092
38.87,0.110922,0.0312034,-0.00426701,0.115751,0.0291285,-0.00335916
38.88,0.111736,0.0258035,-0.0793068,0.116685,0.0238119,-0.0782647
38.89,0.110224,0.0233929,-0.151174,0.115223,0.0214173,-0.150286
38.9,0.106634,0.0252718,-0.212317,0.111391,0.0231713,-0.211581
38.91,0.100911,0.03144,-0.247812,0.105783,0.0292759,-0.247271
38.92,0.0921486,0.0405501,-0.251497,0.0968042,0.0386381,-0.250849
38.93,0.0793238,0.0496929,-0.226356,0.0837105,0.0478334,-0.225546
38.94,0.0628589,0.0572639,-0.180447,0.0670782,0.0549094,-0.17892
38.95,0.0443992,0.0629711,-0.122739,0.0486458,0.0603286,-0.120523
38.96,0.0260674,0.0666355,-0.0635802,0.0301301,0.0639958,-0.060836
38.97,0.00917313,0.0700412,-0.00449724,0.0132323,0.0671462,-0.000916831
38.98,-0.00485482,0.0881016,0.080415,-0.00100826,0.0848166,0.084234
38.99,0.00180825,0.115378,0.151797,0.00532852,0.111995,0.155867
39,0.0197739,0.136183,0.199596,0.0228937,0.132874,0.203846
39.01,0.0229375,0.149482,0.24805,0.0257709,0.14611,0.252001
39.02,0.0384108,0.153934,0.254483,0.0417387,0.15078,0.257771
39.03,0.0595423,0.154104,0.231435,0.0647224,0.151215,0.233398
39.04,0.0811614,0.153382,0.189886,0.0875339,0.151038,0.191164
39.05,0.100899,0.151405,0.137186,0.107249,0.149705,0.138288
39.06,0.115886,0.147144,0.0694084,0.122411,0.145588,0.070477
39.07,0.12459,0.143403,-0.0132567,0.131262,0.14214,-0.012328
39.08,0.125858,0.143469,-0.0981967,0.132467,0.142211,-0.0972163
39.09,0.121777,0.145809,-0.172915,0.128162,0.144288,-0.172269
39.1,0.114257,0.149194,-0.227878,0.120783,0.147638,-0.227266
39.11,0.103063,0.153359,-0.251174,0.109285,0.151461,-0.250344
39.12,0.0885506,0.159332,-0.239513,0.0948296,0.157373,-0.23838
39.13,0.0725754,0.166165,-0.200278,0.0786563,0.163763,-0.198688
39.14,0.0560045,0.172625,-0.144683,0.0619771,0.169803,-0.142963
39.15,0.0407654,0.176571,-0.0851683,0.0466271,0.173472,-0.0832007
39.16,0.0286152,0.177228,-0.0308273,0.0339833,0.173891,-0.0284932
39.17,0.0216867,0.174693,0.0117495,0.0265275,0.171348,0.0144164
39.18,0.0194833,0.170016,0.0399919,0.0239158,0.166493,0.0431075
39.19,0.0144316,0.165565,0.0847537,0.0185784,0.161389,0.0878521
39.2,0.00591652,0.153897,0.161571,0.00992396,0.148981,0.164744
39.21,-0.002821,0.146211,0.223722,0.00115804,0.141127,0.226705
39.22,0.000764564,0.13871,0.250407,0.0046034,0.133035,0.252701
39.23,0.0120751,0.131307,0.243322,0.01647,0.12517,0.244447
39.24,0.0291108,0.123514,0.206397,0.0342365,0.117136,0.206609
39.25,0.046711,0.11577,0.148948,0.0518512,0.109576,0.148947
39.26,0.0607359,0.107137,0.0751755,0.0658305,0.100957,0.0751873
39.27,0.0685268,0.0986051,-0.004832,0.0733126,0.0923932,-0.00498224
39.28,0.0700814,0.0923169,-0.0828243,0.0749228,0.0862573,-0.0831734
39.29,0.0694913,0.0900069,-0.156961,0.0743812,0.0842891,-0.157147
39.3,0.0667156,0.0932338,-0.217954,0.0716846,0.0875439,-0.218452
39.31,0.0609669,0.102427,-0.252053,0.0655764,0.0968505,-0.252388
39.32,0.0523365,0.115409,-0.253755,0.0568119,0.109652,-0.254074
39.33,0.0397847,0.128966,-0.225575,0.0441745,0.12288,-0.225592
39.34,0.0230825,0.1411,-0.175777,0.0275212,0.135026,-0.175545
39.35,0.00453116,0.150799,-0.114645,0.00873225,0.144397,-0.11411
39.36,-0.0136372,0.157454,-0.0534953,-0.0094585,0.150725,-0.0523758
39.37,-0.0299458,0.162002,0.00527539,-0.0259699,0.154928,0.0068201
39.38,-0.0428585,0.175924,0.0879684,-0.0389408,0.168352,0.0898586
39.39,-0.0351132,0.195378,0.154471,-0.0314076,0.187503,0.15649
39.4,-0.0158761,0.209089,0.195315,-0.0128543,0.201178,0.197364
39.41,-0.00771055,0.216759,0.23583,-0.00493124,0.208536,0.237753
39.42,0.00728378,0.219243,0.24167,0.0104218,0.211249,0.242932
39.43,0.0261157,0.217376,0.221651,0.0304769,0.209352,0.221815
39.44,0.0447335,0.214945,0.18328,0.0504847,0.207271,0.182543
39.45,0.0621122,0.211253,0.132516,0.068119,0.203627,0.131524
39.46,0.0762478,0.204514,0.0673375,0.0821894,0.197097,0.0662836
39.47,0.0850504,0.19876,-0.0107447,0.0912174,0.191123,-0.0116602
39.48,0.0873049,0.197499,-0.0915166,0.0935352,0.190151,-0.0923528
39.49,0.0840833,0.199171,-0.164467,0.090318,0.191958,-0.165421
39.5,0.0766754,0.203341,-0.217464,0.0826696,0.195996,-0.218389
39.51,0.0657114,0.210559,-0.239727,0.0711473,0.203029,-0.240644
39.52,0.0523438,0.219629,-0.229302,0.0577908,0.211952,-0.229715
39.53,0.0379725,0.228881,-0.1927,0.0435864,0.22056,-0.192844
39.54,0.0226759,0.236268,-0.141177,0.0279218,0.22769,-0.140842
39.55,0.00902269,0.239807,-0.0855865,0.0140169,0.230974,-0.0847527
39.56,-0.00198465,0.238621,-0.0346947,0.00283692,0.229839,-0.0335172
39.57,-0.00940169,0.232909,0.00571252,-0.00483664,0.224165,0.00735828
39.58,-0.0122701,0.225633,0.0354992,-0.00781904,0.216699,0.0375653
39.59,-0.0162147,0.227817,0.0857786,-0.0118214,0.218624,0.0882173
39.6,-0.0216191,0.223174,0.147574,-0.017236,0.21365,0.150017
39.61,-0.0325192,0.218155,0.210524,-0.0283008,0.207947,0.212711
39.62,-0.0311774,0.212265,0.240275,-0.0270888,0.201828,0.241939
39.63,-0.0226535,0.20636,0.238394,-0.0181497,0.195519,0.239321
39.64,-0.0085384,0.200573,0.205439,-0.0036156,0.189367,0.205835
39.65,0.00754808,0.194116,0.149448,0.0126078,0.183203,0.14958
39.66,0.0211471,0.185605,0.0761552,0.0263646,0.175111,0.0764026
39.67,0.0299598,0.176158,-0.00389561,0.0354288,0.165791,-0.00408498
39.68,0.0338472,0.169025,-0.0839391,0.0393271,0.158439,-0.0842204
39.69,0.0344358,0.166876,-0.158118,0.0400603,0.156621,-0.158571
39.7,0.0324628,0.171595,-0.21854,0.0381289,0.161411,-0.219012
39.71,0.0272736,0.183538,-0.251766,0.0328538,0.173441,-0.25205
39.72,0.0181535,0.200329,-0.251283,0.0234412,0.190141,-0.251354
39.73,0.00492286,0.218065,-0.220177,0.0101231,0.207923,-0.22018
39.74,-0.0120446,0.233345,-0.167862,-0.006679,0.222834,-0.16747
39.75,-0.0312596,0.24491,-0.105287,-0.0256234,0.234253,-0.104188
39.76,-0.0504573,0.252792,-0.0428164,-0.0447495,0.241901,-0.0411916
39.77,-0.0681633,0.257103,0.0166125,-0.0623364,0.245795,0.0190435
39.78,-0.0806252,0.268131,0.0984668,-0.0747637,0.25649,0.101315
39.79,-0.0719976,0.281826,0.1594,-0.0663056,0.270268,0.16263
39.8,-0.0510721,0.289975,0.189938,-0.0459132,0.278691,0.193362
39.81,-0.0423667,0.296169,0.223997,-0.0374172,0.284912,0.227256
39.82,-0.0264976,0.295345,0.224596,-0.021136,0.284399,0.226989
39.83,-0.00950384,0.291245,0.205336,-0.00258759,0.28069,0.206521
39.84,0.00632335,0.287446,0.170247,0.0142566,0.277006,0.170712
39.85,0.0215118,0.283077,0.12278,0.0294873,0.272778,0.122793
39.86,0.0347477,0.274901,0.0620873,0.0428391,0.264689,0.0617922
39.87,0.0444475,0.266448,-0.0104144,0.0521318,0.256111,-0.0108699
39.88,0.0475109,0.261819,-0.084933,0.054981,0.251641,-0.0860431
39.89,0.0451055,0.261563,-0.153432,0.052165,0.251371,-0.155298
39.9,0.0380785,0.266708,-0.203465,0.0449087,0.256396,-0.205342
39.91,0.0276485,0.276611,-0.225095,0.0340447,0.266126,-0.22664
39.92,0.0148187,0.289193,-0.215648,0.0207776,0.278616,-0.216745
39.93,0.000262979,0.301487,-0.181226,0.00572625,0.291046,-0.181604
39.94,-0.0136313,0.310084,-0.134911,-0.00876932,0.299528,-0.134656
39.95,-0.0264482,0.313449,-0.0837233,-0.0217571,0.302561,-0.0826
39.96,-0.0373887,0.310373,-0.0363106,-0.0327691,0.299598,-0.0346186
39.97,-0.0451293,0.301662,0.000757291,-0.040748,0.290753,0.0029987
39.98,-0.0496712,0.291814,0.034884,-0.0457331,0.280903,0.037436
39.99,-0.0536329,0.292708,0.0923168,-0.0496642,0.281582,0.0954211
40,-0.0538029,0.293018,0.132426,-0.0502619,0.281426,0.135516
40.01,-0.0660666,0.29038,0.191244,-0.0626937,0.278068,0.194137
40.02,-0.0666069,0.285512,0.219133,-0.0634641,0.272669,0.221696
40.03,-0.0604237,0.28043,0.221412,-0.0570165,0.266949,0.223077
40.04,-0.0496197,0.276736,0.195466,-0.0456847,0.262999,0.196284
40.05,-0.0360231,0.2727,0.145721,-0.0322288,0.258872,0.146429
40.06,-0.0226407,0.265046,0.0760684,-0.0187154,0.251394,0.0765863
40.07,-0.0124844,0.255345,-0.00238952,-0.00852112,0.241956,-0.00221483
40.08,-0.00663765,0.248123,-0.0816275,-0.00270846,0.234968,-0.0818896
40.09,-0.0046351,0.247185,-0.155103,-0.000815856,0.234298,-0.155776
40.1,-0.00641156,0.254274,-0.213658,-0.00252041,0.241506,-0.214619
40.11,-0.011915,0.269245,-0.24501,-0.0087322,0.256582,-0.245681
40.12,-0.0222422,0.289282,-0.242278,-0.0192977,0.276409,-0.242584
40.13,-0.0365766,0.309189,-0.209952,-0.0338482,0.29637,-0.209665
40.14,-0.0532454,0.324213,-0.158512,-0.0510094,0.311469,-0.157718
40.15,-0.0728446,0.333914,-0.0973387,-0.070516,0.320791,-0.096108
40.16,-0.0931378,0.338413,-0.0363697,-0.0907295,0.325035,-0.0342531
40.17,-0.11135,0.338376,0.021746,-0.108858,0.325048,0.0246412
40.18,-0.122161,0.343371,0.100214,-0.120215,0.329671,0.103511
40.19,-0.111542,0.34989,0.154212,-0.110071,0.335928,0.157715
40.2,-0.0885605,0.351097,0.176798,-0.0874686,0.337054,0.18077
40.21,-0.0779195,0.35296,0.206409,-0.0770327,0.338769,0.210206
40.22,-0.0621772,0.350203,0.209154,-0.0607465,0.33609,0.212244
40.23,-0.0475053,0.345443,0.197475,-0.0442495,0.331072,0.199216
40.24,-0.0342228,0.341799,0.169911,-0.0293953,0.326976,0.17113
40.25,-0.0203557,0.337548,0.127788,-0.0156114,0.322797,0.128933
40.26,-0.00725265,0.329153,0.0712434,-0.00244062,0.314541,0.0719922
40.27,0.00297236,0.320216,0.00275228,0.00803206,0.306019,0.00321907
40.28,0.00754025,0.31479,-0.0703183,0.0126232,0.300627,-0.070382
40.29,0.00647143,0.314705,-0.139493,0.0112737,0.301101,-0.139836
40.3,0.000910138,0.320628,-0.192486,0.00564282,0.307243,-0.192784
40.31,-0.00816675,0.331386,-0.218207,-0.00401886,0.317998,-0.218462
40.32,-0.020088,0.344024,-0.213319,-0.016417,0.330746,-0.213275
40.33,-0.0335785,0.355082,-0.183645,-0.0302325,0.341585,-0.183215
40.34,-0.0465615,0.36143,-0.141246,-0.043364,0.348046,-0.140491
40.35,-0.0585839,0.36193,-0.0926729,-0.0557261,0.348853,-0.0914546
40.36,-0.0688119,0.355699,-0.046729,-0.0661398,0.342646,-0.0451756
40.37,-0.0758146,0.34426,-0.0101978,-0.0733226,0.331259,-0.00837922
40.38,-0.0789625,0.331215,0.020714,-0.0765876,0.318146,0.0230702
40.39,-0.0819367,0.327832,0.0720508,-0.0797866,0.314835,0.074517
40.4,-0.0846794,0.319605,0.124001,-0.082366,0.30612,0.126404
40.41,-0.0944817,0.309096,0.190359,-0.0920536,0.29528,0.192312
40.42,-0.0956941,0.302903,0.229131,-0.0929265,0.288643,0.230701
40.43,-0.0897692,0.297636,0.237834,-0.0865279,0.282668,0.238733
40.44,-0.0782771,0.294759,0.212627,-0.0741709,0.278998,0.212883
40.45,-0.0637256,0.291798,0.161487,-0.0594816,0.276159,0.161453
40.46,-0.0491935,0.285564,0.0900131,-0.0448717,0.270235,0.0896997
40.47,-0.0378792,0.276818,0.00927493,-0.0333866,0.261879,0.0085436
40.48,-0.0309477,0.270062,-0.0723195,-0.0265744,0.255248,-0.0736323
40.49,-0.0279645,0.268733,-0.148548,-0.0237294,0.254129,-0.150315
40.5,-0.0287065,0.274253,-0.211649,-0.0247465,0.25999,-0.213557
40.51,-0.0332916,0.286526,-0.249524,-0.0294294,0.272337,-0.251475
40.52,-0.0427673,0.303172,-0.253447,-0.0393525,0.28943,-0.255022
40.53,-0.0568335,0.319558,-0.226039,-0.053836,0.305963,-0.227545
40.54,-0.0733428,0.331076,-0.177057,-0.0703435,0.317065,-0.178262
40.55,-0.0929049,0.337179,-0.116061,-0.0899107,0.323064,-0.116265
40.56,-0.113155,0.338259,-0.0535887,-0.110057,0.324015,-0.0529524
40.57,-0.13108,0.335938,0.0104339,-0.128243,0.321778,0.0115681
40.58,-0.139926,0.340033,0.0947148,-0.137033,0.325591,0.0963724
40.59,-0.127017,0.34649,0.151229,-0.12442,0.33197,0.15292
40.6,-0.103434,0.346657,0.180497,-0.10088,0.332095,0.182135
40.61,-0.0920774,0.346893,0.21483,-0.0895438,0.331895,0.216148
40.62,-0.075471,0.344208,0.22128,-0.0722763,0.32886,0.222216
40.63,-0.0599911,0.340251,0.211868,-0.0552993,0.324532,0.211295
40.64,-0.0457057,0.337547,0.184719,-0.0395456,0.32157,0.183204
40.65,-0.0308003,0.334097,0.141836,-0.0246925,0.318398,0.140071
40.66,-0.0169442,0.326397,0.0839102,-0.010855,0.310725,0.0821571
40.67,-0.00584902,0.318031,0.0127779,-0.00011603,0.302612,0.0106487
40.68,-4.72741e-05,0.313117,-0.0634196,0.00514922,0.297889,-0.0659976
40.69,-4.56732e-05,0.31361,-0.136716,0.00491786,0.298544,-0.139312
40.7,-0.00469235,0.319812,-0.194265,-0.000238255,0.305149,-0.197066
40.71,-0.0127662,0.330239,-0.224409,-0.00865301,0.315485,-0.227022
40.72,-0.0241094,0.342474,-0.222889,-0.0203091,0.32799,-0.225156
40.73,-0.0375994,0.353352,-0.195096,-0.0339521,0.339199,-0.196919
40.74,-0.0506603,0.35988,-0.153271,-0.0473239,0.345698,-0.154932
40.75,-0.0629179,0.360853,-0.104338,-0.0594284,0.34674,-0.105857
40.76,-0.0735005,0.355327,-0.0570446,-0.0700218,0.341326,-0.058045
40.77,-0.0809547,0.344696,-0.0183763,-0.0773099,0.33084,-0.0190938
40.78,-0.0844189,0.332103,0.0135437,-0.080761,0.318384,0.0133859
40.79,-0.0883933,0.328538,0.0669721,-0.0849194,0.314393,0.0672125
40.8,-0.0928274,0.317391,0.129275,-0.089105,0.303053,0.129888
40.81,-0.104673,0.308943,0.201503,-0.100426,0.294319,0.202306
40.82,-0.105071,0.301895,0.242095,-0.100802,0.287109,0.241998
40.83,-0.0979869,0.296112,0.249458,-0.0929813,0.280542,0.24859
40.84,-0.0852468,0.292779,0.221462,-0.0797544,0.276908,0.220097
40.85,-0.0696428,0.289559,0.167009,-0.0642726,0.273969,0.165384
40.86,-0.0543454,0.283129,0.0931663,-0.0491447,0.26744,0.0910547
40.87,-0.0424627,0.274248,0.0108428,-0.0369214,0.258656,0.00845793
40.88,-0.0351033,0.267178,-0.0718536,-0.0293845,0.251569,-0.0745485
40.89,-0.0316919,0.265256,-0.14934,-0.0260392,0.24983,-0.152231
40.9,-0.0320433,0.269827,-0.214461,-0.0261595,0.254731,-0.217516
40.91,-0.0362963,0.280976,-0.254855,-0.0302517,0.266094,-0.25806
40.92,-0.0457896,0.296641,-0.260444,-0.0398062,0.281877,-0.263468
40.93,-0.0602591,0.312203,-0.233502,-0.0543655,0.297452,-0.236148
40.94,-0.0774519,0.323246,-0.183888,-0.0712877,0.308525,-0.186012
40.95,-0.097378,0.328865,-0.121759,-0.0910306,0.314108,-0.123483
40.96,-0.117985,0.329597,-0.0577864,-0.111665,0.314659,-0.0591699
40.97,-0.13621,0.327314,0.00842918,-0.12972,0.312338,0.00731462
40.98,-0.145326,0.331921,0.0947521,-0.138836,0.31703,0.0941499
40.99,-0.132688,0.339423,0.152656,-0.12636,0.32447,0.15198
41,-0.109634,0.340417,0.184311,-0.103292,0.32529,0.183742
41.01,-0.0982592,0.340886,0.219243,-0.0922261,0.325414,0.218443
41.02,-0.0814027,0.338676,0.225498,-0.0745011,0.323324,0.223857
41.03,-0.0655591,0.335241,0.215435,-0.0565143,0.319439,0.212776
41.04,-0.0509212,0.333046,0.18741,-0.0403113,0.316895,0.184015
41.05,-0.035748,0.330077,0.14374,-0.0250316,0.313966,0.140209
41.06,-0.0216255,0.322839,0.0850899,-0.0108157,0.306806,0.0812351
41.07,-0.0102682,0.314878,0.0131111,0.000533274,0.299275,0.00860439
41.08,-0.00427322,0.310261,-0.0636784,0.00609407,0.294676,-0.0682518
41.09,-0.00433762,0.310959,-0.137508,0.00580041,0.295597,-0.14242
41.1,-0.00917282,0.317154,-0.195587,0.000645086,0.302051,-0.200503
41.11,-0.0173979,0.327327,-0.226241,-0.00817768,0.31261,-0.23108
41.12,-0.0290256,0.339284,-0.224949,-0.0206092,0.324904,-0.229426
41.13,-0.0428545,0.349921,-0.197134,-0.0350304,0.335499,-0.201127
41.14,-0.0562533,0.3563,-0.155055,-0.0487212,0.34236,-0.158806
41.15,-0.0687166,0.357166,-0.105818,-0.0612899,0.343299,-0.109057
41.16,-0.0793886,0.351559,-0.0581112,-0.0723101,0.338158,-0.0609912
41.17,-0.0868362,0.340872,-0.0189679,-0.079914,0.327578,-0.0211697
41.18,-0.0903029,0.328331,0.0137642,-0.0836746,0.315277,0.0117884
41.19,-0.0944369,0.324999,0.0684368,-0.0880894,0.311842,0.066999
41.2,-0.0986145,0.314364,0.130164,-0.0924596,0.30086,0.128837
41.21,-0.110434,0.305838,0.202306,-0.104329,0.291793,0.20103
41.22,-0.110683,0.298871,0.242427,-0.104673,0.284611,0.240635
41.23,-0.103483,0.293271,0.249481,-0.0969712,0.278355,0.246769
41.24,-0.0907018,0.290223,0.221337,-0.0838592,0.27472,0.218002
41.25,-0.0750559,0.287355,0.16684,-0.0682946,0.271966,0.163191
41.26,-0.0596431,0.28127,0.0929419,-0.0530798,0.265966,0.0889213
41.27,-0.0475846,0.272658,0.0105869,-0.0410463,0.257199,0.00610177
41.28,-0.0400851,0.265763,-0.072137,-0.0333003,0.250463,-0.076575
41.29,-0.0366518,0.263937,-0.149633,-0.0298448,0.248822,-0.154077
41.3,-0.0371365,0.268538,-0.214713,-0.0302485,0.253311,-0.219318
41.31,-0.0416776,0.279651,-0.25501,-0.0351168,0.264491,-0.259459
41.32,-0.0515778,0.295187,-0.260456,-0.0446525,0.279953,-0.264732
41.33,-0.0664412,0.310518,-0.233382,-0.0596051,0.295116,-0.2372
41.34,-0.0839224,0.321276,-0.183669,-0.0770651,0.306036,-0.187279
41.35,-0.104024,0.326553,-0.121481,-0.0968744,0.311104,-0.124745
41.36,-0.124694,0.326931,-0.0574848,-0.117379,0.311431,-0.0603672
41.37,-0.142914,0.324319,0.00863439,-0.135388,0.308606,0.00643959
41.38,-0.152229,0.328765,0.0948556,-0.144741,0.312668,0.0928473
41.39,-0.139862,0.336571,0.152734,-0.132366,0.320368,0.150789
41.4,-0.116908,0.338106,0.184297,-0.109717,0.322115,0.182365
41.41,-0.102959,0.335759,0.216881,-0.0957656,0.319571,0.215123
41.42,-0.0863631,0.334965,0.223867,-0.0783641,0.318946,0.221679
41.43,-0.0704453,0.332673,0.214643,-0.0604618,0.316473,0.211551
41.44,-0.0558193,0.331238,0.187382,-0.0446715,0.314586,0.183579
41.45,-0.0406721,0.328664,0.144281,-0.0295452,0.311953,0.140324
41.46,-0.0264925,0.321666,0.0857801,-0.0153196,0.305105,0.0811262
41.47,-0.0151857,0.313929,0.0141568,-0.00420906,0.29745,0.00905448
41.48,-0.00933426,0.309413,-0.0630348,0.00139285,0.293033,-0.0685823
41.49,-0.00961948,0.310119,-0.137091,0.000945397,0.294248,-0.143021
41.5,-0.0147774,0.316178,-0.195057,-0.00478616,0.300687,-0.201214
41.51,-0.0235124,0.326122,-0.225452,-0.0142706,0.311211,-0.231377
41.52,-0.035574,0.337619,-0.224179,-0.0269313,0.323124,-0.229686
41.53,-0.0497328,0.347615,-0.196529,-0.0415717,0.333321,-0.201486
41.54,-0.0633492,0.353302,-0.154593,-0.0556723,0.339208,-0.158989
41.55,-0.075942,0.353486,-0.105414,-0.0690327,0.339512,-0.109451
41.56,-0.0866191,0.34727,-0.0576853,-0.080011,0.333608,-0.0609778
41.57,-0.093963,0.336121,-0.0184971,-0.0874921,0.322667,-0.0214109
41.58,-0.0973902,0.323457,0.0151565,-0.0912091,0.309944,0.0126721
41.59,-0.101522,0.320406,0.0705903,-0.0956601,0.306476,0.0685483
41.6,-0.105211,0.311035,0.129701,-0.0996938,0.297101,0.127971
41.61,-0.117204,0.30268,0.201025,-0.111741,0.288584,0.199149
41.62,-0.117352,0.295945,0.239963,-0.111861,0.281622,0.237681
41.63,-0.110183,0.290575,0.246872,-0.104394,0.275917,0.243671
41.64,-0.097538,0.287898,0.219082,-0.0913401,0.272674,0.215359
41.65,-0.0819691,0.285428,0.165186,-0.0758664,0.270658,0.16106
41.66,-0.0664696,0.279723,0.0916668,-0.0603144,0.265264,0.087235
41.67,-0.0542059,0.271374,0.00961413,-0.0481421,0.257146,0.00509664
41.68,-0.0465315,0.264649,-0.0728584,-0.0401303,0.250437,-0.0772219
41.69,-0.0430795,0.262946,-0.150044,-0.036685,0.24898,-0.154608
41.7,-0.0437349,0.267664,-0.214629,-0.0372837,0.254066,-0.219333
41.71,-0.0486328,0.278866,-0.254295,-0.042121,0.2655,-0.258885
41.72,-0.0589734,0.294373,-0.259197,-0.0524665,0.281167,-0.2637
41.73,-0.0742062,0.309529,-0.231792,-0.0677554,0.296375,-0.236223
41.74,-0.091885,0.319984,-0.181991,-0.0852484,0.306516,-0.186272
41.75,-0.112089,0.324852,-0.119886,-0.105259,0.311266,-0.123681
41.76,-0.132724,0.324761,-0.0560972,-0.125888,0.311148,-0.0592321
41.77,-0.150863,0.321687,0.00988378,-0.144021,0.307744,0.00723134
41.78,-0.160165,0.325853,0.095927,-0.15329,0.311848,0.0938255
41.79,-0.147859,0.33384,0.153389,-0.141143,0.320043,0.151147
41.8,-0.124706,0.335969,0.184096,-0.118276,0.322012,0.181927
41.81,-0.113315,0.337084,0.21842,-0.107128,0.323223,0.216028
41.82,-0.0963597,0.335677,0.224267,-0.0898396,0.32168,0.221276
41.83,-0.0804206,0.332939,0.214038,-0.0720795,0.318491,0.209625
41.84,-0.0657977,0.33134,0.186068,-0.0561163,0.316655,0.181259
41.85,-0.05059,0.328987,0.142541,-0.0408603,0.314245,0.137617
41.86,-0.0362017,0.322317,0.084081,-0.0266167,0.307834,0.0788942
41.87,-0.0245245,0.314791,0.0123524,-0.0153196,0.300546,0.0067485
41.88,-0.0183847,0.310361,-0.0641577,-0.00933888,0.296365,-0.0702657
41.89,-0.0185478,0.310954,-0.137649,-0.00988388,0.297035,-0.144261
41.9,-0.0237508,0.316849,-0.195359,-0.0155895,0.303388,-0.201818
41.91,-0.0325291,0.326622,-0.22566,-0.0246175,0.313672,-0.23181
41.92,-0.0447692,0.338047,-0.224071,-0.0372771,0.325447,-0.229866
41.93,-0.0591146,0.348048,-0.196069,-0.0519004,0.335706,-0.201458
41.94,-0.0727938,0.35379,-0.153957,-0.0660879,0.341693,-0.158731
41.95,-0.0852691,0.354052,-0.10476,-0.0790245,0.342302,-0.109036
41.96,-0.0956365,0.347916,-0.0571874,-0.089691,0.336417,-0.0607175
41.97,-0.102533,0.336851,-0.0182465,-0.0965607,0.325642,-0.0212093
41.98,-0.105349,0.324105,0.014173,-0.10002,0.312911,0.0115631
41.99,-0.109256,0.320486,0.0683734,-0.10424,0.309367,0.0662007
42,-0.112896,0.309607,0.129821,-0.108017,0.298238,0.127747
42.01,-0.124289,0.300532,0.20176,-0.119486,0.28865,0.199961
42.02,-0.124237,0.293554,0.24184,-0.119499,0.281348,0.239716
42.03,-0.116813,0.288286,0.248941,-0.111776,0.275207,0.245919
42.04,-0.103935,0.285832,0.220887,-0.0976975,0.272138,0.217437
42.05,-0.0881968,0.283685,0.166496,-0.0819978,0.270033,0.163146
42.06,-0.0725342,0.278317,0.0927007,-0.0663261,0.265003,0.0892736
42.07,-0.0601021,0.270271,0.0104183,-0.0536345,0.256821,0.0065887
42.08,-0.0523011,0.263733,-0.072236,-0.0460216,0.250256,-0.0764044
42.09,-0.048797,0.26208,-0.149646,-0.0424459,0.248834,-0.153742
42.1,-0.0495082,0.266681,-0.214604,-0.0432542,0.253212,-0.218583
42.11,-0.0545737,0.277607,-0.254754,-0.0483762,0.264404,-0.258726
42.12,-0.0651864,0.292693,-0.260099,-0.0591423,0.279724,-0.263896
42.13,-0.0807337,0.307335,-0.232986,-0.0743621,0.294313,-0.236376
42.14,-0.0986728,0.317278,-0.183289,-0.0920269,0.304312,-0.186473
42.15,-0.118977,0.321619,-0.121154,-0.112417,0.308769,-0.124079
42.16,-0.13962,0.321035,-0.0572274,-0.132441,0.308074,-0.0595349
42.17,-0.157676,0.317569,0.00882747,-0.150386,0.304611,0.00707611
42.18,-0.167146,0.321558,0.0949757,-0.159825,0.308597,0.0935774
42.19,-0.155111,0.32989,0.152774,-0.148353,0.316824,0.151689
42.2,-0.132196,0.332474,0.184187,-0.125845,0.319071,0.18325
42.21,-0.12091,0.333764,0.218983,-0.114877,0.320452,0.217707
42.22,-0.103968,0.332712,0.225123,-0.0972782,0.319669,0.223211
42.23,-0.0879505,0.330342,0.215007,-0.0794481,0.317221,0.211948
42.24,-0.0732281,0.329118,0.186989,-0.0631018,0.315693,0.18301
42.25,-0.0579096,0.327163,0.143347,-0.0477919,0.313937,0.139083
42.26,-0.0433433,0.32088,0.0847471,-0.0332839,0.307689,0.0801577
42.27,-0.0314883,0.313691,0.0128524,-0.0213228,0.300402,0.00793147
42.28,-0.0252271,0.309473,-0.0638399,-0.0157045,0.296492,-0.0689394
42.29,-0.0253646,0.310142,-0.137552,-0.0162559,0.297565,-0.142505
42.3,-0.030641,0.315979,-0.195498,-0.021699,0.303886,-0.200602
42.31,-0.0395712,0.325572,-0.226026,-0.0309827,0.31411,-0.230924
42.32,-0.0520103,0.336717,-0.224635,-0.0437496,0.325316,-0.229146
42.33,-0.0665436,0.346387,-0.196764,-0.0585397,0.335338,-0.200813
42.34,-0.0803455,0.351824,-0.154683,-0.0727495,0.341133,-0.158095
42.35,-0.0928342,0.351817,-0.105464,-0.0857616,0.341509,-0.108545
42.36,-0.10309,0.345466,-0.057805,-0.096173,0.335383,-0.060523
42.37,-0.109778,0.334265,-0.0187292,-0.103246,0.324449,-0.020977
42.38,-0.11233,0.321486,0.0140036,-0.105776,0.311672,0.0122677
42.39,-0.116185,0.317836,0.0684807,-0.109551,0.308001,0.0669509
42.4,-0.119608,0.306928,0.130067,-0.112884,0.296796,0.128634
42.41,-0.128029,0.294668,0.200041,-0.121635,0.28442,0.198414
42.42,-0.128157,0.287878,0.241072,-0.121449,0.277389,0.239261
42.43,-0.12088,0.28315,0.248801,-0.113336,0.271994,0.245883
42.44,-0.108157,0.28122,0.221286,-0.0999678,0.269619,0.21784
42.45,-0.0925351,0.279627,0.167323,-0.0844283,0.268119,0.163921
42.46,-0.0769004,0.274813,0.0937496,-0.0686958,0.263203,0.0900654
42.47,-0.0644298,0.267255,0.0115732,-0.0564324,0.255541,0.007826
42.48,-0.056632,0.261139,-0.0711109,-0.0483456,0.249852,-0.075241
42.49,-0.053275,0.259856,-0.148579,-0.0450618,0.248711,-0.152661
42.5,-0.0543317,0.264772,-0.213522,-0.0460632,0.253481,-0.217925
42.51,-0.0598865,0.275917,-0.253609,-0.0512236,0.264953,-0.257937
42.52,-0.0710623,0.291052,-0.259013,-0.06216,0.280456,-0.263313
42.53,-0.0871106,0.305569,-0.23212,-0.0781068,0.295013,-0.23603
42.54,-0.105434,0.315302,-0.182724,-0.096228,0.304929,-0.186101
42.55,-0.125947,0.319358,-0.120931,-0.116684,0.308894,-0.123892
42.56,-0.146695,0.318464,-0.0572935,-0.137222,0.307602,-0.0598437
42.57,-0.164798,0.314693,0.00846768,-0.155208,0.303546,0.00633596
42.58,-0.174515,0.318526,0.0943733,-0.16504,0.307316,0.0924059
42.59,-0.162849,0.327168,0.152058,-0.153686,0.315487,0.150431
42.6,-0.13998,0.3305,0.182796,-0.131227,0.318591,0.180977
42.61,-0.128824,0.332275,0.217364,-0.119926,0.320215,0.215306
42.62,-0.111884,0.331635,0.223317,-0.102446,0.319482,0.220759
42.63,-0.0958315,0.329544,0.213314,-0.0847365,0.317314,0.209589
42.64,-0.0811181,0.32855,0.185642,-0.0686212,0.316124,0.181012
42.65,-0.0657446,0.326884,0.142351,-0.0534351,0.314302,0.137018
42.66,-0.0509896,0.320887,0.0840993,-0.0386787,0.308545,0.0783774
42.67,-0.0389303,0.313914,0.0125891,-0.0270103,0.301686,0.00618176
42.68,-0.0325938,0.309787,-0.0636977,-0.0210724,0.297932,-0.0703524
42.69,-0.0327504,0.310383,-0.137006,-0.0217501,0.298601,-0.143896
42.7,-0.0381942,0.316071,-0.194601,-0.027675,0.304504,-0.201676
42.71,-0.0473881,0.325498,-0.224875,-0.0372102,0.314213,-0.23181
42.72,-0.0600952,0.33641,-0.223359,-0.0501945,0.325525,-0.229938
42.73,-0.0748207,0.345779,-0.195501,-0.065404,0.335213,-0.201542
42.74,-0.0886787,0.350895,-0.153582,-0.0795951,0.340556,-0.158933
42.75,-0.101084,0.350571,-0.104563,-0.0923659,0.34046,-0.109476
42.76,-0.111097,0.343934,-0.0571624,-0.103221,0.333831,-0.061102
42.77,-0.117431,0.332523,-0.0183744,-0.11015,0.322298,-0.0221545
42.78,-0.119621,0.31961,0.0138886,-0.112491,0.309359,0.0104799
42.79,-0.123336,0.315747,0.0678827,-0.116586,0.30541,0.064742
42.8,-0.126498,0.304666,0.129225,-0.119847,0.294292,0.126364
42.81,-0.137505,0.295072,0.20121,-0.131161,0.284315,0.198262
42.82,-0.137185,0.288091,0.241427,-0.130619,0.27662,0.237863
42.83,-0.129565,0.283139,0.248715,-0.122565,0.270742,0.244159
42.84,-0.116618,0.281252,0.220833,-0.109328,0.268438,0.21555
42.85,-0.100809,0.279812,0.166576,-0.0936891,0.26713,0.161183
42.86,-0.0849165,0.275161,0.0928628,-0.0780903,0.262214,0.087063
42.87,-0.0721279,0.267688,0.0106255,-0.0653135,0.255001,0.00469953
42.88,-0.0640367,0.26152,-0.0720001,-0.0572645,0.248974,-0.0780514
42.89,-0.0604638,0.260041,-0.149386,-0.0539627,0.247348,-0.15537
42.9,-0.0613881,0.264617,-0.214329,-0.0544617,0.251862,-0.220401
42.91,-0.0669468,0.275304,-0.254486,-0.0600911,0.262739,-0.26066
42.92,-0.0782251,0.28988,-0.25988,-0.0713053,0.277236,-0.266146
42.93,-0.0944066,0.303779,-0.232847,-0.0876692,0.291111,-0.238921
42.94,-0.112761,0.31287,-0.183239,-0.105944,0.300383,-0.189152
42.95,-0.133222,0.316258,-0.121188,-0.125959,0.304133,-0.126742
42.96,-0.153799,0.31471,-0.0573283,-0.146238,0.302377,-0.062602
42.97,-0.171653,0.310393,0.00860881,-0.16375,0.297978,0.00376635
42.98,-0.1813,0.313899,0.0946488,-0.173297,0.301254,0.0900244
42.99,-0.169671,0.322719,0.152442,-0.161919,0.309829,0.148131
43,-0.146943,0.326255,0.183977,-0.139756,0.313177,0.179718
43.01,-0.135754,0.32801,0.218892,-0.128661,0.31462,0.214289
43.02,-0.118815,0.327695,0.225182,-0.110737,0.314189,0.220128
43.03,-0.102727,0.326034,0.215178,-0.0928678,0.312203,0.209107
43.04,-0.0879644,0.325472,0.187216,-0.0764773,0.311457,0.180442
43.05,-0.0725659,0.324212,0.143596,-0.0612701,0.310482,0.136578
43.06,-0.0577269,0.318595,0.0850009,-0.0467349,0.304956,0.0772883
43.07,-0.0455591,0.311951,0.0130947,-0.0348028,0.298451,0.00497002
43.08,-0.0391092,0.308026,-0.0636243,-0.02869,0.294951,-0.0723017
43.09,-0.0392613,0.3087,-0.137395,-0.0291322,0.29572,-0.146174
43.1,-0.0447784,0.31431,-0.19542,-0.0347089,0.301723,-0.204147
43.11,-0.054112,0.323501,-0.226036,-0.0443825,0.311247,-0.234457
43.12,-0.0670229,0.334076,-0.224726,-0.0579273,0.322112,-0.23285
43.13,-0.0819655,0.343079,-0.196919,-0.0731568,0.331182,-0.204527
43.14,-0.0959956,0.347887,-0.154873,-0.0875483,0.336363,-0.161992
43.15,-0.108474,0.347314,-0.10567,-0.100458,0.335875,-0.112179
43.16,-0.118443,0.340507,-0.0580055,-0.110974,0.329256,-0.063692
43.17,-0.124637,0.329016,-0.0189051,-0.117659,0.317935,-0.0240705
43.18,-0.126628,0.316134,0.0138587,-0.11984,0.305044,0.00905116
43.19,-0.130339,0.312311,0.0683872,-0.123781,0.301231,0.0646137
43.2,-0.133299,0.301227,0.130121,-0.127068,0.290138,0.126859
43.21,-0.144066,0.29139,0.202185,-0.137843,0.280245,0.199141
43.22,-0.143511,0.284408,0.242271,-0.136997,0.272783,0.238832
43.23,-0.135707,0.279626,0.249328,-0.128542,0.267483,0.245214
43.24,-0.122645,0.278012,0.221211,-0.11506,0.264986,0.215972
43.25,-0.106756,0.2769,0.166748,-0.0994191,0.263837,0.161392
43.26,-0.090738,0.272572,0.092879,-0.0832324,0.259481,0.087203
43.27,-0.0777761,0.265361,0.0105498,-0.0703413,0.252541,0.00483953
43.28,-0.0695425,0.259352,-0.0721421,-0.0619279,0.246846,-0.0779694
43.29,-0.0659237,0.257931,-0.1496,-0.058357,0.245473,-0.155636
43.3,-0.0669298,0.262466,-0.214634,-0.0593131,0.250526,-0.220568
43.31,-0.0727051,0.273022,-0.25488,-0.0647822,0.261029,-0.260741
43.32,-0.0843079,0.287368,-0.260288,-0.0763544,0.27521,-0.266193
43.33,-0.100818,0.300945,-0.233201,-0.0929226,0.288934,-0.238703
43.34,-0.119417,0.309678,-0.183494,-0.111307,0.297799,-0.188329
43.35,-0.139995,0.312665,-0.121333,-0.13163,0.300969,-0.125832
43.36,-0.160587,0.310716,-0.0573633,-0.152042,0.298882,-0.0615578
43.37,-0.178416,0.306078,0.00878941,-0.169746,0.293962,0.00512872
43.38,-0.188164,0.309466,0.0950304,-0.179653,0.297011,0.0916758
43.39,-0.176744,0.318629,0.152869,-0.168414,0.305925,0.149461
43.4,-0.154084,0.322779,0.184324,-0.145787,0.310041,0.181184
43.41,-0.139947,0.322045,0.216811,-0.131581,0.309106,0.213716
43.42,-0.123352,0.323137,0.223725,-0.114199,0.310137,0.220177
43.43,-0.107275,0.322656,0.214475,-0.0963563,0.30959,0.209729
43.44,-0.092585,0.322874,0.187232,-0.0802356,0.309481,0.181747
43.45,-0.0772488,0.322018,0.144162,-0.0649577,0.308678,0.13839
43.46,-0.0623732,0.316653,0.0856937,-0.0501716,0.303351,0.0794549
43.47,-0.0502692,0.310229,0.0141011,-0.0383153,0.297102,0.00743713
43.48,-0.0439553,0.306393,-0.0630506,-0.0323239,0.293625,-0.0702229
43.49,-0.0443331,0.307054,-0.137056,-0.0332757,0.294765,-0.144689
43.5,-0.0501578,0.312489,-0.194973,-0.0393972,0.300402,-0.202456
43.51,-0.059971,0.321388,-0.225327,-0.0499234,0.309534,-0.232828
43.52,-0.0732613,0.33146,-0.224025,-0.0636412,0.319826,-0.231317
43.53,-0.0884616,0.339805,-0.196366,-0.0795122,0.328439,-0.203004
43.54,-0.102632,0.343925,-0.154444,-0.0942783,0.33305,-0.1603
43.55,-0.115163,0.342688,-0.105285,-0.107526,0.332013,-0.110536
43.56,-0.125069,0.335301,-0.057584,-0.117871,0.324942,-0.0622533
43.57,-0.131105,0.323384,-0.0184241,-0.124296,0.313365,-0.0223602
43.58,-0.133084,0.310404,0.0152218,-0.126288,0.300375,0.0117834
43.59,-0.136845,0.306907,0.0706447,-0.130362,0.296668,0.0674545
43.6,-0.139453,0.297212,0.129659,-0.133333,0.286759,0.126667
43.61,-0.150446,0.287575,0.200953,-0.1445,0.277012,0.197989
43.62,-0.149844,0.280872,0.239869,-0.143892,0.269812,0.236536
43.63,-0.142125,0.276345,0.246786,-0.135734,0.264444,0.24229
43.64,-0.129267,0.275108,0.219022,-0.121887,0.262686,0.213852
43.65,-0.113524,0.274407,0.165159,-0.10635,0.262377,0.159628
43.66,-0.0974823,0.270484,0.0916629,-0.0902485,0.258912,0.08572
43.67,-0.0843575,0.263569,0.00962476,-0.0771959,0.252239,0.00360863
43.68,-0.0759758,0.257754,-0.0728369,-0.0690364,0.246457,-0.0790198
43.69,-0.0723561,0.256455,-0.150009,-0.0654391,0.245377,-0.156147
43.7,-0.0735416,0.261077,-0.214576,-0.0663437,0.250129,-0.220926
43.71,-0.0796732,0.271665,-0.254224,-0.0721242,0.261044,-0.260786
43.72,-0.0916949,0.285915,-0.259119,-0.0840414,0.275153,-0.265607
43.73,-0.108536,0.299263,-0.231721,-0.100867,0.288665,-0.237817
43.74,-0.127276,0.307662,-0.181935,-0.119236,0.296942,-0.18779
43.75,-0.147897,0.310225,-0.119848,-0.139699,0.299476,-0.125099
43.76,-0.168389,0.307809,-0.0560763,-0.159917,0.297095,-0.0610824
43.77,-0.186065,0.302709,0.00989153,-0.177341,0.291732,0.00546859
43.78,-0.195776,0.305797,0.0959238,-0.187022,0.294539,0.09177
43.79,-0.184445,0.315112,0.153381,-0.175979,0.303939,0.149525
43.8,-0.161682,0.319821,0.184105,-0.153035,0.308338,0.180098
43.81,-0.150493,0.322205,0.218441,-0.141883,0.310766,0.214283
43.82,-0.133491,0.32271,0.224303,-0.124306,0.311023,0.219591
43.83,-0.117348,0.32178,0.214086,-0.105897,0.310269,0.208469
43.84,-0.102637,0.321835,0.186122,-0.0897217,0.310308,0.18017
43.85,-0.0872593,0.321205,0.142598,-0.0744633,0.309875,0.136288
43.86,-0.0722109,0.316193,0.0841403,-0.0593648,0.305256,0.0772374
43.87,-0.0597599,0.310025,0.0124081,-0.0468449,0.299378,0.00526621
43.88,-0.0531578,0.306311,-0.0641052,-0.040223,0.296004,-0.071778
43.89,-0.0533843,0.306882,-0.137605,-0.0408346,0.296729,-0.145747
43.9,-0.0592148,0.312157,-0.195331,-0.0467804,0.302614,-0.203592
43.91,-0.0690333,0.320884,-0.22565,-0.0571931,0.311365,-0.233314
43.92,-0.0824785,0.330864,-0.22408,-0.0708492,0.321631,-0.231139
43.93,-0.0978568,0.339192,-0.196095,-0.0869327,0.330156,-0.202677
43.94,-0.112096,0.343363,-0.153995,-0.101593,0.33452,-0.160191
43.95,-0.124523,0.342222,-0.104806,-0.114287,0.333273,-0.109981
43.96,-0.134137,0.334961,-0.0572357,-0.124197,0.326145,-0.0618718
43.97,-0.139749,0.32319,-0.0182897,-0.129975,0.314422,-0.0224939
43.98,-0.141116,0.310207,0.0141346,-0.131979,0.301317,0.0102777
43.99,-0.144598,0.306166,0.0683458,-0.13549,0.297158,0.0644983
44,-0.147005,0.294921,0.129877,-0.137797,0.285752,0.126138
44.01,-0.157305,0.284618,0.201847,-0.147821,0.275177,0.197994
44.02,-0.156468,0.277686,0.241953,-0.14687,0.267738,0.237526
44.03,-0.148492,0.273287,0.249052,-0.138134,0.262888,0.243693
44.04,-0.135411,0.272295,0.220983,-0.124374,0.261333,0.214927
44.05,-0.119524,0.271931,0.166573,-0.108347,0.261108,0.160246
44.06,-0.103352,0.268357,0.0927627,-0.0920271,0.257634,0.0857751
44.07,-0.0900918,0.261759,0.0104691,-0.0788426,0.250942,0.00333477
44.08,-0.0816035,0.25614,-0.072194,-0.0703874,0.245344,-0.0796949
44.09,-0.0779324,0.254891,-0.149615,-0.066714,0.243855,-0.157121
44.1,-0.0791513,0.25938,-0.214592,-0.0680001,0.248301,-0.222275
44.11,-0.0854065,0.269662,-0.25477,-0.0742472,0.258715,-0.262683
44.12,-0.0976429,0.283455,-0.260141,-0.0864578,0.272671,-0.268001
44.13,-0.114737,0.296252,-0.233045,-0.103452,0.285352,-0.240925
44.14,-0.133683,0.304112,-0.183355,-0.122348,0.293326,-0.19081
44.15,-0.154349,0.306141,-0.121221,-0.14276,0.295655,-0.128147
44.16,-0.174799,0.303237,-0.0572858,-0.162694,0.292581,-0.0636063
44.17,-0.192358,0.297766,0.00879968,-0.180264,0.287097,0.00286134
44.18,-0.202219,0.300674,0.0949797,-0.19029,0.289996,0.0895586
44.19,-0.191197,0.310316,0.152797,-0.179612,0.299267,0.147407
44.2,-0.168723,0.315461,0.184249,-0.157624,0.304102,0.178683
44.21,-0.157656,0.318012,0.219055,-0.146626,0.306613,0.213288
44.22,-0.140701,0.318873,0.225199,-0.129387,0.307594,0.218941
44.23,-0.124516,0.31832,0.215082,-0.111295,0.306799,0.207817
44.24,-0.109744,0.318761,0.187058,-0.0949728,0.307346,0.179156
44.25,-0.0942986,0.318543,0.143411,-0.0796121,0.306974,0.135129
44.26,-0.0791153,0.313937,0.084805,-0.0643771,0.302405,0.0762417
44.27,-0.066524,0.308125,0.0128982,-0.0518265,0.296646,0.00381978
44.28,-0.0598239,0.304639,-0.0638022,-0.0455369,0.293619,-0.0734764
44.29,-0.0600343,0.30529,-0.137525,-0.0463498,0.294247,-0.147494
44.3,-0.0659308,0.3105,-0.195488,-0.0525786,0.299423,-0.205121
44.31,-0.0758796,0.319031,-0.226036,-0.062821,0.308162,-0.235552
44.32,-0.0894908,0.32871,-0.224661,-0.0773221,0.317818,-0.233785
44.33,-0.105019,0.33669,-0.196803,-0.0935666,0.326055,-0.205291
44.34,-0.119347,0.340547,-0.15473,-0.108605,0.32997,-0.162358
44.35,-0.131759,0.33914,-0.105516,-0.121696,0.329102,-0.112605
44.36,-0.141239,0.33168,-0.0578545,-0.131691,0.32211,-0.06429
44.37,-0.146631,0.3198,-0.0187705,-0.137601,0.310446,-0.0245845
44.38,-0.147733,0.306815,0.0139721,-0.139168,0.297372,0.00878476
44.39,-0.151162,0.302752,0.0684703,-0.143092,0.293272,0.0638663
44.4,-0.153346,0.291512,0.130119,-0.145474,0.281728,0.125779
44.41,-0.160336,0.278381,0.200116,-0.152732,0.268281,0.195932
44.42,-0.159698,0.271617,0.241167,-0.152284,0.261068,0.236774
44.43,-0.151931,0.267737,0.248893,-0.144053,0.256652,0.243886
44.44,-0.139065,0.267249,0.221364,-0.130527,0.255479,0.215985
44.45,-0.123357,0.267421,0.167386,-0.114538,0.255627,0.162047
44.46,-0.107276,0.264395,0.0938,-0.0985114,0.252417,0.0881858
44.47,-0.0940336,0.258286,0.011614,-0.0853566,0.246285,0.00577817
44.48,-0.0855967,0.253086,-0.0710778,-0.0768229,0.241319,-0.0775501
44.49,-0.0821145,0.252188,-0.148555,-0.073552,0.240328,-0.155119
44.5,-0.0837136,0.256952,-0.213514,-0.0745824,0.245374,-0.220205
44.51,-0.0904816,0.2674,-0.253623,-0.0813273,0.256343,-0.260319
44.52,-0.103284,0.281179,-0.259046,-0.0939736,0.270398,-0.265338
44.53,-0.120863,0.293797,-0.232166,-0.111372,0.283178,-0.238158
44.54,-0.140168,0.301407,-0.182775,-0.130502,0.29104,-0.188275
44.55,-0.161009,0.30313,-0.120982,-0.151117,0.292888,-0.125795
44.56,-0.181528,0.299909,-0.0573388,-0.17142,0.289509,-0.061775
44.57,-0.199099,0.294129,0.00844257,-0.188811,0.283693,0.00466598
44.58,-0.209189,0.296853,0.0943699,-0.198747,0.286248,0.0905286
44.59,-0.198571,0.306759,0.15207,-0.188166,0.295667,0.148864
44.6,-0.176228,0.31264,0.182841,-0.165823,0.301419,0.179813
44.61,-0.165345,0.315656,0.217423,-0.155058,0.304114,0.214307
44.62,-0.148441,0.316925,0.223381,-0.137543,0.305384,0.219483
44.63,-0.132253,0.316654,0.213378,-0.119421,0.305039,0.208479
44.64,-0.117517,0.317321,0.1857,-0.102976,0.30571,0.179892
44.65,-0.10205,0.317395,0.142404,-0.0873708,0.305765,0.136515
44.66,-0.0867125,0.313095,0.0841471,-0.0721184,0.301749,0.0778448
44.67,-0.0739434,0.307521,0.0126267,-0.0596366,0.295966,0.00586952
44.68,-0.0671803,0.304134,-0.0636666,-0.0533946,0.292588,-0.0707603
44.69,-0.0674015,0.304709,-0.136984,-0.0540724,0.293377,-0.14426
44.7,-0.0734483,0.309752,-0.194594,-0.0604629,0.29858,-0.201944
44.71,-0.0836404,0.318088,-0.224884,-0.0711881,0.307318,-0.231814
44.72,-0.0974919,0.327506,-0.223382,-0.085599,0.316916,-0.230151
44.73,-0.113177,0.335164,-0.195534,-0.101689,0.325157,-0.201886
44.74,-0.127525,0.338695,-0.153622,-0.116839,0.328897,-0.159674
44.75,-0.139817,0.336981,-0.104606,-0.129584,0.326876,-0.109582
44.76,-0.149024,0.329263,-0.0572035,-0.13935,0.319439,-0.0619762
44.77,-0.154039,0.317214,-0.0184084,-0.14486,0.30748,-0.0225005
44.78,-0.154768,0.304136,0.013863,-0.146129,0.294173,0.00993945
44.79,-0.15803,0.299878,0.0678734,-0.149606,0.289424,0.0641397
44.8,-0.159935,0.288498,0.129269,-0.151798,0.277699,0.125509
44.81,-0.169795,0.277725,0.201275,-0.1618,0.266287,0.197787
44.82,-0.168692,0.270823,0.241507,-0.160729,0.258648,0.237619
44.83,-0.160558,0.266758,0.248792,-0.151731,0.254156,0.243686
44.84,-0.147476,0.266339,0.220898,-0.138497,0.2535,0.215482
44.85,-0.1316,0.266683,0.166628,-0.122512,0.253629,0.161059
44.86,-0.115282,0.263848,0.0929042,-0.106593,0.251045,0.0869156
44.87,-0.101734,0.257859,0.010659,-0.0931132,0.24536,0.00460553
44.88,-0.0929995,0.25264,-0.071973,-0.084541,0.240111,-0.0782153
44.89,-0.0892811,0.251572,-0.149367,-0.0808179,0.239116,-0.15556
44.9,-0.0907107,0.256014,-0.214323,-0.0822194,0.243429,-0.220301
44.91,-0.0974312,0.266005,-0.254498,-0.0892024,0.253694,-0.260332
44.92,-0.110273,0.279219,-0.259908,-0.101719,0.267053,-0.265643
44.93,-0.127914,0.291208,-0.232886,-0.119245,0.278974,-0.237934
44.94,-0.147177,0.298177,-0.183283,-0.138369,0.286096,-0.187979
44.95,-0.16789,0.299243,-0.121232,-0.159053,0.287079,-0.125496
44.96,-0.188166,0.295392,-0.0573666,-0.179199,0.283348,-0.0611031
44.97,-0.205427,0.289097,0.00858834,-0.196215,0.276996,0.00508811
44.98,-0.215411,0.291502,0.0946472,-0.206104,0.279112,0.0915748
44.99,-0.204848,0.30158,0.152453,-0.195651,0.289177,0.149762
45,-0.182667,0.307648,0.184016,-0.173534,0.294852,0.181455
45.01,-0.171775,0.31069,0.218993,-0.162768,0.297836,0.216018
45.02,-0.15503,0.312431,0.225541,-0.145536,0.29935,0.221873
45.03,-0.139069,0.312793,0.215891,-0.127865,0.299486,0.211204
45.04,-0.124512,0.314057,0.188336,-0.111543,0.300588,0.18286
45.05,-0.109325,0.314589,0.145418,-0.0964577,0.301304,0.139847
45.06,-0.0943481,0.310833,0.087451,-0.0816959,0.297607,0.0814652
45.07,-0.0820046,0.306035,0.0159441,-0.0693936,0.293033,0.00940309
45.08,-0.0754889,0.303518,-0.0614084,-0.0632432,0.290897,-0.0684439
45.09,-0.0756314,0.305058,-0.136492,-0.0639094,0.292482,-0.143307
45.1,-0.0811799,0.310736,-0.195859,-0.0697809,0.298656,-0.202754
45.11,-0.0911698,0.318887,-0.227333,-0.0804052,0.30711,-0.234292
45.12,-0.104434,0.327016,-0.227258,-0.0943184,0.315553,-0.233895
45.13,-0.119302,0.332577,-0.200639,-0.109715,0.321254,-0.206633
45.14,-0.132798,0.333723,-0.159329,-0.123773,0.322813,-0.164755
45.15,-0.144244,0.329696,-0.110571,-0.135723,0.319176,-0.115326
45.16,-0.152614,0.320038,-0.0631283,-0.144835,0.309437,-0.0671956
45.17,-0.156812,0.30676,-0.0237917,-0.149419,0.296132,-0.027273
45.18,-0.15643,0.292695,0.00672113,-0.149659,0.282406,0.00360134
45.19,-0.158925,0.284549,0.0562572,-0.152296,0.274294,0.0534843
45.2,-0.160914,0.263253,0.135217,-0.154095,0.252656,0.133025
45.21,-0.170104,0.251528,0.213749,-0.163125,0.240526,0.211727
45.22,-0.169456,0.244763,0.260105,-0.16229,0.233689,0.257597
45.23,-0.160593,0.242221,0.266801,-0.152529,0.230504,0.263545
45.24,-0.146168,0.242593,0.23578,-0.137199,0.230218,0.231985
45.25,-0.129405,0.243586,0.177877,-0.120049,0.231265,0.173557
45.26,-0.113099,0.241586,0.101844,-0.103896,0.229296,0.097438
45.27,-0.100113,0.237046,0.0179832,-0.0908051,0.224784,0.0133005
45.28,-0.0920763,0.233288,-0.0668331,-0.0826177,0.221223,-0.0716259
45.29,-0.0885112,0.232625,-0.147259,-0.0788573,0.220713,-0.152057
45.3,-0.089227,0.235423,-0.216891,-0.0793049,0.223409,-0.221961
45.31,-0.0939624,0.241527,-0.263387,-0.0839492,0.22958,-0.268419
45.32,-0.104161,0.249027,-0.275222,-0.0941655,0.237078,-0.280181
45.33,-0.118473,0.254204,-0.253331,-0.108225,0.242694,-0.258196
45.34,-0.134965,0.254309,-0.20573,-0.124493,0.243171,-0.210072
45.35,-0.15168,0.249136,-0.143529,-0.140892,0.237893,-0.14749
45.36,-0.167111,0.239611,-0.0789781,-0.155818,0.228694,-0.0823309
45.37,-0.178651,0.229474,-0.0143198,-0.167246,0.218316,-0.0170078
45.38,-0.185281,0.229138,0.0685905,-0.173858,0.217754,0.0664991
45.39,-0.172655,0.23965,0.130324,-0.160992,0.227911,0.12867
45.4,-0.153893,0.236181,0.191078,-0.142166,0.224201,0.189768
45.41,-0.142588,0.233674,0.243554,-0.131242,0.221441,0.242165
45.42,-0.129015,0.235683,0.268452,-0.116843,0.223496,0.266617
45.43,-0.113318,0.239053,0.265186,-0.0993002,0.226777,0.261955
45.44,-0.095787,0.243259,0.235253,-0.0802777,0.230436,0.231143
45.45,-0.0788925,0.245473,0.188287,-0.0635335,0.232349,0.184017
45.46,-0.0636776,0.244165,0.123534,-0.048404,0.230935,0.119366
45.47,-0.0520924,0.242417,0.0417321,-0.0369877,0.229382,0.0378941
45.48,-0.0464707,0.242982,-0.0455334,-0.0315347,0.229703,-0.0492843
45.49,-0.0457528,0.246896,-0.131758,-0.0311817,0.233723,-0.135623
45.5,-0.0480796,0.252332,-0.204856,-0.0337658,0.239271,-0.208604
45.51,-0.0530337,0.257427,-0.252251,-0.0386611,0.244201,-0.25597
45.52,-0.061297,0.260899,-0.266685,-0.047135,0.247408,-0.270135
45.53,-0.072052,0.262643,-0.249998,-0.0579061,0.24921,-0.252965
45.54,-0.0851578,0.262605,-0.210131,-0.0710515,0.249373,-0.212488
45.55,-0.0985603,0.260083,-0.158034,-0.084599,0.246667,-0.159494
45.56,-0.10952,0.254564,-0.105022,-0.0959944,0.241243,-0.106047
45.57,-0.117414,0.247047,-0.0560195,-0.103968,0.233683,-0.0563283
45.58,-0.123197,0.232397,-0.00370575,-0.109743,0.219025,-0.00408499
45.59,-0.12598,0.197442,0.0771712,-0.112287,0.183968,0.077208
45.6,-0.121182,0.165262,0.17127,-0.107655,0.151935,0.171661
45.61,-0.127655,0.150551,0.260529,-0.114461,0.137374,0.260978
45.62,-0.120903,0.142105,0.301077,-0.1073,0.128476,0.301087
45.63,-0.104498,0.136367,0.295771,-0.0892931,0.122063,0.294298
45.64,-0.0832658,0.132617,0.254271,-0.0669343,0.117559,0.252312
45.65,-0.0622206,0.129823,0.190592,-0.0459485,0.114881,0.188585
45.66,-0.0446599,0.126194,0.112369,-0.0281539,0.111498,0.110062
45.67,-0.0325887,0.121425,0.025105,-0.0160873,0.106459,0.0224486
45.68,-0.0268704,0.11728,-0.0602075,-0.0104906,0.102391,-0.0631343
45.69,-0.0245652,0.114766,-0.141803,-0.00839625,0.100072,-0.144817
45.7,-0.023122,0.11388,-0.218538,-0.00713572,0.0994302,-0.222031
45.71,-0.0244296,0.114755,-0.273808,-0.00868974,0.100276,-0.277431
45.72,-0.030588,0.117005,-0.292716,-0.0147201,0.103181,-0.296155
45.73,-0.0411482,0.117968,-0.274699,-0.0250454,0.10444,-0.277972
45.74,-0.0563712,0.115773,-0.226722,-0.0400818,0.102473,-0.229757
45.75,-0.072717,0.110655,-0.161993,-0.0565137,0.0977711,-0.164934
45.76,-0.0866744,0.103178,-0.0947081,-0.0705403,0.090796,-0.0972747
45.77,-0.0978979,0.0973691,-0.0283851,-0.0817438,0.0852537,-0.0304566
45.78,-0.108078,0.104849,0.0578155,-0.0920697,0.0928343,0.0563251
45.79,-0.100485,0.122508,0.12978,-0.0847165,0.110654,0.128801
45.8,-0.0875051,0.12883,0.200196,-0.0721917,0.117159,0.199173
45.81,-0.0836135,0.131156,0.260502,-0.0688834,0.119069,0.259257
45.82,-0.0691456,0.133701,0.282948,-0.0543212,0.121973,0.281316
45.83,-0.0508437,0.138341,0.273271,-0.0348702,0.127,0.271
45.84,-0.0307019,0.143496,0.238127,-0.0136968,0.132178,0.234912
45.85,-0.0118815,0.146627,0.18791,0.00515187,0.135291,0.184525
45.86,0.00394189,0.147061,0.118953,0.0208483,0.13527,0.115802
45.87,0.0136352,0.147872,0.0347839,0.0303526,0.136075,0.0314278
45.88,0.0164768,0.151002,-0.0530862,0.0328432,0.139158,-0.0564687
45.89,0.0161847,0.155924,-0.13643,0.0321374,0.143759,-0.139686
45.9,0.0145452,0.161159,-0.209605,0.030277,0.149132,-0.212651
45.91,0.0112434,0.164241,-0.258678,0.0271157,0.152261,-0.261896
45.92,0.00478068,0.165238,-0.275114,0.0203309,0.152773,-0.278167
45.93,-0.00531455,0.165483,-0.25904,0.010093,0.153058,-0.26184
45.94,-0.0181941,0.165118,-0.218813,-0.00321183,0.152513,-0.221488
45.95,-0.0314028,0.163738,-0.164742,-0.0164917,0.151202,-0.166844
45.96,-0.0433841,0.16038,-0.107596,-0.0284797,0.147939,-0.109163
45.97,-0.0524014,0.154833,-0.0536441,-0.0377637,0.142463,-0.0548746
45.98,-0.0616872,0.138601,0.0128838,-0.0475337,0.126327,0.0120472
45.99,-0.0634026,0.104721,0.0951648,-0.0498076,0.092544,0.0947121
46,-0.0583278,0.0775659,0.184122,-0.044871,0.0654932,0.183779
46.01,-0.0649525,0.0658376,0.26704,-0.0520333,0.0539183,0.266579
46.02,-0.0565017,0.0590405,0.301371,-0.0432024,0.0468402,0.300143
46.03,-0.0378184,0.0533115,0.292392,-0.0237766,0.0404935,0.289938
46.04,-0.0149111,0.0485243,0.251355,0.000323924,0.0350848,0.248342
46.05,0.00641377,0.0446846,0.190767,0.0217696,0.0312614,0.187614
46.06,0.0235965,0.0415484,0.113716,0.0389015,0.0281575,0.110392
46.07,0.0332206,0.0380961,0.0264847,0.0485507,0.024777,0.0231846
46.08,0.0354972,0.0347066,-0.0610642,0.0504809,0.0214951,-0.0644653
46.09,0.035205,0.0322413,-0.144019,0.0500614,0.0192241,-0.147485
46.1,0.0350278,0.0303393,-0.220758,0.0498932,0.0175063,-0.224285
46.11,0.0324166,0.0294274,-0.273452,0.0473337,0.0166891,-0.277286
46.12,0.0270925,0.0287366,-0.290312,0.0420882,0.0164239,-0.293982
46.13,0.0170475,0.0275593,-0.27073,0.0319035,0.0153872,-0.274205
46.14,0.00333159,0.0255321,-0.223131,0.0178151,0.0135532,-0.22614
46.15,-0.0113445,0.0220241,-0.160342,0.00284023,0.0100953,-0.162605
46.16,-0.0237805,0.0183361,-0.0946298,-0.00981856,0.00659788,-0.0965514
46.17,-0.0322089,0.0153881,-0.0351142,-0.0186046,0.00385878,-0.0365693
46.18,-0.0411915,0.0224914,0.0358486,-0.0277831,0.0114294,0.0349922
46.19,-0.0408696,0.0403912,0.112765,-0.0278879,0.0292566,0.112463
46.2,-0.0341569,0.0492906,0.196631,-0.0216891,0.0384822,0.196672
46.21,-0.035603,0.0525362,0.267132,-0.0237754,0.0418407,0.267007
46.22,-0.0240587,0.0554743,0.295137,-0.0121651,0.0450788,0.294748
46.23,-0.00490894,0.0606081,0.285579,0.0079586,0.0503572,0.284262
46.24,0.017916,0.0658367,0.248212,0.0316785,0.0557549,0.245844
46.25,0.0392428,0.0687034,0.195266,0.0528639,0.0585982,0.192809
46.26,0.0554938,0.0698935,0.12267,0.0691522,0.0596253,0.12006
46.27,0.0644977,0.0719915,0.0372927,0.0780266,0.0617231,0.0346295
46.28,0.0659044,0.0755005,-0.0501554,0.0792367,0.0655697,-0.053177
46.29,0.0640382,0.0799694,-0.131347,0.077189,0.0697831,-0.134618
46.3,0.0626457,0.0843713,-0.206392,0.0757702,0.0742945,-0.209486
46.31,0.0606099,0.0862919,-0.260252,0.0738413,0.0764418,-0.263528
46.32,0.0562849,0.0858805,-0.282268,0.0694786,0.0759285,-0.285674
46.33,0.0473365,0.0844388,-0.271088,0.0605073,0.0746083,-0.274085
46.34,0.0346894,0.0825989,-0.233996,0.047804,0.0726866,-0.236653
46.35,0.0206708,0.0811616,-0.180283,0.0335881,0.0717867,-0.182619
46.36,0.00720603,0.0795962,-0.120476,0.0200887,0.070217,-0.122409
46.37,-0.00529915,0.0746696,-0.05714,0.00771505,0.0656121,-0.058211
46.38,-0.0210363,0.0515895,0.0355304,-0.0083155,0.0426945,0.03471
46.39,-0.0189933,0.0189648,0.116965,-0.00682599,0.0105947,0.116537
46.4,-0.00811077,-0.00816409,0.189994,0.00380766,-0.0162319,0.190081
46.41,-0.00921642,-0.0214843,0.261601,0.00232722,-0.028848,0.261601
46.42,0.00235448,-0.0305587,0.289413,0.0139579,-0.038173,0.289081
46.43,0.0229177,-0.0384544,0.279272,0.0359251,-0.0463797,0.277889
46.44,0.0466259,-0.0449044,0.241726,0.0610073,-0.0530966,0.239434
46.45,0.0687675,-0.0493434,0.187873,0.082693,-0.0574838,0.185316
46.46,0.0851716,-0.0516548,0.114853,0.0990071,-0.0598756,0.112024
46.47,0.0937908,-0.0532346,0.0262099,0.10753,-0.0612616,0.0234233
46.48,0.0943086,-0.0552017,-0.0640073,0.107569,-0.0632121,-0.0667036
46.49,0.0913709,-0.057513,-0.14588,0.104629,-0.0650332,-0.148727
46.5,0.088702,-0.0599408,-0.218791,0.101684,-0.0674067,-0.221625
46.51,0.0850719,-0.0613105,-0.266495,0.0979103,-0.0685538,-0.269074
46.52,0.0784898,-0.0622142,-0.279479,0.0911969,-0.0693105,-0.281731
46.53,0.068009,-0.06451,-0.258463,0.080478,-0.0712924,-0.260743
46.54,0.0550876,-0.0677188,-0.212665,0.0673635,-0.0744405,-0.214565
46.55,0.04218,-0.0710681,-0.152654,0.0546418,-0.0775975,-0.153743
46.56,0.0323384,-0.0735487,-0.0909248,0.0445757,-0.0797879,-0.0912622
46.57,0.0264762,-0.0752933,-0.0355299,0.0383311,-0.0812605,-0.0353118
46.58,0.0212464,-0.0700076,0.0249087,0.0328301,-0.0755309,0.0252837
46.59,0.0186628,-0.0491235,0.101429,0.029666,-0.0545333,0.102244
46.6,0.0217398,-0.0332076,0.187986,0.032056,-0.0384567,0.189017
46.61,0.016584,-0.02559,0.262437,0.0261937,-0.0301918,0.263496
46.62,0.025956,-0.0201699,0.293748,0.0353302,-0.0243995,0.294604
46.63,0.0451488,-0.0147342,0.286815,0.0550078,-0.0188634,0.286585
46.64,0.0694007,-0.00966019,0.25013,0.0799292,-0.0133963,0.248656
46.65,0.0917265,-0.00625324,0.19624,0.10247,-0.0102588,0.194672
46.66,0.108634,-0.00401983,0.122363,0.119488,-0.00797392,0.120802
46.67,0.116829,-0.000268283,0.0379927,0.127419,-0.00403071,0.0361394
46.68,0.116863,0.0042622,-0.0464994,0.127327,0.000536008,-0.0484991
46.69,0.113851,0.00756399,-0.124788,0.124338,0.00373436,-0.127062
46.7,0.112644,0.00941168,-0.199924,0.122797,0.00568215,-0.202106
46.71,0.111298,0.00966024,-0.257784,0.121183,0.00604404,-0.260193
46.72,0.10795,0.00820967,-0.284465,0.117415,0.00456171,-0.286864
46.73,0.100422,0.00649847,-0.27795,0.109675,0.00276113,-0.280111
46.74,0.089372,0.00630418,-0.244567,0.098662,0.00252481,-0.246272
46.75,0.0764581,0.00754453,-0.192607,0.0857481,0.00376982,-0.193754
46.76,0.0627253,0.00859532,-0.132003,0.0718021,0.00508198,-0.132372
46.77,0.0442535,0.00507998,-0.0576886,0.0531329,0.00188264,-0.0577173
46.78,0.0258807,-0.0175579,0.0487807,0.0343429,-0.0202678,0.0491182
46.79,0.0280346,-0.0500075,0.136855,0.0359697,-0.0525215,0.137481
46.8,0.0434805,-0.0789514,0.20174,0.051155,-0.0810913,0.202664
46.81,0.0396249,-0.0935857,0.271527,0.0469064,-0.0951001,0.272295
46.82,0.0561265,-0.10216,0.289675,0.063623,-0.103435,0.289982
46.83,0.0806174,-0.110078,0.273743,0.0899071,-0.11215,0.273072
46.84,0.106783,-0.11732,0.235782,0.117584,-0.119135,0.234439
46.85,0.129128,-0.121641,0.185667,0.139922,-0.123693,0.184485
46.86,0.144982,-0.121988,0.114839,0.155423,-0.123779,0.113748
46.87,0.152368,-0.121059,0.0257393,0.162635,-0.122608,0.0247009
46.88,0.151471,-0.121572,-0.0658234,0.16159,-0.122826,-0.0671755
46.89,0.146735,-0.123292,-0.147279,0.156743,-0.124531,-0.148796
46.9,0.143274,-0.126045,-0.21981,0.152766,-0.12716,-0.221281
46.91,0.138966,-0.128991,-0.266567,0.148574,-0.129941,-0.268106
46.92,0.131725,-0.132414,-0.278316,0.14145,-0.133206,-0.279881
46.93,0.121335,-0.137843,-0.256971,0.130873,-0.138258,-0.257913
46.94,0.109569,-0.144791,-0.211855,0.118772,-0.144656,-0.212514
46.95,0.0993197,-0.151727,-0.154512,0.108538,-0.151247,-0.154799
46.96,0.0932578,-0.157008,-0.0968456,0.102125,-0.156332,-0.0966299
46.97,0.0920922,-0.160921,-0.0442509,0.100559,-0.159765,-0.0435431
46.98,0.0925606,-0.157988,0.0106563,0.100824,-0.156297,0.011863
46.99,0.0877825,-0.137656,0.0907398,0.0958958,-0.135808,0.0925959
47,0.0862293,-0.117938,0.185868,0.0936634,-0.11573,0.188057
47.01,0.0762999,-0.107128,0.267653,0.0831327,-0.104845,0.269608
47.02,0.0836684,-0.0987673,0.303802,0.0900083,-0.0957302,0.30536
47.03,0.10364,-0.0909075,0.299041,0.110641,-0.0874811,0.299482
47.04,0.129696,-0.0834625,0.261607,0.137692,-0.079494,0.26127
47.05,0.154402,-0.0782178,0.203956,0.162302,-0.0740307,0.203669
47.06,0.171518,-0.0737107,0.129735,0.179067,-0.0693231,0.129456
47.07,0.178436,-0.0687248,0.0477851,0.185569,-0.0643019,0.0475958
47.08,0.177231,-0.064987,-0.0327161,0.184042,-0.0606617,-0.0332244
47.09,0.173385,-0.0633611,-0.10719,0.179966,-0.0594059,-0.107718
47.1,0.173334,-0.0627429,-0.183136,0.179621,-0.0590146,-0.184024
47.11,0.174079,-0.0629177,-0.250224,0.180522,-0.0594472,-0.251103
47.12,0.172508,-0.0653635,-0.289508,0.17896,-0.0623908,-0.29058
47.13,0.166286,-0.0676987,-0.295064,0.172838,-0.0651223,-0.296041
47.14,0.154881,-0.0666992,-0.270577,0.161479,-0.0641478,-0.271212
47.15,0.139973,-0.0614909,-0.223039,0.146865,-0.0590514,-0.223144
47.16,0.123157,-0.0550001,-0.161155,0.129965,-0.052714,-0.160611
47.17,0.0963915,-0.0551357,-0.0711469,0.103201,-0.0531288,-0.0698048
47.18,0.0775948,-0.0759564,0.0454909,0.0843715,-0.0738843,0.0473361
47.19,0.0796651,-0.104852,0.137962,0.0860161,-0.102361,0.140032
47.2,0.0957507,-0.130095,0.203944,0.101586,-0.127167,0.20634
47.21,0.0943906,-0.144497,0.271681,0.09972,-0.141372,0.274045
47.22,0.114052,-0.153561,0.286431,0.120196,-0.150335,0.288092
47.23,0.141076,-0.160475,0.270958,0.148867,-0.157162,0.271467
47.24,0.1691,-0.165855,0.236623,0.178066,-0.162786,0.236572
47.25,0.192388,-0.168083,0.191055,0.201489,-0.164986,0.191072
47.26,0.209437,-0.16627,0.122422,0.218296,-0.163306,0.122489
47.27,0.216963,-0.164343,0.03566,0.226048,-0.161465,0.0357725
47.28,0.215314,-0.164577,-0.054223,0.224289,-0.16167,-0.0543942
47.29,0.209481,-0.1664,-0.134935,0.21844,-0.163169,-0.13548
47.3,0.205297,-0.169587,-0.207925,0.214282,-0.166057,-0.208666
47.31,0.200538,-0.172375,-0.256178,0.209502,-0.168657,-0.257006
47.32,0.192773,-0.175632,-0.269772,0.202052,-0.171683,-0.270675
47.33,0.181969,-0.180249,-0.250878,0.191118,-0.176011,-0.251315
47.34,0.169758,-0.185392,-0.208751,0.17908,-0.18087,-0.20871
47.35,0.158602,-0.189685,-0.154306,0.167816,-0.184957,-0.15376
47.36,0.151076,-0.191208,-0.0996453,0.160135,-0.18616,-0.098631
47.37,0.147657,-0.191107,-0.0487051,0.156269,-0.185787,-0.0471908
47.38,0.143853,-0.184417,0.00491237,0.152203,-0.178734,0.00639679
47.39,0.131644,-0.158146,0.0850997,0.139323,-0.151981,0.0867511
47.4,0.125166,-0.13091,0.174225,0.132285,-0.124278,0.176051
47.41,0.114855,-0.115383,0.25216,0.12145,-0.108506,0.254246
47.42,0.119347,-0.104717,0.28786,0.125547,-0.0973093,0.28929
47.43,0.137482,-0.0943283,0.282932,0.143686,-0.0860301,0.283558
47.44,0.162121,-0.0842508,0.246851,0.168382,-0.0754126,0.246964
47.45,0.186524,-0.076118,0.190773,0.192863,-0.067345,0.190799
47.46,0.203502,-0.0688071,0.118849,0.209675,-0.0598422,0.119007
47.47,0.21014,-0.0625004,0.0399654,0.216473,-0.0535551,0.0399374
47.48,0.208859,-0.0592231,-0.0365879,0.215158,-0.050392,-0.0367979
47.49,0.205368,-0.0587833,-0.108085,0.211625,-0.0498887,-0.108221
47.5,0.205125,-0.0589767,-0.182128,0.211207,-0.050098,-0.182346
47.51,0.203941,-0.060528,-0.243776,0.21015,-0.0518416,-0.244323
47.52,0.200062,-0.0644145,-0.276589,0.206277,-0.0562231,-0.277173
47.53,0.191288,-0.067751,-0.27759,0.19739,-0.059843,-0.278007
47.54,0.177406,-0.0669133,-0.251311,0.183545,-0.0593461,-0.251239
47.55,0.160604,-0.0624178,-0.204186,0.166776,-0.0552788,-0.203617
47.56,0.143223,-0.0568212,-0.144469,0.149365,-0.0500921,-0.14323
47.57,0.119062,-0.0567762,-0.064898,0.125523,-0.0500115,-0.0630017
47.58,0.100636,-0.0758695,0.0444359,0.107144,-0.0689624,0.0467919
47.59,0.103799,-0.102387,0.133255,0.109787,-0.0954843,0.136017
47.6,0.118781,-0.123278,0.200634,0.124533,-0.115959,0.203566
47.61,0.117058,-0.135666,0.268962,0.122284,-0.128115,0.271553
47.62,0.135528,-0.141766,0.285562,0.140882,-0.134443,0.287773
47.63,0.161704,-0.145622,0.27137,0.168605,-0.138962,0.272649
47.64,0.189462,-0.14817,0.2376,0.197706,-0.141378,0.238235
47.65,0.212757,-0.148105,0.192061,0.221452,-0.141286,0.192831
47.66,0.229483,-0.144684,0.122962,0.237998,-0.137752,0.12351
47.67,0.236551,-0.142021,0.0363994,0.244879,-0.135156,0.0366889
47.68,0.234649,-0.142483,-0.05337,0.242842,-0.135697,-0.0530885
47.69,0.22866,-0.144888,-0.134353,0.236846,-0.138182,-0.134349
47.7,0.224477,-0.148452,-0.207922,0.232921,-0.141893,-0.207804
47.71,0.219681,-0.151626,-0.256744,0.227696,-0.145021,-0.256508
47.72,0.211801,-0.155337,-0.270524,0.219771,-0.148588,-0.270292
47.73,0.200939,-0.160536,-0.251516,0.208698,-0.153438,-0.251173
47.74,0.188699,-0.166326,-0.209159,0.196391,-0.158958,-0.208367
47.75,0.177451,-0.171167,-0.154523,0.184993,-0.163901,-0.153207
47.76,0.169561,-0.172928,-0.0997779,0.176654,-0.165636,-0.0980613
47.77,0.165667,-0.17276,-0.0487757,0.172322,-0.164981,-0.0466428
47.78,0.161276,-0.166602,0.0038011,0.16771,-0.158618,0.00627049
47.79,0.146361,-0.142259,0.083748,0.152227,-0.134298,0.0865643
47.8,0.136498,-0.1165,0.174002,0.141914,-0.108293,0.176974
47.81,0.12061,-0.104591,0.255249,0.125492,-0.0960227,0.25808
47.82,0.124574,-0.0936295,0.289581,0.128904,-0.0848059,0.291943
47.83,0.142128,-0.0816137,0.28345,0.146482,-0.0721952,0.284798
47.84,0.166129,-0.0692969,0.246278,0.170757,-0.0594676,0.246854
47.85,0.189879,-0.0590735,0.189674,0.19461,-0.0490968,0.190129
47.86,0.206221,-0.050367,0.117528,0.210777,-0.040266,0.11787
47.87,0.212326,-0.0434877,0.0386709,0.217062,-0.0333288,0.0384947
47.88,0.210846,-0.0402615,-0.0377527,0.215397,-0.0302559,-0.0382093
47.89,0.207415,-0.0400406,-0.108998,0.211876,-0.0302812,-0.109664
47.9,0.207394,-0.0401574,-0.182859,0.211424,-0.0307377,-0.183608
47.91,0.206633,-0.0416702,-0.244795,0.210424,-0.0323651,-0.245592
47.92,0.203307,-0.0457958,-0.277637,0.207509,-0.0366318,-0.278295
47.93,0.194924,-0.0498592,-0.278295,0.199508,-0.0408668,-0.278996
47.94,0.180988,-0.0502044,-0.251463,0.185767,-0.0415866,-0.251549
47.95,0.16372,-0.047076,-0.203834,0.168977,-0.0386706,-0.203397
47.96,0.145667,-0.0428778,-0.143632,0.150915,-0.0345074,-0.142711
47.97,0.120844,-0.0455577,-0.0616822,0.125926,-0.0372236,-0.0600918
47.98,0.104834,-0.0666879,0.0483607,0.109789,-0.058299,0.0505391
47.99,0.110938,-0.0928942,0.136392,0.115518,-0.0845598,0.139109
48,0.128671,-0.112567,0.2019,0.132644,-0.10409,0.205102
48.01,0.128849,-0.125219,0.268384,0.132373,-0.116816,0.271401
48.02,0.148333,-0.129743,0.283611,0.152187,-0.121271,0.286009
48.03,0.17488,-0.131335,0.268852,0.180268,-0.122937,0.270151
48.04,0.2026,-0.131434,0.235074,0.208915,-0.122965,0.235819
48.05,0.225634,-0.129325,0.189721,0.23185,-0.120972,0.190572
48.06,0.241915,-0.124428,0.120935,0.247926,-0.115994,0.121811
48.07,0.248725,-0.121135,0.0345731,0.254505,-0.112732,0.0354574
48.08,0.246877,-0.12175,-0.0549903,0.252773,-0.113301,-0.0543543
48.09,0.241113,-0.124662,-0.135724,0.246808,-0.115946,-0.135204
48.1,0.237141,-0.128523,-0.208693,0.242862,-0.119658,-0.208425
48.11,0.232417,-0.131999,-0.256598,0.238388,-0.123197,-0.256363
48.12,0.224706,-0.13637,-0.269448,0.23068,-0.127433,-0.269097
48.13,0.214226,-0.142483,-0.249734,0.220161,-0.133751,-0.249282
48.14,0.202508,-0.14926,-0.20696,0.20838,-0.140499,-0.206201
48.15,0.191758,-0.154954,-0.152178,0.197691,-0.146637,-0.150981
48.16,0.184115,-0.157263,-0.0975605,0.190062,-0.148674,-0.0958853
48.17,0.180337,-0.157323,-0.0467935,0.186356,-0.148624,-0.0444708
48.18,0.175808,-0.151665,0.00492396,0.181552,-0.142966,0.00761927
48.19,0.159024,-0.129014,0.0843254,0.163982,-0.120337,0.0872423
48.2,0.147002,-0.104282,0.174098,0.151552,-0.0953438,0.177528
48.21,0.130262,-0.0938562,0.254872,0.134444,-0.0848902,0.25794
48.22,0.133255,-0.0826437,0.288876,0.137203,-0.0735469,0.29115
48.23,0.149655,-0.0691888,0.282614,0.153819,-0.059137,0.284434
48.24,0.172414,-0.0548707,0.245391,0.176958,-0.0444585,0.246814
48.25,0.195109,-0.0426408,0.18873,0.199463,-0.0321265,0.189879
48.26,0.210559,-0.0325543,0.116567,0.214671,-0.0221563,0.117716
48.27,0.215979,-0.0251869,0.0377088,0.219952,-0.0147629,0.0388508
48.28,0.21417,-0.0221209,-0.0386909,0.218174,-0.0115236,-0.0377916
48.29,0.21071,-0.0222039,-0.109937,0.214738,-0.0118187,-0.109362
48.3,0.210647,-0.0223519,-0.183757,0.214508,-0.012468,-0.183286
48.31,0.209922,-0.0240453,-0.245277,0.213976,-0.014246,-0.24508
48.32,0.206876,-0.0285293,-0.27761,0.210848,-0.0188518,-0.277503
48.33,0.198777,-0.0333398,-0.277805,0.20323,-0.0239299,-0.277771
48.34,0.184863,-0.0349244,-0.250624,0.189613,-0.0257703,-0.250564
48.35,0.167381,-0.0333927,-0.202795,0.172191,-0.0246466,-0.20234
48.36,0.149071,-0.0308377,-0.142553,0.154007,-0.022488,-0.141369
48.37,0.12481,-0.0354842,-0.0612062,0.12977,-0.0274187,-0.0596208
48.38,0.110657,-0.0577467,0.0485152,0.115534,-0.0499099,0.0503309
48.39,0.118997,-0.0831894,0.136486,0.123682,-0.0753528,0.138668
48.4,0.138186,-0.10102,0.202277,0.142915,-0.0932086,0.204769
48.41,0.142961,-0.111477,0.265736,0.147438,-0.103714,0.268508
48.42,0.16195,-0.114722,0.282671,0.166563,-0.106983,0.284867
48.43,0.188105,-0.114305,0.269398,0.194162,-0.106476,0.270783
48.44,0.215582,-0.112135,0.236536,0.222925,-0.104363,0.237134
48.45,0.238296,-0.108072,0.191629,0.245506,-0.100169,0.192063
48.46,0.254039,-0.101765,0.123067,0.261445,-0.0937458,0.123577
48.47,0.26048,-0.0978581,0.0365484,0.268028,-0.0897187,0.0370925
48.48,0.258661,-0.0986625,-0.0532916,0.266292,-0.0903725,-0.0529924
48.49,0.253166,-0.102089,-0.134577,0.260792,-0.093717,-0.134167
48.5,0.249506,-0.106258,-0.208047,0.256842,-0.0977466,-0.20784
48.51,0.244992,-0.110075,-0.256315,0.252059,-0.10145,-0.256157
48.52,0.237573,-0.11497,-0.269648,0.244567,-0.106163,-0.269101
48.53,0.227547,-0.121788,-0.25045,0.234553,-0.112965,-0.249653
48.54,0.216323,-0.129367,-0.20807,0.223214,-0.120621,-0.206966
48.55,0.205922,-0.135809,-0.153471,0.212836,-0.127116,-0.152214
48.56,0.198212,-0.138665,-0.0987978,0.204854,-0.130119,-0.0969584
48.57,0.194182,-0.138944,-0.0478818,0.200612,-0.130314,-0.0454241
48.58,0.189179,-0.133834,0.0035293,0.195398,-0.125248,0.00681658
48.59,0.170262,-0.113293,0.0830603,0.176092,-0.104636,0.0865007
48.6,0.155597,-0.0902661,0.173822,0.161054,-0.0816035,0.177927
48.61,0.137716,-0.0815487,0.255083,0.142632,-0.0727908,0.259538
48.62,0.139471,-0.0702874,0.289402,0.143824,-0.06121,0.293321
48.63,0.154542,-0.0555446,0.283265,0.158916,-0.0459119,0.286397
48.64,0.175999,-0.0392846,0.245925,0.180628,-0.0289321,0.248291
48.65,0.197598,-0.0250357,0.189024,0.202328,-0.0147684,0.191057
48.66,0.212144,-0.0136263,0.116771,0.216889,-0.00345889,0.118719
48.67,0.216916,-0.00579467,0.037914,0.221619,0.00404348,0.0398074
48.68,0.214866,-0.0028816,-0.0384741,0.21925,0.0069954,-0.0371132
48.69,0.211441,-0.00326457,-0.109692,0.215744,0.00636055,-0.108608
48.7,0.211422,-0.00341215,-0.183491,0.215773,0.00579066,-0.182672
48.71,0.210894,-0.00513748,-0.245163,0.215131,0.00394064,-0.24459
48.72,0.208289,-0.00987871,-0.277652,0.212724,-0.0011178,-0.277614
48.73,0.20067,-0.0154114,-0.27795,0.205476,-0.00673706,-0.277938
48.74,0.186945,-0.0182417,-0.250815,0.192096,-0.00974385,-0.250385
48.75,0.169354,-0.0182452,-0.202994,0.174988,-0.0100703,-0.202208
48.76,0.150816,-0.0172973,-0.142717,0.156435,-0.00931551,-0.141283
48.77,0.126854,-0.0242997,-0.0607502,0.132712,-0.0163962,-0.0586426
48.78,0.114893,-0.0478392,0.0491417,0.120519,-0.040135,0.0519775
48.79,0.125586,-0.072456,0.136957,0.131083,-0.064883,0.13964
48.8,0.146538,-0.0885541,0.202262,0.151615,-0.0808308,0.204931
48.81,0.148998,-0.10089,0.268501,0.153641,-0.0928919,0.270744
48.82,0.169001,-0.101855,0.283559,0.17387,-0.0941565,0.285365
48.83,0.195394,-0.0987256,0.268715,0.201725,-0.0907054,0.269033
48.84,0.222651,-0.0939101,0.234919,0.230098,-0.0855113,0.234566
48.85,0.244904,-0.0877517,0.189565,0.25227,-0.0793512,0.189407
48.86,0.260035,-0.0800441,0.12076,0.267479,-0.0719646,0.120742
48.87,0.266135,-0.0755719,0.0343758,0.273612,-0.0674453,0.0344765
48.88,0.264409,-0.0764883,-0.0551955,0.272107,-0.0684912,-0.0550422
48.89,0.259236,-0.0803611,-0.135937,0.267056,-0.0719835,-0.135911
48.9,0.255994,-0.0848508,-0.208915,0.263686,-0.0763582,-0.20879
48.91,0.251945,-0.0890928,-0.256809,0.259597,-0.0804451,-0.256435
48.92,0.245112,-0.0947525,-0.269603,0.252646,-0.0856749,-0.269215
48.93,0.235859,-0.102625,-0.249805,0.243275,-0.0935547,-0.248886
48.94,0.225509,-0.111378,-0.206947,0.232759,-0.102114,-0.205872
48.95,0.215923,-0.118894,-0.152101,0.22281,-0.109652,-0.150694
48.96,0.208806,-0.122527,-0.0974464,0.215761,-0.113079,-0.0952825
48.97,0.205098,-0.123268,-0.0466597,0.211716,-0.114028,-0.0440872
48.98,0.199557,-0.118472,0.00520495,0.205718,-0.108939,0.00805753
48.99,0.179009,-0.0990209,0.084635,0.18482,-0.0898208,0.0878448
49,0.162904,-0.0766693,0.174193,0.16828,-0.0673058,0.177814
49.01,0.144605,-0.0693272,0.254883,0.149489,-0.0600633,0.258698
49.02,0.14561,-0.0577138,0.288796,0.149862,-0.0484159,0.292352
49.03,0.159386,-0.0415404,0.282475,0.163742,-0.0316544,0.28508
49.04,0.179251,-0.023412,0.245247,0.183987,-0.0129133,0.247128
49.05,0.199417,-0.00736627,0.188629,0.203946,0.00300165,0.190465
49.06,0.21284,0.00529232,0.116484,0.217362,0.0158607,0.11834
49.07,0.216878,0.0135003,0.0376268,0.220991,0.0240332,0.0393574
49.08,0.214562,0.0161985,-0.0387748,0.219039,0.0268894,-0.0370327
49.09,0.211178,0.0155081,-0.11002,0.215483,0.0263167,-0.10843
49.1,0.211144,0.0153544,-0.183831,0.215525,0.0260124,-0.182544
49.11,0.21073,0.0135554,-0.245324,0.215394,0.0244564,-0.244185
49.12,0.208525,0.00859891,-0.277617,0.213389,0.0194493,-0.276523
49.13,0.201398,0.00242849,-0.277772,0.206682,0.0130174,-0.277046
49.14,0.187978,-0.0015881,-0.250554,0.193427,0.00892736,-0.249829
49.15,0.170497,-0.00316899,-0.2027,0.176421,0.00725542,-0.201163
49.16,0.15202,-0.00389152,-0.142442,0.158325,0.00649964,-0.140482
49.17,0.128944,-0.0127936,-0.0610145,0.135435,-0.00240309,-0.0583472
49.18,0.118979,-0.0372247,0.0487203,0.125292,-0.0270144,0.0518261
49.19,0.131711,-0.0607986,0.136652,0.137498,-0.0504984,0.140127
49.2,0.153807,-0.0749686,0.202329,0.159085,-0.0646478,0.206059
49.21,0.157189,-0.0870061,0.268895,0.161863,-0.0766001,0.272524
49.22,0.177091,-0.0861779,0.284167,0.181571,-0.0756141,0.287091
49.23,0.203077,-0.0807113,0.269352,0.208934,-0.0701502,0.271365
49.24,0.229823,-0.0734912,0.235475,0.236866,-0.0624959,0.236682
49.25,0.251455,-0.0653839,0.190011,0.258417,-0.0542692,0.191278
49.26,0.265838,-0.0563786,0.121072,0.272759,-0.0451716,0.1224
49.27,0.271499,-0.0514091,0.0346024,0.278333,-0.0402069,0.0358632
49.28,0.269853,-0.052491,-0.0550341,0.276705,-0.0413192,-0.0540951
49.29,0.265052,-0.0568145,-0.135847,0.272105,-0.0455718,-0.135111
49.3,0.262259,-0.0615806,-0.208965,0.269248,-0.0503724,-0.20826
49.31,0.258659,-0.0661761,-0.257043,0.265458,-0.0550829,-0.256231
49.32,0.252392,-0.0724113,-0.270013,0.259391,-0.061321,-0.269165
49.33,0.243894,-0.0810695,-0.250335,0.250509,-0.0700683,-0.249192
49.34,0.234365,-0.0907155,-0.207524,0.240724,-0.0795958,-0.206153
49.35,0.225478,-0.0990758,-0.15266,0.231459,-0.0877526,-0.150683
49.36,0.218708,-0.103353,-0.0979273,0.224383,-0.0924397,-0.0953967
49.37,0.215061,-0.104448,-0.0470456,0.220785,-0.0937005,-0.0439903
49.38,0.209089,-0.10018,0.00495161,0.21453,-0.0895052,0.00860141
49.39,0.186882,-0.082655,0.0845334,0.192128,-0.072229,0.0885778
49.4,0.168816,-0.0619035,0.174345,0.173706,-0.0517634,0.178671
49.41,0.152535,-0.0526752,0.25213,0.156936,-0.0427384,0.256309
49.42,0.151746,-0.0415122,0.287769,0.155852,-0.0314539,0.291468
49.43,0.163663,-0.0246714,0.282646,0.16739,-0.0142953,0.28554
49.44,0.181734,-0.00516301,0.246132,0.185477,0.00566221,0.248452
49.45,0.200468,0.0125623,0.189586,0.204183,0.023702,0.191678
49.46,0.212839,0.0263401,0.117404,0.216779,0.0374601,0.119188
49.47,0.21624,0.0348646,0.038425,0.220063,0.0456982,0.0404577
49.48,0.213746,0.0373018,-0.0381556,0.217429,0.0480985,-0.0362277
49.49,0.210443,0.0362281,-0.109617,0.21409,0.0467214,-0.107865
49.5,0.210305,0.0358932,-0.183432,0.21405,0.0462301,-0.181902
49.51,0.209879,0.033761,-0.24451,0.213703,0.0439733,-0.243253
49.52,0.207968,0.0283198,-0.276572,0.211997,0.0384566,-0.275299
49.53,0.201317,0.0213003,-0.276774,0.205551,0.0314434,-0.275259
49.54,0.188238,0.0159229,-0.249805,0.193002,0.0258339,-0.247859
49.55,0.17097,0.0126176,-0.202242,0.176002,0.0225812,-0.199863
49.56,0.152673,0.0100865,-0.142275,0.15784,0.019731,-0.139468
49.57,0.130576,-0.000756678,-0.0616376,0.13573,0.00874838,-0.0583539
49.58,0.122581,-0.0260518,0.0477578,0.12764,-0.0168108,0.0513664
49.59,0.137138,-0.0485923,0.135746,0.141603,-0.0394672,0.139635
49.6,0.160185,-0.0609282,0.201555,0.164087,-0.0518332,0.205695
49.61,0.164419,-0.0728098,0.268398,0.168186,-0.0637911,0.27234
49.62,0.183993,-0.0703577,0.283904,0.187926,-0.0616091,0.287391
49.63,0.209302,-0.0626531,0.269201,0.214656,-0.0533609,0.271477
49.64,0.235295,-0.0531079,0.235354,0.241551,-0.0433489,0.23695
49.65,0.25616,-0.043105,0.189917,0.262359,-0.0334733,0.191832
49.66,0.269732,-0.0328455,0.121001,0.275887,-0.0229941,0.122703
49.67,0.274954,-0.0273717,0.0346004,0.280911,-0.0176133,0.0362124
49.68,0.273405,-0.0285711,-0.0549862,0.279146,-0.0191112,-0.0535925
49.69,0.268967,-0.0332922,-0.135724,0.274733,-0.0239305,-0.13457
49.7,0.266564,-0.0382909,-0.208791,0.272025,-0.0288245,-0.208028
49.71,0.263359,-0.0432013,-0.256844,0.268851,-0.0338794,-0.256196
49.72,0.257653,-0.0499916,-0.269764,0.26289,-0.0406857,-0.269112
49.73,0.249953,-0.0594084,-0.250025,0.2552,-0.0502029,-0.249337
49.74,0.241327,-0.0699055,-0.20718,0.246509,-0.0607197,-0.205938
49.75,0.23324,-0.0790599,-0.152327,0.238417,-0.070128,-0.150378
49.76,0.226912,-0.0839472,-0.0976554,0.23209,-0.0747365,-0.0951785
49.77,0.223416,-0.0853825,-0.0468591,0.228372,-0.0763788,-0.0441538
49.78,0.217022,-0.0816388,0.00521339,0.221456,-0.0726008,0.00849474
49.79,0.193336,-0.0659972,0.0846811,0.1969,-0.0572446,0.0882792
49.8,0.173602,-0.0467309,0.174136,0.176855,-0.0377326,0.17794
49.81,0.154303,-0.0426933,0.25481,0.156769,-0.0337914,0.258589
49.82,0.153268,-0.0310374,0.288718,0.154873,-0.0219873,0.292067
49.83,0.163985,-0.0126578,0.282403,0.165407,-0.00337814,0.284867
49.84,0.180343,0.00870519,0.245218,0.181748,0.0185967,0.247145
49.85,0.197366,0.0280615,0.188669,0.198619,0.03808,0.190842
49.86,0.208359,0.0428974,0.116556,0.209426,0.0525528,0.118608
49.87,0.210899,0.0517001,0.0377034,0.211701,0.0614405,0.0395838
49.88,0.208152,0.0539599,-0.0387035,0.20886,0.0635455,-0.0369337
49.89,0.204945,0.0526925,-0.10995,0.205221,0.0621534,-0.108496
49.9,0.204943,0.052543,-0.183757,0.205111,0.0621304,-0.182567
49.91,0.204857,0.0507067,-0.245261,0.204974,0.0602293,-0.244262
49.92,0.203567,0.0454424,-0.277567,0.2039,0.0548364,-0.276826
49.93,0.197646,0.038111,-0.277739,0.198357,0.0473368,-0.276925
49.94,0.185149,0.0317924,-0.250537,0.186266,0.0413074,-0.249533
49.95,0.168219,0.0271574,-0.202698,0.169668,0.0369219,-0.201124
49.96,0.150155,0.0231853,-0.142447,0.151967,0.0324913,-0.140437
49.97,0.128986,0.010293,-0.0609221,0.131135,0.0194648,-0.058175
49.98,0.123514,-0.0155468,0.0488488,0.125633,-0.00642816,0.0521209
49.99,0.140225,-0.0365353,0.136761,0.142138,-0.027398,0.140352
50,0.164551,-0.0466195,0.202309,0.16664,-0.0373605,0.206139
50.01,0.170058,-0.0578997,0.268766,0.172051,-0.049127,0.272365
50.02,0.189537,-0.0535892,0.283962,0.191682,-0.0449142,0.286856
50.03,0.214169,-0.0436391,0.269107,0.217725,-0.0343081,0.271083
50.04,0.239227,-0.0318349,0.235224,0.243809,-0.0220235,0.236676
50.05,0.259093,-0.0200558,0.189773,0.263704,-0.0102752,0.191134
50.06,0.271667,-0.00866504,0.120867,0.276368,0.00106335,0.122006
50.07,0.276369,-0.00278094,0.034427,0.280752,0.00661568,0.0357052
50.08,0.27494,-0.00413703,-0.055184,0.279417,0.00529132,-0.0539375
50.09,0.270971,-0.00923967,-0.135963,0.275377,0.000272076,-0.134931
50.1,0.269042,-0.0144263,-0.209012,0.273479,-0.00520573,-0.208367
50.11,0.266278,-0.0195892,-0.256992,0.270645,-0.0102515,-0.256338
50.12,0.261186,-0.0268401,-0.269866,0.265279,-0.0171224,-0.268962
50.13,0.254331,-0.0368647,-0.250116,0.258257,-0.0271141,-0.248975
50.14,0.246642,-0.0480342,-0.207266,0.250501,-0.0382106,-0.205501
50.15,0.239364,-0.0578165,-0.152393,0.243131,-0.0481004,-0.150025
50.16,0.233456,-0.0632019,-0.0976809,0.23713,-0.053691,-0.0948161
50.17,0.230068,-0.064904,-0.046832,0.233462,-0.0554418,-0.0435565
50.18,0.223502,-0.0617437,0.00503465,0.226394,-0.0524338,0.00862097
50.19,0.198614,-0.0484379,0.0845265,0.201106,-0.0392962,0.088695
50.2,0.177181,-0.0312264,0.174322,0.179099,-0.0224437,0.1789
50.21,0.157597,-0.0289701,0.255082,0.159059,-0.0202992,0.259317
50.22,0.155519,-0.0175281,0.289037,0.156436,-0.00900438,0.292891
50.23,0.164582,0.00167735,0.282716,0.165342,0.0106984,0.285872
50.24,0.179013,0.0243811,0.245445,0.180039,0.034205,0.248136
50.25,0.194273,0.045158,0.18877,0.195139,0.0548476,0.191227
50.26,0.203908,0.0608887,0.116596,0.204526,0.0702264,0.118858
50.27,0.205648,0.0698672,0.0377237,0.205997,0.0792115,0.0400139
50.28,0.2027,0.0718642,-0.0386936,0.202925,0.0813651,-0.0364278
50.29,0.199609,0.070308,-0.109951,0.199672,0.0797091,-0.107612
50.3,0.199619,0.0701561,-0.183785,0.199578,0.0795007,-0.181512
50.31,0.199698,0.0683358,-0.245366,0.200124,0.0775971,-0.243386
50.32,0.198882,0.062994,-0.277746,0.199558,0.0722292,-0.275737
50.33,0.193642,0.0551801,-0.277962,0.194907,0.0643867,-0.275954
50.34,0.181762,0.0477838,-0.25077,0.183354,0.0571016,-0.248298
50.35,0.165311,0.0416738,-0.202913,0.167272,0.0510031,-0.199975
50.36,0.147668,0.0361259,-0.142632,0.149967,0.0452465,-0.139508
50.37,0.127724,0.0214622,-0.0611292,0.130303,0.0303084,-0.0574183
50.38,0.124526,-0.00473793,0.0486632,0.127153,0.00380002,0.0529719
50.39,0.143003,-0.0241507,0.136625,0.145693,-0.0155059,0.141432
50.4,0.168059,-0.0320322,0.20231,0.170131,-0.0234905,0.207301
50.41,0.17691,-0.0394324,0.265686,0.178807,-0.0308124,0.270609
50.42,0.195498,-0.0342185,0.282534,0.197895,-0.0253676,0.286957
50.43,0.21897,-0.0226277,0.269213,0.222386,-0.0131625,0.272579
50.44,0.242865,-0.00889279,0.236339,0.247384,0.0016695,0.23899
50.45,0.261641,0.00450869,0.191438,0.266229,0.0149409,0.19391
50.46,0.273159,0.016951,0.122897,0.277859,0.0273599,0.125358
50.47,0.277308,0.0232381,0.0363946,0.282144,0.0338247,0.0386086
50.48,0.276011,0.0217304,-0.0534311,0.280834,0.0323553,-0.0516078
50.49,0.272516,0.0162787,-0.134696,0.277183,0.0266393,-0.132895
50.5,0.270987,0.0109409,-0.208123,0.27564,0.0211038,-0.206493
50.51,0.268529,0.00555427,-0.256321,0.272874,0.0155789,-0.254661
50.52,0.263913,-0.00205499,-0.269583,0.268104,0.00791464,-0.267907
50.53,0.257771,-0.0125164,-0.250328,0.262232,-0.00243752,-0.248573
50.54,0.250878,-0.0241735,-0.207908,0.255444,-0.0138938,-0.205808
50.55,0.244244,-0.0344444,-0.153288,0.24861,-0.0241846,-0.150838
50.56,0.238507,-0.0403182,-0.0986173,0.242672,-0.0303,-0.0958861
50.57,0.234994,-0.0422869,-0.0477161,0.238637,-0.0323484,-0.0446981
50.58,0.228324,-0.0398046,0.00361882,0.23154,-0.0297728,0.00690364
50.59,0.202466,-0.0293728,0.0830802,0.205248,-0.0193784,0.0870289
50.6,0.179352,-0.0148591,0.173802,0.181757,-0.00528336,0.178017
50.61,0.159477,-0.0146454,0.255015,0.161203,-0.00520536,0.259145
50.62,0.156235,-0.00372604,0.289307,0.157276,0.005781,0.293113
50.63,0.163527,0.016044,0.283161,0.164251,0.0258263,0.286094
50.64,0.175937,0.0399224,0.245817,0.176444,0.050209,0.247984
50.65,0.189334,0.0620481,0.188914,0.189571,0.0722666,0.191116
50.66,0.197578,0.0785891,0.11666,0.197864,0.088715,0.118717
50.67,0.198525,0.0877083,0.0378036,0.198896,0.0979419,0.0398098
50.68,0.195419,0.0894596,-0.0385815,0.195939,0.0996321,-0.0366858
50.69,0.192484,0.0876452,-0.109799,0.193023,0.0975925,-0.107977
50.7,0.192528,0.0875008,-0.1836,0.193083,0.0970742,-0.181764
50.71,0.192788,0.0857039,-0.24524,0.193377,0.0948969,-0.243556
50.72,0.192465,0.0802962,-0.277681,0.193436,0.0895419,-0.276301
50.73,0.187948,0.0720271,-0.277926,0.189018,0.0812242,-0.276555
50.74,0.17676,0.0635839,-0.250745,0.177877,0.0729427,-0.248838
50.75,0.160874,0.0560357,-0.202891,0.162548,0.065663,-0.200805
50.76,0.143729,0.0489463,-0.1426,0.145948,0.058099,-0.140207
50.77,0.125095,0.0323897,-0.0607051,0.12754,0.0412465,-0.0580603
50.78,0.124359,0.00601421,0.0491541,0.126644,0.0145678,0.0524805
50.79,0.14456,-0.0116293,0.13696,0.146735,-0.00344796,0.140951
50.8,0.170361,-0.0171837,0.202291,0.172271,-0.00917849,0.206269
50.81,0.177852,-0.0272648,0.268549,0.179375,-0.0194112,0.272302
50.82,0.196322,-0.0195568,0.283616,0.198029,-0.0118232,0.286666
50.83,0.218817,-0.0054133,0.268763,0.221719,0.0031864,0.270513
50.84,0.241375,0.0106252,0.234951,0.245096,0.0197092,0.236192
50.85,0.258833,0.0257282,0.189582,0.262288,0.0346663,0.190914
50.86,0.269195,0.0391753,0.120758,0.272607,0.0478975,0.122047
50.87,0.272785,0.0458263,0.0343603,0.276193,0.0544766,0.0350051
50.88,0.271619,0.0442554,-0.0552207,0.275,0.0530681,-0.0547874
50.89,0.268606,0.0385367,-0.135973,0.271964,0.0472324,-0.136207
50.9,0.267606,0.033091,-0.208969,0.270953,0.0421515,-0.209227
50.91,0.265771,0.0275234,-0.256882,0.268903,0.0368265,-0.257142
50.92,0.262025,0.0194831,-0.269687,0.265298,0.0286814,-0.270023
50.93,0.257041,0.00840399,-0.249886,0.260032,0.0178765,-0.249963
50.94,0.251441,-0.0039429,-0.207014,0.254004,0.00551012,-0.20649
50.95,0.246003,-0.0148466,-0.152148,0.248506,-0.00519533,-0.151037
50.96,0.241133,-0.0211831,-0.0974734,0.243193,-0.0116622,-0.0957303
50.97,0.238101,-0.0234468,-0.0466699,0.240035,-0.0137545,-0.0443807
50.98,0.23104,-0.0214924,0.00520973,0.232586,-0.0118223,0.00806557
50.99,0.204139,-0.0127276,0.0846497,0.205011,-0.00293799,0.0876915
51,0.180009,0.000562949,0.174211,0.180422,0.0101523,0.177253
51.01,0.16033,-0.000646579,0.254899,0.159937,0.00886408,0.257968
51.02,0.156261,0.0102787,0.288804,0.155675,0.0198056,0.291524
51.03,0.161772,0.0307978,0.282471,0.160767,0.0409358,0.284604
51.04,0.171945,0.0556929,0.245232,0.170819,0.0664697,0.246616
51.05,0.183281,0.0788339,0.188611,0.182092,0.0895938,0.190028
51.06,0.189979,0.0960243,0.116463,0.188635,0.106714,0.117927
51.07,0.190107,0.105171,0.0376032,0.188639,0.115935,0.0391541
51.08,0.186856,0.106616,-0.0388009,0.185173,0.116904,-0.0370969
51.09,0.184093,0.104541,-0.110048,0.182377,0.114916,-0.108536
51.1,0.184128,0.104389,-0.183864,0.182597,0.114546,-0.182626
51.11,0.184526,0.102588,-0.245364,0.183153,0.112625,-0.244373
51.12,0.184661,0.0971661,-0.277656,0.183424,0.107023,-0.276774
51.13,0.18087,0.0885357,-0.277802,0.180113,0.0983337,-0.277126
51.14,0.170471,0.0791529,-0.250568,0.169793,0.0888609,-0.249669
51.15,0.155357,0.070229,-0.202698,0.155298,0.0797478,-0.201575
51.16,0.138976,0.0616531,-0.142427,0.139426,0.0712898,-0.140909
51.17,0.121947,0.0437164,-0.0609885,0.122538,0.0530397,-0.0588358
51.18,0.123422,0.0173746,0.0487517,0.124227,0.026613,0.0514225
51.19,0.145034,0.00153953,0.136679,0.145447,0.0104767,0.139551
51.2,0.17108,-0.00178397,0.202335,0.17109,0.0067099,0.205472
51.21,0.179304,-0.0112061,0.268883,0.179261,-0.00315568,0.27176
51.22,0.196933,-0.00192158,0.284137,0.197216,0.00605654,0.2865
51.23,0.218066,0.0141591,0.269308,0.219885,0.022803,0.270902
51.24,0.239133,0.0321483,0.235423,0.241804,0.0414164,0.236202
51.25,0.255198,0.0487447,0.189957,0.257585,0.057861,0.190784
51.26,0.26433,0.063044,0.121019,0.266974,0.0717858,0.12165
51.27,0.267314,0.0699583,0.0345507,0.269883,0.0787154,0.0351163
51.28,0.266292,0.0682736,-0.0550841,0.268854,0.0769589,-0.0547385
51.29,0.263809,0.0623077,-0.135893,0.266277,0.0710628,-0.135896
51.3,0.263328,0.0568031,-0.209004,0.265607,0.0655796,-0.209025
51.31,0.262042,0.0511058,-0.257067,0.264228,0.059813,-0.257042
51.32,0.259051,0.0427843,-0.270019,0.261314,0.0517862,-0.270318
51.33,0.255084,0.0313176,-0.250321,0.257004,0.0401399,-0.250235
51.34,0.250609,0.0185176,-0.207492,0.252405,0.0273859,-0.20689
51.35,0.246163,0.0071558,-0.152616,0.248007,0.0158743,-0.151491
51.36,0.241883,0.000392537,-0.0978777,0.243638,0.00933044,-0.0959868
51.37,0.239059,-0.00215736,-0.0469958,0.240442,0.00666544,-0.0445568
51.38,0.231848,-0.000856476,0.0049773,0.232925,0.00791257,0.00768002
51.39,0.204287,0.00545204,0.0845407,0.205026,0.0138876,0.0876352
51.4,0.179072,0.0164529,0.17434,0.179224,0.0249396,0.177794
51.41,0.159572,0.0134797,0.255131,0.159213,0.0217691,0.258754
51.42,0.154554,0.0239893,0.289094,0.153697,0.0321144,0.292273
51.43,0.15824,0.0449186,0.282768,0.157023,0.0536376,0.285324
51.44,0.166184,0.070632,0.245495,0.164621,0.0802077,0.247328
51.45,0.175437,0.0946977,0.18883,0.173903,0.104227,0.190783
51.46,0.180594,0.112414,0.11666,0.179011,0.121931,0.118785
51.47,0.179912,0.121537,0.0377875,0.178271,0.130923,0.0396956
51.48,0.176545,0.12269,-0.0386327,0.175038,0.131957,-0.0368571
51.49,0.173975,0.120376,-0.109891,0.172648,0.129637,-0.108231
51.5,0.174027,0.120236,-0.183729,0.172754,0.129428,-0.181923
51.51,0.174581,0.118511,-0.245342,0.173734,0.127595,-0.243744
51.52,0.175202,0.113151,-0.277758,0.174718,0.122225,-0.276458
51.53,0.172208,0.104239,-0.278004,0.172184,0.11336,-0.276603
51.54,0.162696,0.0939799,-0.250833,0.162786,0.103001,-0.248861
51.55,0.14843,0.0837593,-0.202987,0.148813,0.0926196,-0.200312
51.56,0.132865,0.073763,-0.142704,0.133579,0.0825478,-0.139436
51.57,0.117483,0.0543399,-0.0611451,0.118337,0.0631679,-0.0572165
51.58,0.12131,0.0282146,0.0486736,0.121906,0.0369173,0.052908
51.59,0.144257,0.0143455,0.136636,0.144801,0.0229585,0.140701
51.6,0.170534,0.0133371,0.202281,0.170753,0.0222551,0.206474
51.61,0.179586,0.00467181,0.26883,0.179366,0.0139166,0.272769
51.62,0.196345,0.0154799,0.28408,0.196533,0.0250102,0.28766
51.63,0.215982,0.033373,0.269259,0.217343,0.0439774,0.271836
51.64,0.235379,0.0531591,0.235387,0.237424,0.0646713,0.237103
51.65,0.249917,0.0711162,0.189935,0.251839,0.0826622,0.191885
51.66,0.257752,0.0861731,0.121017,0.259714,0.0977871,0.122809
51.67,0.260119,0.09333,0.0345611,0.262058,0.104887,0.0363143
51.68,0.259255,0.0915653,-0.055066,0.261159,0.103121,-0.0533829
51.69,0.257312,0.085405,-0.135866,0.259165,0.0968174,-0.134235
51.7,0.25732,0.0798791,-0.20896,0.25924,0.0910265,-0.207862
51.71,0.256542,0.0740898,-0.257007,0.25851,0.0853521,-0.255683
51.72,0.254301,0.065536,-0.269951,0.255955,0.0768662,-0.268588
51.73,0.251366,0.0537651,-0.250255,0.252972,0.065144,-0.2487
51.74,0.248044,0.0406233,-0.207435,0.249484,0.0518516,-0.205539
51.75,0.244625,0.0289178,-0.15257,0.245653,0.0399471,-0.149943
51.76,0.24096,0.0218058,-0.0978462,0.241781,0.0328448,-0.0945928
51.77,0.238375,0.0190209,-0.0469778,0.239026,0.0300621,-0.0431447
51.78,0.231082,0.0196825,0.00497612,0.231153,0.0304394,0.00929956
51.79,0.20307,0.0235277,0.084522,0.202678,0.0341991,0.0889872
51.8,0.176975,0.0322621,0.174296,0.176122,0.0425336,0.178871
51.81,0.157815,0.0275756,0.255082,0.156786,0.0376308,0.259468
51.82,0.151883,0.0375977,0.289046,0.150006,0.0473835,0.29278
51.83,0.153697,0.0587691,0.282727,0.151136,0.0689491,0.285558
51.84,0.15933,0.0850824,0.245462,0.156415,0.0959922,0.24752
51.85,0.166412,0.109872,0.188805,0.163327,0.120911,0.191068
51.86,0.169978,0.127976,0.116639,0.167009,0.138935,0.118962
51.87,0.168489,0.137002,0.0377696,0.165251,0.147934,0.0395734
51.88,0.165033,0.137852,-0.0386467,0.161932,0.148891,-0.037046
51.89,0.162678,0.135319,-0.109903,0.159917,0.145962,-0.108568
51.9,0.162741,0.135183,-0.18374,0.159881,0.145459,-0.182598
51.91,0.163446,0.133509,-0.245338,0.160936,0.143771,-0.244551
51.92,0.164538,0.128221,-0.277738,0.162471,0.138861,-0.276879
51.93,0.162342,0.119076,-0.277973,0.160838,0.129763,-0.27687
51.94,0.153774,0.108015,-0.250798,0.152817,0.118447,-0.249111
51.95,0.140471,0.096571,-0.202951,0.139797,0.107226,-0.200484
51.96,0.125854,0.0852377,-0.142672,0.125575,0.0957969,-0.139712
51.97,0.112252,0.064547,-0.061152,0.112421,0.0753892,-0.0577788
51.98,0.118366,0.0388652,0.0486499,0.118243,0.0496395,0.0526306
51.99,0.142444,0.027082,0.136613,0.141818,0.0379266,0.140871
52,0.168692,0.0284002,0.202277,0.16786,0.0391586,0.206547
52.01,0.178464,0.0205685,0.268843,0.177738,0.0309169,0.272919
52.02,0.194192,0.0328155,0.284106,0.193978,0.0430149,0.287518
52.03,0.212164,0.052376,0.26929,0.212985,0.063389,0.271553
52.04,0.229732,0.0738029,0.235417,0.231639,0.0855538,0.23681
52.05,0.242622,0.0929773,0.189961,0.244435,0.104666,0.191024
52.06,0.249092,0.108669,0.121037,0.250957,0.120587,0.122154
52.07,0.250815,0.116006,0.0345774,0.252782,0.127957,0.0354809
52.08,0.250111,0.114171,-0.0550531,0.252185,0.126152,-0.0541472
52.09,0.248721,0.107862,-0.135857,0.250915,0.119943,-0.134946
52.1,0.24922,0.102359,-0.20896,0.251093,0.11435,-0.208113
52.11,0.248961,0.0965253,-0.257019,0.250679,0.108624,-0.256413
52.12,0.247487,0.0878082,-0.269974,0.249062,0.0999213,-0.269363
52.13,0.245607,0.0758243,-0.250284,0.247374,0.0881376,-0.249231
52.14,0.243462,0.0624395,-0.207467,0.24478,0.0745951,-0.205785
52.15,0.241092,0.0504757,-0.152601,0.242242,0.062538,-0.150346
52.16,0.238072,0.0430653,-0.0978728,0.239038,0.0549081,-0.0950013
52.17,0.235743,0.0400601,-0.0469995,0.236426,0.0512486,-0.043542
52.18,0.228418,0.0400704,0.00496371,0.229035,0.0508425,0.00871497
52.19,0.200174,0.0414184,0.084518,0.200359,0.0517567,0.0887893
52.2,0.173408,0.0478048,0.174301,0.173263,0.0576424,0.178997
52.21,0.154736,0.0414385,0.255092,0.154179,0.0507809,0.259336
52.22,0.14794,0.0508962,0.289059,0.147028,0.0598582,0.293114
52.23,0.147872,0.0721459,0.28274,0.146616,0.0813808,0.285814
52.24,0.151152,0.098856,0.245474,0.149896,0.108578,0.247952
52.25,0.156012,0.124176,0.188815,0.154579,0.133835,0.19131
52.26,0.157961,0.142525,0.116648,0.156405,0.15226,0.119146
52.27,0.155679,0.151385,0.0377785,0.154343,0.161309,0.040127
52.28,0.152161,0.151926,-0.0386387,0.150751,0.161873,-0.0362293
52.29,0.150039,0.149194,-0.109895,0.148382,0.158726,-0.107511
52.3,0.150114,0.149064,-0.183733,0.148585,0.158218,-0.18112
52.31,0.150965,0.147461,-0.245336,0.149683,0.156459,-0.243096
52.32,0.152521,0.142292,-0.277743,0.15172,0.151368,-0.275808
52.33,0.151145,0.132989,-0.277982,0.150531,0.142315,-0.275776
52.34,0.143591,0.121213,-0.250809,0.143426,0.130532,-0.248495
52.35,0.131353,0.108636,-0.202963,0.131933,0.118143,-0.200063
52.36,0.117797,0.0960522,-0.142684,0.118678,0.105726,-0.138673
52.37,0.106082,0.0742333,-0.0611534,0.106805,0.0835294,-0.0566425
52.38,0.114449,0.0491934,0.0486532,0.11528,0.0584207,0.053536
52.39,0.139478,0.039589,0.136616,0.140305,0.0482314,0.141966
52.4,0.165511,0.0432282,0.202274,0.166124,0.0513964,0.207736
52.41,0.175942,0.0362933,0.268835,0.176616,0.0440631,0.274143
52.42,0.190525,0.0498859,0.284095,0.191457,0.0580358,0.288971
52.43,0.206695,0.0709618,0.269278,0.208267,0.0801527,0.273217
52.44,0.222296,0.0938601,0.235405,0.22422,0.104263,0.238382
52.45,0.233438,0.114101,0.189951,0.235319,0.124637,0.193079
52.46,0.238493,0.130303,0.121029,0.240217,0.140992,0.124108
52.47,0.23956,0.137765,0.0345705,0.241497,0.148554,0.0375657
52.48,0.239021,0.135874,-0.0550586,0.240995,0.14676,-0.0520636
52.49,0.238196,0.129468,-0.135861,0.24015,0.140389,-0.13307
52.5,0.239179,0.12403,-0.208961,0.240996,0.135065,-0.206238
52.51,0.239437,0.118195,-0.257015,0.24103,0.128885,-0.254223
52.52,0.238741,0.109381,-0.269966,0.240384,0.119828,-0.267195
52.53,0.237929,0.0972778,-0.250273,0.239599,0.107814,-0.246959
52.54,0.236978,0.0837558,-0.207454,0.238606,0.0942388,-0.203949
52.55,0.235677,0.0716297,-0.152589,0.237063,0.0820652,-0.148636
52.56,0.233324,0.0639817,-0.0978616,0.234159,0.0743616,-0.0936119
52.57,0.231271,0.0607831,-0.04699,0.232227,0.0707387,-0.0423606
52.58,0.223975,0.0601463,0.00496764,0.224846,0.0697467,0.0101003
52.59,0.195725,0.0589876,0.0845177,0.196433,0.0686865,0.0901393
52.6,0.168499,0.0629783,0.174298,0.169116,0.0721933,0.180075
52.61,0.150465,0.0549838,0.255087,0.150733,0.0637027,0.260793
52.62,0.142858,0.0638017,0.289053,0.142961,0.0723877,0.29417
52.63,0.140909,0.0849612,0.282733,0.139965,0.0939908,0.286937
52.64,0.14181,0.111856,0.245468,0.140644,0.121597,0.249201
52.65,0.144408,0.137507,0.188809,0.143179,0.147411,0.192444
52.66,0.144723,0.155956,0.116642,0.143512,0.165603,0.120142
52.67,0.141666,0.164578,0.0377725,0.140528,0.173775,0.0413225
52.68,0.138114,0.164805,-0.0386444,0.136896,0.173786,-0.0352734
52.69,0.136242,0.161896,-0.109901,0.135045,0.170836,-0.106458
52.7,0.136328,0.161774,-0.183738,0.135032,0.170759,-0.180143
52.71,0.137318,0.160251,-0.245339,0.13622,0.169139,-0.241733
52.72,0.139325,0.155239,-0.277743,0.138439,0.164049,-0.273841
52.73,0.138778,0.145851,-0.277979,0.138277,0.154718,-0.274075
52.74,0.132297,0.133452,-0.250804,0.132204,0.14251,-0.246282
52.75,0.121222,0.11984,-0.202957,0.121343,0.129092,-0.197967
52.76,0.108834,0.106106,-0.142677,0.109189,0.115607,-0.136936
52.77,0.0990962,0.0833374,-0.0611512,0.0995901,0.093082,-0.0551153
52.78,0.109647,0.0591374,0.0486531,0.110357,0.0685929,0.0550215
52.79,0.135427,0.0517875,0.136616,0.13583,0.0610621,0.143217
52.8,0.161033,0.0577175,0.202276,0.160935,0.0671021,0.208697
52.81,0.172035,0.0517335,0.268838,0.17166,0.0609536,0.27532
52.82,0.185357,0.0665641,0.284099,0.185117,0.0758111,0.290017
52.83,0.199596,0.088989,0.269282,0.200072,0.0994453,0.274044
52.84,0.213108,0.113179,0.235408,0.213939,0.1248,0.239379
52.85,0.222413,0.134327,0.189953,0.223116,0.145987,0.194021
52.86,0.226013,0.150913,0.12103,0.226762,0.16257,0.124884
52.87,0.226415,0.15844,0.034571,0.227103,0.170198,0.0383879
52.88,0.226045,0.156509,-0.0550587,0.226726,0.168364,-0.0513923
52.89,0.225791,0.150054,-0.135862,0.226458,0.161726,-0.132421
52.9,0.227252,0.144725,-0.208963,0.228027,0.156346,-0.205951
52.91,0.228026,0.138936,-0.257019,0.229035,0.150532,-0.254224
52.92,0.228113,0.130096,-0.26997,0.22928,0.14169,-0.26731
52.93,0.228376,0.117968,-0.250278,0.22971,0.129705,-0.247701
52.94,0.228626,0.104415,-0.207459,0.229943,0.115943,-0.204385
52.95,0.228405,0.0922206,-0.152593,0.229891,0.103445,-0.149004
52.96,0.226739,0.0843941,-0.0978645,0.22825,0.0952303,-0.0936748
52.97,0.224977,0.0810259,-0.046992,0.226321,0.0917355,-0.0422947
52.98,0.217766,0.079745,0.00496727,0.218823,0.0899382,0.00998977
52.99,0.189729,0.0760888,0.0845184,0.190334,0.0858515,0.0899851
53,0.162257,0.0776527,0.174299,0.162566,0.0868015,0.179733
53.01,0.145027,0.0681678,0.254957,0.144923,0.076634,0.260177
53.02,0.13672,0.0764649,0.288525,0.136083,0.0845623,0.293491
53.03,0.132933,0.097624,0.281666,0.131932,0.106084,0.285438
53.04,0.131404,0.124634,0.243972,0.129827,0.133611,0.247271
53.05,0.131632,0.150487,0.186902,0.130055,0.159683,0.190109
53.06,0.130198,0.168922,0.114733,0.128294,0.178201,0.117853
53.07,0.126414,0.177364,0.0362627,0.124285,0.18679,0.0392499
53.08,0.122988,0.177556,-0.0396721,0.121014,0.186838,-0.0367216
53.09,0.121504,0.174829,-0.110566,0.119362,0.183719,-0.107858
53.1,0.121737,0.175062,-0.184396,0.119291,0.184175,-0.181804
53.11,0.122997,0.17375,-0.246057,0.120661,0.182461,-0.243209
53.12,0.125288,0.168737,-0.277853,0.123314,0.177618,-0.275096
53.13,0.125188,0.158641,-0.276651,0.123519,0.167454,-0.273971
53.14,0.119311,0.144671,-0.247625,0.117918,0.153511,-0.244812
53.15,0.108948,0.128804,-0.198073,0.107943,0.137511,-0.194776
53.16,0.0972891,0.112503,-0.136594,0.0962456,0.121126,-0.13278
53.17,0.0894044,0.0882566,-0.0559633,0.088374,0.0968284,-0.0515616
53.18,0.10133,0.064311,0.0511416,0.100631,0.0728181,0.0557755
53.19,0.126682,0.0582259,0.136546,0.125796,0.0662695,0.141541
53.2,0.149805,0.0643173,0.202347,0.148412,0.0722301,0.207346
53.21,0.16122,0.0604316,0.265391,0.159548,0.0678627,0.270156
53.22,0.173345,0.07631,0.278379,0.171498,0.0840376,0.28261
53.23,0.185225,0.0995288,0.262167,0.183827,0.108255,0.265267
53.24,0.196173,0.124454,0.227557,0.194709,0.134371,0.229982
53.25,0.203386,0.146181,0.181829,0.201834,0.156064,0.184355
53.26,0.20571,0.163371,0.113457,0.204192,0.173131,0.116211
53.27,0.206035,0.171687,0.0286016,0.204177,0.181361,0.031239
53.28,0.20685,0.17073,-0.0599982,0.204993,0.180286,-0.0576771
53.29,0.208045,0.164813,-0.139653,0.206078,0.174168,-0.137568
53.3,0.210073,0.159316,-0.210203,0.208243,0.168514,-0.208244
53.31,0.210646,0.152389,-0.254344,0.208702,0.161433,-0.252354
53.32,0.209869,0.141821,-0.262651,0.207809,0.150813,-0.260727
53.33,0.208711,0.127559,-0.238544,0.206477,0.136294,-0.236477
53.34,0.207018,0.111557,-0.19259,0.20463,0.120215,-0.190076
53.35,0.204188,0.0968998,-0.136357,0.201455,0.105092,-0.133469
53.36,0.199346,0.0856601,-0.0814948,0.19647,0.0935564,-0.0783161
53.37,0.193923,0.0783258,-0.0315598,0.190741,0.0859267,-0.0282397
53.38,0.183974,0.0730198,0.0162448,0.180492,0.0803466,0.0197408
53.39,0.155467,0.0650994,0.088985,0.151995,0.0720999,0.0926827
53.4,0.127175,0.0631627,0.171134,0.123497,0.0698296,0.174845
53.41,0.110513,0.05359,0.243867,0.106519,0.0597682,0.247488
53.42,0.101451,0.0602039,0.272268,0.0970363,0.0664157,0.275153
53.43,0.0955857,0.0788571,0.262548,0.0906796,0.0852769,0.264713
53.44,0.0916447,0.103472,0.223587,0.0861487,0.109933,0.224939
53.45,0.0890838,0.127352,0.166661,0.0834487,0.133831,0.167988
53.46,0.0862384,0.145605,0.0939864,0.0806666,0.152137,0.0952695
53.47,0.0821932,0.155046,0.0149244,0.0765548,0.161399,0.0164287
53.48,0.0787483,0.156664,-0.0615185,0.0729071,0.16272,-0.060044
53.49,0.0769739,0.155543,-0.13375,0.0714547,0.161633,-0.132556
53.5,0.0774482,0.15447,-0.204022,0.0721004,0.160506,-0.202843
53.51,0.0799212,0.150209,-0.253056,0.0749955,0.156269,-0.251804
53.52,0.0824666,0.141801,-0.268217,0.0778424,0.14776,-0.267022
53.53,0.0825318,0.127944,-0.251095,0.0778856,0.133897,-0.249895
53.54,0.0781051,0.110836,-0.209511,0.0735483,0.116843,-0.207861
53.55,0.0707212,0.0918942,-0.153395,0.066518,0.0973158,-0.151281
53.56,0.0627434,0.0730867,-0.0916255,0.0586037,0.0782911,-0.0892146
53.57,0.0575023,0.0523422,-0.0252948,0.0535603,0.0570693,-0.0227488
53.58,0.0695199,0.0309262,0.0653999,0.0653884,0.0353572,0.0682779
53.59,0.0941371,0.0270789,0.140772,0.0897548,0.030965,0.144058
53.6,0.11458,0.0335863,0.201678,0.109873,0.0371987,0.205172
53.61,0.125187,0.0314844,0.258015,0.120295,0.0349804,0.261302
53.62,0.133882,0.0461655,0.269402,0.128997,0.050016,0.27207
53.63,0.142447,0.0679249,0.250559,0.137719,0.0729179,0.252033
53.64,0.150702,0.0914004,0.212961,0.146252,0.0971889,0.213255
53.65,0.155679,0.112662,0.163753,0.15112,0.118153,0.163927
53.66,0.157074,0.129484,0.0943354,0.152551,0.1348,0.0946302
53.67,0.158148,0.13853,0.0101831,0.15353,0.143638,0.010344
53.68,0.161101,0.139053,-0.0780449,0.15654,0.144253,-0.0777856
53.69,0.164513,0.134387,-0.156345,0.159789,0.139505,-0.156164
53.7,0.167039,0.128453,-0.221467,0.162091,0.133665,-0.22112
53.71,0.167505,0.119949,-0.257601,0.162522,0.124858,-0.25728
53.72,0.165637,0.10752,-0.25745,0.160498,0.112492,-0.256962
53.73,0.163323,0.0909423,-0.225559,0.157836,0.095843,-0.224735
53.74,0.160604,0.0726524,-0.17381,0.155047,0.0774186,-0.172788
53.75,0.156764,0.0560129,-0.114583,0.150964,0.0606785,-0.113055
53.76,0.15118,0.0419812,-0.0580973,0.145344,0.0465058,-0.0562661
53.77,0.144997,0.0320351,-0.00939076,0.139123,0.0364748,-0.00699841
53.78,0.13491,0.0249641,0.034284,0.128906,0.0290446,0.0372956
53.79,0.109037,0.016886,0.0993925,0.102864,0.020882,0.102528
53.8,0.0839831,0.0148601,0.174429,0.0776661,0.0183845,0.177783
53.81,0.0701875,0.00848773,0.239029,0.0636316,0.0116832,0.2422
53.82,0.0622628,0.0149507,0.262714,0.05568,0.0179133,0.2652
53.83,0.0573742,0.0318012,0.250226,0.0501971,0.0353474,0.252073
53.84,0.0535428,0.0540209,0.209955,0.0457471,0.0578839,0.211373
53.85,0.0497411,0.075812,0.15277,0.0418001,0.0797589,0.154183
53.86,0.0467205,0.0936848,0.0794923,0.038756,0.0976075,0.0808199
53.87,0.0426582,0.104165,-0.000935956,0.0344188,0.10823,0.000629445
53.88,0.0388555,0.106868,-0.0783793,0.0306051,0.110818,-0.0770964
53.89,0.0370613,0.106179,-0.151985,0.0288365,0.109998,-0.15062
53.9,0.0380904,0.102523,-0.2156,0.0300612,0.106263,-0.214437
53.91,0.0415957,0.0951683,-0.252305,0.0337731,0.0988667,-0.251069
53.92,0.0456365,0.0842595,-0.255815,0.0379593,0.0879167,-0.254172
53.93,0.0474754,0.0689744,-0.228619,0.0403802,0.0726797,-0.226638
53.94,0.0463356,0.0508079,-0.179836,0.0390786,0.0545113,-0.177801
53.95,0.0428566,0.0317306,-0.119892,0.0354432,0.0351795,-0.117584
53.96,0.0384326,0.0137997,-0.0588454,0.0312768,0.0174564,-0.0560537
53.97,0.0355977,-0.000951059,-0.00299569,0.0286753,0.00268883,0.000104313
53.98,0.0461166,-0.0180806,0.0708411,0.0393191,-0.0147684,0.0742232
53.99,0.0689605,-0.0198963,0.137011,0.0620963,-0.01684,0.140793
54,0.0884261,-0.011472,0.190787,0.0817276,-0.00838261,0.194737
54.01,0.0988285,-0.012091,0.242226,0.0919747,-0.00915333,0.245603
54.02,0.105259,0.00129805,0.253068,0.0985637,0.0043765,0.255693
54.03,0.111066,0.0210239,0.234372,0.104671,0.0252059,0.235796
54.04,0.116971,0.042436,0.196134,0.110738,0.0475118,0.196411
54.05,0.120923,0.0626338,0.145646,0.114582,0.0676843,0.145914
54.06,0.122397,0.0787824,0.0780922,0.116265,0.0837217,0.0783487
54.07,0.124111,0.0884631,-0.00413148,0.118192,0.0934545,-0.00395078
54.08,0.127891,0.0899783,-0.0890153,0.12189,0.0947907,-0.0886844
54.09,0.131485,0.086372,-0.164773,0.125496,0.0913704,-0.164329
54.1,0.133053,0.07986,-0.223256,0.127092,0.0843951,-0.222894
54.11,0.132091,0.0696239,-0.250907,0.125673,0.0742734,-0.250316
54.12,0.128945,0.0557502,-0.243958,0.12233,0.0601704,-0.243177
54.13,0.125364,0.0385339,-0.207629,0.118754,0.0429028,-0.206809
54.14,0.121458,0.0202654,-0.153823,0.114944,0.0242059,-0.152524
54.15,0.116495,0.00265314,-0.0936955,0.109721,0.00656771,-0.0920428
54.16,0.109944,-0.0125469,-0.0377825,0.102924,-0.00891786,-0.0356347
54.17,0.103207,-0.0235412,0.0074689,0.0961121,-0.0200021,0.00976299
54.18,0.0945599,-0.0297544,0.04322,0.0873334,-0.0265215,0.0459876
54.19,0.0730406,-0.0380261,0.0991825,0.0658849,-0.0350168,0.10201
54.2,0.0516992,-0.0400396,0.168548,0.0446416,-0.0376008,0.171896
54.21,0.0404076,-0.0441208,0.228207,0.0334646,-0.0418012,0.231436
54.22,0.0345312,-0.0377964,0.250032,0.0275196,-0.0355189,0.252816
54.23,0.0301273,-0.0222115,0.237057,0.0228513,-0.0195,0.23886
54.24,0.0265954,-0.00264398,0.197796,0.019372,0.000456836,0.198873
54.25,0.0235356,0.0170961,0.141339,0.0161102,0.0203414,0.142094
54.26,0.0204482,0.0335815,0.0692769,0.0133256,0.0370122,0.0699424
54.27,0.0166784,0.0440571,-0.0104905,0.00922726,0.047668,-0.00999958
54.28,0.0131459,0.0472361,-0.0877837,0.00574619,0.0506572,-0.087301
54.29,0.0119916,0.0456115,-0.160231,0.00481312,0.0490304,-0.159964
54.3,0.0138305,0.0396266,-0.216274,0.00692902,0.0429943,-0.216012
54.31,0.0181156,0.0298505,-0.244222,0.011462,0.0331132,-0.243947
54.32,0.0230638,0.0161933,-0.240331,0.0163769,0.0192376,-0.239624
54.33,0.0265016,-8.38009e-05,-0.20859,0.0198487,0.00290486,-0.207571
54.34,0.0280835,-0.0186683,-0.157414,0.0215561,-0.0159632,-0.155879
54.35,0.0287417,-0.0360752,-0.0977734,0.0222374,-0.0335053,-0.0957816
54.36,0.0287317,-0.0506395,-0.0400662,0.0218151,-0.0481021,-0.0374606
54.37,0.0286644,-0.0614544,0.00818514,0.0217662,-0.0587373,0.0112063
54.38,0.0351428,-0.0712786,0.0618572,0.0278936,-0.0682716,0.0652775
54.39,0.053792,-0.0729823,0.1219,0.0464632,-0.0703502,0.125478
54.4,0.070222,-0.0651376,0.176808,0.0624982,-0.0628268,0.180361
54.41,0.0789522,-0.0652512,0.228223,0.0714739,-0.0628912,0.231632
54.42,0.0828392,-0.0546148,0.243487,0.0756714,-0.0519962,0.246535
54.43,0.0862042,-0.0377846,0.22774,0.07975,-0.0344575,0.229327
54.44,0.0899355,-0.0187548,0.18929,0.0835939,-0.0145598,0.189983
54.45,0.0924869,-3.13222e-05,0.136574,0.0859644,0.00417717,0.137233
54.46,0.0936681,0.016168,0.0690029,0.0871427,0.0203401,0.0692198
54.47,0.0960981,0.0264081,-0.0112928,0.0896328,0.0304393,-0.0112818
54.48,0.100093,0.028905,-0.0932666,0.093444,0.0329599,-0.0933622
54.49,0.10362,0.026262,-0.166829,0.0968884,0.0303709,-0.167028
54.5,0.104506,0.0194547,-0.22027,0.0978315,0.0235921,-0.220481
54.51,0.102584,0.00852146,-0.243458,0.096007,0.0124126,-0.243318
54.52,0.0983276,-0.00645749,-0.233449,0.0917398,-0.00235433,-0.233078
54.53,0.0930766,-0.0230432,-0.196523,0.0865116,-0.0189935,-0.196041
54.54,0.0878571,-0.041234,-0.142166,0.0812087,-0.0371686,-0.141051
54.55,0.0818183,-0.058515,-0.0823695,0.0752968,-0.0543852,-0.0810252
54.56,0.0746648,-0.073403,-0.027655,0.0682203,-0.0693472,-0.0260633
54.57,0.0676515,-0.0846167,0.0153989,0.0611746,-0.0807383,0.0173648
54.58,0.0598032,-0.0914315,0.0471697,0.0533325,-0.0874875,0.049271
54.59,0.0419426,-0.0983949,0.0971845,0.0355021,-0.0946665,0.0992578
54.6,0.0246194,-0.0984833,0.163642,0.0184473,-0.0948233,0.165583
54.61,0.0152577,-0.100916,0.220081,0.0090416,-0.097036,0.222026
54.62,0.0103102,-0.0943429,0.241314,0.00407905,-0.0904758,0.242835
54.63,0.00662302,-0.0805603,0.22919,0.000128376,-0.0760827,0.22939
54.64,0.00342425,-0.0631732,0.190525,-0.00304985,-0.058251,0.190065
54.65,0.000534227,-0.0453131,0.134325,-0.00579974,-0.0406722,0.133994
54.66,-0.0022237,-0.0295756,0.0635376,-0.00858242,-0.0249167,0.0630158
54.67,-0.00558701,-0.0188312,-0.015237,-0.0120004,-0.0143789,-0.0156701
54.68,-0.00907282,-0.0151842,-0.0939816,-0.0156759,-0.0108364,-0.0944916
54.69,-0.0100853,-0.0172351,-0.164933,-0.0169151,-0.0125086,-0.165477
54.7,-0.00750393,-0.0242512,-0.215786,-0.01424,-0.0196703,-0.216235
54.71,-0.00265179,-0.0356675,-0.238364,-0.00909901,-0.0310175,-0.238788
54.72,0.00287434,-0.0511241,-0.229694,-0.00334814,-0.0463277,-0.229761
54.73,0.0083661,-0.0683915,-0.194429,0.00237877,-0.0639032,-0.194068
54.74,0.012509,-0.0859081,-0.142493,0.00656587,-0.0814821,-0.141687
54.75,0.0158638,-0.102734,-0.0830252,0.00975188,-0.0985867,-0.0816342
54.76,0.0189037,-0.117367,-0.0282515,0.0125984,-0.113243,-0.0261448
54.77,0.021446,-0.128201,0.0153574,0.0153642,-0.124272,0.0178195
54.78,0.0267942,-0.133724,0.0534582,0.0209935,-0.129919,0.0563213
54.79,0.0414418,-0.134304,0.105672,0.0357009,-0.130436,0.108638
54.8,0.0535196,-0.127573,0.166148,0.0474691,-0.123728,0.169123
54.81,0.0608835,-0.126924,0.218254,0.0549065,-0.123252,0.221013
54.82,0.0634302,-0.118353,0.237702,0.0577715,-0.114598,0.239931
54.83,0.0652222,-0.103355,0.224654,0.05989,-0.0985571,0.225981
54.84,0.0666345,-0.0861369,0.187141,0.0612801,-0.0804341,0.187713
54.85,0.0677145,-0.0686278,0.132747,0.0626133,-0.0629896,0.13285
54.86,0.0686565,-0.053111,0.0642056,0.0635871,-0.0472332,0.0636229
54.87,0.0712762,-0.0416531,-0.0145595,0.0661926,-0.0358383,-0.0154917
54.88,0.0752201,-0.0370423,-0.0950588,0.0701243,-0.0314266,-0.0962686
54.89,0.0782448,-0.0390437,-0.16639,0.0729735,-0.033545,-0.167806
54.9,0.0789178,-0.0460623,-0.216577,0.0737395,-0.0407682,-0.217682
54.91,0.0762117,-0.0578539,-0.236997,0.0707608,-0.0527423,-0.237829
54.92,0.0714053,-0.0730764,-0.226294,0.0660324,-0.0679362,-0.226881
54.93,0.0655419,-0.0911603,-0.188957,0.0603559,-0.086184,-0.189007
54.94,0.0591073,-0.10927,-0.135988,0.0539685,-0.104359,-0.135423
54.95,0.0521554,-0.126697,-0.0771126,0.0472189,-0.121889,-0.0759221
54.96,0.0446487,-0.142295,-0.0233982,0.0398448,-0.13761,-0.0213882
54.97,0.037807,-0.154354,0.0189539,0.0329207,-0.149711,0.02137
54.98,0.0308559,-0.161431,0.0489185,0.0258903,-0.156455,0.051432
54.99,0.0161693,-0.165956,0.0955522,0.0111694,-0.160891,0.0981967
55,0.00206411,-0.163342,0.161241,-0.00299559,-0.158423,0.163882
55.01,-0.00564485,-0.165085,0.215569,-0.010521,-0.160382,0.218334
55.02,-0.00961429,-0.15899,0.23759,-0.0146839,-0.153866,0.239503
55.03,-0.0121723,-0.14657,0.226449,-0.0175865,-0.140978,0.227099
55.04,-0.0143649,-0.131141,0.188311,-0.0202839,-0.124559,0.188554
55.05,-0.01656,-0.114772,0.1315,-0.0223384,-0.108135,0.131751
55.06,-0.0187862,-0.0992722,0.0601528,-0.0242807,-0.0924678,0.0602807
55.07,-0.0216783,-0.0879766,-0.0186751,-0.0272502,-0.0813884,-0.0186205
55.08,-0.0246564,-0.0823932,-0.0982949,-0.030132,-0.0758951,-0.0983507
55.09,-0.0267754,-0.0837165,-0.168307,-0.0323276,-0.077232,-0.168389
55.1,-0.0255757,-0.0914968,-0.216969,-0.0311272,-0.0851331,-0.217344
55.11,-0.0213213,-0.103634,-0.236815,-0.0264467,-0.0974002,-0.237041
55.12,-0.0153983,-0.119284,-0.22565,-0.0203481,-0.11278,-0.225233
55.13,-0.00934067,-0.137262,-0.188588,-0.0140478,-0.130771,-0.187631
55.14,-0.00405322,-0.154521,-0.136311,-0.0089124,-0.148199,-0.135087
55.15,0.00100162,-0.170634,-0.0775747,-0.00366315,-0.16393,-0.0758327
55.16,0.00627182,-0.18413,-0.0249045,0.00155981,-0.177166,-0.0228199
55.17,0.0109656,-0.193546,0.0157127,0.00607861,-0.186682,0.0181511
55.18,0.0161818,-0.197038,0.0456162,0.011615,-0.18993,0.0485458
55.19,0.0292429,-0.195696,0.0921218,0.0251825,-0.188371,0.0956507
55.2,0.039521,-0.187132,0.158606,0.0352618,-0.179847,0.162144
55.21,0.0460579,-0.186145,0.215908,0.0422059,-0.178723,0.219365
55.22,0.0477803,-0.177885,0.241307,0.0442229,-0.170283,0.244208
55.23,0.0477267,-0.164705,0.23286,0.0446646,-0.15616,0.234861
55.24,0.0472679,-0.149272,0.196547,0.0446932,-0.13999,0.198038
55.25,0.0470652,-0.133125,0.140219,0.0444131,-0.123518,0.141373
55.26,0.0473994,-0.117789,0.0688844,0.044395,-0.10829,0.0698201
55.27,0.0494708,-0.106119,-0.0112369,0.0465199,-0.0967769,-0.0105397
55.28,0.0526176,-0.10032,-0.0930241,0.049699,-0.0909284,-0.0924386
55.29,0.0551652,-0.100543,-0.166294,0.0523947,-0.0911315,-0.165848
55.3,0.055874,-0.106202,-0.219076,0.0531106,-0.096675,-0.218313
55.31,0.0538559,-0.116989,-0.242083,0.0509972,-0.107518,-0.241192
55.32,0.0502176,-0.131691,-0.23362,0.0475978,-0.12233,-0.232538
55.33,0.0460568,-0.148728,-0.198108,0.0433437,-0.139645,-0.196639
55.34,0.0420765,-0.165186,-0.146095,0.0396428,-0.155904,-0.144085
55.35,0.0377637,-0.1807,-0.0867296,0.0352066,-0.171074,-0.0843538
55.36,0.032741,-0.193937,-0.0327297,0.0302008,-0.184338,-0.0299675
55.37,0.0282437,-0.203233,0.00955473,0.025788,-0.193411,0.0126756
55.38,0.0227802,-0.206962,0.0413598,0.0203182,-0.196886,0.0448092
55.39,0.00810449,-0.207315,0.0927687,0.0054496,-0.197279,0.0962144
55.4,-0.00482939,-0.199544,0.163542,-0.00735914,-0.189231,0.167294
55.41,-0.0116463,-0.199439,0.22418,-0.0139224,-0.189546,0.227874
55.42,-0.0147782,-0.191235,0.250981,-0.0172096,-0.181102,0.253988
55.43,-0.0170292,-0.177929,0.242893,-0.0197915,-0.166907,0.244955
55.44,-0.0191896,-0.162129,0.20534,-0.0226048,-0.150448,0.20653
55.45,-0.0214788,-0.145844,0.147165,-0.0249818,-0.134126,0.147947
55.46,-0.0238301,-0.13058,0.0740795,-0.0275112,-0.11887,0.0749285
55.47,-0.0271882,-0.119167,-0.0076101,-0.0309157,-0.107382,-0.00708952
55.48,-0.0307503,-0.113472,-0.0908426,-0.0343661,-0.101558,-0.0905886
55.49,-0.0336627,-0.11349,-0.166109,-0.0372569,-0.101554,-0.165881
55.5,-0.0342501,-0.118401,-0.221531,-0.0374797,-0.106626,-0.221387
55.51,-0.0316192,-0.128202,-0.247374,-0.0345675,-0.116604,-0.247039
55.52,-0.0267329,-0.141829,-0.241254,-0.0296018,-0.130238,-0.240826
55.53,-0.0212151,-0.158186,-0.206989,-0.0237801,-0.146653,-0.206314
55.54,-0.0162703,-0.174193,-0.15524,-0.0187592,-0.162667,-0.154073
55.55,-0.0115382,-0.189462,-0.0950381,-0.0137644,-0.177699,-0.0934826
55.56,-0.00644642,-0.202463,-0.0394268,-0.00838479,-0.190442,-0.0375102
55.57,-0.00214656,-0.211606,0.00465418,-0.00396563,-0.199804,0.00723196
55.58,0.0043293,-0.214941,0.0422396,0.00259022,-0.203214,0.0454343
55.59,0.0218298,-0.211485,0.0992961,0.0201063,-0.199815,0.102752
55.6,0.035011,-0.199592,0.168392,0.0335287,-0.187793,0.171916
55.61,0.0418514,-0.197233,0.229728,0.040512,-0.18532,0.233132
55.62,0.0437514,-0.187129,0.255924,0.042263,-0.174794,0.258377
55.63,0.0443193,-0.172553,0.246144,0.0429668,-0.158894,0.24768
55.64,0.0444574,-0.156071,0.207647,0.043414,-0.141246,0.208175
55.65,0.0446578,-0.139493,0.149146,0.0437151,-0.124436,0.149464
55.66,0.0450575,-0.124052,0.0761505,0.0438606,-0.109306,0.0763499
55.67,0.0470938,-0.112268,-0.00588033,0.0455583,-0.0971413,-0.00575554
55.68,0.0502046,-0.106056,-0.0899833,0.0486807,-0.090879,-0.0899491
55.69,0.0533816,-0.105411,-0.166272,0.0517116,-0.0903819,-0.166123
55.7,0.0549703,-0.109767,-0.222686,0.0531053,-0.0951849,-0.22239
55.71,0.0536911,-0.119291,-0.249381,0.0516836,-0.104367,-0.249004
55.72,0.050712,-0.132949,-0.243758,0.0484095,-0.118032,-0.243069
55.73,0.0472878,-0.149494,-0.209537,0.045023,-0.134417,-0.208656
55.74,0.044134,-0.16566,-0.157574,0.0418437,-0.150568,-0.156445
55.75,0.0405925,-0.181216,-0.0970322,0.0387113,-0.16631,-0.0954165
55.76,0.036066,-0.194717,-0.040895,0.0343572,-0.179656,-0.0390122
55.77,0.0319809,-0.204386,0.00370713,0.0304786,-0.189532,0.00574797
55.78,0.0259231,-0.208582,0.0398922,0.0242266,-0.193899,0.0420853
55.79,0.00939872,-0.208752,0.0967246,0.00792177,-0.194084,0.0992385
55.8,-0.00428689,-0.20017,0.16967,-0.00592517,-0.185382,0.171953
55.81,-0.0112712,-0.199465,0.231686,-0.0127216,-0.18467,0.234004
55.82,-0.0146802,-0.190556,0.258378,-0.0164083,-0.175352,0.259795
55.83,-0.0173092,-0.176591,0.249191,-0.0196485,-0.160382,0.249114
55.84,-0.0198142,-0.160307,0.210335,-0.0223399,-0.143324,0.209648
55.85,-0.0223032,-0.143788,0.151033,-0.0250527,-0.127053,0.150216
55.86,-0.0246932,-0.128449,0.0771229,-0.0274469,-0.111916,0.0760301
55.87,-0.0280712,-0.117008,-0.00546278,-0.0307806,-0.100382,-0.00678734
55.88,-0.0317035,-0.111207,-0.0897601,-0.0344573,-0.0947294,-0.0910752
55.89,-0.034859,-0.11099,-0.166344,-0.037688,-0.0947099,-0.167612
55.9,-0.0356846,-0.115689,-0.223131,-0.0383035,-0.0994974,-0.224061
55.91,-0.0332731,-0.125151,-0.250456,-0.0361126,-0.108957,-0.251094
55.92,-0.0285558,-0.138521,-0.24541,-0.0312082,-0.121873,-0.245753
55.93,-0.0231622,-0.154852,-0.211579,-0.0257125,-0.138188,-0.211562
55.94,-0.0182951,-0.171019,-0.159714,-0.0207135,-0.154365,-0.159381
55.95,-0.0135863,-0.186573,-0.0989823,-0.0155533,-0.16967,-0.0981088
55.96,-0.00837442,-0.199956,-0.0424133,-0.00996817,-0.183037,-0.0411763
55.97,-0.00392177,-0.209536,0.00271135,-0.00556786,-0.192879,0.00402669
55.98,0.00294882,-0.213343,0.0417946,0.00167905,-0.196598,0.0434704
55.99,0.0209471,-0.210171,0.100301,0.0197246,-0.193542,0.102252
56,0.034328,-0.198512,0.170482,0.0326806,-0.181858,0.172512
56.01,0.0413175,-0.196237,0.232158,0.0397473,-0.179849,0.234064
56.02,0.043365,-0.186113,0.258091,0.0420811,-0.169449,0.259222
56.03,0.0440214,-0.171384,0.247774,0.0430139,-0.153649,0.24783
56.04,0.0442254,-0.154741,0.208707,0.0433789,-0.135728,0.208025
56.05,0.0444489,-0.138046,0.149758,0.043622,-0.119055,0.148718
56.06,0.0448454,-0.122544,0.0764009,0.0438822,-0.103642,0.0752066
56.07,0.046865,-0.110727,-0.00588302,0.0457512,-0.0917915,-0.00735641
56.08,0.0499625,-0.104479,-0.0901777,0.0487614,-0.0854226,-0.091662
56.09,0.0531881,-0.103794,-0.16664,0.05203,-0.0848343,-0.168084
56.1,0.0548107,-0.108191,-0.223184,0.0533487,-0.0895461,-0.224077
56.11,0.0535431,-0.117703,-0.250059,0.0519983,-0.0992822,-0.250629
56.12,0.0505825,-0.13137,-0.244533,0.0490092,-0.113154,-0.24451
56.13,0.0471892,-0.147976,-0.210311,0.045681,-0.129707,-0.209971
56.14,0.0440636,-0.164263,-0.158262,0.0423467,-0.1461,-0.157301
56.15,0.0405421,-0.179946,-0.0975995,0.0384788,-0.161482,-0.0961081
56.16,0.036006,-0.19359,-0.0412814,0.0340592,-0.175234,-0.0394183
56.17,0.0318904,-0.203408,0.00350776,0.0295039,-0.185428,0.00582993
56.18,0.0257659,-0.207751,0.0399097,0.0233528,-0.189705,0.0427134
56.19,0.00918883,-0.208049,0.0969014,0.00669622,-0.190359,0.100106
56.2,-0.00449246,-0.199572,0.169998,-0.00698108,-0.1824,0.173266
56.21,-0.0115234,-0.198912,0.23198,-0.0140732,-0.181984,0.234999
56.22,-0.0149728,-0.190028,0.258569,-0.0176118,-0.173059,0.260802
56.23,-0.0176167,-0.17605,0.24925,-0.020656,-0.158286,0.250313
56.24,-0.0201228,-0.159742,0.210297,-0.0238293,-0.141158,0.210685
56.25,-0.022604,-0.1432,0.150938,-0.026264,-0.124411,0.151167
56.26,-0.0249886,-0.127848,0.0769729,-0.0286191,-0.109064,0.077291
56.27,-0.0283586,-0.1164,-0.00562579,-0.0321144,-0.0975824,-0.00565068
56.28,-0.0319815,-0.1106,-0.0899067,-0.0361328,-0.092082,-0.0901328
56.29,-0.0351251,-0.110395,-0.166443,-0.0391977,-0.0917488,-0.166723
56.3,-0.0359394,-0.115141,-0.223153,-0.0401497,-0.0964424,-0.223532
56.31,-0.0335004,-0.124642,-0.250401,-0.0375381,-0.10646,-0.250474
56.32,-0.028772,-0.138049,-0.245293,-0.032654,-0.119967,-0.244767
56.33,-0.0233724,-0.154419,-0.211422,-0.0270269,-0.13617,-0.210641
56.34,-0.0184967,-0.170627,-0.159543,-0.0219354,-0.152791,-0.158087
56.35,-0.0137761,-0.186218,-0.0988205,-0.0169855,-0.168555,-0.0971336
56.36,-0.00854978,-0.199636,-0.0422761,-0.0115172,-0.181934,-0.0403831
56.37,-0.00407616,-0.209248,0.002823,-0.0067429,-0.191836,0.00493597
56.38,0.00280672,-0.213087,0.041845,0.000293567,-0.196001,0.0445946
56.39,0.0208152,-0.209964,0.100267,0.0187093,-0.19289,0.103202
56.4,0.0342254,-0.198343,0.170365,0.0321597,-0.181517,0.173494
56.41,0.0412417,-0.196093,0.231989,0.0393247,-0.179588,0.23519
56.42,0.0433059,-0.18599,0.257898,0.0417768,-0.169193,0.260234
56.43,0.0439719,-0.171272,0.247571,0.0428714,-0.153251,0.248965
56.44,0.0441792,-0.154635,0.208519,0.0431177,-0.135652,0.208694
56.45,0.0444052,-0.13794,0.149598,0.0434453,-0.118963,0.149315
56.46,0.0448086,-0.122435,0.0762537,0.0438893,-0.103458,0.0760583
56.47,0.0468315,-0.110617,-0.00600086,0.0459476,-0.0915955,-0.00665692
56.48,0.0499263,-0.104376,-0.0902503,0.0491507,-0.0852747,-0.0909103
56.49,0.0531419,-0.103705,-0.166646,0.0521469,-0.0844893,-0.167337
56.5,0.0547509,-0.108126,-0.223111,0.0538789,-0.0887786,-0.22424
56.51,0.0534673,-0.117661,-0.249906,0.0526588,-0.0983125,-0.25066
56.52,0.0504948,-0.131345,-0.244322,0.0497519,-0.112074,-0.244812
56.53,0.0470895,-0.147962,-0.210077,0.046244,-0.128667,-0.210041
56.54,0.0439516,-0.16425,-0.158039,0.0431156,-0.145037,-0.157251
56.55,0.0404171,-0.17993,-0.0974062,0.039493,-0.16083,-0.0960322
56.56,0.0358712,-0.193567,-0.0411337,0.034856,-0.174476,-0.0390407
56.57,0.0317475,-0.203377,0.00360698,0.0307949,-0.184685,0.00582684
56.58,0.02563,-0.207707,0.0399326,0.0249516,-0.189495,0.0426147
56.59,0.00907486,-0.207998,0.0968319,0.00830622,-0.189994,0.0992921
56.6,-0.00459593,-0.199525,0.169887,-0.00552846,-0.181701,0.172623
56.61,-0.0116263,-0.198871,0.231845,-0.0125837,-0.181485,0.234721
56.62,-0.0150681,-0.189996,0.258439,-0.0161869,-0.172742,0.260703
56.63,-0.0176998,-0.176027,0.249143,-0.0192803,-0.157821,0.250109
56.64,-0.0201925,-0.159725,0.210219,-0.0222439,-0.140577,0.210087
56.65,-0.0226622,-0.143185,0.150886,-0.0247978,-0.124289,0.150514
56.66,-0.0250388,-0.127832,0.0769357,-0.0269911,-0.10887,0.0765655
56.67,-0.0284019,-0.116384,-0.00564563,-0.0302312,-0.0973833,-0.00587624
56.68,-0.0320193,-0.110585,-0.0899056,-0.0339527,-0.0916856,-0.0904453
56.69,-0.0351568,-0.110385,-0.166415,-0.0369585,-0.0915803,-0.167053
56.7,-0.035968,-0.115136,-0.223098,-0.0375487,-0.0963855,-0.22344
56.71,-0.033529,-0.124644,-0.250319,-0.0348972,-0.105712,-0.250473
56.72,-0.0288047,-0.138059,-0.245195,-0.0298271,-0.119287,-0.245014
56.73,-0.0234112,-0.154432,-0.211324,-0.0244898,-0.135973,-0.210706
56.74,-0.0185419,-0.170639,-0.159458,-0.019642,-0.152339,-0.15821
56.75,-0.0138273,-0.186227,-0.0987528,-0.0147067,-0.167997,-0.0969346
56.76,-0.00860801,-0.199641,-0.0422305,-0.00942801,-0.181165,-0.04017
56.77,-0.00414004,-0.209249,0.00284724,-0.0048886,-0.190643,0.00537356
56.78,0.00273281,-0.213084,0.0418353,0.00218169,-0.194354,0.0447988
56.79,0.0207298,-0.209971,0.100233,0.0204587,-0.191678,0.103462
56.8,0.0341369,-0.198361,0.170332,0.0336039,-0.180157,0.173612
56.81,0.0411511,-0.19612,0.23196,0.0408172,-0.177735,0.235196
56.82,0.0432181,-0.186023,0.257879,0.0431272,-0.167553,0.260587
56.83,0.0438879,-0.17131,0.247568,0.0441413,-0.151597,0.248966
56.84,0.044101,-0.154676,0.208528,0.044339,-0.134146,0.209028
56.85,0.0443342,-0.137981,0.149614,0.0447756,-0.117578,0.150075
56.86,0.0447448,-0.122476,0.0762737,0.0451113,-0.102274,0.0763909
56.87,0.0467734,-0.11066,-0.00597828,0.047208,-0.0906812,-0.00598849
56.88,0.0498711,-0.104421,-0.0902255,0.0506719,-0.0846185,-0.0903067
56.89,0.053086,-0.103752,-0.16662,0.0537914,-0.084083,-0.166746
56.9,0.0546927,-0.108173,-0.223088,0.0552217,-0.0887506,-0.223283
56.91,0.0534052,-0.117706,-0.249886,0.0537368,-0.0983705,-0.249741
56.92,0.0504266,-0.131388,-0.244308,0.0507601,-0.112166,-0.244028
56.93,0.0470134,-0.148002,-0.210072,0.0474997,-0.128894,-0.209231
56.94,0.0438679,-0.164286,-0.158042,0.044417,-0.145508,-0.156764
56.95,0.0403262,-0.179963,-0.0974155,0.0407063,-0.161591,-0.0956237
56.96,0.0357742,-0.193596,-0.0411463,0.036017,-0.175565,-0.0387687
56.97,0.0316465,-0.203402,0.00359356,0.0319433,-0.185819,0.00627026
56.98,0.0255257,-0.207728,0.0399249,0.0257659,-0.190478,0.0427412
56.99,0.00896829,-0.208011,0.0968376,0.0092472,-0.191224,0.0997168
57,-0.00469646,-0.19953,0.169903,-0.00429057,-0.183342,0.172768
57.01,-0.011725,-0.198874,0.231871,-0.0112317,-0.182703,0.234782
57.02,-0.0151621,-0.189999,0.258472,-0.0149566,-0.173842,0.260968
57.03,-0.0177867,-0.176027,0.24918,-0.0179169,-0.158701,0.250509
57.04,-0.0202719,-0.159723,0.210256,-0.0208937,-0.141142,0.210487
57.05,-0.022734,-0.14318,0.150921,-0.0233501,-0.124396,0.150933
57.06,-0.025103,-0.127825,0.07697,-0.0255724,-0.109292,0.0770693
57.07,-0.0284606,-0.116375,-0.00561433,-0.0286697,-0.0979095,-0.00514206
57.08,-0.0320755,-0.110574,-0.0898791,-0.0323239,-0.0922424,-0.0894842
57.09,-0.0352142,-0.110371,-0.166396,-0.0354006,-0.0921808,-0.166252
57.1,-0.0360293,-0.115119,-0.223089,-0.0363287,-0.0972834,-0.223002
57.11,-0.0335974,-0.124626,-0.250323,-0.0337182,-0.107037,-0.249895
57.12,-0.0288811,-0.13804,-0.245211,-0.0288014,-0.120577,-0.244579
57.13,-0.0234967,-0.154415,-0.211349,-0.023634,-0.137533,-0.210318
57.14,-0.0186364,-0.170624,-0.159489,-0.0187858,-0.153914,-0.158016
57.15,-0.0139302,-0.186215,-0.0987848,-0.0143756,-0.16972,-0.0969535
57.16,-0.00871742,-0.199633,-0.0422587,-0.00916851,-0.183287,-0.0401291
57.17,-0.00425416,-0.209245,0.00282542,-0.0047199,-0.193223,0.00556563
57.18,0.00262237,-0.213086,0.0418339,0.00213828,-0.197206,0.0445245
57.19,0.0206288,-0.209979,0.100252,0.0201055,-0.19419,0.103015
57.2,0.0340429,-0.198375,0.170363,0.0337112,-0.182823,0.173494
57.21,0.0410585,-0.196138,0.231998,0.0404197,-0.180924,0.235067
57.22,0.0431313,-0.186042,0.257919,0.0424805,-0.170613,0.260199
57.23,0.0438088,-0.171327,0.247606,0.0434965,-0.154747,0.248785
57.24,0.0440307,-0.15469,0.208563,0.0438549,-0.137047,0.209035
57.25,0.0442723,-0.137994,0.149647,0.0436456,-0.12012,0.149702
57.26,0.0446901,-0.122488,0.076304,0.0437878,-0.104605,0.0767314
57.27,0.0467241,-0.110672,-0.0059513,0.0457786,-0.0931099,-0.00558602
57.28,0.0498251,-0.104433,-0.0902035,0.0487829,-0.0868558,-0.0897688
57.29,0.0530419,-0.103765,-0.166606,0.0517491,-0.0863565,-0.166146
57.3,0.0546478,-0.108184,-0.223082,0.0530747,-0.0907868,-0.222546
57.31,0.0533574,-0.117714,-0.249892,0.0518448,-0.10043,-0.2492
57.32,0.0503731,-0.131393,-0.244325,0.048846,-0.113826,-0.243201
57.33,0.0469529,-0.148004,-0.210097,0.0454388,-0.130686,-0.208596
57.34,0.0438004,-0.164287,-0.158071,0.0420077,-0.147388,-0.156418
57.35,0.0402518,-0.179964,-0.0974441,0.0385246,-0.163059,-0.0954596
57.36,0.0356931,-0.193597,-0.0411708,0.0340948,-0.176915,-0.0388108
57.37,0.0315605,-0.203404,0.00357537,0.0300112,-0.186743,0.00652745
57.38,0.0254331,-0.20773,0.0399241,0.023808,-0.191217,0.0432705
57.39,0.00886696,-0.208006,0.0968594,0.00709748,-0.191859,0.10042
57.4,-0.00479599,-0.199519,0.169931,-0.00647593,-0.183914,0.173506
57.41,-0.011825,-0.19886,0.231905,-0.0135905,-0.183462,0.235296
57.42,-0.0152591,-0.189983,0.258506,-0.0170678,-0.174433,0.261461
57.43,-0.0178782,-0.176007,0.249211,-0.0203359,-0.159453,0.250708
57.44,-0.0203564,-0.1597,0.210283,-0.0230819,-0.14225,0.210884
57.45,-0.022811,-0.143154,0.150946,-0.025829,-0.125805,0.151428
57.46,-0.0251725,-0.127797,0.0769927,-0.0282611,-0.110476,0.0773366
57.47,-0.0285244,-0.116345,-0.00559409,-0.0317231,-0.0989908,-0.0055165
57.48,-0.0321368,-0.110541,-0.0898625,-0.0352796,-0.0933139,-0.0896655
57.49,-0.0352765,-0.110336,-0.166385,-0.0381424,-0.0929976,-0.165989
57.5,-0.0360948,-0.115082,-0.223084,-0.0389385,-0.0980334,-0.222768
57.51,-0.0336689,-0.124589,-0.250326,-0.0365565,-0.107569,-0.249959
57.52,-0.0289598,-0.138005,-0.245222,-0.0317442,-0.120994,-0.244722
57.53,-0.023584,-0.154382,-0.211366,-0.0261836,-0.137486,-0.210326
57.54,-0.018732,-0.170594,-0.159509,-0.0213119,-0.153953,-0.158125
57.55,-0.0140336,-0.186189,-0.0988056,-0.0163121,-0.16966,-0.0971339
57.56,-0.00882655,-0.199611,-0.0422765,-0.0115681,-0.183139,-0.0401248
57.57,-0.00436715,-0.209228,0.00281231,-0.00692227,-0.19276,0.00558905
57.58,0.00251231,-0.213075,0.0418353,0.000168026,-0.196746,0.0451401
57.59,0.0205264,-0.209977,0.100267,0.0179149,-0.193897,0.103766
57.6,0.0339475,-0.198381,0.170385,0.0312966,-0.182675,0.173916
57.61,0.040965,-0.196149,0.232023,0.0385089,-0.180745,0.235139
57.62,0.0430438,-0.186054,0.257945,0.0405783,-0.170459,0.260113
57.63,0.0437289,-0.171337,0.24763,0.0414527,-0.154682,0.248641
57.64,0.0439592,-0.154699,0.208585,0.041667,-0.137106,0.208887
57.65,0.044209,-0.138001,0.149667,0.0417475,-0.120519,0.149869
57.66,0.044634,-0.122495,0.0763224,0.0421453,-0.105135,0.076384
57.67,0.0466733,-0.110679,-0.00593465,0.0440876,-0.0930264,-0.00618738
57.68,0.0497773,-0.104441,-0.0901894,0.0466577,-0.0868869,-0.0904647
57.69,0.0529953,-0.103773,-0.166595,0.0499509,-0.0864983,-0.167113
57.7,0.0545998,-0.108193,-0.223076,0.0516013,-0.0908667,-0.223199
57.71,0.0533056,-0.117721,-0.249892,0.0503752,-0.100762,-0.249725
57.72,0.0503151,-0.131398,-0.244331,0.0471836,-0.11449,-0.244018
57.73,0.0468874,-0.148007,-0.210108,0.0435383,-0.131076,-0.209716
57.74,0.0437275,-0.16429,-0.158085,0.0401883,-0.147651,-0.157041
57.75,0.0401716,-0.179965,-0.0974598,0.0368703,-0.16353,-0.0961256
57.76,0.035606,-0.193598,-0.0411846,0.0323585,-0.177338,-0.0393807
57.77,0.0314683,-0.203405,0.00356502,0.0279749,-0.187134,0.00561936
57.78,0.0253357,-0.207732,0.0399243,0.0217972,-0.191646,0.0423663
57.79,0.0087643,-0.208,0.0968733,0.00527327,-0.192007,0.0996537
57.8,-0.00489553,-0.199507,0.169949,-0.00838802,-0.183795,0.172658
57.81,-0.0119247,-0.198847,0.231927,-0.0154059,-0.183453,0.234351
57.82,-0.0153554,-0.189967,0.258528,-0.0189614,-0.174347,0.260278
57.83,-0.0179683,-0.17599,0.249231,-0.0220487,-0.159179,0.249752
57.84,-0.0204392,-0.159679,0.210302,-0.0249612,-0.141771,0.210155
57.85,-0.022886,-0.143131,0.150963,-0.0274575,-0.125232,0.150937
57.86,-0.02524,-0.127772,0.0770086,-0.0298251,-0.110081,0.077194
57.87,-0.0285861,-0.116318,-0.00557956,-0.0332475,-0.0987577,-0.0054812
57.88,-0.0321957,-0.110512,-0.0898501,-0.0367276,-0.0931459,-0.0899678
57.89,-0.035336,-0.110304,-0.166376,-0.039897,-0.0930411,-0.166647
57.9,-0.0361571,-0.11505,-0.223079,-0.0404928,-0.0978063,-0.223347
57.91,-0.0337366,-0.124557,-0.250325,-0.0379064,-0.1076,-0.250481
57.92,-0.0290346,-0.137975,-0.245227,-0.0333771,-0.120863,-0.245116
57.93,-0.0236671,-0.154355,-0.211375,-0.0277231,-0.137185,-0.21086
57.94,-0.0188232,-0.17057,-0.159521,-0.0228105,-0.153488,-0.158929
57.95,-0.0141324,-0.186168,-0.0988191,-0.0179582,-0.1692,-0.0973917
57.96,-0.00893127,-0.199594,-0.0422885,-0.0127343,-0.182945,-0.0402011
57.97,-0.00447591,-0.209214,0.00280329,-0.00805525,-0.192599,0.00551408
57.98,0.00240512,-0.213067,0.0418363,-0.0013225,-0.196669,0.0446434
57.99,0.020425,-0.209978,0.100278,0.0169316,-0.193677,0.103048
58,0.0338525,-0.198389,0.170401,0.030356,-0.182869,0.173137
58.01,0.0408717,-0.196162,0.232042,0.0374187,-0.18102,0.234562
58.02,0.0429561,-0.186068,0.257964,0.0395179,-0.170584,0.259839
58.03,0.0436486,-0.171351,0.247648,0.0405845,-0.154632,0.248388
58.04,0.0438872,-0.154711,0.208602,0.0409733,-0.136632,0.20845
58.05,0.0441451,-0.138013,0.149682,0.0415056,-0.119668,0.149373
58.06,0.0445773,-0.122506,0.076337,0.0420303,-0.10422,0.07569
58.07,0.0466221,-0.110691,-0.00592129,0.0443354,-0.0922413,-0.00706114
58.08,0.0497291,-0.104454,-0.0901779,0.0475082,-0.0859994,-0.0913956
58.09,0.0529481,-0.103787,-0.166587,0.0510808,-0.0852401,-0.167684
58.1,0.0545509,-0.108207,-0.223071,0.0524833,-0.0897524,-0.224009
58.11,0.0532527,-0.117733,-0.249891,0.0511883,-0.0995122,-0.250533
58.12,0.050256,-0.131408,-0.244336,0.0483095,-0.113411,-0.244588
58.13,0.0468207,-0.148015,-0.210117,0.0451286,-0.129933,-0.209944
58.14,0.0436533,-0.164297,-0.158096,0.0419906,-0.146442,-0.157688
58.15,0.0400899,-0.179972,-0.0974719,0.0382612,-0.16212,-0.097053
58.16,0.0355175,-0.193604,-0.0411954,0.0335444,-0.175963,-0.0400113
58.17,0.0313749,-0.20341,0.00355679,0.0294599,-0.185987,0.00516596
58.18,0.0252377,-0.207736,0.0399243,0.0233712,-0.190789,0.0419865
58.19,0.00866209,-0.207997,0.0968843,0.0067871,-0.191349,0.0990801
58.2,-0.00499442,-0.199498,0.169964,-0.00662123,-0.182931,0.1725
58.21,-0.0120236,-0.198835,0.231944,-0.0136389,-0.182309,0.234397
58.22,-0.0154507,-0.189954,0.258546,-0.0171864,-0.173107,0.260338
58.23,-0.0180573,-0.175974,0.249248,-0.0202028,-0.157873,0.249775
58.24,-0.0205207,-0.159661,0.210317,-0.0231195,-0.140554,0.210317
58.25,-0.0229597,-0.143111,0.150978,-0.0258813,-0.124078,0.150763
58.26,-0.0253062,-0.12775,0.0770218,-0.0283818,-0.108583,0.0765247
58.27,-0.0286466,-0.116294,-0.00556753,-0.0318766,-0.0970651,-0.00598356
58.28,-0.0322535,-0.110486,-0.0898398,-0.0355449,-0.0914021,-0.0907822
58.29,-0.0353943,-0.110276,-0.166368,-0.0388376,-0.0912227,-0.167481
58.3,-0.0362181,-0.115021,-0.223074,-0.0396761,-0.0959389,-0.22402
58.31,-0.0338029,-0.124529,-0.250325,-0.0369691,-0.105924,-0.251095
58.32,-0.0291077,-0.137948,-0.245231,-0.0321777,-0.119569,-0.245986
58.33,-0.0237485,-0.154331,-0.211383,-0.0267236,-0.13585,-0.211724
58.34,-0.0189127,-0.170549,-0.159531,-0.0220243,-0.152101,-0.159508
58.35,-0.0142296,-0.18615,-0.0988303,-0.0172488,-0.167901,-0.098448
58.36,-0.00903445,-0.199579,-0.0422984,-0.012192,-0.181096,-0.0415912
58.37,-0.00458329,-0.209203,0.00279579,-0.00752134,-0.190819,0.00394672
58.38,0.00229868,-0.213061,0.041837,-0.000609841,-0.195035,0.0433089
58.39,0.0203235,-0.20998,0.100286,0.017588,-0.19238,0.101948
58.4,0.0337574,-0.198398,0.170415,0.0312516,-0.18113,0.172083
58.41,0.0407781,-0.196176,0.232057,0.0385377,-0.179002,0.233569
58.42,0.042868,-0.186083,0.257979,0.0409764,-0.168957,0.258821
58.43,0.0435678,-0.171366,0.247663,0.0421115,-0.153153,0.247553
58.44,0.0438147,-0.154726,0.208615,0.0429077,-0.135414,0.207871
58.45,0.0440806,-0.138026,0.149695,0.0430836,-0.118868,0.148706
58.46,0.0445202,-0.122519,0.0763491,0.0436455,-0.103477,0.0753944
58.47,0.0465705,-0.110704,-0.00591024,0.0455126,-0.0918376,-0.00690249
58.48,0.0496805,-0.104468,-0.0901684,0.0486668,-0.085726,-0.0914531
58.49,0.0529003,-0.103803,-0.166579,0.0516225,-0.0852409,-0.16793
58.5,0.0545015,-0.108223,-0.223067,0.0534342,-0.0899036,-0.22489
58.51,0.0531991,-0.117748,-0.249891,0.0519763,-0.0992849,-0.251555
58.52,0.0501961,-0.131421,-0.244339,0.0487734,-0.113097,-0.245789
58.53,0.0467532,-0.148026,-0.210124,0.0452308,-0.130112,-0.21131
58.54,0.0435782,-0.164307,-0.158106,0.041769,-0.146353,-0.158721
58.55,0.0400074,-0.179981,-0.097482,0.0380819,-0.162342,-0.0975689
58.56,0.0354282,-0.193611,-0.0412045,0.0334616,-0.175951,-0.0407468
58.57,0.0312807,-0.203417,0.00354995,0.0296123,-0.185917,0.00431239
58.58,0.0251394,-0.207741,0.0399243,0.023526,-0.1905,0.041253
58.59,0.00856025,-0.207996,0.0968934,0.00676912,-0.191098,0.0985681
58.6,-0.00509281,-0.19949,0.169976,-0.00667101,-0.182764,0.171698
58.61,-0.012122,-0.198825,0.231959,-0.013577,-0.182492,0.233322
58.62,-0.0155453,-0.189942,0.258561,-0.0172549,-0.1737,0.259465
58.63,-0.0181456,-0.17596,0.249262,-0.0204756,-0.158704,0.249162
58.64,-0.0206014,-0.159644,0.210329,-0.0232343,-0.141445,0.209079
58.65,-0.0230326,-0.143092,0.150989,-0.0253428,-0.12514,0.149629
58.66,-0.0253715,-0.12773,0.0770326,-0.0276407,-0.109792,0.075432
58.67,-0.0287063,-0.116272,-0.00555767,-0.0307627,-0.098379,-0.00733646
58.68,-0.0323105,-0.110462,-0.0898314,-0.0344313,-0.0925447,-0.0915962
58.69,-0.0354516,-0.11025,-0.166362,-0.0378558,-0.0924326,-0.168235
58.7,-0.036278,-0.114994,-0.22307,-0.0386203,-0.0972776,-0.22529
58.71,-0.033868,-0.124503,-0.250325,-0.0361846,-0.107087,-0.25248
58.72,-0.0291796,-0.137924,-0.245234,-0.031554,-0.120573,-0.247189
58.73,-0.0238287,-0.154309,-0.21139,-0.0259161,-0.136852,-0.212704
58.74,-0.0190009,-0.17053,-0.15954,-0.0208252,-0.15278,-0.160051
58.75,-0.0143254,-0.186134,-0.0988395,-0.0159031,-0.168461,-0.098958
58.76,-0.00913638,-0.199567,-0.0423066,-0.0106981,-0.181418,-0.0418713
58.77,-0.0046895,-0.209194,0.00278963,-0.00612464,-0.191056,0.00364763
58.78,0.0021929,-0.213056,0.0418376,0.000652651,-0.195586,0.0429143
58.79,0.0202221,-0.209984,0.100293,0.0188424,-0.192575,0.101549
58.8,0.0336621,-0.198409,0.170426,0.0320901,-0.181314,0.171805
58.81,0.0406842,-0.196192,0.23207,0.0391214,-0.17949,0.233264
58.82,0.0427796,-0.1861,0.257992,0.0415151,-0.16937,0.258656
58.83,0.0434867,-0.171382,0.247676,0.0427989,-0.153317,0.247128
58.84,0.0437417,-0.154741,0.208627,0.0434297,-0.135707,0.207556
58.85,0.0440158,-0.138041,0.149706,0.043652,-0.119165,0.148464
58.86,0.0444627,-0.122533,0.0763589,0.0441401,-0.103882,0.0750331
58.87,0.0465185,-0.11072,-0.00590125,0.0460917,-0.0919365,-0.00713227
58.88,0.0496315,-0.104485,-0.0901607,0.049075,-0.0857402,-0.0916637
58.89,0.0528521,-0.10382,-0.166574,0.0521713,-0.0850038,-0.168189
58.9,0.0544515,-0.108241,-0.223063,0.0536812,-0.0892894,-0.224863
58.91,0.053145,-0.117765,-0.249891,0.0524308,-0.0987718,-0.251764
58.92,0.0501355,-0.131436,-0.244343,0.0491469,-0.112518,-0.245678
58.93,0.0466849,-0.148039,-0.21013,0.0455216,-0.129214,-0.210985
58.94,0.0435023,-0.164319,-0.158113,0.0424373,-0.14581,-0.158516
58.95,0.039924,-0.179991,-0.0974902,0.0391027,-0.161558,-0.0976556
58.96,0.0353382,-0.193621,-0.0412118,0.0343423,-0.175429,-0.0405778
58.97,0.0311858,-0.203425,0.00354437,0.0301283,-0.185543,0.00451832
58.98,0.0250408,-0.207748,0.0399243,0.0239905,-0.190019,0.0413108
58.99,0.00845868,-0.207995,0.0969008,0.00717198,-0.190848,0.0983426
59,-0.00519081,-0.199483,0.169986,-0.00630144,-0.182929,0.171471
59.01,-0.0122199,-0.198815,0.231971,-0.0134832,-0.182568,0.233032
59.02,-0.0156394,-0.189931,0.258572,-0.0173253,-0.173556,0.259007
59.03,-0.0182332,-0.175946,0.249273,-0.0206977,-0.158509,0.248334
59.04,-0.0206815,-0.159629,0.210339,-0.0234752,-0.141139,0.208455
59.05,-0.0231047,-0.143075,0.150998,-0.0259842,-0.124592,0.148796
59.06,-0.0254362,-0.127711,0.0770414,-0.0281025,-0.109303,0.074745
59.07,-0.0287653,-0.116251,-0.00554965,-0.0314488,-0.0977622,-0.00791948
59.08,-0.0323668,-0.110439,-0.0898246,-0.0347843,-0.0917743,-0.0922277
59.09,-0.0355081,-0.110226,-0.166357,-0.0378412,-0.0915544,-0.168976
59.1,-0.0363372,-0.114969,-0.223067,-0.0390068,-0.0960886,-0.225568
59.11,-0.0339322,-0.124479,-0.250325,-0.0368258,-0.105762,-0.252583
59.12,-0.0292506,-0.137902,-0.245237,-0.0321029,-0.119257,-0.247198
59.13,-0.0239078,-0.154289,-0.211395,-0.0264257,-0.135682,-0.213026
59.14,-0.019088,-0.170513,-0.159547,-0.0214837,-0.151979,-0.160705
59.15,-0.0144201,-0.186119,-0.098847,-0.0166138,-0.167806,-0.0994056
59.16,-0.00923727,-0.199556,-0.0423132,-0.011308,-0.181356,-0.042165
59.17,-0.00479473,-0.209186,0.00278462,-0.00680245,-0.191058,0.00295469
59.18,0.00208766,-0.213052,0.0418381,-0.000180033,-0.194821,0.0423502
59.19,0.0201207,-0.209989,0.100299,0.0178595,-0.19189,0.101039
59.2,0.0335668,-0.198421,0.170434,0.0314117,-0.180698,0.171388
59.21,0.0405902,-0.196208,0.23208,0.0382592,-0.179008,0.233057
59.22,0.0426909,-0.186117,0.258003,0.0404945,-0.168712,0.258399
59.23,0.0434052,-0.171399,0.247686,0.0416138,-0.152821,0.247002
59.24,0.0436685,-0.154757,0.208636,0.0421702,-0.134811,0.206877
59.25,0.0439506,-0.138057,0.149714,0.0426997,-0.118171,0.147757
59.26,0.0444049,-0.122549,0.0763669,0.0431392,-0.102989,0.0742148
59.27,0.0464662,-0.110736,-0.00589393,0.0451804,-0.0912128,-0.00814319
59.28,0.0495823,-0.104503,-0.0901544,0.0480966,-0.0851599,-0.0926608
59.29,0.0528035,-0.103839,-0.166569,0.0514917,-0.0844214,-0.169148
59.3,0.054401,-0.10826,-0.22306,0.0528515,-0.0890488,-0.225267
59.31,0.0530903,-0.117783,-0.249891,0.0518258,-0.0985779,-0.251945
59.32,0.0500745,-0.131452,-0.244345,0.0487433,-0.112365,-0.246011
59.33,0.0466161,-0.148054,-0.210134,0.0452724,-0.128853,-0.211568
59.34,0.0434258,-0.164332,-0.158119,0.0419477,-0.145054,-0.159072
59.35,0.03984,-0.180004,-0.0974969,0.0381932,-0.160757,-0.0982015
59.36,0.0352475,-0.193631,-0.0412178,0.034007,-0.174364,-0.0412567
59.37,0.0310902,-0.203435,0.00353984,0.0299216,-0.184024,0.00373003
59.38,0.0249418,-0.207756,0.0399243,0.0237639,-0.18853,0.0403836
59.39,0.00835734,-0.207995,0.0969069,0.00694755,-0.189103,0.0977388
59.4,-0.00528847,-0.199477,0.169994,-0.00673333,-0.180874,0.170738
59.41,-0.0123174,-0.198806,0.23198,-0.0134585,-0.180507,0.232775
59.42,-0.015733,-0.18992,0.258582,-0.0171687,-0.171437,0.25876
59.43,-0.0183203,-0.175934,0.249282,-0.0203756,-0.156232,0.248642
59.44,-0.0207609,-0.159615,0.210348,-0.0233494,-0.13881,0.208681
59.45,-0.0231763,-0.143059,0.151006,-0.0257827,-0.122258,0.14922
59.46,-0.0255003,-0.127694,0.0770485,-0.0280599,-0.106875,0.0753001
59.47,-0.0288238,-0.116232,-0.00554312,-0.031349,-0.0955627,-0.00733717
59.48,-0.0324225,-0.110418,-0.089819,-0.0347519,-0.0900072,-0.0918903
59.49,-0.035564,-0.110203,-0.166352,-0.0378984,-0.0898631,-0.168624
59.5,-0.0363956,-0.114946,-0.223065,-0.0384517,-0.0946255,-0.225447
59.51,-0.0339956,-0.124456,-0.250324,-0.0359772,-0.104233,-0.252784
59.52,-0.0293207,-0.137881,-0.24524,-0.0309785,-0.117808,-0.247354
59.53,-0.023986,-0.154271,-0.2114,-0.0253208,-0.134225,-0.213146
59.54,-0.0191742,-0.170497,-0.159552,-0.0206096,-0.150465,-0.161047
59.55,-0.0145139,-0.186106,-0.0988531,-0.0158055,-0.166135,-0.100061
59.56,-0.0093373,-0.199546,-0.0423186,-0.0106428,-0.179825,-0.0429101
59.57,-0.00489917,-0.209179,0.00278054,-0.00626485,-0.189785,0.0024284
59.58,0.00198288,-0.213049,0.0418385,0.000517509,-0.193884,0.0418837
59.59,0.0200193,-0.209995,0.100304,0.0184759,-0.190994,0.100767
59.6,0.0334714,-0.198434,0.170442,0.0319598,-0.179723,0.171016
59.61,0.0404961,-0.196225,0.232089,0.038641,-0.177716,0.232336
59.62,0.042602,-0.186135,0.258011,0.0409593,-0.167645,0.257858
59.63,0.0433235,-0.171416,0.247694,0.0423556,-0.15162,0.246384
59.64,0.0435949,-0.154775,0.208643,0.0429282,-0.134086,0.20669
59.65,0.0438852,-0.138074,0.149721,0.0432574,-0.117224,0.147662
59.66,0.0443468,-0.122566,0.0763734,0.0435814,-0.101507,0.0741765
59.67,0.0464138,-0.110754,-0.00588797,0.0455297,-0.0899337,-0.00814756
59.68,0.0495328,-0.104522,-0.0901492,0.0487815,-0.0839408,-0.0922751
59.69,0.0527546,-0.103859,-0.166565,0.0519748,-0.0832881,-0.168692
59.7,0.0543503,-0.108281,-0.223058,0.0532103,-0.0877964,-0.224897
59.71,0.0530352,-0.117803,-0.24989,0.0517258,-0.0971891,-0.25165
59.72,0.050013,-0.13147,-0.244347,0.0485249,-0.110992,-0.246053
59.73,0.0465467,-0.14807,-0.210138,0.0451277,-0.12752,-0.211233
59.74,0.0433488,-0.164347,-0.158125,0.0421347,-0.143914,-0.158689
59.75,0.0397555,-0.180017,-0.0975024,0.0386418,-0.159626,-0.0977352
59.76,0.0351563,-0.193643,-0.0412226,0.0342012,-0.173216,-0.0410527
59.77,0.0309942,-0.203445,0.00353615,0.030357,-0.183096,0.0039753
59.78,0.0248426,-0.207764,0.0399243,0.0241443,-0.187808,0.0406663
59.79,0.00825617,-0.207996,0.0969118,0.00750552,-0.188304,0.0977897
59.8,-0.00538588,-0.199471,0.17,-0.00612139,-0.180037,0.170987
59.81,-0.0124146,-0.198797,0.231988,-0.0130926,-0.179678,0.23296
59.82,-0.0158262,-0.18991,0.25859,-0.017073,-0.170856,0.258673
59.83,-0.018407,-0.175922,0.249289,-0.02025,-0.15629,0.248174
59.84,-0.0208399,-0.159601,0.210354,-0.0233378,-0.138922,0.20851
59.85,-0.0232474,-0.143044,0.151012,-0.0258919,-0.122278,0.149053
59.86,-0.0255639,-0.127677,0.0770543,-0.0283173,-0.107364,0.0747989
59.87,-0.0288818,-0.116213,-0.00553781,-0.0314293,-0.0964849,-0.00793825
59.88,-0.0324777,-0.110398,-0.0898145,-0.0350599,-0.0906197,-0.0922909
59.89,-0.0356194,-0.110181,-0.166349,-0.0384903,-0.0907173,-0.168872
59.9,-0.0364535,-0.114923,-0.223063,-0.0391919,-0.095595,-0.225304
59.91,-0.0340584,-0.124434,-0.250324,-0.0365375,-0.105141,-0.25251
59.92,-0.0293901,-0.137861,-0.245241,-0.0317665,-0.119063,-0.247101
59.93,-0.0240635,-0.154254,-0.211403,-0.0262736,-0.135207,-0.212752
59.94,-0.0192596,-0.170482,-0.159557,-0.0213107,-0.151456,-0.160346
59.95,-0.0146069,-0.186094,-0.0988581,-0.0166274,-0.167301,-0.0991002
59.96,-0.00943663,-0.199537,-0.042323,-0.0114621,-0.181016,-0.0420803
59.97,-0.00500295,-0.209172,0.00277722,-0.00650565,-0.190797,0.00340431
59.98,0.00187846,-0.213047,0.0418389,0.000542664,-0.194901,0.0429034
59.99,0.0199179,-0.210001,0.100308,0.0185847,-0.191949,0.101469
